Brand,Age,kmDriven,Transmission,Owner,FuelType
Land Rover,6,99000.0,Automatic,first,diesel
Mercedes-Benz,13,64321.0,Automatic,second,diesel
Mahindra,7,129124.0,Manual,first,diesel
Ford,5,51000.0,Manual,first,diesel
Volkswagen,5,45000.0,Automatic,second,diesel
Hyundai,6,81000.0,Automatic,second,hybrid/cng
Hyundai,7,87000.0,Automatic,second,diesel
Mahindra,8,82500.0,Manual,second,diesel
Hyundai,8,37000.0,Manual,second,petrol
Mercedes-Benz,12,45000.0,Automatic,second,petrol
Maruti Suzuki,9,66000.0,Automatic,second,petrol
Hyundai,10,67000.0,Manual,second,hybrid
Maruti Suzuki,10,36000.0,Automatic,first,hybrid/cng
Tata,11,100000.0,Automatic,second,diesel
Toyota,5,81000.0,Automatic,first,diesel
Hyundai,13,82000.0,Manual,second,hybrid/cng
Ford,9,55000.0,Automatic,second,petrol
Hyundai,3,89524.0,Manual,second,hybrid
Maruti Suzuki,5,78000.0,Manual,first,hybrid/cng
Maruti Suzuki,11,95000.0,Manual,first,petrol
Toyota,5,34000.0,Automatic,second,diesel
Toyota,12,126000.0,Manual,second,diesel
Hyundai,17,92000.0,Manual,second,petrol
Honda,3,38000.0,Automatic,first,petrol
Mercedes-Benz,5,59000.0,Automatic,first,petrol
Maruti Suzuki,8,89700.0,Manual,second,petrol
Honda,2,21000.0,Automatic,first,petrol
Honda,12,300000.0,Manual,second,petrol
Toyota,10,89000.0,Automatic,second,hybrid/cng
Kia,2,27300.0,Automatic,second,petrol
Volkswagen,9,53000.0,Manual,second,diesel
Volkswagen,7,84000.0,Automatic,second,diesel
Maruti Suzuki,11,82000.0,Manual,second,hybrid
Maruti Suzuki,7,57000.0,Automatic,second,hybrid
Mahindra,9,83000.0,Manual,first,diesel
Honda,10,61000.0,Manual,second,petrol
Renault,9,75000.0,Manual,second,diesel
Maruti Suzuki,6,110000.0,Manual,second,diesel
Land Rover,7,120000.0,Automatic,second,diesel
BMW,4,175000.0,Automatic,first,petrol
Maruti Suzuki,6,24000.0,Manual,first,petrol
Honda,17,10000.0,Automatic,second,hybrid
Ford,6,119000.0,Automatic,first,diesel
Audi,7,76000.0,Automatic,second,diesel
Maruti Suzuki,2,38000.0,Manual,first,hybrid
Hyundai,11,118000.0,Manual,second,diesel
Maruti Suzuki,12,91000.0,Manual,second,petrol
Maruti Suzuki,13,45000.0,Manual,second,petrol
Maruti Suzuki,8,114000.0,Manual,second,hybrid/cng
Mitsubishi,13,85000.0,Manual,second,diesel
Hyundai,3,55000.0,Automatic,first,petrol
Hyundai,6,78000.0,Manual,second,diesel
Maruti Suzuki,14,250000.0,Automatic,second,hybrid
Audi,10,99892.0,Automatic,second,diesel
Toyota,13,125000.0,Manual,second,diesel
Audi,12,77000.0,Automatic,first,petrol
Chevrolet,13,78000.0,Manual,second,hybrid
Hyundai,10,62000.0,Manual,first,petrol
Honda,12,80000.0,Manual,second,petrol
Hyundai,8,65000.0,Manual,first,petrol
Hyundai,2,280000.0,Manual,first,hybrid/cng
Mahindra,10,97122.0,Manual,second,diesel
Maruti Suzuki,0,2263.0,Automatic,first,hybrid
Skoda,1,21000.0,Manual,first,petrol
Hyundai,9,118000.0,Manual,second,diesel
Mahindra,6,65000.0,Manual,first,diesel
Kia,2,39000.0,Automatic,first,diesel
BMW,7,300000.0,Automatic,second,diesel
Mercedes-Benz,7,56000.0,Automatic,first,diesel
Mini,6,12923.0,Automatic,first,petrol
Tata,1,45019.0,Manual,first,hybrid
Maruti Suzuki,13,85000.0,Automatic,second,hybrid/cng
Maruti Suzuki,1,35000.0,Automatic,first,hybrid
Jeep,5,52000.0,Automatic,second,petrol
Hyundai,8,56000.0,Manual,second,petrol
Skoda,7,130000.0,Manual,second,diesel
Maruti Suzuki,10,70000.0,Manual,second,hybrid/cng
Tata,2,31000.0,Manual,first,hybrid
Hyundai,6,115000.0,Manual,second,diesel
Maruti Suzuki,4,85000.0,Manual,first,hybrid
Honda,11,75000.0,Automatic,second,hybrid/cng
Tata,2,13000.0,Manual,first,petrol
Skoda,3,62000.0,Automatic,second,petrol
Chevrolet,14,60000.0,Manual,second,petrol
Mercedes-Benz,11,80500.0,Automatic,second,diesel
Chevrolet,14,100000.0,Manual,first,hybrid/cng
Maruti Suzuki,6,65000.0,Automatic,first,petrol
Mercedes-Benz,10,300000.0,Automatic,second,diesel
Mahindra,8,85800.0,Automatic,second,diesel
Hyundai,13,91720.0,Automatic,second,hybrid
Tata,13,29.0,Automatic,second,petrol
Jaguar,9,92000.0,Automatic,second,diesel
Maruti Suzuki,11,90000.0,Automatic,second,hybrid/cng
Hyundai,8,37000.0,Manual,second,petrol
BMW,3,65000.0,Automatic,second,petrol
Maruti Suzuki,9,34000.0,Automatic,second,hybrid/cng
Maruti Suzuki,17,118000.0,Manual,second,petrol
Hyundai,5,31000.0,Manual,first,petrol
Maruti Suzuki,6,65630.0,Automatic,first,hybrid/cng
Toyota,10,144000.0,Manual,first,diesel
Volvo,8,100000.0,Automatic,second,diesel
Hyundai,6,82500.0,Automatic,first,diesel
Mahindra,14,190000.0,Manual,second,diesel
Maruti Suzuki,2,80000.0,Automatic,first,hybrid/cng
Mahindra,3,66000.0,Manual,second,diesel
Honda,14,96000.0,Automatic,second,hybrid
Tata,7,75000.0,Manual,first,diesel
Hyundai,9,89523.0,Manual,second,petrol
Hyundai,3,35000.0,Automatic,first,diesel
Maruti Suzuki,4,82000.0,Automatic,first,hybrid/cng
Maruti Suzuki,14,78000.0,Manual,second,petrol
Maruti Suzuki,15,96000.0,Manual,second,petrol
BMW,8,60000.0,Automatic,second,diesel
Maruti Suzuki,10,105000.0,Manual,second,petrol
Kia,4,59000.0,Manual,first,petrol
Nissan,10,32000.0,Manual,first,petrol
Nissan,2,17000.0,Manual,first,petrol
Jeep,7,65000.0,Manual,second,diesel
Maruti Suzuki,9,70000.0,Manual,first,diesel
Mahindra,10,86000.0,Manual,first,diesel
Toyota,8,140000.0,Automatic,second,diesel
Maruti Suzuki,11,35000.0,Manual,second,petrol
Maruti Suzuki,5,83000.0,Automatic,first,diesel
Maruti Suzuki,13,73500.0,Manual,first,hybrid/cng
Renault,2,81525.0,Manual,first,petrol
Maruti Suzuki,1,39000.0,Manual,first,hybrid
Kia,3,58000.0,Automatic,first,petrol
Maruti Suzuki,8,44000.0,Manual,second,petrol
Maruti Suzuki,8,78000.0,Manual,second,petrol
Audi,8,78522.0,Automatic,first,diesel
Ford,6,64999.0,Automatic,first,diesel
Maruti Suzuki,7,300000.0,Manual,second,diesel
Tata,9,121580.0,Manual,second,diesel
Maruti Suzuki,7,100000.0,Manual,second,petrol
Honda,4,55000.0,Manual,first,petrol
Ford,7,95000.0,Automatic,first,diesel
Maruti Suzuki,6,66000.0,Automatic,second,hybrid
Mahindra,7,61000.0,Manual,first,diesel
Maruti Suzuki,5,84303.0,Automatic,second,petrol
Maruti Suzuki,11,102000.0,Manual,second,petrol
Maruti Suzuki,1,60000.0,Manual,first,hybrid
Maruti Suzuki,5,68000.0,Manual,second,hybrid/cng
Toyota,14,80000.0,Manual,second,hybrid/cng
Maruti Suzuki,16,120000.0,Manual,second,diesel
Mercedes-Benz,1,15000.0,Automatic,first,diesel
Hyundai,15,108000.0,Manual,second,petrol
Maruti Suzuki,8,55000.0,Automatic,second,hybrid
Volkswagen,7,78000.0,Automatic,second,petrol
Maruti Suzuki,12,137000.0,Automatic,second,hybrid/cng
Honda,10,92000.0,Manual,first,diesel
Ford,8,75000.0,Automatic,second,diesel
Maruti Suzuki,7,300000.0,Manual,second,petrol
Toyota,2,30000.0,Automatic,first,petrol
BMW,7,38000.0,Automatic,first,diesel
Maruti Suzuki,4,82000.0,Manual,first,petrol
Honda,8,56171.0,Manual,second,petrol
Maruti Suzuki,6,49000.0,Manual,second,petrol
Hyundai,5,58000.0,Automatic,second,hybrid
Maruti Suzuki,2,85000.0,Automatic,second,hybrid/cng
Mahindra,4,79000.0,Manual,second,diesel
Hyundai,10,78980.0,Manual,second,diesel
Mercedes-Benz,6,55000.0,Automatic,first,petrol
Maruti Suzuki,7,60000.0,Automatic,second,petrol
Renault,6,300000.0,Manual,first,petrol
Honda,14,75000.0,Automatic,second,hybrid/cng
Maruti Suzuki,9,204600.0,Automatic,second,petrol
Hyundai,1,44000.0,Automatic,first,petrol
Toyota,7,69000.0,Automatic,second,diesel
Maruti Suzuki,6,105000.0,Automatic,first,diesel
Maruti Suzuki,3,73300.0,Manual,first,hybrid/cng
Maruti Suzuki,5,65000.0,Manual,first,hybrid
Honda,10,65000.0,Manual,second,petrol
Hyundai,11,72000.0,Manual,second,petrol
Honda,13,82000.0,Automatic,second,petrol
Hyundai,3,30941.0,Manual,second,hybrid/cng
Toyota,10,90000.0,Automatic,second,hybrid
Maruti Suzuki,13,112000.0,Automatic,second,hybrid/cng
Hyundai,8,74000.0,Automatic,second,hybrid/cng
Maruti Suzuki,14,29000.0,Manual,first,petrol
Maruti Suzuki,10,32117.0,Automatic,first,petrol
BMW,3,20000.0,Automatic,first,petrol
Ford,6,54760.0,Automatic,first,petrol
Nissan,3,62000.0,Manual,first,petrol
Honda,13,300000.0,Automatic,second,hybrid/cng
Renault,12,88300.0,Manual,first,diesel
Renault,8,75000.0,Automatic,second,diesel
Maruti Suzuki,8,14123.0,Automatic,second,hybrid/cng
Toyota,5,28000.0,Manual,second,diesel
Honda,4,20758.0,Automatic,first,petrol
Hyundai,11,61000.0,Manual,first,petrol
Hyundai,16,175000.0,Manual,second,diesel
Maruti Suzuki,6,80000.0,Automatic,first,hybrid/cng
Hyundai,3,57555.0,Manual,first,petrol
Maruti Suzuki,6,28200.0,Manual,first,petrol
Skoda,11,107316.0,Manual,first,diesel
Toyota,12,125000.0,Manual,second,diesel
Maruti Suzuki,4,19000.0,Automatic,second,petrol
Toyota,11,110000.0,Automatic,second,diesel
Maruti Suzuki,2,60000.0,Manual,second,petrol
Hyundai,6,48.0,Manual,second,hybrid
Maruti Suzuki,2,14000.0,Automatic,first,hybrid
Hyundai,8,50000.0,Automatic,first,diesel
Mercedes-Benz,10,94500.0,Automatic,second,diesel
Hyundai,4,40000.0,Manual,first,petrol
Maruti Suzuki,7,75000.0,Automatic,second,hybrid
Renault,8,77000.0,Automatic,second,hybrid
Volkswagen,10,82864.0,Manual,second,diesel
Tata,2,53000.0,Automatic,first,diesel
Honda,8,93000.0,Automatic,second,hybrid/cng
Tata,6,60000.0,Automatic,second,hybrid
Maruti Suzuki,8,50000.0,Manual,first,diesel
Maruti Suzuki,13,42000.0,Manual,second,petrol
Toyota,5,105000.0,Automatic,second,diesel
Maruti Suzuki,5,140200.0,Automatic,first,hybrid
Jeep,7,45000.0,Manual,first,diesel
BMW,6,37000.0,Automatic,first,diesel
Hyundai,13,131000.0,Manual,second,diesel
Lexus,5,57000.0,Automatic,second,petrol
Toyota,7,68000.0,Automatic,second,diesel
Kia,3,50000.0,Automatic,first,diesel
Maruti Suzuki,4,120000.0,Automatic,second,hybrid
Honda,13,75000.0,Manual,first,hybrid
Hyundai,9,72000.0,Manual,second,hybrid
Ford,7,152000.0,Manual,second,diesel
Ford,8,52000.0,Manual,second,diesel
Skoda,4,31008.0,Automatic,second,petrol
Opel,20,70000.0,Manual,second,petrol
Hyundai,13,69000.0,Manual,second,petrol
Audi,6,99000.0,Automatic,first,diesel
Tata,4,58000.0,Automatic,first,hybrid
Maruti Suzuki,9,56560.0,Manual,first,diesel
Maruti Suzuki,24,90000.0,Manual,second,petrol
Maruti Suzuki,2,85024.0,Automatic,first,hybrid/cng
Honda,15,96000.0,Automatic,second,hybrid
Honda,9,300000.0,Automatic,second,hybrid/cng
Jeep,5,72000.0,Automatic,second,petrol
Hyundai,7,118775.0,Manual,second,diesel
Mahindra,2,22000.0,Automatic,second,petrol
Ford,7,80000.0,Automatic,first,diesel
Honda,9,300000.0,Automatic,second,petrol
Maruti Suzuki,14,130000.0,Manual,second,diesel
Honda,9,56000.0,Automatic,first,hybrid/cng
Maruti Suzuki,6,70000.0,Manual,second,hybrid
Honda,10,99920.0,Automatic,second,petrol
Maruti Suzuki,9,52000.0,Automatic,second,hybrid/cng
Maruti Suzuki,5,56500.0,Automatic,first,petrol
Maruti Suzuki,8,77000.0,Manual,second,hybrid
Maruti Suzuki,3,52000.0,Automatic,second,hybrid
Mercedes-Benz,3,280000.0,Automatic,first,diesel
Maruti Suzuki,14,300000.0,Manual,first,hybrid
Mahindra,5,72000.0,Manual,first,diesel
Hyundai,6,88652.0,Manual,second,diesel
Maruti Suzuki,12,67000.0,Manual,second,petrol
Maruti Suzuki,3,42000.0,Automatic,first,hybrid/cng
Hyundai,9,53000.0,Automatic,first,hybrid/cng
Hyundai,8,73000.0,Manual,first,petrol
Honda,11,107000.0,Automatic,second,petrol
Jeep,5,52000.0,Automatic,second,petrol
Maruti Suzuki,1,17000.0,Manual,first,petrol
Toyota,8,72000.0,Automatic,first,diesel
Mahindra,7,55000.0,Manual,first,diesel
Maruti Suzuki,5,300000.0,Automatic,second,diesel
Maruti Suzuki,2,10000.0,Manual,first,petrol
Maruti Suzuki,4,26600.0,Automatic,first,petrol
Nissan,7,95000.0,Manual,second,petrol
Toyota,3,38000.0,Automatic,second,diesel
Honda,17,87210.0,Automatic,second,petrol
Audi,11,95000.0,Automatic,second,diesel
Hyundai,13,75000.0,Manual,second,hybrid/cng
Renault,11,104000.0,Manual,first,diesel
Mahindra,2,29000.0,Automatic,first,diesel
Maruti Suzuki,4,34000.0,Manual,second,petrol
Ford,4,92000.0,Manual,second,diesel
Volkswagen,9,124000.0,Automatic,second,petrol
Toyota,11,82000.0,Automatic,second,hybrid/cng
Maruti Suzuki,6,76000.0,Manual,first,petrol
Skoda,13,95000.0,Manual,first,petrol
Mahindra,2,36000.0,Automatic,second,diesel
Toyota,3,30000.0,Automatic,first,hybrid
Honda,9,48000.0,Manual,second,petrol
Ford,14,93000.0,Manual,second,diesel
Toyota,1,7900.0,Automatic,first,diesel
Hyundai,6,79100.0,Manual,second,hybrid/cng
Lexus,6,132000.0,Automatic,first,hybrid/cng
Tata,12,125000.0,Manual,first,diesel
Audi,9,75000.0,Automatic,second,diesel
Renault,3,70000.0,Manual,first,petrol
Hyundai,7,90001.0,Manual,first,diesel
Hyundai,14,100000.0,Manual,second,petrol
Toyota,9,150000.0,Automatic,second,diesel
Maruti Suzuki,17,75000.0,Manual,second,petrol
Maruti Suzuki,9,62000.0,Automatic,second,hybrid/cng
Force,2,21000.0,Manual,first,diesel
Maruti Suzuki,6,57000.0,Manual,second,hybrid/cng
Ford,13,135000.0,Manual,second,diesel
Mahindra,9,56900.0,Automatic,second,diesel
Renault,10,176000.0,Manual,second,diesel
Tata,4,73000.0,Manual,first,diesel
Hyundai,13,47000.0,Manual,second,petrol
Hyundai,9,35000.0,Manual,first,diesel
Maruti Suzuki,7,82000.0,Manual,first,diesel
Maruti Suzuki,12,120000.0,Automatic,second,hybrid/cng
Ford,7,61101.0,Manual,second,petrol
Maruti Suzuki,4,59000.0,Automatic,first,petrol
Hyundai,9,114000.0,Manual,first,diesel
Skoda,6,92000.0,Automatic,second,diesel
Mahindra,11,75000.0,Manual,first,diesel
Honda,9,93000.0,Manual,first,diesel
Maruti Suzuki,14,100000.0,Automatic,first,hybrid/cng
Skoda,2,4950.0,Automatic,first,petrol
Mahindra,7,66000.0,Automatic,second,hybrid/cng
Maruti Suzuki,11,808.0,Automatic,second,hybrid/cng
Toyota,9,93200.0,Manual,first,diesel
Honda,7,51000.0,Automatic,second,hybrid/cng
Toyota,13,65321.0,Manual,second,diesel
Maruti Suzuki,10,77000.0,Manual,second,petrol
Hyundai,10,63000.0,Manual,second,petrol
Hyundai,7,82000.0,Automatic,first,hybrid
Kia,3,300000.0,Automatic,second,petrol
Maruti Suzuki,18,90000.0,Manual,second,petrol
Mahindra,3,45000.0,Manual,second,petrol
Maruti Suzuki,5,300000.0,Manual,second,petrol
Maruti Suzuki,9,115000.0,Automatic,first,hybrid
Hyundai,11,64000.0,Automatic,second,petrol
Toyota,9,105000.0,Automatic,first,diesel
Hyundai,5,39000.0,Automatic,first,petrol
Maruti Suzuki,9,124000.0,Manual,second,hybrid
Maruti Suzuki,5,74000.0,Manual,second,petrol
Toyota,11,125870.0,Manual,second,diesel
Kia,2,13000.0,Manual,first,diesel
Maruti Suzuki,5,45000.0,Automatic,first,petrol
Maruti Suzuki,10,85000.0,Manual,second,petrol
Honda,16,119000.0,Automatic,second,hybrid/cng
Toyota,10,70000.0,Automatic,first,diesel
Hyundai,14,110000.0,Manual,second,petrol
Honda,11,85000.0,Automatic,second,hybrid/cng
Ford,9,58000.0,Automatic,second,petrol
Maruti Suzuki,18,85000.0,Manual,second,petrol
Mercedes-Benz,3,32000.0,Automatic,first,petrol
Mahindra,12,142000.0,Manual,second,diesel
Hyundai,10,64000.0,Manual,second,hybrid
Hyundai,2,190000.0,Automatic,first,diesel
Maruti Suzuki,8,55962.0,Manual,second,hybrid/cng
Honda,11,95000.0,Automatic,second,petrol
Nissan,11,51000.0,Manual,second,petrol
Toyota,9,100000.0,Automatic,first,hybrid
Maruti Suzuki,7,52385.0,Automatic,first,hybrid/cng
Tata,4,60000.0,Manual,second,petrol
Hyundai,9,53000.0,Automatic,first,hybrid/cng
Honda,9,73000.0,Automatic,second,hybrid/cng
Maruti Suzuki,10,84000.0,Manual,second,petrol
Maruti Suzuki,1,33000.0,Automatic,first,petrol
Volvo,6,100000.0,Automatic,first,diesel
Mahindra,3,54128.0,Manual,first,diesel
Maruti Suzuki,1,16000.0,Automatic,first,petrol
Land Rover,5,71000.0,Automatic,second,diesel
Audi,9,68000.0,Automatic,first,diesel
Audi,9,78561.0,Automatic,first,diesel
Ford,4,94000.0,Manual,first,diesel
Toyota,11,120000.0,Automatic,second,hybrid/cng
Maruti Suzuki,12,77000.0,Manual,second,hybrid
Maruti Suzuki,12,105000.0,Automatic,second,hybrid/cng
Maruti Suzuki,15,66000.0,Manual,second,petrol
Maruti Suzuki,3,156000.0,Automatic,first,hybrid
Maruti Suzuki,6,39000.0,Automatic,second,petrol
Mercedes-Benz,7,86000.0,Automatic,first,petrol
Jeep,5,46000.0,Automatic,first,petrol
Tata,3,52000.0,Automatic,first,petrol
Chevrolet,8,65000.0,Automatic,first,diesel
Maruti Suzuki,0,12542.0,Automatic,first,hybrid
BMW,11,69382.0,Automatic,second,diesel
Maruti Suzuki,0,1234.0,Automatic,first,hybrid/cng
Toyota,5,65000.0,Automatic,first,diesel
Hyundai,8,82000.0,Manual,first,diesel
Maruti Suzuki,2,21000.0,Manual,first,petrol
Maruti Suzuki,13,85000.0,Manual,second,petrol
Hyundai,14,82487.0,Automatic,second,petrol
Maruti Suzuki,0,3000.0,Manual,first,hybrid/cng
Tata,1,9000.0,Automatic,first,diesel
Honda,5,19000.0,Automatic,second,petrol
Ford,8,134000.0,Automatic,first,diesel
Honda,14,107200.0,Automatic,second,hybrid
Maruti Suzuki,2,52000.0,Manual,first,hybrid
Skoda,13,60000.0,Manual,first,petrol
Ford,10,15.0,Automatic,second,diesel
Hyundai,11,77794.0,Automatic,second,petrol
Volkswagen,5,65000.0,Manual,first,petrol
Mercedes-Benz,7,66000.0,Automatic,second,diesel
Maruti Suzuki,4,300000.0,Automatic,first,hybrid/cng
Maruti Suzuki,12,100000.0,Manual,first,diesel
Mahindra,0,2600.0,Automatic,first,petrol
Toyota,8,65000.0,Automatic,first,hybrid/cng
Maruti Suzuki,8,170000.0,Automatic,first,hybrid
Honda,7,90000.0,Automatic,second,hybrid/cng
Toyota,7,100000.0,Automatic,second,diesel
Hyundai,9,94371.0,Manual,second,petrol
Maruti Suzuki,14,96000.0,Automatic,second,hybrid
Honda,7,52000.0,Automatic,first,hybrid/cng
Datsun,7,55000.0,Manual,first,petrol
BMW,6,64000.0,Automatic,second,diesel
Kia,1,20600.0,Manual,first,diesel
Honda,10,78000.0,Manual,second,diesel
Toyota,8,49500.0,Automatic,first,hybrid/cng
Maruti Suzuki,6,44197.0,Manual,second,hybrid/cng
Jeep,3,78000.0,Automatic,first,diesel
Maruti Suzuki,4,78311.0,Manual,first,hybrid
Mercedes-Benz,8,39000.0,Automatic,first,petrol
Maruti Suzuki,9,44000.0,Manual,second,hybrid
Hyundai,6,52000.0,Automatic,first,petrol
Ford,6,65000.0,Automatic,second,diesel
Maruti Suzuki,6,180000.0,Automatic,first,hybrid/cng
Maruti Suzuki,9,73000.0,Manual,second,hybrid
Skoda,10,96000.0,Automatic,first,diesel
Hyundai,10,50000.0,Automatic,first,hybrid
Mahindra,12,79000.0,Manual,second,diesel
Maruti Suzuki,5,73000.0,Automatic,second,hybrid
Maruti Suzuki,14,85000.0,Manual,second,hybrid
Mahindra,6,80000.0,Manual,second,diesel
Mahindra,2,75243.0,Manual,first,diesel
Honda,19,65460.0,Manual,second,petrol
Hyundai,7,53000.0,Manual,second,petrol
Renault,4,58000.0,Automatic,first,petrol
Hyundai,3,45000.0,Automatic,first,diesel
Maruti Suzuki,6,300000.0,Manual,first,petrol
Volkswagen,3,41900.0,Manual,first,petrol
Tata,10,164278.0,Manual,second,diesel
Audi,3,50000.0,Automatic,first,petrol
Toyota,11,65000.0,Manual,first,petrol
Maruti Suzuki,1,30000.0,Automatic,first,hybrid/cng
Maruti Suzuki,14,123300.0,Automatic,second,hybrid/cng
Maruti Suzuki,6,66000.0,Automatic,first,petrol
Nissan,5,54000.0,Automatic,first,hybrid
Toyota,8,61000.0,Automatic,second,petrol
Mercedes-Benz,6,51000.0,Automatic,first,diesel
Maruti Suzuki,9,54000.0,Manual,first,hybrid
Maruti Suzuki,7,300000.0,Manual,second,diesel
Toyota,12,93000.0,Manual,second,diesel
Maruti Suzuki,0,2000.0,Manual,first,hybrid/cng
Hyundai,14,46000.0,Automatic,first,petrol
Maruti Suzuki,4,50000.0,Manual,first,diesel
Maruti Suzuki,3,300000.0,Manual,first,petrol
Maruti Suzuki,2,55000.0,Automatic,first,hybrid/cng
Mahindra,5,57000.0,Automatic,second,diesel
Kia,3,37900.0,Automatic,first,diesel
Maruti Suzuki,8,36000.0,Manual,first,petrol
Ford,3,92000.0,Automatic,first,diesel
Tata,0,2500.0,Automatic,first,petrol
MG,3,24000.0,Automatic,first,petrol
Toyota,6,145000.0,Manual,second,diesel
Volkswagen,13,82000.0,Manual,second,hybrid
Maruti Suzuki,9,90000.0,Automatic,second,hybrid/cng
Toyota,7,158000.0,Manual,first,diesel
Honda,16,15.0,Automatic,second,hybrid
Maruti Suzuki,5,38032.0,Automatic,second,petrol
Skoda,3,25296.0,Automatic,first,petrol
Maruti Suzuki,8,139546.0,Manual,second,diesel
Maruti Suzuki,7,68900.0,Manual,second,hybrid
Toyota,3,30000.0,Automatic,first,petrol
Mahindra,4,75000.0,Manual,second,diesel
Hyundai,2,72000.0,Automatic,first,diesel
Maruti Suzuki,4,75000.0,Manual,second,petrol
Hyundai,10,65000.0,Manual,second,hybrid/cng
Hyundai,3,60000.0,Manual,second,diesel
Chevrolet,14,100000.0,Automatic,first,hybrid
Jeep,18,86000.0,Automatic,second,diesel
Mahindra,5,65000.0,Manual,first,diesel
Mahindra,11,115000.0,Automatic,first,diesel
Honda,7,63000.0,Automatic,first,petrol
Toyota,3,21000.0,Manual,first,diesel
Hyundai,8,80000.0,Manual,first,petrol
Mahindra,11,81000.0,Manual,first,diesel
Mini,10,24000.0,Automatic,first,diesel
Hyundai,7,64211.0,Manual,second,diesel
Toyota,3,90000.0,Manual,first,diesel
Jeep,2,15000.0,Automatic,first,petrol
Hyundai,7,81000.0,Automatic,first,petrol
Hyundai,7,300000.0,Automatic,first,petrol
Kia,3,90300.0,Automatic,first,diesel
Toyota,9,97000.0,Automatic,second,petrol
Mercedes-Benz,9,55368.0,Automatic,second,petrol
Maruti Suzuki,12,68200.0,Manual,first,petrol
Renault,4,105000.0,Manual,first,hybrid
Maruti Suzuki,13,65500.0,Manual,second,petrol
Maruti Suzuki,6,61000.0,Manual,second,diesel
Honda,3,34000.0,Automatic,first,petrol
Honda,7,84000.0,Manual,first,diesel
Mahindra,3,65000.0,Manual,second,diesel
Ford,11,75000.0,Manual,first,diesel
Honda,7,68000.0,Automatic,first,hybrid
Toyota,6,67000.0,Manual,second,diesel
Maruti Suzuki,5,20000.0,Automatic,first,hybrid
Tata,2,13000.0,Manual,first,petrol
Volkswagen,13,88000.0,Manual,second,petrol
Skoda,6,90000.0,Automatic,first,diesel
Mercedes-Benz,5,147000.0,Automatic,first,diesel
Hyundai,14,38278.0,Automatic,first,petrol
Hyundai,7,55000.0,Automatic,first,diesel
Porsche,7,57000.0,Automatic,second,petrol
Jeep,1,8000.0,Automatic,first,petrol
Maruti Suzuki,12,152643.0,Manual,first,petrol
Honda,14,62989.0,Manual,first,hybrid
Maruti Suzuki,5,98207.0,Manual,second,diesel
Toyota,4,15000.0,Automatic,first,petrol
Maruti Suzuki,4,58734.0,Automatic,second,petrol
Honda,10,75000.0,Manual,first,hybrid
Jaguar,5,41000.0,Automatic,first,diesel
Hyundai,2,9000.0,Manual,first,petrol
Maruti Suzuki,11,56000.0,Manual,first,petrol
Maruti Suzuki,3,64000.0,Automatic,first,hybrid/cng
Hyundai,6,65000.0,Manual,first,diesel
Honda,4,27000.0,Manual,first,petrol
Volkswagen,9,40200.0,Manual,first,petrol
Hyundai,15,43000.0,Manual,second,diesel
Maruti Suzuki,4,28000.0,Manual,first,petrol
Maruti Suzuki,10,300000.0,Manual,second,petrol
Mahindra,14,300000.0,Manual,first,diesel
Maruti Suzuki,9,100000.0,Manual,second,hybrid/cng
Honda,11,115000.0,Manual,second,petrol
Maruti Suzuki,4,69876.0,Manual,first,petrol
Maruti Suzuki,10,47000.0,Manual,first,petrol
Honda,7,120000.0,Manual,second,diesel
Skoda,7,95000.0,Automatic,first,diesel
Honda,13,90000.0,Automatic,second,petrol
Maruti Suzuki,6,60000.0,Manual,second,hybrid
Jeep,2,15000.0,Automatic,first,petrol
Maruti Suzuki,10,93000.0,Manual,second,diesel
Hyundai,12,75000.0,Automatic,second,hybrid
Honda,13,110000.0,Manual,second,hybrid
Tata,1,59500.0,Manual,first,diesel
Skoda,13,82500.0,Manual,second,petrol
Tata,6,190000.0,Manual,first,diesel
Fiat,12,160000.0,Manual,first,diesel
BMW,7,24000.0,Automatic,second,diesel
Mahindra,2,69000.0,Manual,first,diesel
Skoda,7,96339.0,Automatic,second,petrol
Ford,7,30000.0,Automatic,second,petrol
Hyundai,3,55000.0,Manual,first,petrol
Maruti Suzuki,2,71200.0,Manual,first,hybrid/cng
Toyota,9,168000.0,Manual,second,diesel
Maruti Suzuki,7,70000.0,Automatic,first,petrol
Mahindra,2,24000.0,Automatic,first,diesel
Datsun,6,60.0,Manual,second,hybrid
Honda,12,70000.0,Manual,second,petrol
Renault,4,71200.0,Automatic,first,hybrid/cng
Hyundai,7,63000.0,Manual,second,hybrid/cng
Maruti Suzuki,10,70927.0,Manual,second,petrol
Hyundai,10,54752.0,Manual,second,petrol
Honda,8,33950.0,Automatic,first,petrol
Maruti Suzuki,7,63395.0,Manual,first,hybrid/cng
Renault,9,53000.0,Manual,first,petrol
Hyundai,5,59980.0,Automatic,first,petrol
Lexus,5,79000.0,Automatic,first,hybrid/cng
Maruti Suzuki,2,300000.0,Manual,second,hybrid/cng
Mahindra,6,43700.0,Manual,second,petrol
Hyundai,0,4700.0,Manual,first,diesel
Maruti Suzuki,2,24000.0,Automatic,first,petrol
Tata,17,54000.0,Manual,second,petrol
Honda,6,75000.0,Automatic,second,diesel
Hyundai,15,90000.0,Manual,second,hybrid
Maruti Suzuki,1,35000.0,Manual,first,petrol
Kia,2,25000.0,Automatic,first,diesel
Hyundai,2,21000.0,Manual,first,petrol
Hyundai,3,40000.0,Manual,first,hybrid
Ford,6,69000.0,Automatic,second,petrol
Hyundai,11,90000.0,Manual,second,petrol
Maruti Suzuki,0,10700.0,Manual,first,hybrid/cng
Mahindra,6,82000.0,Automatic,second,diesel
Jeep,6,145000.0,Manual,first,diesel
Land Rover,5,42003.0,Automatic,first,diesel
Audi,7,58000.0,Automatic,first,petrol
Hyundai,7,54000.0,Automatic,first,petrol
Maruti Suzuki,5,300000.0,Manual,first,petrol
Maruti Suzuki,14,99860.0,Manual,second,diesel
Hyundai,4,52000.0,Manual,first,hybrid
Toyota,9,170477.0,Automatic,second,hybrid
Maruti Suzuki,6,62217.0,Automatic,second,hybrid
Maruti Suzuki,1,28000.0,Automatic,first,hybrid
Maruti Suzuki,10,43000.0,Automatic,second,petrol
Tata,7,105444.0,Automatic,second,petrol
Maruti Suzuki,93,88000.0,Manual,first,hybrid
Maruti Suzuki,11,73000.0,Manual,second,diesel
Maruti Suzuki,6,59000.0,Manual,second,diesel
MG,2,45000.0,Manual,first,diesel
Mahindra,5,85000.0,Manual,first,diesel
Hyundai,12,69000.0,Manual,first,hybrid
Volvo,9,155600.0,Automatic,second,diesel
Maruti Suzuki,10,50000.0,Automatic,second,petrol
Ford,8,50000.0,Manual,second,petrol
Maruti Suzuki,2,38000.0,Manual,first,hybrid/cng
Skoda,9,59000.0,Automatic,second,petrol
Maruti Suzuki,6,121331.0,Automatic,first,diesel
Maruti Suzuki,5,68000.0,Automatic,second,petrol
Honda,12,82000.0,Manual,second,hybrid
Mercedes-Benz,12,118000.0,Automatic,second,diesel
Volvo,11,56000.0,Automatic,second,diesel
Volkswagen,6,68533.0,Manual,first,petrol
Jaguar,10,89000.0,Automatic,second,diesel
Tata,14,300000.0,Manual,first,diesel
Maruti Suzuki,1,11000.0,Automatic,first,petrol
Maruti Suzuki,8,109000.0,Automatic,second,hybrid
BMW,5,38000.0,Automatic,first,diesel
BMW,10,23010.0,Automatic,first,diesel
Volkswagen,11,144000.0,Manual,second,diesel
Kia,2,77000.0,Automatic,first,diesel
Toyota,12,114000.0,Automatic,second,hybrid
Honda,7,41000.0,Manual,second,petrol
BMW,11,90000.0,Automatic,second,diesel
Mercedes-Benz,7,88927.0,Automatic,first,petrol
Volkswagen,1,25000.0,Automatic,first,petrol
Maruti Suzuki,13,79.0,Manual,second,petrol
Mercedes-Benz,8,62000.0,Automatic,first,diesel
Mercedes-Benz,4,25000.0,Automatic,first,petrol
Toyota,1,300000.0,Automatic,first,hybrid/cng
Maruti Suzuki,13,60000.0,Manual,second,petrol
Maruti Suzuki,7,23109.0,Automatic,first,hybrid/cng
Ford,6,42000.0,Manual,second,petrol
Maruti Suzuki,6,220000.0,Manual,second,petrol
Jeep,5,97500.0,Automatic,first,petrol
Hyundai,4,50400.0,Manual,second,petrol
Maruti Suzuki,13,90000.0,Manual,second,hybrid/cng
Hyundai,7,63000.0,Automatic,first,hybrid
Tata,2,16000.0,Automatic,first,petrol
Chevrolet,13,45000.0,Manual,second,petrol
Mahindra,6,20.0,Automatic,second,diesel
Toyota,13,75000.0,Automatic,first,hybrid/cng
Maruti Suzuki,8,80000.0,Manual,second,hybrid/cng
Honda,17,84521.0,Automatic,second,hybrid
Hyundai,15,28.0,Automatic,second,hybrid/cng
Maruti Suzuki,3,30.0,Automatic,first,hybrid
Maruti Suzuki,7,68000.0,Manual,second,petrol
Audi,3,22000.0,Automatic,first,petrol
Renault,5,52004.0,Manual,first,petrol
Hyundai,12,74000.0,Manual,second,hybrid/cng
Honda,16,95000.0,Automatic,second,hybrid/cng
Maruti Suzuki,24,100000.0,Manual,second,petrol
Maruti Suzuki,4,150000.0,Manual,first,hybrid
Maruti Suzuki,1,20000.0,Automatic,first,petrol
Hyundai,7,54640.0,Automatic,first,petrol
Skoda,7,100000.0,Automatic,second,diesel
Maruti Suzuki,8,124501.0,Manual,second,diesel
Audi,10,110000.0,Automatic,second,diesel
Honda,10,76000.0,Manual,second,petrol
Toyota,1,10000.0,Automatic,first,diesel
Renault,6,83000.0,Automatic,second,diesel
Mahindra,12,119000.0,Manual,second,diesel
Mahindra,11,75000.0,Manual,first,diesel
Kia,4,62000.0,Automatic,first,diesel
Maruti Suzuki,5,35000.0,Automatic,first,petrol
Hyundai,14,110000.0,Manual,first,hybrid
Honda,13,90000.0,Manual,second,hybrid
Tata,3,51000.0,Automatic,second,diesel
Renault,6,35000.0,Automatic,first,petrol
Maruti Suzuki,1,1234.0,Manual,first,hybrid/cng
Toyota,7,170000.0,Manual,first,diesel
Honda,5,35274.0,Automatic,second,petrol
Maruti Suzuki,1,13000.0,Automatic,first,petrol
Mini,5,13000.0,Automatic,first,petrol
Tata,5,22000.0,Automatic,second,petrol
Renault,11,65000.0,Manual,second,diesel
Maruti Suzuki,2,65000.0,Automatic,second,hybrid/cng
Mercedes-Benz,7,68000.0,Automatic,first,diesel
Hyundai,5,48000.0,Manual,first,hybrid
Honda,10,35000.0,Automatic,second,petrol
Nissan,10,70000.0,Automatic,second,hybrid/cng
Maruti Suzuki,8,71000.0,Manual,second,hybrid
Kia,2,24000.0,Automatic,first,diesel
Toyota,9,68000.0,Automatic,second,hybrid
Mercedes-Benz,10,77000.0,Automatic,second,diesel
Honda,3,31986.0,Manual,first,petrol
Maruti Suzuki,8,71000.0,Automatic,second,diesel
Hyundai,10,85236.0,Manual,second,diesel
Volvo,9,62000.0,Automatic,second,diesel
Maruti Suzuki,4,18000.0,Manual,first,petrol
Hyundai,6,70000.0,Manual,first,hybrid/cng
Tata,1,9000.0,Manual,first,petrol
Honda,17,97000.0,Automatic,second,hybrid/cng
Maruti Suzuki,7,295840.0,Manual,first,petrol
Mercedes-Benz,9,95000.0,Automatic,first,diesel
Honda,8,38000.0,Manual,first,diesel
Hyundai,6,35000.0,Manual,first,petrol
Maruti Suzuki,13,71772.0,Manual,first,petrol
Tata,9,69000.0,Manual,second,petrol
Renault,7,67000.0,Manual,second,petrol
Hyundai,8,62000.0,Automatic,second,hybrid/cng
Maruti Suzuki,2,91000.0,Manual,first,hybrid
Ford,6,67277.0,Automatic,second,hybrid
Honda,7,68000.0,Manual,first,petrol
Volkswagen,4,36521.0,Automatic,first,petrol
Maruti Suzuki,11,126800.0,Manual,second,petrol
Maruti Suzuki,11,110000.0,Manual,second,diesel
Hyundai,6,89360.0,Automatic,second,petrol
Volkswagen,3,59084.0,Automatic,first,petrol
Maruti Suzuki,14,76370.0,Manual,second,petrol
Hyundai,7,300000.0,Automatic,first,diesel
MG,1,15000.0,Automatic,first,petrol
Toyota,5,90000.0,Manual,first,diesel
Maruti Suzuki,10,114000.0,Manual,first,diesel
Maruti Suzuki,6,75000.0,Manual,second,diesel
Hyundai,14,100000.0,Automatic,second,hybrid
Renault,7,65000.0,Automatic,second,petrol
Toyota,9,180000.0,Automatic,second,diesel
Mahindra,6,9000.0,Manual,first,diesel
Hyundai,1,7000.0,Manual,first,petrol
Maruti Suzuki,8,100000.0,Automatic,second,hybrid/cng
Maruti Suzuki,3,81800.0,Manual,first,hybrid/cng
Honda,13,78560.0,Manual,second,hybrid
Maruti Suzuki,3,62000.0,Manual,first,hybrid/cng
Tata,8,23.0,Automatic,second,diesel
Maruti Suzuki,14,85000.0,Manual,second,petrol
Hyundai,7,43000.0,Manual,second,petrol
Maruti Suzuki,6,110000.0,Manual,second,diesel
Hyundai,3,32000.0,Automatic,first,petrol
Hyundai,9,60000.0,Automatic,second,petrol
Hyundai,3,32000.0,Manual,first,diesel
Toyota,3,50000.0,Automatic,first,diesel
MG,5,61000.0,Automatic,first,petrol
Mahindra,1,28000.0,Automatic,first,diesel
Honda,11,50000.0,Manual,second,hybrid
Tata,12,75000.0,Manual,second,hybrid/cng
Maruti Suzuki,7,94000.0,Manual,second,diesel
Nissan,14,69500.0,Automatic,second,petrol
Hyundai,16,90000.0,Manual,first,petrol
Hyundai,6,81000.0,Manual,first,diesel
Maruti Suzuki,6,29500.0,Automatic,first,petrol
Maruti Suzuki,7,57099.0,Automatic,first,hybrid/cng
Hyundai,3,41000.0,Manual,first,petrol
Skoda,1,12000.0,Automatic,first,petrol
Hyundai,16,110000.0,Manual,second,petrol
Honda,11,119000.0,Manual,second,hybrid
Mahindra,3,18000.0,Automatic,first,petrol
Mercedes-Benz,8,101000.0,Automatic,first,diesel
Tata,7,300000.0,Automatic,second,diesel
Hyundai,10,53000.0,Automatic,first,petrol
Hyundai,13,85000.0,Manual,second,petrol
Honda,16,65000.0,Automatic,second,petrol
Hyundai,9,140000.0,Manual,first,diesel
Honda,5,37100.0,Automatic,second,hybrid/cng
Honda,6,95000.0,Automatic,first,hybrid
Honda,20,80000.0,Manual,second,petrol
Mahindra,1,15000.0,Automatic,first,petrol
Maruti Suzuki,5,61000.0,Automatic,second,diesel
Maruti Suzuki,3,70000.0,Manual,first,hybrid
Maruti Suzuki,14,32000.0,Manual,second,petrol
Hyundai,16,55000.0,Manual,second,petrol
Maruti Suzuki,6,43000.0,Automatic,first,petrol
Maruti Suzuki,3,72375.0,Manual,first,hybrid/cng
Datsun,10,23000.0,Manual,second,petrol
Volkswagen,10,91851.0,Automatic,second,petrol
Toyota,0,2596.0,Manual,first,diesel
Mahindra,8,106000.0,Automatic,second,diesel
Hyundai,2,56000.0,Automatic,second,diesel
Toyota,6,115000.0,Manual,first,diesel
Maruti Suzuki,4,52000.0,Manual,first,hybrid
Hyundai,7,28000.0,Manual,first,hybrid
Hyundai,13,33000.0,Manual,second,petrol
Maruti Suzuki,9,72000.0,Automatic,first,petrol
Skoda,8,78000.0,Manual,first,diesel
Maruti Suzuki,0,200.0,Automatic,first,hybrid
Mercedes-Benz,10,78000.0,Automatic,second,diesel
Maruti Suzuki,5,75000.0,Automatic,second,petrol
Honda,12,74000.0,Automatic,second,hybrid/cng
Maruti Suzuki,6,68321.0,Manual,first,petrol
Volkswagen,7,90000.0,Automatic,first,diesel
Honda,14,51000.0,Automatic,first,hybrid/cng
Hyundai,6,35933.0,Automatic,first,petrol
Mahindra,2,9200.0,Automatic,first,petrol
Hyundai,4,55000.0,Automatic,second,petrol
Maruti Suzuki,11,72000.0,Manual,second,hybrid/cng
Maruti Suzuki,13,88000.0,Manual,first,petrol
Toyota,0,1.0,Automatic,first,hybrid
Maruti Suzuki,11,70000.0,Manual,second,petrol
Hyundai,3,23000.0,Automatic,second,petrol
Mercedes-Benz,9,70000.0,Automatic,second,diesel
Toyota,7,112000.0,Automatic,first,diesel
Honda,7,80000.0,Automatic,first,petrol
Maruti Suzuki,10,120000.0,Automatic,second,diesel
Hyundai,13,120000.0,Automatic,second,hybrid
Volkswagen,3,42000.0,Manual,second,petrol
Toyota,13,150000.0,Manual,second,diesel
Skoda,10,116000.0,Automatic,second,petrol
Audi,9,122000.0,Automatic,first,diesel
Skoda,11,54000.0,Automatic,second,petrol
Maruti Suzuki,9,88000.0,Manual,second,diesel
Maruti Suzuki,14,95000.0,Manual,second,diesel
Ford,6,32000.0,Manual,first,petrol
Mini,7,34000.0,Automatic,second,petrol
Mercedes-Benz,5,32000.0,Automatic,first,diesel
Mahindra,5,68000.0,Manual,first,diesel
Maruti Suzuki,5,44000.0,Automatic,first,hybrid/cng
Hyundai,16,74400.0,Automatic,second,hybrid
Hyundai,15,36200.0,Manual,first,petrol
Hyundai,10,82000.0,Automatic,second,hybrid
Maruti Suzuki,7,300000.0,Automatic,first,petrol
Toyota,5,34750.0,Automatic,first,petrol
Hyundai,5,39500.0,Automatic,second,hybrid/cng
Maruti Suzuki,10,75000.0,Manual,first,hybrid/cng
Mini,6,40000.0,Automatic,second,petrol
Hyundai,10,28.0,Automatic,first,hybrid/cng
Ford,9,58000.0,Manual,first,diesel
Hyundai,7,88000.0,Manual,first,hybrid
Maruti Suzuki,19,74000.0,Manual,second,petrol
Tata,1,5800.0,Automatic,first,petrol
Kia,4,50000.0,Automatic,second,diesel
Maruti Suzuki,7,300000.0,Automatic,first,hybrid/cng
Honda,15,91000.0,Automatic,second,hybrid/cng
Maruti Suzuki,14,90000.0,Automatic,first,hybrid/cng
Chevrolet,13,72000.0,Manual,second,hybrid/cng
Toyota,6,195000.0,Automatic,second,diesel
Kia,4,35000.0,Manual,first,petrol
Volkswagen,7,150000.0,Automatic,second,petrol
Honda,15,81500.0,Manual,first,petrol
Jeep,1,7000.0,Automatic,first,petrol
Honda,8,72205.0,Automatic,first,petrol
Maruti Suzuki,5,28000.0,Manual,first,hybrid
Volkswagen,7,83000.0,Automatic,first,diesel
Honda,4,23500.0,Manual,second,hybrid/cng
Maruti Suzuki,3,59000.0,Manual,second,hybrid/cng
BMW,8,47000.0,Automatic,second,diesel
Maruti Suzuki,3,120000.0,Manual,second,hybrid
Mahindra,12,133000.0,Manual,second,diesel
Datsun,8,14000.0,Manual,first,petrol
BMW,13,103000.0,Automatic,second,diesel
Renault,6,38000.0,Automatic,second,petrol
Hyundai,9,300000.0,Manual,first,petrol
Maruti Suzuki,10,53000.0,Manual,first,diesel
Mercedes-Benz,12,73595.0,Automatic,second,petrol
Toyota,8,86500.0,Automatic,second,diesel
Tata,8,43500.0,Manual,second,diesel
Hyundai,6,68000.0,Manual,first,hybrid
Audi,2,50000.0,Automatic,second,petrol
Maruti Suzuki,0,40200.0,Manual,first,hybrid
Maruti Suzuki,10,98000.0,Manual,second,petrol
Maruti Suzuki,6,58688.0,Automatic,first,hybrid
Maruti Suzuki,5,65000.0,Automatic,first,diesel
Maruti Suzuki,5,22000.0,Manual,first,petrol
Mahindra,1,20500.0,Manual,second,diesel
Hyundai,17,119000.0,Manual,second,petrol
Maruti Suzuki,6,58000.0,Manual,second,petrol
Mercedes-Benz,2,24000.0,Automatic,first,petrol
Hyundai,13,55216.0,Automatic,second,petrol
Maruti Suzuki,6,70013.0,Manual,first,diesel
Tata,6,43220.0,Automatic,first,petrol
Hyundai,13,30.0,Automatic,first,hybrid/cng
Hyundai,5,25000.0,Manual,first,diesel
Maruti Suzuki,3,82000.0,Manual,first,hybrid/cng
Toyota,8,80000.0,Manual,second,hybrid
Chevrolet,13,300000.0,Manual,second,hybrid/cng
Renault,1,13600.0,Automatic,second,petrol
Hyundai,11,59000.0,Manual,second,petrol
Maruti Suzuki,5,67999.0,Manual,first,hybrid/cng
Maruti Suzuki,8,57000.0,Automatic,second,hybrid/cng
Hyundai,6,200000.0,Automatic,first,hybrid/cng
Maruti Suzuki,4,78000.0,Manual,first,hybrid
Toyota,5,47000.0,Manual,first,petrol
Honda,9,67000.0,Automatic,second,hybrid/cng
Maruti Suzuki,12,104000.0,Manual,second,diesel
Maruti Suzuki,7,300000.0,Automatic,first,petrol
Mahindra,7,45000.0,Automatic,first,diesel
Ford,7,81235.0,Manual,second,diesel
Toyota,12,120000.0,Manual,second,diesel
Maruti Suzuki,8,4286.0,Manual,second,hybrid/cng
Hyundai,13,300000.0,Automatic,first,petrol
Mercedes-Benz,7,57000.0,Automatic,second,diesel
BMW,14,150000.0,Automatic,second,diesel
Toyota,8,75000.0,Manual,first,diesel
Hyundai,8,37000.0,Manual,second,petrol
Audi,10,77000.0,Automatic,second,diesel
Hyundai,7,14000.0,Manual,second,hybrid
Maruti Suzuki,6,32000.0,Manual,second,petrol
Maruti Suzuki,7,25122.0,Manual,first,petrol
Honda,7,60000.0,Automatic,second,petrol
Maruti Suzuki,19,70000.0,Manual,second,hybrid
Honda,14,59000.0,Automatic,second,petrol
Lexus,6,132000.0,Automatic,first,hybrid
Hyundai,7,300000.0,Manual,second,petrol
Jeep,6,75000.0,Manual,second,diesel
Mahindra,2,42000.0,Manual,first,diesel
Maruti Suzuki,7,113000.0,Manual,second,diesel
Audi,9,78000.0,Automatic,second,diesel
Hyundai,14,57000.0,Automatic,second,hybrid
Datsun,5,70000.0,Automatic,second,petrol
Renault,3,46608.0,Automatic,first,petrol
Mercedes-Benz,5,300000.0,Automatic,first,diesel
Toyota,7,57500.0,Automatic,first,diesel
Maruti Suzuki,15,62000.0,Manual,second,petrol
Hyundai,3,36046.0,Automatic,first,petrol
Hyundai,9,45253.0,Manual,second,hybrid
Maruti Suzuki,9,34.0,Automatic,second,hybrid
Honda,6,81000.0,Automatic,first,petrol
Maruti Suzuki,9,77000.0,Automatic,second,petrol
Hyundai,0,11000.0,Automatic,first,petrol
Hyundai,13,128000.0,Automatic,second,hybrid
Maruti Suzuki,8,300000.0,Manual,second,petrol
Maruti Suzuki,1,5000.0,Automatic,first,hybrid/cng
Maruti Suzuki,10,65000.0,Manual,second,petrol
Maruti Suzuki,8,40000.0,Manual,first,hybrid
Hyundai,14,55000.0,Automatic,second,hybrid/cng
Maruti Suzuki,13,54001.0,Manual,first,hybrid/cng
Toyota,0,1600.0,Automatic,first,petrol
Maruti Suzuki,12,85000.0,Manual,second,petrol
Audi,12,88000.0,Automatic,first,diesel
Hyundai,7,95000.0,Manual,second,petrol
Honda,8,74000.0,Automatic,second,petrol
Fiat,12,65000.0,Manual,second,diesel
Toyota,2,35000.0,Automatic,first,diesel
Volkswagen,9,74000.0,Automatic,first,diesel
Hyundai,6,82000.0,Automatic,first,diesel
BMW,1,3500.0,Automatic,first,petrol
Hyundai,3,88000.0,Manual,first,hybrid/cng
Mitsubishi,9,80000.0,Automatic,second,diesel
Maruti Suzuki,10,63000.0,Manual,second,hybrid
Maruti Suzuki,4,25000.0,Manual,first,petrol
Maruti Suzuki,7,85000.0,Automatic,first,petrol
Maruti Suzuki,12,90000.0,Automatic,second,diesel
Maruti Suzuki,7,50000.0,Manual,first,diesel
Hyundai,12,50400.0,Manual,first,petrol
BMW,7,92000.0,Automatic,second,diesel
Toyota,5,112500.0,Manual,second,diesel
Tata,6,62000.0,Automatic,first,hybrid
Tata,10,80000.0,Manual,second,diesel
Volkswagen,5,72000.0,Manual,first,petrol
Maruti Suzuki,7,30000.0,Manual,first,petrol
Toyota,15,120000.0,Manual,second,hybrid/cng
Maruti Suzuki,6,150000.0,Automatic,first,hybrid/cng
Toyota,3,300000.0,Automatic,first,diesel
Hyundai,6,35000.0,Automatic,first,hybrid/cng
Honda,16,72000.0,Automatic,first,hybrid
Maruti Suzuki,6,54000.0,Manual,first,diesel
Maruti Suzuki,8,83000.0,Automatic,first,petrol
Hyundai,5,110000.0,Automatic,first,diesel
Hyundai,14,78500.0,Manual,second,petrol
Mercedes-Benz,8,78000.0,Automatic,second,petrol
Honda,6,77000.0,Manual,first,hybrid
Audi,4,38000.0,Automatic,first,petrol
Maruti Suzuki,6,25000.0,Automatic,first,diesel
Mercedes-Benz,10,79000.0,Automatic,second,diesel
Hyundai,9,54000.0,Automatic,first,hybrid/cng
Honda,6,56000.0,Manual,first,hybrid
Toyota,6,50200.0,Automatic,second,diesel
Maruti Suzuki,6,72000.0,Manual,first,diesel
Maruti Suzuki,2,26080.0,Manual,first,petrol
Hyundai,8,89000.0,Automatic,second,hybrid
Maruti Suzuki,9,52000.0,Manual,second,petrol
Toyota,1,49000.0,Manual,first,hybrid/cng
Skoda,2,85000.0,Automatic,first,petrol
Maruti Suzuki,18,66711.0,Manual,second,petrol
Hyundai,11,26000.0,Automatic,first,petrol
Maruti Suzuki,7,133000.0,Manual,second,diesel
Maruti Suzuki,14,240000.0,Manual,second,diesel
Kia,4,79000.0,Automatic,first,diesel
Maruti Suzuki,12,35.0,Automatic,second,hybrid/cng
Porsche,8,48000.0,Automatic,second,diesel
Ford,8,89000.0,Manual,first,diesel
Hyundai,5,94000.0,Automatic,first,diesel
Toyota,12,45000.0,Automatic,first,petrol
BMW,8,80000.0,Automatic,second,diesel
Maruti Suzuki,4,17000.0,Manual,first,petrol
Maruti Suzuki,12,58000.0,Automatic,second,petrol
Maruti Suzuki,2,11000.0,Automatic,second,petrol
Maruti Suzuki,0,8254.0,Manual,first,petrol
Maruti Suzuki,2,28850.0,Manual,first,petrol
MG,1,42500.0,Automatic,first,petrol
Hyundai,7,56000.0,Manual,second,petrol
Audi,15,119000.0,Automatic,second,diesel
Mercedes-Benz,12,73000.0,Automatic,second,diesel
Land Rover,3,32422.0,Automatic,second,petrol
Nissan,7,18000.0,Manual,first,petrol
Volkswagen,10,300000.0,Automatic,first,petrol
Maruti Suzuki,11,41000.0,Automatic,first,hybrid/cng
Tata,4,32000.0,Manual,first,hybrid/cng
Honda,19,105000.0,Manual,second,petrol
Nissan,3,35000.0,Manual,first,petrol
Hyundai,11,90000.0,Manual,second,diesel
Maruti Suzuki,5,64000.0,Automatic,second,hybrid
Mercedes-Benz,10,300000.0,Automatic,second,diesel
Tata,8,62000.0,Manual,first,petrol
Maruti Suzuki,6,65000.0,Automatic,second,hybrid
Hyundai,12,85000.0,Manual,second,petrol
Maruti Suzuki,5,1022.0,Automatic,second,hybrid
Mahindra,6,87000.0,Manual,first,diesel
Toyota,11,82000.0,Automatic,second,hybrid
Maruti Suzuki,7,57000.0,Automatic,first,diesel
Toyota,14,181000.0,Automatic,second,petrol
Jeep,6,86000.0,Manual,second,diesel
Maruti Suzuki,5,55000.0,Automatic,first,hybrid/cng
Hyundai,4,62370.0,Automatic,second,hybrid/cng
Maruti Suzuki,12,93000.0,Automatic,second,hybrid
BMW,6,99000.0,Automatic,first,diesel
Maruti Suzuki,7,300000.0,Manual,second,diesel
Chevrolet,9,170000.0,Manual,first,diesel
Mahindra,1,26000.0,Manual,first,diesel
Audi,9,82233.0,Automatic,first,diesel
Toyota,10,108000.0,Automatic,first,petrol
Maruti Suzuki,6,66000.0,Automatic,second,hybrid/cng
Skoda,6,78000.0,Automatic,second,diesel
Hyundai,11,60000.0,Manual,second,petrol
Maruti Suzuki,15,65000.0,Automatic,second,hybrid/cng
Maruti Suzuki,11,76000.0,Manual,second,petrol
Kia,4,109000.0,Manual,first,diesel
Honda,17,115000.0,Manual,second,petrol
Ford,6,44552.0,Manual,first,hybrid
Hyundai,4,66000.0,Manual,first,hybrid
Toyota,6,146000.0,Manual,second,diesel
Audi,10,65000.0,Automatic,second,diesel
Hyundai,13,95000.0,Automatic,second,hybrid
Kia,3,20200.0,Automatic,first,petrol
Hyundai,1,15000.0,Automatic,first,petrol
Toyota,6,87600.0,Manual,second,diesel
Hyundai,2,38000.0,Manual,first,petrol
Maruti Suzuki,12,80000.0,Manual,second,hybrid
Maruti Suzuki,2,160000.0,Manual,first,petrol
Tata,5,56000.0,Automatic,second,petrol
Mahindra,9,93000.0,Manual,second,diesel
Audi,2,14000.0,Automatic,first,petrol
Maruti Suzuki,8,69000.0,Automatic,first,petrol
Honda,9,94000.0,Manual,first,petrol
Hyundai,4,23000.0,Manual,first,petrol
Maruti Suzuki,4,63000.0,Manual,first,petrol
Maruti Suzuki,6,70000.0,Automatic,first,petrol
Honda,5,45000.0,Automatic,second,petrol
Tata,1,4500.0,Manual,first,hybrid
Maruti Suzuki,4,55000.0,Manual,first,petrol
Jeep,6,62200.0,Automatic,second,petrol
Maruti Suzuki,8,60000.0,Automatic,first,petrol
Tata,2,10000.0,Automatic,first,petrol
Maruti Suzuki,14,71568.0,Automatic,second,petrol
Hyundai,6,81000.0,Automatic,second,petrol
Kia,1,23000.0,Automatic,first,diesel
Maruti Suzuki,4,33000.0,Manual,first,hybrid
Honda,10,58000.0,Automatic,first,hybrid
Ford,14,130000.0,Automatic,second,diesel
Tata,2,11400.0,Manual,first,petrol
Honda,14,92000.0,Manual,first,hybrid/cng
Honda,12,82000.0,Automatic,second,petrol
Maruti Suzuki,6,54121.0,Manual,first,petrol
Hyundai,7,98000.0,Manual,first,diesel
Maruti Suzuki,0,15000.0,Manual,first,hybrid
Maruti Suzuki,3,63500.0,Manual,first,petrol
Hyundai,12,149175.0,Manual,second,diesel
Honda,10,76800.0,Manual,second,diesel
Honda,17,105000.0,Automatic,second,petrol
Toyota,5,130000.0,Manual,first,diesel
Toyota,13,84000.0,Manual,second,diesel
Maruti Suzuki,2,39000.0,Manual,first,hybrid
Renault,10,128000.0,Manual,second,diesel
Maruti Suzuki,8,95200.0,Manual,second,hybrid
Maruti Suzuki,10,98000.0,Manual,second,petrol
Tata,2,31000.0,Automatic,second,diesel
Maruti Suzuki,3,81000.0,Manual,first,hybrid/cng
Maruti Suzuki,11,68554.0,Manual,second,diesel
Hyundai,9,69000.0,Manual,second,petrol
Bentley,7,22000.0,Automatic,first,petrol
Maruti Suzuki,9,55049.0,Manual,first,petrol
Maruti Suzuki,7,58000.0,Automatic,first,petrol
Toyota,15,75000.0,Manual,second,hybrid
BMW,12,135000.0,Automatic,first,diesel
Skoda,9,104007.0,Automatic,second,diesel
Toyota,1,300000.0,Automatic,first,diesel
Renault,3,17500.0,Automatic,first,petrol
Maruti Suzuki,11,80000.0,Manual,first,hybrid/cng
Toyota,6,116000.0,Automatic,first,diesel
Maruti Suzuki,6,46000.0,Automatic,first,petrol
Hyundai,12,128000.0,Manual,second,diesel
Hyundai,4,19000.0,Automatic,first,petrol
Mahindra,1,24500.0,Automatic,first,petrol
Honda,7,98000.0,Manual,first,diesel
Honda,5,32500.0,Manual,second,hybrid/cng
Maruti Suzuki,2,72000.0,Manual,first,petrol
Hyundai,2,14000.0,Manual,second,hybrid/cng
Toyota Land,12,140000.0,Automatic,second,diesel
Honda,5,120000.0,Manual,second,petrol
Honda,7,71000.0,Automatic,first,hybrid
Maruti Suzuki,4,24.0,Automatic,first,hybrid/cng
Hyundai,17,79000.0,Manual,second,hybrid/cng
Maruti Suzuki,8,72000.0,Manual,first,petrol
BMW,4,30000.0,Automatic,first,petrol
Maruti Suzuki,7,270000.0,Manual,second,hybrid
Tata,13,40000.0,Manual,second,petrol
Mercedes-Benz,8,35300.0,Automatic,second,diesel
Maruti Suzuki,3,22.0,Automatic,first,hybrid
Maruti Suzuki,7,66000.0,Manual,first,hybrid/cng
Maruti Suzuki,7,105000.0,Manual,second,diesel
Maruti Suzuki,15,150000.0,Manual,second,petrol
Mahindra,10,113000.0,Automatic,second,diesel
Renault,5,77105.0,Automatic,second,petrol
Maruti Suzuki,7,75000.0,Manual,first,diesel
Mercedes-Benz,1,10000.0,Automatic,first,petrol
Honda,11,33000.0,Automatic,second,petrol
Maruti Suzuki,5,63000.0,Automatic,second,hybrid
Nissan,11,63234.0,Automatic,second,petrol
Maruti Suzuki,9,151000.0,Manual,second,hybrid
Hyundai,6,14600.0,Automatic,second,diesel
Volvo,12,300000.0,Automatic,second,diesel
Hyundai,9,31000.0,Manual,first,petrol
Chevrolet,14,75000.0,Manual,second,petrol
Honda,13,75000.0,Manual,second,hybrid
Maruti Suzuki,6,65000.0,Automatic,second,hybrid/cng
Maruti Suzuki,0,50000.0,Automatic,first,hybrid/cng
Volvo,8,51000.0,Automatic,second,diesel
Audi,1,12000.0,Automatic,first,petrol
Toyota,16,92000.0,Automatic,second,hybrid
Hyundai,3,100000.0,Automatic,first,diesel
Renault,6,48123.0,Automatic,second,petrol
Honda,6,45600.0,Automatic,first,petrol
Maruti Suzuki,18,90000.0,Manual,second,petrol
BMW,10,68000.0,Automatic,second,diesel
Tata,2,20000.0,Manual,first,hybrid
Jaguar,6,76000.0,Automatic,second,diesel
Maruti Suzuki,14,85000.0,Manual,second,hybrid/cng
Hyundai,6,52536.0,Automatic,second,hybrid/cng
Hyundai,6,48000.0,Automatic,second,petrol
Tata,7,43000.0,Manual,first,hybrid
Mercedes-Benz,5,62500.0,Automatic,second,petrol
BMW,7,26000.0,Automatic,second,diesel
BMW,7,57000.0,Automatic,second,diesel
Maruti Suzuki,5,300000.0,Automatic,first,petrol
Mercedes-Benz,12,49000.0,Automatic,second,diesel
Maruti Suzuki,6,34000.0,Manual,first,petrol
Hyundai,4,32000.0,Automatic,second,petrol
Maruti Suzuki,4,54000.0,Manual,first,petrol
Toyota,11,79000.0,Manual,second,hybrid
Maruti Suzuki,2,32000.0,Manual,first,hybrid/cng
Maruti Suzuki,12,80000.0,Manual,second,petrol
Volkswagen,6,75000.0,Automatic,first,diesel
Maruti Suzuki,8,125000.0,Manual,first,petrol
Volkswagen,9,125000.0,Manual,first,diesel
Maruti Suzuki,7,77523.0,Manual,second,petrol
Hyundai,3,8000.0,Automatic,second,petrol
Mercedes-Benz,7,150000.0,Automatic,first,diesel
Hyundai,2,19000.0,Manual,first,petrol
Maruti Suzuki,10,77000.0,Automatic,first,petrol
Kia,3,25000.0,Automatic,first,diesel
Toyota,6,140000.0,Manual,first,diesel
Hyundai,14,86000.0,Automatic,second,hybrid/cng
Ford,8,300000.0,Manual,second,hybrid/cng
Maruti Suzuki,6,87000.0,Manual,second,diesel
Hyundai,9,88000.0,Automatic,second,petrol
Tata,10,35000.0,Manual,second,petrol
Hyundai,8,63500.0,Manual,first,hybrid/cng
Tata,13,89000.0,Manual,second,diesel
BMW,6,41000.0,Automatic,first,diesel
Hyundai,3,89500.0,Automatic,second,hybrid/cng
Hyundai,11,57000.0,Manual,second,petrol
Maruti Suzuki,10,73000.0,Manual,second,hybrid/cng
Mahindra,7,94054.0,Automatic,first,diesel
Toyota,9,145000.0,Manual,second,diesel
Maruti Suzuki,8,51000.0,Manual,second,hybrid
Kia,2,27000.0,Manual,first,diesel
Ford,7,300000.0,Manual,second,petrol
Skoda,4,19000.0,Automatic,first,petrol
Honda,9,58000.0,Automatic,second,hybrid/cng
Audi,7,300000.0,Automatic,first,diesel
Maruti Suzuki,5,66510.0,Automatic,first,petrol
Maruti Suzuki,9,74566.0,Manual,second,diesel
Mini,1,4000.0,Automatic,first,petrol
Hyundai,18,84000.0,Manual,second,hybrid
Hyundai,8,55000.0,Automatic,second,petrol
Toyota,8,99584.0,Automatic,first,diesel
Tata,7,48000.0,Automatic,second,petrol
Maruti Suzuki,1,100000.0,Automatic,first,hybrid
Honda,7,117000.0,Manual,first,petrol
Maruti Suzuki,15,78686.0,Manual,second,petrol
Honda,7,50000.0,Manual,second,diesel
Kia,3,46000.0,Automatic,second,diesel
Honda,8,105000.0,Automatic,first,petrol
Hyundai,4,18000.0,Automatic,first,petrol
Maruti Suzuki,6,50000.0,Automatic,first,hybrid
Maruti Suzuki,6,46000.0,Automatic,first,hybrid
Hyundai,12,35.0,Automatic,second,hybrid
Hyundai,7,180000.0,Manual,first,diesel
Maruti Suzuki,1,30.0,Manual,first,petrol
Maruti Suzuki,15,99000.0,Manual,second,hybrid/cng
Hyundai,6,83600.0,Manual,second,diesel
Honda,16,10.0,Automatic,first,hybrid/cng
BMW,6,75000.0,Automatic,second,petrol
Maruti Suzuki,9,85000.0,Manual,second,petrol
Maruti Suzuki,3,38000.0,Manual,first,petrol
Audi,13,103000.0,Automatic,second,diesel
Maruti Suzuki,12,68000.0,Manual,first,hybrid
Honda,9,77000.0,Automatic,second,petrol
Maruti Suzuki,5,300000.0,Manual,first,petrol
Hyundai,8,300000.0,Automatic,first,diesel
Maruti Suzuki,14,74000.0,Manual,second,petrol
Hyundai,7,42568.0,Manual,first,petrol
Maruti Suzuki,11,57500.0,Manual,first,petrol
Maruti Suzuki,8,43350.0,Automatic,first,petrol
Mercedes-Benz,11,57000.0,Automatic,second,diesel
Mahindra,1,4000.0,Manual,first,petrol
Hyundai,12,79810.0,Manual,second,hybrid/cng
Toyota,10,56000.0,Manual,first,diesel
Skoda,11,85000.0,Manual,second,diesel
Nissan,6,50000.0,Automatic,first,diesel
Hyundai,5,49000.0,Manual,second,hybrid/cng
Maruti Suzuki,19,28000.0,Manual,second,petrol
Mercedes-Benz,4,43000.0,Automatic,second,petrol
Chevrolet,13,70000.0,Manual,second,hybrid/cng
Toyota,9,115000.0,Automatic,second,hybrid/cng
Mahindra,7,59000.0,Manual,first,diesel
Toyota,4,180000.0,Manual,first,diesel
Toyota,3,20000.0,Automatic,second,diesel
Maruti Suzuki,15,53000.0,Automatic,second,hybrid
Maruti Suzuki,11,60000.0,Automatic,second,petrol
Volkswagen,8,300000.0,Manual,first,hybrid/cng
Toyota,5,300000.0,Automatic,first,diesel
Maruti Suzuki,6,167000.0,Manual,second,diesel
Maruti Suzuki,7,71000.0,Manual,second,petrol
Volvo,8,166000.0,Automatic,second,diesel
Skoda,9,77000.0,Automatic,second,diesel
Maruti Suzuki,5,75000.0,Manual,first,hybrid/cng
Toyota,9,189000.0,Manual,second,diesel
Hyundai,13,300000.0,Manual,first,petrol
Mercedes-Benz,10,80000.0,Automatic,second,diesel
Toyota,6,93000.0,Automatic,second,diesel
Toyota,13,92700.0,Manual,second,hybrid
Hyundai,8,42000.0,Manual,first,petrol
Toyota,9,260000.0,Manual,second,diesel
Mercedes-Benz,7,32600.0,Automatic,second,petrol
Toyota,2,20000.0,Automatic,first,diesel
Maruti Suzuki,7,50000.0,Automatic,first,hybrid
Toyota,10,105000.0,Manual,second,diesel
Maruti Suzuki,15,43256.0,Manual,second,petrol
Hyundai,3,13000.0,Manual,first,petrol
Mahindra,2,25000.0,Automatic,first,diesel
Maruti Suzuki,13,76000.0,Manual,first,hybrid/cng
Maruti Suzuki,7,170000.0,Automatic,first,hybrid/cng
Skoda,14,82000.0,Manual,first,diesel
Toyota,15,84000.0,Manual,second,hybrid/cng
Maruti Suzuki,5,65000.0,Manual,first,diesel
Hyundai,6,65000.0,Manual,first,petrol
Toyota,2,35000.0,Automatic,first,petrol
Honda,16,89000.0,Manual,first,petrol
Toyota Land,7,55000.0,Automatic,second,diesel
Mahindra,2,31000.0,Automatic,first,petrol
Honda,10,58000.0,Manual,second,petrol
Hyundai,12,52000.0,Manual,second,petrol
Skoda,6,174000.0,Automatic,first,diesel
Maruti Suzuki,3,75966.0,Manual,second,hybrid
Hyundai,14,90000.0,Manual,second,diesel
Maruti Suzuki,5,36000.0,Automatic,first,petrol
Hyundai,12,82123.0,Manual,second,hybrid
Maruti Suzuki,13,103000.0,Automatic,second,hybrid
Mercedes-Benz,16,226231.0,Manual,second,diesel
Renault,9,90000.0,Manual,first,diesel
Hyundai,5,77519.0,Manual,first,petrol
Maruti Suzuki,8,59000.0,Manual,second,diesel
Maruti Suzuki,3,208580.0,Manual,first,petrol
Hyundai,9,300000.0,Manual,first,diesel
Hyundai,2,300000.0,Manual,first,petrol
Hyundai,2,13000.0,Manual,first,petrol
Chevrolet,12,99000.0,Manual,second,diesel
Hyundai,8,64000.0,Manual,first,petrol
Honda,5,55000.0,Automatic,first,petrol
Maruti Suzuki,10,63079.0,Manual,first,petrol
Mahindra,3,45000.0,Automatic,second,diesel
Maruti Suzuki,6,70000.0,Automatic,second,hybrid
Tata,12,28000.0,Manual,first,petrol
Maruti Suzuki,0,18950.0,Automatic,first,petrol
Mercedes-Benz,10,38000.0,Automatic,second,petrol
Jeep,5,68530.0,Automatic,second,petrol
Maruti Suzuki,10,80000.0,Manual,first,petrol
Honda,13,174988.0,Automatic,second,hybrid/cng
Maruti Suzuki,0,35.0,Automatic,second,hybrid/cng
Datsun,6,29000.0,Automatic,second,petrol
Ford,7,95000.0,Manual,second,diesel
Mahindra,3,3000.0,Manual,first,diesel
Toyota,1,29000.0,Automatic,first,hybrid
Ford,8,68000.0,Manual,first,diesel
Hyundai,16,60000.0,Manual,first,petrol
Hyundai,3,28000.0,Manual,first,diesel
Volkswagen,6,76416.0,Manual,second,diesel
Maruti Suzuki,8,90000.0,Manual,second,diesel
Mercedes-Benz,5,39000.0,Automatic,second,diesel
Hyundai,1,40000.0,Manual,first,hybrid/cng
Hyundai,4,300000.0,Manual,first,petrol
Toyota,3,9110.0,Automatic,first,petrol
Maruti Suzuki,16,75000.0,Automatic,first,hybrid
Maruti Suzuki,3,34000.0,Manual,first,petrol
Hyundai,14,75000.0,Manual,second,hybrid/cng
Hyundai,7,54000.0,Automatic,first,diesel
Maruti Suzuki,7,51000.0,Automatic,second,petrol
Nissan,6,49900.0,Manual,second,diesel
Honda,10,72000.0,Manual,second,hybrid
Honda,6,58000.0,Automatic,second,petrol
Toyota,4,55000.0,Automatic,first,diesel
Maruti Suzuki,10,120000.0,Manual,second,petrol
Maruti Suzuki,2,32000.0,Manual,first,hybrid/cng
Honda,8,67000.0,Manual,second,diesel
Hyundai,5,44000.0,Automatic,first,diesel
Tata,6,33000.0,Automatic,second,hybrid
Maruti Suzuki,2,23000.0,Manual,first,petrol
Maruti Suzuki,6,27000.0,Automatic,first,petrol
BMW,8,77000.0,Automatic,second,diesel
Hyundai,10,45000.0,Automatic,second,petrol
Honda,6,62000.0,Automatic,first,petrol
Honda,6,125000.0,Automatic,second,hybrid
Tata,8,160000.0,Manual,second,diesel
Hyundai,12,110000.0,Manual,second,petrol
Maruti Suzuki,19,60000.0,Automatic,second,hybrid
Renault,4,31000.0,Automatic,first,petrol
MG,1,17000.0,Automatic,first,petrol
Hyundai,5,53000.0,Manual,first,hybrid/cng
Maruti Suzuki,15,65000.0,Manual,second,hybrid/cng
Skoda,12,76500.0,Manual,second,diesel
Jaguar,7,33387.0,Automatic,first,diesel
Maruti Suzuki,5,25.0,Manual,second,diesel
Toyota,1,3000.0,Automatic,first,hybrid
Hyundai,12,74000.0,Automatic,first,hybrid/cng
Toyota,11,83000.0,Manual,second,diesel
Audi,13,51000.0,Automatic,second,petrol
Renault,9,63000.0,Manual,second,petrol
Maruti Suzuki,7,65500.0,Automatic,first,hybrid/cng
Maruti Suzuki,9,122000.0,Manual,second,hybrid/cng
Toyota,12,190000.0,Automatic,second,diesel
Toyota,3,50000.0,Automatic,second,petrol
Maruti Suzuki,4,63110.0,Automatic,first,petrol
Audi,6,55100.0,Automatic,second,diesel
Toyota,11,205486.0,Manual,second,diesel
Maruti Suzuki,7,65000.0,Manual,second,hybrid
Skoda,8,92000.0,Automatic,second,petrol
Maruti Suzuki,9,74000.0,Manual,second,diesel
Maruti Suzuki,5,53000.0,Automatic,first,hybrid
Maruti Suzuki,9,100000.0,Manual,second,hybrid/cng
Hyundai,14,70000.0,Manual,second,petrol
Maruti Suzuki,7,82000.0,Automatic,second,hybrid/cng
Honda,8,55000.0,Automatic,second,hybrid
Maruti Suzuki,13,110067.0,Manual,first,diesel
Maruti Suzuki,4,49000.0,Manual,second,diesel
Kia,3,77000.0,Manual,first,diesel
Honda,9,125000.0,Manual,first,diesel
Maruti Suzuki,3,15000.0,Automatic,first,petrol
Hyundai,6,77665.0,Manual,first,petrol
BMW,10,136000.0,Automatic,first,diesel
Maruti Suzuki,6,82000.0,Automatic,second,hybrid
Maruti Suzuki,9,70000.0,Automatic,second,petrol
Maruti Suzuki,6,70000.0,Manual,second,petrol
Maruti Suzuki,5,48000.0,Manual,first,diesel
Honda,7,78887.0,Manual,first,petrol
Mahindra,13,140000.0,Manual,second,diesel
Honda,15,122000.0,Automatic,second,hybrid
Honda,8,61000.0,Automatic,second,petrol
Hyundai,14,62000.0,Automatic,second,hybrid/cng
Maruti Suzuki,10,64000.0,Manual,second,diesel
Hyundai,11,59000.0,Manual,second,petrol
Tata,5,78000.0,Automatic,first,diesel
Hyundai,14,60000.0,Manual,second,petrol
Chevrolet,12,78000.0,Automatic,second,diesel
Skoda,6,64000.0,Automatic,first,petrol
Honda,3,38000.0,Automatic,first,petrol
Renault,7,33000.0,Automatic,second,petrol
Maruti Suzuki,9,52000.0,Automatic,second,hybrid/cng
Hyundai,6,28000.0,Automatic,first,hybrid/cng
Land Rover,8,70000.0,Automatic,first,diesel
Chevrolet,16,49500.0,Manual,second,petrol
Toyota,8,140000.0,Manual,first,diesel
Maruti Suzuki,4,80000.0,Automatic,first,hybrid/cng
BMW,7,166666.0,Automatic,second,diesel
Toyota,3,300000.0,Automatic,first,diesel
Maruti Suzuki,9,135000.0,Manual,first,diesel
Maruti Suzuki,6,83200.0,Manual,second,hybrid/cng
Hyundai,5,38100.0,Automatic,first,petrol
Ford,7,91000.0,Automatic,second,diesel
Mercedes-Benz,5,79000.0,Automatic,second,diesel
Maruti Suzuki,13,109500.0,Automatic,first,hybrid/cng
Maruti Suzuki,3,52000.0,Automatic,first,hybrid/cng
Maruti Suzuki,19,10000.0,Automatic,second,diesel
Hyundai,1,21000.0,Manual,first,diesel
Honda,5,45000.0,Automatic,first,petrol
Kia,4,52000.0,Automatic,first,petrol
Maruti Suzuki,13,190000.0,Manual,second,hybrid/cng
Audi,6,300000.0,Automatic,first,diesel
Honda,16,12.0,Manual,second,petrol
Maruti Suzuki,8,105121.0,Manual,first,petrol
Mahindra,15,83000.0,Manual,second,diesel
Toyota,10,175000.0,Manual,second,diesel
Hyundai,2,33000.0,Automatic,first,diesel
Toyota,6,11000.0,Manual,first,diesel
Honda,8,60000.0,Automatic,second,petrol
Volkswagen,11,75000.0,Manual,second,diesel
Honda,13,90000.0,Automatic,second,hybrid/cng
Hyundai,7,80000.0,Manual,second,petrol
Maruti Suzuki,14,155000.0,Automatic,second,hybrid
Maruti Suzuki,5,80000.0,Automatic,second,petrol
Hyundai,4,65000.0,Automatic,second,hybrid
Maruti Suzuki,6,7000.0,Manual,first,hybrid
Isuzu,7,75000.0,Automatic,first,diesel
Mahindra,7,103000.0,Automatic,second,diesel
Honda,2,10000.0,Automatic,first,petrol
Toyota,1,91000.0,Automatic,first,petrol
Kia,3,48500.0,Automatic,first,diesel
Kia,2,11000.0,Automatic,first,diesel
Maruti Suzuki,3,21008.0,Manual,first,petrol
Maruti Suzuki,10,78000.0,Manual,second,hybrid/cng
Maruti Suzuki,4,80000.0,Manual,first,hybrid/cng
Renault,11,65000.0,Manual,second,diesel
Hyundai,2,89000.0,Automatic,first,diesel
Maruti Suzuki,3,18000.0,Manual,first,petrol
Hyundai,2,37444.0,Automatic,first,hybrid/cng
Maruti Suzuki,5,79000.0,Manual,first,hybrid
Tata,9,90000.0,Manual,second,hybrid/cng
Honda,7,56000.0,Manual,first,diesel
BMW,15,123000.0,Automatic,first,diesel
Maruti Suzuki,8,128069.0,Manual,first,diesel
Hyundai,1,9000.0,Automatic,first,petrol
Hyundai,13,95168.0,Manual,first,hybrid
Hyundai,12,80000.0,Manual,second,diesel
Hyundai,5,78690.0,Manual,first,diesel
Ford,3,82000.0,Manual,first,diesel
Nissan,3,38777.0,Automatic,first,petrol
Ford,8,130000.0,Manual,second,diesel
Maruti Suzuki,8,63300.0,Automatic,second,petrol
Maruti Suzuki,17,70000.0,Automatic,second,petrol
Mahindra,12,200000.0,Manual,second,diesel
Kia,3,300000.0,Automatic,first,petrol
Maruti Suzuki,12,20.0,Manual,second,petrol
Maruti Suzuki,1,22000.0,Manual,first,hybrid/cng
Renault,9,150000.0,Automatic,second,diesel
Mercedes-Benz,3,15000.0,Automatic,first,petrol
Maruti Suzuki,9,55000.0,Manual,second,hybrid/cng
Maruti Suzuki,0,2000.0,Automatic,first,hybrid/cng
Toyota,0,6100.0,Automatic,first,hybrid
Land Rover,1,120000.0,Automatic,second,petrol
Renault,3,25152.0,Manual,first,petrol
Volvo,4,55000.0,Automatic,first,diesel
Audi,11,55000.0,Automatic,second,diesel
Mahindra,3,16700.0,Automatic,first,diesel
Mahindra,8,111821.0,Manual,first,diesel
Honda,7,113000.0,Automatic,second,petrol
Nissan,7,75000.0,Automatic,second,hybrid/cng
Mercedes-Benz,6,85000.0,Automatic,first,diesel
BMW,10,90000.0,Automatic,second,diesel
Maruti Suzuki,2,48865.0,Manual,first,hybrid
Maruti Suzuki,7,51000.0,Manual,first,petrol
Maruti Suzuki,1,45000.0,Manual,first,hybrid
Hyundai,13,300000.0,Manual,second,hybrid/cng
Hyundai,11,71000.0,Manual,second,hybrid/cng
Toyota,2,40000.0,Automatic,first,diesel
Toyota,13,250000.0,Manual,first,diesel
Toyota,13,125000.0,Manual,second,diesel
Maruti Suzuki,7,90000.0,Manual,first,diesel
MG,2,67000.0,Automatic,second,hybrid/cng
Volkswagen,2,25000.0,Manual,first,petrol
Honda,10,65000.0,Automatic,first,petrol
Maruti Suzuki,2,22000.0,Manual,second,petrol
Datsun,8,100200.0,Automatic,second,hybrid/cng
Mercedes-Benz,9,28000.0,Automatic,first,diesel
Audi,9,53000.0,Automatic,second,diesel
Toyota,13,120000.0,Manual,first,diesel
Volkswagen,10,72900.0,Automatic,second,diesel
Hyundai,5,300000.0,Manual,first,diesel
Toyota,12,220000.0,Automatic,second,diesel
Maruti Suzuki,3,64000.0,Automatic,first,petrol
Tata,2,7200.0,Manual,first,petrol
Hyundai,6,77000.0,Automatic,first,diesel
Mercedes-Benz,2,25700.0,Automatic,first,diesel
Maruti Suzuki,19,100000.0,Manual,second,hybrid
BMW,3,18000.0,Automatic,first,diesel
Honda,8,73000.0,Automatic,second,hybrid
Maruti Suzuki,7,55000.0,Automatic,second,hybrid
Maruti Suzuki,7,100000.0,Automatic,second,hybrid/cng
Maruti Suzuki,11,125000.0,Automatic,second,hybrid
Jaguar,6,42000.0,Automatic,second,diesel
Maruti Suzuki,12,68000.0,Manual,second,hybrid
Maruti Suzuki,6,65000.0,Manual,second,petrol
Toyota,11,114918.0,Manual,first,diesel
Tata,10,180000.0,Manual,first,diesel
Hyundai,15,88000.0,Automatic,second,petrol
Tata,4,116000.0,Automatic,first,diesel
Hyundai,18,108000.0,Manual,second,petrol
Ford,10,71877.0,Manual,second,petrol
Mercedes-Benz,8,48000.0,Automatic,second,diesel
Skoda,9,42000.0,Automatic,second,petrol
Maruti Suzuki,5,300000.0,Manual,first,petrol
Ford,10,31000.0,Automatic,second,petrol
Hyundai,4,43000.0,Manual,first,hybrid
BMW,4,49000.0,Automatic,first,diesel
Maruti Suzuki,3,93000.0,Manual,first,petrol
Hyundai,4,65000.0,Automatic,first,hybrid
Maruti Suzuki,8,24000.0,Automatic,first,hybrid/cng
Maruti Suzuki,10,46000.0,Manual,first,hybrid
Ford,6,300000.0,Manual,first,petrol
Tata,5,122087.0,Manual,first,diesel
Volkswagen,11,113000.0,Manual,first,diesel
Mercedes-Benz,13,58000.0,Automatic,second,diesel
Maruti Suzuki,7,62000.0,Automatic,second,hybrid/cng
Maruti Suzuki,12,68900.0,Manual,second,hybrid
Hyundai,10,76000.0,Manual,first,petrol
Renault,7,70000.0,Automatic,first,petrol
Maruti Suzuki,5,78000.0,Manual,first,diesel
Hyundai,1,12000.0,Automatic,first,petrol
Honda,21,102300.0,Manual,second,petrol
Ssangyong,10,94000.0,Automatic,second,diesel
Maruti Suzuki,8,87000.0,Manual,second,petrol
Renault,3,80000.0,Manual,first,petrol
Toyota,7,120000.0,Automatic,first,diesel
Hyundai,6,62000.0,Manual,first,petrol
Honda,17,300000.0,Automatic,first,petrol
Skoda,9,124006.0,Manual,second,diesel
Hyundai,2,105000.0,Automatic,first,hybrid/cng
Mahindra,12,16400.0,Automatic,second,diesel
Mahindra,5,29000.0,Manual,second,diesel
Hyundai,8,55000.0,Manual,second,petrol
Toyota,8,215000.0,Manual,second,diesel
Maruti Suzuki,13,91000.0,Automatic,second,hybrid/cng
Volkswagen,7,68000.0,Automatic,first,diesel
Renault,3,280000.0,Manual,second,petrol
Hyundai,11,70000.0,Manual,second,petrol
Renault,10,64000.0,Manual,second,petrol
Audi,9,140000.0,Automatic,second,diesel
Skoda,8,40000.0,Manual,first,petrol
Mitsubishi,14,72000.0,Automatic,second,petrol
Skoda,1,5400.0,Automatic,first,petrol
Hyundai,8,88000.0,Manual,second,diesel
Toyota,6,99000.0,Manual,first,diesel
Nissan,7,41000.0,Manual,second,diesel
Tata,5,68000.0,Manual,first,diesel
Mercedes-Benz,9,300000.0,Automatic,first,diesel
Hyundai,12,120000.0,Manual,second,diesel
Honda,9,95000.0,Automatic,first,hybrid/cng
Maruti Suzuki,7,50000.0,Manual,second,hybrid/cng
Tata,7,81000.0,Automatic,first,diesel
Maruti Suzuki,1,15000.0,Manual,first,petrol
Nissan,11,98530.0,Manual,first,petrol
Maruti Suzuki,1,31000.0,Manual,first,hybrid
Toyota,1,13000.0,Automatic,first,hybrid/cng
Maruti Suzuki,5,65000.0,Automatic,second,petrol
Maruti Suzuki,8,85000.0,Manual,second,hybrid/cng
Hyundai,5,50000.0,Automatic,first,hybrid
Maruti Suzuki,6,55000.0,Automatic,second,petrol
Maruti Suzuki,8,68000.0,Automatic,second,hybrid/cng
Audi,1,4000.0,Automatic,first,petrol
Kia,2,18000.0,Automatic,first,petrol
Honda,11,87000.0,Manual,second,petrol
Maruti Suzuki,8,68000.0,Automatic,second,petrol
Volkswagen,7,79085.0,Automatic,second,diesel
Honda,8,91000.0,Manual,first,diesel
Honda,13,55000.0,Automatic,second,petrol
Toyota,14,245000.0,Manual,second,diesel
Honda,15,85000.0,Automatic,second,hybrid/cng
Maruti Suzuki,3,61000.0,Manual,first,hybrid
Honda,8,63000.0,Manual,second,diesel
Toyota,9,62000.0,Manual,first,hybrid
Hyundai,2,68000.0,Manual,first,hybrid
Maruti Suzuki,7,81902.0,Automatic,second,petrol
Mahindra,3,46000.0,Automatic,first,diesel
Ford,8,69000.0,Manual,first,diesel
Maruti Suzuki,18,130000.0,Manual,second,petrol
Hyundai,15,117000.0,Manual,second,petrol
Maruti Suzuki,2,25000.0,Manual,second,petrol
Maruti Suzuki,6,54000.0,Manual,first,diesel
Honda,9,109000.0,Manual,second,hybrid/cng
Kia,4,32000.0,Automatic,second,diesel
Maruti Suzuki,16,56000.0,Manual,second,petrol
Mercedes-Benz,7,85000.0,Automatic,second,diesel
Honda,9,66000.0,Manual,second,diesel
Mahindra,10,126000.0,Manual,second,diesel
Ford,8,44000.0,Automatic,second,hybrid
Honda,17,85000.0,Manual,second,petrol
Maruti Suzuki,6,80000.0,Automatic,first,hybrid/cng
Maruti Suzuki,3,57000.0,Manual,first,hybrid
Hyundai,9,68000.0,Manual,second,diesel
Tata,6,58526.0,Manual,first,hybrid/cng
Hyundai,15,68000.0,Manual,second,petrol
Honda,9,108000.0,Manual,second,hybrid/cng
Hyundai,2,63110.0,Manual,first,diesel
Audi,7,98000.0,Automatic,first,diesel
Maruti Suzuki,5,53000.0,Automatic,first,petrol
Maruti Suzuki,8,85000.0,Manual,second,petrol
Maruti Suzuki,7,120000.0,Manual,first,diesel
Volkswagen,13,130000.0,Manual,second,diesel
BMW,12,73000.0,Automatic,second,diesel
Kia,3,65000.0,Automatic,second,diesel
Maruti Suzuki,2,60000.0,Manual,first,hybrid
Maruti Suzuki,6,32321.0,Manual,first,petrol
Maruti Suzuki,11,90000.0,Manual,second,hybrid/cng
Hyundai,11,65000.0,Manual,second,petrol
Hyundai,9,53000.0,Automatic,first,hybrid
Maruti Suzuki,15,82000.0,Manual,second,petrol
Hyundai,8,68000.0,Manual,first,petrol
Maruti Suzuki,3,45000.0,Manual,first,hybrid
Hyundai,8,106000.0,Automatic,second,diesel
Hyundai,8,120000.0,Manual,first,petrol
BMW,11,60000.0,Automatic,second,diesel
Hyundai,0,1234.0,Manual,first,hybrid/cng
Toyota,6,68500.0,Automatic,first,diesel
Toyota,3,111000.0,Automatic,first,diesel
Mercedes-Benz,4,23000.0,Automatic,first,petrol
Maruti Suzuki,2,26300.0,Automatic,second,hybrid
Mercedes-Benz,5,28370.0,Automatic,first,diesel
Fiat,12,89000.0,Manual,second,diesel
Maruti Suzuki,4,39000.0,Automatic,first,hybrid
Hyundai,10,43000.0,Manual,first,petrol
Maruti Suzuki,7,49136.0,Manual,second,petrol
Maruti Suzuki,6,57376.0,Manual,second,petrol
Hyundai,7,160000.0,Automatic,second,petrol
Maruti Suzuki,4,46000.0,Manual,first,petrol
Maruti Suzuki,2,54000.0,Manual,first,petrol
Nissan,9,95000.0,Manual,first,diesel
Tata,0,120.0,Manual,first,hybrid
Maruti Suzuki,1,23000.0,Automatic,first,hybrid
Hyundai,6,78000.0,Automatic,first,hybrid/cng
BMW,9,49000.0,Automatic,second,petrol
Hyundai,1,13000.0,Automatic,first,petrol
Maruti Suzuki,12,100212.0,Automatic,second,hybrid/cng
Renault,9,80000.0,Manual,second,diesel
Honda,5,60000.0,Manual,second,hybrid/cng
Toyota,7,150000.0,Manual,second,diesel
Honda,7,66000.0,Manual,first,diesel
Honda,14,98000.0,Automatic,second,hybrid
Hyundai,3,50000.0,Manual,first,petrol
Mahindra,6,48000.0,Manual,first,hybrid
Mercedes-Benz,7,59956.0,Automatic,first,diesel
Hyundai,5,43000.0,Manual,second,hybrid/cng
Hyundai,13,85000.0,Manual,second,hybrid
Maruti Suzuki,10,27000.0,Manual,first,petrol
Maruti Suzuki,0,11300.0,Manual,first,hybrid
Maruti Suzuki,9,80000.0,Automatic,first,hybrid/cng
Jeep,4,25000.0,Manual,first,diesel
Mahindra,11,108000.0,Manual,first,diesel
Mercedes-Benz,0,8000.0,Automatic,first,petrol
Hyundai,12,74000.0,Manual,second,petrol
Maruti Suzuki,5,69600.0,Manual,first,hybrid
Maruti Suzuki,15,70000.0,Manual,second,petrol
Hyundai,13,75000.0,Automatic,second,hybrid/cng
Maruti Suzuki,8,29750.0,Manual,second,hybrid/cng
Toyota,7,225000.0,Automatic,second,diesel
Volkswagen,10,78000.0,Manual,first,petrol
Ford,4,122000.0,Automatic,first,diesel
Nissan,8,65000.0,Automatic,second,petrol
Maruti Suzuki,5,89500.0,Automatic,second,diesel
Maruti Suzuki,5,53000.0,Automatic,first,petrol
Volvo,7,59000.0,Automatic,second,diesel
Maruti Suzuki,1,20000.0,Manual,first,hybrid/cng
Hyundai,5,128500.0,Manual,first,diesel
Ford,8,65000.0,Manual,second,diesel
Maruti Suzuki,7,68000.0,Manual,first,diesel
Volkswagen,7,300000.0,Manual,second,diesel
Maruti Suzuki,4,300000.0,Automatic,first,petrol
BMW,14,58400.0,Automatic,first,diesel
Tata,6,52000.0,Automatic,first,petrol
Toyota,1,31000.0,Automatic,first,diesel
Ford,5,115000.0,Automatic,first,diesel
Hyundai,11,34000.0,Manual,first,petrol
Maruti Suzuki,9,87000.0,Manual,second,diesel
Tata,14,160000.0,Manual,second,diesel
Maruti Suzuki,6,103580.0,Manual,first,diesel
Maruti Suzuki,5,81520.0,Automatic,first,hybrid/cng
Honda,7,67000.0,Manual,first,petrol
Toyota,8,102200.0,Automatic,second,petrol
Toyota,1,18500.0,Automatic,first,hybrid
Hyundai,7,55000.0,Automatic,second,petrol
Ford,10,75000.0,Manual,second,diesel
Toyota,5,95000.0,Automatic,first,diesel
Toyota,7,170000.0,Manual,second,diesel
Land Rover,8,100000.0,Automatic,second,diesel
Maruti Suzuki,3,58060.0,Manual,first,hybrid
Toyota,13,22000.0,Manual,second,diesel
Mahindra,7,61000.0,Automatic,first,diesel
Renault,5,90000.0,Manual,second,petrol
Nissan,12,75000.0,Manual,second,petrol
Ford,6,121000.0,Automatic,first,diesel
Land Rover,6,20000.0,Automatic,second,diesel
Tata,11,95000.0,Manual,second,diesel
Toyota,0,9000.0,Automatic,first,diesel
Maruti Suzuki,13,90000.0,Automatic,second,hybrid/cng
Honda,13,86530.0,Manual,second,hybrid/cng
Kia,2,31000.0,Automatic,first,petrol
Maruti Suzuki,20,110000.0,Manual,second,petrol
Mercedes-Benz,4,28000.0,Automatic,first,petrol
Maruti Suzuki,13,90000.0,Manual,second,petrol
MG,5,32618.0,Automatic,first,petrol
Kia,2,47437.0,Automatic,first,diesel
Toyota,1,18000.0,Automatic,first,diesel
Honda,14,75000.0,Manual,second,hybrid
Honda,15,64000.0,Automatic,second,hybrid
Mercedes-Benz,3,203000.0,Automatic,first,diesel
Maruti Suzuki,4,300000.0,Manual,first,petrol
Maruti Suzuki,4,73000.0,Manual,first,petrol
Hyundai,10,73000.0,Manual,second,petrol
Hyundai,7,160000.0,Automatic,second,petrol
Maruti Suzuki,8,55000.0,Manual,second,petrol
Hyundai,12,78000.0,Manual,second,hybrid
Maruti Suzuki,12,50000.0,Manual,second,petrol
Honda,9,78000.0,Manual,first,petrol
Hyundai,12,40000.0,Manual,second,petrol
BMW,13,39000.0,Automatic,second,diesel
Maruti Suzuki,13,81785.0,Manual,second,petrol
Hyundai,10,34000.0,Manual,first,petrol
Honda,14,75000.0,Manual,second,hybrid/cng
Maruti Suzuki,3,66000.0,Manual,second,hybrid/cng
Hyundai,4,56249.0,Manual,second,petrol
Honda,13,100000.0,Automatic,second,petrol
Maruti Suzuki,12,78000.0,Manual,second,hybrid
Maruti Suzuki,3,41000.0,Automatic,first,hybrid/cng
Land Rover,6,39000.0,Automatic,second,diesel
Maruti Suzuki,4,55000.0,Automatic,first,hybrid
Maruti Suzuki,13,80000.0,Automatic,second,petrol
Maruti Suzuki,11,87235.0,Manual,second,hybrid
Maruti Suzuki,2,45000.0,Manual,first,hybrid/cng
Maruti Suzuki,4,24000.0,Manual,first,petrol
Maruti Suzuki,18,100000.0,Manual,second,petrol
Hyundai,5,300000.0,Manual,first,hybrid/cng
Audi,10,90000.0,Automatic,second,diesel
Maruti Suzuki,8,54694.0,Manual,second,petrol
Nissan,2,30000.0,Automatic,second,petrol
Skoda,2,14000.0,Automatic,first,petrol
Hyundai,7,18000.0,Automatic,first,petrol
Nissan,2,7500.0,Manual,second,petrol
Tata,8,82000.0,Manual,first,petrol
Maruti Suzuki,4,86550.0,Manual,first,hybrid
Tata,1,26500.0,Automatic,second,petrol
Ford,11,80000.0,Manual,second,diesel
Maruti Suzuki,15,83000.0,Manual,second,hybrid/cng
Renault,8,61600.0,Automatic,second,petrol
Hyundai,19,50000.0,Automatic,second,hybrid
Renault,12,50000.0,Manual,second,hybrid
Toyota,2,45000.0,Automatic,first,diesel
Hyundai,6,48000.0,Manual,first,hybrid/cng
BMW,9,89000.0,Automatic,second,diesel
Audi,6,300000.0,Automatic,first,diesel
Honda,7,77000.0,Automatic,second,petrol
Hyundai,7,26000.0,Manual,first,petrol
Mahindra,1,16900.0,Manual,first,diesel
Tata,2,4600.0,Automatic,second,petrol
Honda,12,60000.0,Automatic,first,hybrid
Maruti Suzuki,5,37710.0,Automatic,first,petrol
Maruti Suzuki,11,75667.0,Manual,first,hybrid/cng
Ford,7,85000.0,Manual,second,diesel
Toyota,6,125000.0,Automatic,second,petrol
Ford,8,37000.0,Automatic,first,petrol
Maruti Suzuki,5,63000.0,Manual,first,diesel
Hyundai,18,19.0,Manual,second,petrol
Maruti Suzuki,4,300000.0,Manual,first,petrol
Toyota,3,114000.0,Manual,first,diesel
Skoda,5,65000.0,Manual,second,petrol
Maruti Suzuki,10,78000.0,Manual,second,diesel
Hyundai,11,82000.0,Manual,second,hybrid
Hyundai,5,25619.0,Automatic,second,petrol
Maruti Suzuki,7,128876.0,Automatic,second,diesel
Hyundai,5,60000.0,Manual,first,diesel
Honda,9,40000.0,Manual,second,hybrid/cng
Hyundai,8,86000.0,Manual,second,petrol
Toyota,3,10000.0,Automatic,first,hybrid
Honda,14,126000.0,Manual,second,petrol
Nissan,11,96000.0,Manual,second,hybrid
Maruti Suzuki,1,240000.0,Manual,first,hybrid/cng
Renault,8,38000.0,Automatic,second,petrol
Mercedes-Benz,7,60000.0,Automatic,second,diesel
Hyundai,3,38000.0,Automatic,second,petrol
Maruti Suzuki,6,22000.0,Automatic,second,petrol
Tata,1,30000.0,Manual,first,hybrid
Maruti Suzuki,1,15000.0,Manual,first,petrol
Hyundai,7,27000.0,Manual,second,petrol
Toyota,14,140000.0,Manual,second,diesel
Hyundai,7,100000.0,Manual,second,diesel
Maruti Suzuki,8,63100.0,Automatic,second,petrol
Maruti Suzuki,1,19000.0,Manual,first,petrol
Maruti Suzuki,5,57000.0,Automatic,second,petrol
Maruti Suzuki,1,28000.0,Manual,first,petrol
Renault,4,55000.0,Automatic,second,hybrid/cng
Tata,7,111677.0,Automatic,second,diesel
Maruti Suzuki,16,87913.0,Manual,second,petrol
Maruti Suzuki,10,23000.0,Manual,second,petrol
Hyundai,13,75000.0,Manual,second,petrol
Maruti Suzuki,8,62000.0,Automatic,second,hybrid
Honda,14,58000.0,Automatic,second,hybrid/cng
Nissan,7,80000.0,Automatic,second,diesel
Maruti Suzuki,13,77500.0,Manual,second,petrol
Kia,1,8100.0,Automatic,first,petrol
Renault,2,60000.0,Manual,first,petrol
Skoda,6,69999.0,Manual,second,diesel
Hyundai,12,300000.0,Manual,second,petrol
Maruti Suzuki,5,33000.0,Manual,first,hybrid/cng
Hyundai,2,80000.0,Automatic,first,hybrid/cng
Mini,12,28000.0,Automatic,second,petrol
Maruti Suzuki,5,300000.0,Manual,first,hybrid/cng
Hyundai,10,104000.0,Manual,second,diesel
Mercedes-Benz,11,68000.0,Automatic,second,petrol
Maruti Suzuki,7,53402.0,Manual,second,petrol
Maruti Suzuki,11,89000.0,Manual,second,diesel
Toyota,5,160000.0,Automatic,first,hybrid/cng
Maruti Suzuki,3,36499.0,Manual,first,petrol
Maruti Suzuki,2,18000.0,Manual,first,hybrid
Maruti Suzuki,6,77500.0,Automatic,first,hybrid
Tata,5,53101.0,Automatic,first,petrol
Mahindra,9,99774.0,Manual,second,diesel
Toyota,15,141000.0,Manual,second,diesel
Toyota,23,136000.0,Manual,second,diesel
Volkswagen,7,43000.0,Automatic,first,petrol
Maruti Suzuki,10,70000.0,Manual,first,petrol
Hyundai,11,80000.0,Manual,second,petrol
Renault,6,48000.0,Manual,first,petrol
Maruti Suzuki,2,66000.0,Manual,second,hybrid/cng
Maruti Suzuki,7,55000.0,Manual,first,petrol
Tata,7,20000.0,Automatic,second,hybrid
Hyundai,10,62500.0,Manual,first,petrol
Land Rover,8,90000.0,Automatic,second,diesel
BMW,4,76500.0,Automatic,first,diesel
Honda,7,45730.0,Automatic,second,hybrid/cng
Maruti Suzuki,14,20000.0,Manual,second,hybrid
Toyota,8,120000.0,Automatic,second,diesel
Hyundai,5,48000.0,Manual,first,petrol
Maruti Suzuki,5,86739.0,Manual,first,diesel
Maruti Suzuki,13,130000.0,Automatic,second,hybrid
Mahindra,28,50000.0,Manual,second,diesel
Mercedes-Benz,9,300000.0,Automatic,second,petrol
Honda,9,129000.0,Manual,second,diesel
Maruti Suzuki,5,246000.0,Automatic,first,hybrid
Jaguar,8,68000.0,Automatic,first,diesel
Nissan,6,78000.0,Manual,second,diesel
Toyota,3,300000.0,Automatic,first,petrol
Hyundai,9,72000.0,Automatic,first,diesel
Ford,8,113000.0,Automatic,second,petrol
Nissan,12,32000.0,Automatic,second,hybrid/cng
Volkswagen,8,80000.0,Automatic,second,petrol
Chevrolet,14,270464.0,Manual,first,petrol
Maruti Suzuki,10,108000.0,Manual,second,petrol
Toyota,10,155000.0,Automatic,second,hybrid/cng
Hyundai,3,90000.0,Automatic,first,diesel
Honda,12,55000.0,Automatic,second,petrol
Renault,5,160000.0,Automatic,first,petrol
Maruti Suzuki,3,80000.0,Manual,second,hybrid
Maruti Suzuki,14,96000.0,Manual,second,hybrid/cng
Maruti Suzuki,6,78000.0,Manual,first,petrol
Audi,9,90000.0,Automatic,first,diesel
MG,4,81600.0,Automatic,second,petrol
Mahindra,5,50000.0,Manual,second,diesel
Mercedes-Benz,10,80000.0,Automatic,second,diesel
Mahindra,6,137000.0,Automatic,first,diesel
Maruti Suzuki,3,82100.0,Manual,first,hybrid/cng
Nissan,11,56850.0,Automatic,second,hybrid/cng
Toyota,10,90000.0,Automatic,first,diesel
Maruti Suzuki,9,150000.0,Automatic,second,petrol
Honda,12,60000.0,Automatic,second,hybrid
Hyundai,9,52000.0,Automatic,first,petrol
Mahindra,12,220000.0,Manual,second,diesel
Hyundai,7,72431.0,Automatic,second,diesel
Mercedes-Benz,10,78000.0,Automatic,second,petrol
Toyota,5,51234.0,Manual,first,diesel
Tata,7,90000.0,Manual,second,diesel
Volkswagen,2,29800.0,Automatic,second,petrol
Audi,9,64000.0,Automatic,first,diesel
Hyundai,14,64000.0,Manual,second,petrol
Honda,3,50000.0,Manual,second,diesel
Maruti Suzuki,7,84000.0,Manual,first,diesel
Mercedes-Benz,7,42000.0,Automatic,second,petrol
Mahindra,6,69863.0,Manual,first,diesel
Toyota,16,122000.0,Manual,first,diesel
Maruti Suzuki,1,20000.0,Manual,second,hybrid/cng
Maruti Suzuki,7,130000.0,Manual,second,hybrid
Maruti Suzuki,13,72119.0,Manual,second,petrol
Maruti Suzuki,8,145000.0,Automatic,second,diesel
Maruti Suzuki,8,49000.0,Automatic,first,petrol
Maruti Suzuki,10,120000.0,Automatic,second,diesel
Audi,11,140000.0,Automatic,second,diesel
Honda,2,16000.0,Automatic,first,petrol
Audi,12,150000.0,Manual,first,diesel
Renault,6,75000.0,Manual,second,hybrid/cng
Skoda,7,48000.0,Automatic,first,petrol
Audi,9,75000.0,Automatic,first,diesel
Maruti Suzuki,6,104000.0,Manual,first,hybrid/cng
Maruti Suzuki,5,91000.0,Manual,second,hybrid/cng
Honda,12,68000.0,Manual,first,petrol
Toyota,4,51000.0,Manual,first,diesel
Maruti Suzuki,9,75000.0,Manual,second,hybrid
Tata,2,8000.0,Automatic,first,petrol
Honda,12,71000.0,Manual,first,hybrid/cng
Maruti Suzuki,4,92000.0,Automatic,first,hybrid
Maruti Suzuki,6,32393.0,Manual,first,hybrid
Mahindra,2,44000.0,Manual,first,diesel
Toyota,3,83000.0,Automatic,first,diesel
Maruti Suzuki,4,59302.0,Manual,first,hybrid
Datsun,10,71407.0,Manual,second,petrol
Maruti Suzuki,1,5280.0,Manual,second,petrol
Hyundai,6,63000.0,Manual,second,diesel
MG,3,12110.0,Automatic,first,petrol
Chevrolet,7,70000.0,Manual,second,petrol
Hyundai,10,86000.0,Manual,second,hybrid
Maruti Suzuki,6,47000.0,Automatic,first,hybrid
Hyundai,5,80000.0,Automatic,first,hybrid
Maruti Suzuki,8,34000.0,Automatic,first,petrol
Maruti Suzuki,4,42586.0,Manual,first,hybrid
Honda,15,130000.0,Manual,second,petrol
Maruti Suzuki,7,72000.0,Manual,first,hybrid
BMW,9,78000.0,Automatic,second,diesel
Audi,2,20000.0,Automatic,first,petrol
Tata,14,50000.0,Manual,second,petrol
Mahindra,4,65000.0,Automatic,first,petrol
Tata,6,43000.0,Automatic,first,hybrid/cng
MG,1,35000.0,Automatic,first,petrol
Honda,9,86529.0,Manual,first,diesel
Honda,8,62.0,Automatic,first,petrol
Volkswagen,8,86000.0,Automatic,second,diesel
Maruti Suzuki,14,92000.0,Manual,first,diesel
Maruti Suzuki,14,63000.0,Manual,first,petrol
Maruti Suzuki,6,45000.0,Manual,first,hybrid/cng
Audi,2,26207.0,Automatic,first,petrol
Maruti Suzuki,14,87000.0,Manual,first,petrol
Maruti Suzuki,15,71000.0,Manual,second,petrol
Hyundai,8,72300.0,Manual,first,diesel
Maruti Suzuki,8,55000.0,Automatic,first,petrol
Toyota,3,48000.0,Automatic,second,diesel
Maruti Suzuki,13,75000.0,Automatic,second,hybrid
Hyundai,13,132000.0,Automatic,second,petrol
Maruti Suzuki,7,56000.0,Manual,second,diesel
Maruti Suzuki,17,135000.0,Manual,second,diesel
Honda,11,76000.0,Manual,second,petrol
Maruti Suzuki,2,69000.0,Manual,first,petrol
Honda,7,59000.0,Automatic,second,petrol
Hyundai,2,32000.0,Manual,first,petrol
Skoda,12,78000.0,Manual,second,diesel
Maruti Suzuki,4,55000.0,Manual,first,hybrid/cng
Maruti Suzuki,6,103000.0,Manual,first,hybrid
Maruti Suzuki,4,32000.0,Automatic,first,petrol
Maruti Suzuki,9,100000.0,Manual,second,hybrid/cng
Maruti Suzuki,13,69000.0,Manual,first,petrol
Honda,10,90000.0,Manual,second,diesel
Mercedes-Benz,9,73000.0,Automatic,first,diesel
Maruti Suzuki,6,105000.0,Automatic,second,hybrid/cng
Hyundai,15,104000.0,Automatic,second,hybrid
Honda,14,69500.0,Automatic,second,hybrid
Hyundai,7,49000.0,Manual,first,hybrid/cng
Maruti Suzuki,5,98000.0,Automatic,first,petrol
BMW,11,68000.0,Automatic,second,diesel
Skoda,6,70000.0,Manual,second,petrol
Ford,9,80000.0,Manual,second,diesel
Maruti Suzuki,8,57250.0,Manual,first,hybrid/cng
Honda,7,52639.0,Automatic,first,petrol
Kia,2,30000.0,Automatic,first,petrol
Hyundai,13,130000.0,Automatic,first,hybrid/cng
Maruti Suzuki,7,55000.0,Automatic,second,hybrid
Hyundai,1,16856.0,Manual,first,hybrid
Maruti Suzuki,5,73000.0,Manual,first,diesel
Maruti Suzuki,6,64000.0,Automatic,first,petrol
Maruti Suzuki,5,71000.0,Manual,second,diesel
Hyundai,7,86000.0,Automatic,second,hybrid/cng
Maruti Suzuki,4,45000.0,Manual,first,petrol
Toyota,8,145000.0,Automatic,first,diesel
Honda,7,45000.0,Automatic,second,petrol
Renault,3,4000.0,Manual,first,petrol
Maruti Suzuki,9,66633.0,Manual,second,hybrid
Hyundai,19,120000.0,Manual,second,petrol
Honda,5,21800.0,Automatic,second,petrol
Maruti Suzuki,8,77500.0,Automatic,second,hybrid/cng
Ford,9,125000.0,Manual,first,petrol
Mahindra,11,55000.0,Automatic,second,diesel
Mercedes-Benz,6,85000.0,Automatic,first,diesel
Hyundai,4,55412.0,Automatic,first,petrol
Mini,7,300000.0,Automatic,second,petrol
Maruti Suzuki,8,88000.0,Manual,second,diesel
Honda,17,125000.0,Automatic,second,hybrid
Hyundai,8,37200.0,Manual,second,petrol
Honda,10,61000.0,Automatic,first,petrol
Fiat,9,79000.0,Manual,second,diesel
Honda,13,58000.0,Manual,second,hybrid
Maruti Suzuki,8,80000.0,Manual,second,diesel
Mahindra,8,99000.0,Manual,first,diesel
Mahindra,25,78000.0,Manual,second,diesel
BMW,10,99000.0,Automatic,second,diesel
Maruti Suzuki,11,39000.0,Manual,second,hybrid
Maruti Suzuki,3,90000.0,Automatic,first,hybrid/cng
Audi,5,59000.0,Automatic,second,diesel
Mahindra,10,110000.0,Manual,second,diesel
Maruti Suzuki,5,62000.0,Manual,first,hybrid/cng
Toyota,13,89000.0,Manual,second,diesel
Maruti Suzuki,9,63123.0,Manual,second,hybrid
Ford,18,80000.0,Manual,second,hybrid/cng
Honda,12,82000.0,Manual,second,hybrid/cng
Maruti Suzuki,9,94200.0,Manual,second,diesel
Honda,7,92000.0,Automatic,second,petrol
Hyundai,3,119267.0,Manual,first,diesel
Lexus,4,32000.0,Automatic,first,hybrid
Mahindra,6,80787.0,Manual,first,diesel
BMW,8,55234.0,Automatic,second,diesel
Maruti Suzuki,6,77738.0,Manual,second,hybrid/cng
Honda,5,40000.0,Automatic,second,petrol
Mahindra,2,3500.0,Manual,first,petrol
Toyota,3,40000.0,Automatic,first,diesel
Maruti Suzuki,8,70000.0,Automatic,first,hybrid
Tata,5,82000.0,Manual,first,diesel
Hyundai,13,115600.0,Manual,second,petrol
Maruti Suzuki,7,84000.0,Manual,second,diesel
Renault,7,78000.0,Automatic,first,petrol
Ford,8,300000.0,Manual,second,petrol
Toyota,1,8500.0,Automatic,first,hybrid/cng
BMW,1,5800.0,Automatic,first,petrol
Maruti Suzuki,9,66000.0,Manual,first,diesel
Maruti Suzuki,7,84500.0,Manual,second,diesel
Maruti Suzuki,3,42000.0,Manual,first,hybrid/cng
Hyundai,15,90000.0,Automatic,second,hybrid
Toyota,9,163000.0,Manual,first,diesel
Maruti Suzuki,2,42000.0,Automatic,first,hybrid
Ford,10,75000.0,Manual,first,diesel
Honda,17,90000.0,Automatic,second,hybrid
Hyundai,14,55600.0,Automatic,second,petrol
Honda,5,44000.0,Manual,first,petrol
Mercedes-Benz,9,45000.0,Automatic,second,diesel
Toyota,12,98000.0,Manual,second,diesel
Maruti Suzuki,14,84000.0,Manual,second,petrol
Hyundai,1,5000.0,Automatic,second,petrol
Maruti Suzuki,14,75000.0,Manual,first,hybrid/cng
Toyota,15,75000.0,Automatic,second,hybrid
Toyota,2,50000.0,Automatic,second,diesel
BMW,8,78000.0,Automatic,first,diesel
Maruti Suzuki,11,56000.0,Manual,second,petrol
Mercedes-Benz,7,32600.0,Automatic,second,petrol
Nissan,9,39000.0,Automatic,first,petrol
Honda,4,49000.0,Automatic,second,petrol
Kia,4,58000.0,Automatic,second,petrol
Hyundai,9,61000.0,Manual,second,petrol
MG,5,300000.0,Automatic,first,petrol
BMW,11,67000.0,Automatic,second,diesel
Maruti Suzuki,16,130000.0,Manual,second,hybrid/cng
Toyota,7,101500.0,Manual,second,petrol
Maruti Suzuki,19,20000.0,Automatic,first,hybrid/cng
Toyota,4,32000.0,Automatic,first,diesel
Mahindra,7,67000.0,Manual,first,diesel
Hyundai,10,68000.0,Manual,second,hybrid/cng
Mercedes-Benz,16,43000.0,Automatic,second,petrol
Renault,2,42000.0,Manual,first,petrol
Honda,7,79000.0,Automatic,second,petrol
Maruti Suzuki,5,42312.0,Manual,first,petrol
Mahindra,5,57500.0,Manual,second,diesel
Maruti Suzuki,2,19623.0,Manual,first,petrol
Maruti Suzuki,6,70150.0,Automatic,second,hybrid/cng
Honda,13,68530.0,Manual,second,hybrid
Maserati,7,21000.0,Automatic,second,petrol
Maruti Suzuki,11,49000.0,Manual,first,petrol
Renault,9,53000.0,Manual,second,hybrid/cng
Maruti Suzuki,12,71000.0,Manual,first,hybrid/cng
Maruti Suzuki,17,115233.0,Automatic,second,hybrid
Hyundai,4,65500.0,Automatic,first,diesel
Kia,4,42000.0,Manual,first,petrol
BMW,6,36000.0,Automatic,second,petrol
Maruti Suzuki,6,156000.0,Manual,first,hybrid
Honda,7,58900.0,Automatic,first,petrol
Ford,7,70300.0,Manual,first,diesel
Maruti Suzuki,4,38000.0,Manual,first,petrol
Mercedes-Benz,2,25000.0,Automatic,first,diesel
Maruti Suzuki,2,25772.0,Manual,first,petrol
Maruti Suzuki,6,39848.0,Manual,first,petrol
Maruti Suzuki,7,50000.0,Automatic,first,hybrid
Renault,8,85000.0,Manual,first,hybrid/cng
Maruti Suzuki,13,73422.0,Manual,second,hybrid/cng
Maruti Suzuki,10,200000.0,Automatic,first,hybrid/cng
Ford,7,75000.0,Automatic,second,diesel
Maruti Suzuki,13,113000.0,Manual,second,diesel
Toyota,1,11000.0,Automatic,first,hybrid
Toyota,7,133000.0,Automatic,second,diesel
Hyundai,3,67000.0,Automatic,first,hybrid
Maruti Suzuki,15,25.0,Automatic,second,hybrid
Hyundai,10,300000.0,Automatic,first,petrol
Audi,9,72000.0,Automatic,second,diesel
Honda,12,72000.0,Manual,second,hybrid/cng
Kia,3,23000.0,Automatic,first,diesel
BMW,11,76064.0,Automatic,second,diesel
Volkswagen,8,75000.0,Automatic,second,petrol
Maruti Suzuki,1,35000.0,Manual,first,hybrid
Honda,14,117000.0,Manual,first,hybrid/cng
Skoda,13,71225.0,Manual,second,petrol
Maruti Suzuki,6,130000.0,Manual,first,petrol
Ford,6,31000.0,Automatic,second,petrol
Maruti Suzuki,6,57125.0,Manual,first,hybrid
Hyundai,4,55000.0,Manual,first,hybrid
Maruti Suzuki,5,125000.0,Manual,first,diesel
Maruti Suzuki,9,30.0,Automatic,second,hybrid
Toyota,16,100000.0,Manual,second,diesel
Hyundai,8,78000.0,Automatic,second,diesel
Maruti Suzuki,12,73000.0,Manual,second,hybrid
Tata,5,32000.0,Automatic,first,petrol
Maruti Suzuki,7,76483.0,Manual,second,petrol
MG,1,8900.0,Automatic,first,petrol
Honda,9,57000.0,Manual,first,petrol
Kia,3,65000.0,Automatic,first,diesel
Kia,3,35000.0,Automatic,first,hybrid
Volkswagen,13,107000.0,Manual,second,diesel
Renault,11,86000.0,Manual,second,diesel
Maruti Suzuki,8,55000.0,Automatic,second,hybrid
Kia,1,39000.0,Manual,first,petrol
Maruti Suzuki,7,58000.0,Manual,first,diesel
Mahindra,9,140000.0,Manual,second,diesel
Maruti Suzuki,14,123865.0,Manual,second,diesel
Hyundai,4,28000.0,Manual,first,petrol
Maruti Suzuki,14,193000.0,Automatic,second,diesel
Honda,17,141000.0,Automatic,second,petrol
Mahindra,0,14000.0,Manual,first,petrol
Tata,5,52000.0,Automatic,first,hybrid
Maruti Suzuki,7,45000.0,Manual,first,petrol
Maruti Suzuki,11,92000.0,Automatic,second,hybrid
Maruti Suzuki,1,85000.0,Automatic,first,hybrid/cng
Maruti Suzuki,5,113245.0,Automatic,first,hybrid
BMW,1,40000.0,Automatic,first,diesel
Ford,8,56000.0,Manual,first,diesel
Maruti Suzuki,3,53499.0,Manual,first,petrol
Maruti Suzuki,2,38456.0,Manual,first,hybrid
Maruti Suzuki,7,63000.0,Manual,first,petrol
Ford,7,30000.0,Automatic,second,petrol
Hyundai,13,71000.0,Manual,second,hybrid/cng
Volkswagen,11,61000.0,Manual,first,petrol
Maruti Suzuki,1,6100.0,Automatic,second,hybrid/cng
Tata,8,95000.0,Automatic,second,hybrid
Maruti Suzuki,9,69000.0,Automatic,second,hybrid
Maruti Suzuki,12,98000.0,Manual,first,hybrid/cng
Honda,5,55000.0,Manual,first,hybrid/cng
Maruti Suzuki,7,100000.0,Automatic,second,hybrid
Ford,10,70000.0,Manual,second,diesel
Maruti Suzuki,6,40200.0,Manual,second,petrol
Skoda,12,70000.0,Manual,second,diesel
Renault,11,80000.0,Manual,second,diesel
Maruti Suzuki,6,44000.0,Manual,first,petrol
Hyundai,8,72000.0,Automatic,second,hybrid
Hyundai,9,86090.0,Manual,second,hybrid/cng
Maruti Suzuki,1,6000.0,Manual,first,hybrid
Mercedes-Benz,8,98000.0,Automatic,second,diesel
Skoda,19,173500.0,Manual,first,diesel
Honda,12,59600.0,Manual,second,petrol
Skoda,8,80000.0,Automatic,first,diesel
Maruti Suzuki,5,61231.0,Automatic,first,petrol
BMW,8,75000.0,Automatic,second,diesel
Land Rover,12,23100.0,Automatic,second,diesel
Tata,7,75000.0,Manual,first,diesel
Mercedes-Benz,7,86000.0,Automatic,second,diesel
Toyota,6,80000.0,Automatic,second,hybrid/cng
Maruti Suzuki,12,67000.0,Manual,second,diesel
Hyundai,13,74749.0,Manual,first,petrol
Nissan,11,50000.0,Manual,second,petrol
Hyundai,12,78000.0,Manual,second,hybrid/cng
BMW,4,300000.0,Automatic,first,diesel
Honda,8,68000.0,Automatic,second,petrol
Ford,11,92000.0,Manual,second,diesel
Tata,1,30000.0,Manual,first,hybrid/cng
Maruti Suzuki,7,75000.0,Manual,second,hybrid
Maruti Suzuki,18,110000.0,Manual,second,hybrid/cng
Hyundai,9,110450.0,Manual,second,petrol
Honda,21,140000.0,Automatic,second,petrol
Datsun,5,25902.0,Manual,second,petrol
Maruti Suzuki,7,300000.0,Manual,second,hybrid
MG,1,25000.0,Automatic,first,petrol
Maruti Suzuki,4,60000.0,Manual,first,hybrid
Maruti Suzuki,9,123000.0,Manual,second,petrol
Audi,12,82449.0,Automatic,second,petrol
Maruti Suzuki,17,22.0,Manual,second,petrol
Maruti Suzuki,6,44574.0,Automatic,first,petrol
Toyota,13,52000.0,Manual,second,petrol
Maruti Suzuki,1,48000.0,Manual,second,hybrid
Maruti Suzuki,5,17405.0,Manual,first,petrol
Hyundai,10,86000.0,Manual,second,diesel
Volkswagen,7,99000.0,Manual,first,diesel
Mercedes-Benz,7,75000.0,Automatic,second,diesel
Hyundai,13,108000.0,Manual,second,petrol
Hyundai,5,49000.0,Automatic,first,petrol
Honda,20,120000.0,Automatic,second,petrol
Tata,8,50000.0,Automatic,second,hybrid/cng
Ford,12,116574.0,Automatic,second,diesel
Toyota,5,88000.0,Automatic,first,diesel
Maruti Suzuki,11,69000.0,Automatic,second,petrol
Maruti Suzuki,12,100000.0,Manual,second,hybrid
Hyundai,15,20000.0,Automatic,second,hybrid
Hyundai,12,102000.0,Manual,second,petrol
Mercedes-Benz,10,300000.0,Automatic,second,diesel
Maruti Suzuki,8,56000.0,Automatic,first,petrol
Volkswagen,11,51000.0,Automatic,second,petrol
Toyota,4,105000.0,Automatic,second,diesel
Tata,0,2150.0,Automatic,first,petrol
Audi,13,49000.0,Automatic,second,petrol
Tata,3,31000.0,Manual,second,hybrid/cng
Volvo,13,105000.0,Automatic,second,diesel
Hyundai,7,38000.0,Manual,second,petrol
Maruti Suzuki,7,62000.0,Automatic,first,petrol
Mahindra,9,16.0,Manual,first,diesel
Maruti Suzuki,5,84000.0,Automatic,second,diesel
Ford,12,108000.0,Manual,second,diesel
Mahindra,5,65000.0,Manual,second,diesel
Toyota,15,92000.0,Automatic,second,hybrid/cng
Honda,20,125000.0,Automatic,second,hybrid
Toyota,9,155000.0,Automatic,second,diesel
Hyundai,8,68500.0,Manual,second,petrol
Maruti Suzuki,12,67000.0,Manual,second,hybrid/cng
Tata,1,21342.0,Automatic,first,diesel
Maruti Suzuki,2,75000.0,Automatic,first,hybrid
Ford,9,100000.0,Automatic,first,petrol
Volkswagen,12,68900.0,Automatic,second,diesel
Porsche,13,56000.0,Automatic,second,diesel
Mahindra,9,58000.0,Manual,first,diesel
Jeep,7,51600.0,Manual,first,diesel
Volkswagen,11,61000.0,Automatic,first,petrol
Maruti Suzuki,11,98000.0,Manual,first,diesel
Tata,7,34000.0,Automatic,second,petrol
Honda,7,70000.0,Manual,second,petrol
Hyundai,10,82000.0,Automatic,second,petrol
Tata,2,12000.0,Automatic,first,petrol
Maruti Suzuki,2,11102.0,Manual,first,petrol
Maruti Suzuki,8,115000.0,Automatic,second,hybrid
BMW,3,200000.0,Automatic,first,petrol
Toyota,9,40000.0,Automatic,second,diesel
Maruti Suzuki,13,140000.0,Manual,second,petrol
Volkswagen,8,118000.0,Automatic,first,diesel
Volkswagen,10,72900.0,Automatic,second,diesel
Mercedes-Benz,9,35000.0,Automatic,second,petrol
Maruti Suzuki,8,65000.0,Automatic,second,hybrid
Honda,8,56000.0,Automatic,second,petrol
Mercedes-Benz,8,66000.0,Automatic,second,diesel
Ford,11,82008.0,Manual,second,diesel
Toyota,8,160000.0,Manual,first,diesel
Hyundai,14,92000.0,Manual,second,diesel
Land Rover,6,75000.0,Automatic,second,diesel
Toyota,15,75000.0,Manual,second,hybrid
Land Rover,6,73182.0,Automatic,first,diesel
Maruti Suzuki,7,60000.0,Manual,second,hybrid/cng
Toyota,11,130000.0,Manual,second,diesel
Maruti Suzuki,8,58000.0,Manual,first,hybrid
Hyundai,10,70001.0,Manual,first,hybrid
Maruti Suzuki,10,26000.0,Automatic,first,petrol
Chevrolet,8,65000.0,Automatic,second,diesel
Hyundai,1,15000.0,Automatic,first,petrol
Toyota,7,119500.0,Automatic,second,petrol
Hyundai,4,64259.0,Manual,second,hybrid/cng
Mercedes-Benz,10,73000.0,Automatic,second,diesel
Toyota,16,52000.0,Automatic,second,petrol
Land Rover,2,28400.0,Automatic,first,petrol
Renault,7,27000.0,Automatic,second,petrol
Maruti Suzuki,2,90000.0,Automatic,first,hybrid/cng
Toyota,12,70000.0,Manual,first,diesel
Maruti Suzuki,13,84750.0,Manual,second,hybrid/cng
BMW,4,29600.0,Automatic,first,petrol
Mercedes-Benz,8,84067.0,Automatic,first,diesel
Maruti Suzuki,8,67500.0,Manual,second,hybrid
Maruti Suzuki,3,28000.0,Manual,first,hybrid/cng
Hyundai,14,300000.0,Manual,second,hybrid
Maruti Suzuki,6,300000.0,Automatic,first,hybrid
Hyundai,10,65800.0,Manual,second,petrol
Hyundai,6,28000.0,Automatic,second,petrol
Tata,15,155888.0,Manual,second,diesel
Maruti Suzuki,2,35000.0,Manual,second,hybrid
Maruti Suzuki,7,72300.0,Manual,first,hybrid/cng
Maruti Suzuki,8,46263.0,Automatic,second,petrol
Honda,11,81000.0,Automatic,first,hybrid/cng
Honda,10,62405.0,Manual,first,petrol
Mercedes-Benz,0,16000.0,Automatic,first,petrol
Honda,4,300000.0,Automatic,first,petrol
Toyota,12,86000.0,Manual,first,diesel
Maruti Suzuki,6,24568.0,Automatic,first,hybrid
Hyundai,1,26000.0,Manual,first,petrol
Hyundai,2,3000.0,Manual,first,petrol
Hyundai,9,72000.0,Manual,second,petrol
Honda,17,10645.0,Manual,second,petrol
Honda,6,85000.0,Manual,first,petrol
Toyota,1,58210.0,Automatic,first,petrol
Hyundai,14,70000.0,Manual,second,hybrid
Volkswagen,12,29900.0,Manual,first,diesel
Ford,4,58000.0,Manual,second,petrol
Hyundai,4,30000.0,Manual,first,petrol
Maruti Suzuki,5,105919.0,Manual,first,diesel
Lexus,2,80000.0,Automatic,first,hybrid/cng
Mercedes-Benz,6,70000.0,Automatic,first,diesel
Maruti Suzuki,6,82000.0,Automatic,second,hybrid/cng
Hyundai,4,130000.0,Manual,second,hybrid
Maruti Suzuki,3,32.0,Automatic,first,hybrid
Mercedes-Benz,11,92203.0,Automatic,second,diesel
Renault,6,50743.0,Manual,first,petrol
Maruti Suzuki,8,67010.0,Manual,second,hybrid/cng
Nissan,8,100000.0,Automatic,second,diesel
Ford,13,140000.0,Manual,first,diesel
Tata,9,26000.0,Automatic,first,petrol
Honda,11,42000.0,Automatic,second,petrol
Mahindra,4,45000.0,Automatic,second,diesel
Mahindra,11,84000.0,Manual,second,diesel
Maruti Suzuki,6,70000.0,Manual,second,petrol
Maruti Suzuki,7,139120.0,Manual,second,diesel
Hyundai,4,15000.0,Manual,first,petrol
Maruti Suzuki,10,300.0,Automatic,second,hybrid
Toyota,2,14300.0,Automatic,first,diesel
Mercedes-Benz,6,15000.0,Automatic,second,diesel
Hyundai,2,42200.0,Automatic,second,diesel
Hyundai,5,65000.0,Automatic,first,hybrid
Honda,9,79000.0,Automatic,second,petrol
Skoda,8,157000.0,Automatic,second,diesel
Tata,5,70000.0,Manual,first,diesel
Maruti Suzuki,2,175110.0,Manual,first,petrol
BMW,7,63400.0,Automatic,second,diesel
Maruti Suzuki,2,52000.0,Automatic,first,petrol
Hyundai,3,63000.0,Automatic,first,diesel
BMW,12,90000.0,Automatic,first,diesel
Maruti Suzuki,8,73860.0,Automatic,second,hybrid/cng
Renault,6,42000.0,Manual,first,petrol
Maruti Suzuki,7,49000.0,Automatic,first,petrol
Maruti Suzuki,6,72523.0,Automatic,first,diesel
Hyundai,3,16.0,Automatic,second,petrol
BMW,8,72000.0,Automatic,second,diesel
Hyundai,13,100000.0,Automatic,second,hybrid/cng
Maruti Suzuki,0,15000.0,Manual,first,hybrid/cng
Maruti Suzuki,8,75000.0,Automatic,second,hybrid/cng
Hyundai,1,12700.0,Manual,first,petrol
Honda,7,69000.0,Automatic,first,petrol
Mahindra,10,300000.0,Manual,first,diesel
Toyota,7,97000.0,Automatic,second,diesel
Maruti Suzuki,6,80000.0,Automatic,second,hybrid
Kia,4,34000.0,Manual,first,diesel
Maruti Suzuki,7,63000.0,Manual,first,hybrid/cng
Nissan,10,80000.0,Manual,second,diesel
Maruti Suzuki,10,95000.0,Manual,second,hybrid/cng
Maruti Suzuki,5,70737.0,Automatic,second,diesel
Hyundai,5,80000.0,Manual,first,petrol
Honda,5,45000.0,Automatic,first,petrol
Hyundai,8,131000.0,Manual,second,diesel
Tata,5,74576.0,Manual,first,diesel
Mahindra,6,82000.0,Automatic,first,diesel
Toyota,7,107000.0,Automatic,first,diesel
Hyundai,11,73000.0,Manual,first,hybrid
Hyundai,11,63000.0,Manual,second,petrol
Maruti Suzuki,11,54268.0,Manual,first,petrol
Ford,6,75000.0,Manual,second,petrol
Honda,5,86000.0,Manual,first,hybrid
BMW,12,72000.0,Automatic,second,petrol
Hyundai,1,58000.0,Manual,first,diesel
Honda,8,80000.0,Manual,first,diesel
Maruti Suzuki,4,240000.0,Manual,first,hybrid
Hyundai,6,120000.0,Automatic,second,hybrid
Honda,9,300000.0,Automatic,second,petrol
Maruti Suzuki,3,70000.0,Automatic,first,hybrid/cng
Maruti Suzuki,6,74000.0,Manual,first,diesel
Renault,8,86000.0,Manual,first,diesel
Maruti Suzuki,8,10000.0,Automatic,first,hybrid
Toyota,1,7200.0,Automatic,second,petrol
Mercedes-Benz,8,300000.0,Automatic,second,petrol
Toyota,10,100080.0,Manual,second,diesel
Honda,14,100000.0,Automatic,second,hybrid
MG,5,46000.0,Automatic,first,hybrid/cng
Toyota,9,95000.0,Manual,first,diesel
Hyundai,3,48000.0,Manual,first,hybrid/cng
Toyota,9,115000.0,Automatic,second,hybrid
Maruti Suzuki,10,141500.0,Manual,first,diesel
Hyundai,7,54000.0,Automatic,first,petrol
Hyundai,13,80000.0,Automatic,first,hybrid
Hyundai,0,3500.0,Manual,first,hybrid/cng
Mahindra,6,90000.0,Manual,second,diesel
Hyundai,6,30000.0,Manual,second,petrol
Maruti Suzuki,12,82000.0,Manual,second,diesel
Maruti Suzuki,12,87000.0,Manual,first,hybrid/cng
Mahindra,6,110668.0,Manual,second,diesel
Maruti Suzuki,9,1000.0,Automatic,first,hybrid/cng
Tata,5,40000.0,Manual,second,hybrid
Maruti Suzuki,14,70000.0,Manual,first,petrol
Hyundai,2,48000.0,Manual,first,diesel
Volkswagen,5,50000.0,Automatic,second,petrol
Maruti Suzuki,11,300000.0,Manual,second,hybrid/cng
BMW,5,63000.0,Automatic,first,diesel
Tata,6,103000.0,Manual,second,diesel
Mercedes-Benz,5,33500.0,Automatic,first,diesel
Ford,5,40860.0,Automatic,first,hybrid/cng
Honda,8,64000.0,Manual,second,hybrid/cng
Jaguar,7,40000.0,Automatic,second,petrol
Mercedes-Benz,1,25000.0,Automatic,first,diesel
Toyota,4,71000.0,Automatic,second,diesel
Hyundai,16,105000.0,Manual,second,petrol
Hyundai,14,60000.0,Automatic,second,petrol
Maruti Suzuki,8,61000.0,Manual,second,petrol
Honda,12,66000.0,Automatic,first,hybrid/cng
Hyundai,11,100000.0,Automatic,first,hybrid/cng
Maruti Suzuki,3,65000.0,Manual,first,hybrid
Land Rover,5,64256.0,Automatic,first,diesel
Tata,3,61000.0,Automatic,second,diesel
Honda,12,85000.0,Manual,second,petrol
Maruti Suzuki,3,44000.0,Automatic,first,hybrid/cng
Audi,14,98000.0,Automatic,second,diesel
Hyundai,5,300000.0,Manual,first,hybrid/cng
Hyundai,4,47000.0,Automatic,first,hybrid
Audi,4,61000.0,Automatic,first,petrol
Maruti Suzuki,6,27000.0,Automatic,second,petrol
Maruti Suzuki,8,55000.0,Automatic,first,petrol
Volkswagen,8,37000.0,Automatic,second,petrol
Maruti Suzuki,5,62000.0,Manual,first,petrol
Maruti Suzuki,12,110000.0,Manual,second,petrol
Hyundai,6,83000.0,Automatic,first,diesel
Maruti Suzuki,3,50000.0,Manual,first,hybrid
Hyundai,14,42000.0,Manual,first,petrol
Mahindra,8,76880.0,Manual,first,diesel
Audi,9,108000.0,Automatic,second,diesel
Maruti Suzuki,8,60000.0,Automatic,second,petrol
Maruti Suzuki,4,95000.0,Automatic,first,hybrid
Maruti Suzuki,3,37000.0,Automatic,first,hybrid/cng
Hyundai,13,85000.0,Automatic,second,hybrid
Honda,11,110000.0,Automatic,second,petrol
Maruti Suzuki,17,84000.0,Manual,second,petrol
Hyundai,9,46000.0,Manual,second,petrol
Toyota,10,107000.0,Manual,second,diesel
BMW,12,70000.0,Automatic,first,diesel
Maruti Suzuki,5,67000.0,Manual,first,hybrid
Honda,9,90000.0,Automatic,second,petrol
Mahindra,0,150.0,Automatic,first,hybrid/cng
Honda,11,130000.0,Manual,second,petrol
Hyundai,2,41000.0,Automatic,first,diesel
Land Rover,5,16000.0,Automatic,first,petrol
Maruti Suzuki,0,12000.0,Manual,first,hybrid/cng
Mercedes-Benz,10,157000.0,Automatic,second,diesel
Maruti Suzuki,5,95000.0,Automatic,first,hybrid
Maruti Suzuki,12,55000.0,Manual,second,hybrid/cng
Tata,5,68000.0,Manual,second,diesel
Maruti Suzuki,14,50000.0,Manual,second,petrol
Maruti Suzuki,8,75000.0,Manual,first,hybrid/cng
Maruti Suzuki,10,100000.0,Manual,second,hybrid/cng
Maruti Suzuki,5,65000.0,Manual,second,hybrid
Hyundai,6,110000.0,Automatic,first,diesel
Hyundai,7,40000.0,Manual,first,petrol
Honda,8,60000.0,Automatic,second,petrol
Hyundai,1,12340.0,Automatic,first,hybrid/cng
Maruti Suzuki,2,15419.0,Manual,first,hybrid/cng
Hyundai,9,63000.0,Automatic,second,petrol
Renault,8,50588.0,Manual,second,petrol
Mahindra,7,90000.0,Automatic,second,hybrid/cng
Maruti Suzuki,5,135000.0,Manual,second,diesel
Maruti Suzuki,10,25.0,Automatic,second,hybrid
Mercedes-Benz,7,10000.0,Automatic,second,petrol
Tata,3,31000.0,Automatic,second,diesel
Kia,3,47000.0,Automatic,first,diesel
Hyundai,13,67000.0,Automatic,second,petrol
Hyundai,6,65000.0,Automatic,first,hybrid
Tata,9,22000.0,Automatic,second,petrol
Mahindra,5,120000.0,Manual,first,diesel
Maruti Suzuki,7,102000.0,Manual,second,petrol
Volkswagen,11,300000.0,Automatic,first,petrol
Mahindra,8,90000.0,Manual,second,diesel
Maruti Suzuki,12,70000.0,Manual,second,hybrid
Mercedes-Benz,11,69000.0,Automatic,first,diesel
Maruti Suzuki,7,19000.0,Manual,first,petrol
Hyundai,14,72000.0,Automatic,second,petrol
Tata,10,48000.0,Manual,second,petrol
Kia,5,79273.0,Manual,first,petrol
Ford,8,300000.0,Manual,first,diesel
Maruti Suzuki,7,55000.0,Automatic,second,petrol
Chevrolet,9,133000.0,Manual,second,hybrid/cng
MG,0,8000.0,Automatic,first,petrol
Tata,8,108000.0,Manual,second,diesel
Audi,7,29500.0,Automatic,second,diesel
Maruti Suzuki,18,125000.0,Manual,second,petrol
Kia,3,11000.0,Automatic,first,diesel
Maruti Suzuki,24,50000.0,Manual,second,petrol
Tata,2,31000.0,Automatic,first,diesel
Honda,8,210000.0,Manual,first,petrol
Maruti Suzuki,6,300000.0,Manual,first,petrol
Hyundai,10,79900.0,Manual,second,hybrid
BMW,6,98500.0,Automatic,second,diesel
Honda,9,36000.0,Automatic,second,petrol
Audi,13,86000.0,Automatic,second,diesel
Maruti Suzuki,3,38500.0,Manual,first,hybrid/cng
Mahindra,5,110000.0,Manual,first,diesel
Renault,2,10000.0,Automatic,first,petrol
Ford,9,120000.0,Manual,second,diesel
Maruti Suzuki,4,56000.0,Automatic,first,hybrid
Volkswagen,13,22000.0,Manual,first,petrol
Hyundai,13,100000.0,Automatic,second,hybrid
Ford,8,100000.0,Automatic,second,diesel
Honda,7,53000.0,Automatic,second,petrol
Maruti Suzuki,9,80000.0,Manual,second,petrol
Hyundai,1,13000.0,Automatic,first,diesel
Renault,4,35000.0,Manual,first,petrol
Toyota,7,58200.0,Automatic,first,diesel
Renault,8,58865.0,Manual,second,hybrid
Audi,4,40000.0,Automatic,second,diesel
Volkswagen,10,90000.0,Manual,second,petrol
Honda,14,80000.0,Automatic,second,hybrid
Nissan,13,90000.0,Manual,second,hybrid/cng
Toyota,11,250000.0,Manual,second,diesel
Maruti Suzuki,8,46000.0,Automatic,second,petrol
Hyundai,2,59000.0,Manual,first,petrol
Maruti Suzuki,4,78000.0,Automatic,first,diesel
Hyundai,6,68000.0,Automatic,first,diesel
Hyundai,5,37000.0,Manual,second,petrol
Audi,12,76532.0,Automatic,second,diesel
Mercedes-Benz,10,65666.0,Automatic,second,diesel
Renault,8,61500.0,Automatic,first,diesel
Mahindra,7,300000.0,Automatic,second,diesel
Hyundai,1,10110.0,Manual,first,petrol
Audi,6,134000.0,Automatic,first,diesel
Renault,3,39000.0,Automatic,first,petrol
Nissan,10,98400.0,Manual,second,diesel
Jeep,6,75000.0,Automatic,second,petrol
Toyota,10,126000.0,Automatic,second,diesel
Hyundai,5,80000.0,Manual,second,diesel
Mercedes-Benz,12,99500.0,Automatic,first,diesel
Maruti Suzuki,9,104000.0,Automatic,second,petrol
Hyundai,8,64000.0,Automatic,first,diesel
Maruti Suzuki,104,60000.0,Manual,first,petrol
Hyundai,12,46000.0,Manual,second,petrol
Maruti Suzuki,0,12340.0,Manual,first,hybrid/cng
Maruti Suzuki,8,95000.0,Manual,second,hybrid
Maruti Suzuki,12,92500.0,Manual,second,hybrid/cng
Mercedes-Benz,13,75000.0,Automatic,second,diesel
Audi,10,172000.0,Automatic,second,diesel
Volkswagen,5,15000.0,Manual,first,petrol
Volkswagen,9,96000.0,Automatic,first,diesel
Skoda,9,48500.0,Automatic,second,petrol
Volkswagen,11,62000.0,Automatic,second,petrol
Audi,9,84000.0,Automatic,first,diesel
Maruti Suzuki,4,71000.0,Manual,second,hybrid
Maruti Suzuki,18,106000.0,Manual,second,petrol
Hyundai,6,300000.0,Manual,first,hybrid/cng
Volkswagen,12,88049.0,Manual,second,diesel
Hyundai,7,85000.0,Automatic,second,hybrid/cng
Maruti Suzuki,9,78000.0,Manual,second,hybrid
Hyundai,13,100000.0,Manual,second,diesel
Maruti Suzuki,5,53000.0,Manual,first,diesel
Toyota,17,121931.0,Automatic,second,petrol
Maruti Suzuki,3,18000.0,Manual,first,petrol
Honda,3,150000.0,Automatic,first,petrol
Kia,4,46000.0,Manual,first,petrol
Mercedes-Benz,4,30000.0,Automatic,first,diesel
Maruti Suzuki,13,75000.0,Manual,second,petrol
Hyundai,15,90200.0,Manual,second,hybrid
Maruti Suzuki,6,93000.0,Automatic,first,hybrid
Maruti Suzuki,5,52500.0,Manual,second,petrol
Maruti Suzuki,7,110000.0,Manual,second,diesel
Mahindra,7,54560.0,Manual,second,diesel
Honda,12,108000.0,Automatic,second,hybrid
Volkswagen,13,55000.0,Manual,second,petrol
Hyundai,1,19920.0,Automatic,first,petrol
Maruti Suzuki,9,82000.0,Automatic,second,hybrid/cng
Toyota,8,130000.0,Automatic,second,petrol
Ford,7,55000.0,Automatic,second,hybrid
Isuzu,6,96000.0,Manual,second,diesel
Maruti Suzuki,3,68000.0,Manual,first,hybrid/cng
Maruti Suzuki,7,84127.0,Manual,first,petrol
Maruti Suzuki,8,108000.0,Automatic,second,petrol
Maruti Suzuki,0,10000.0,Automatic,first,hybrid
Maruti Suzuki,3,46000.0,Manual,second,hybrid
BMW,13,110000.0,Automatic,second,diesel
Volkswagen,11,99000.0,Manual,second,diesel
Hyundai,11,102091.0,Automatic,second,hybrid/cng
Volkswagen,5,78500.0,Automatic,first,diesel
Land Rover,9,180650.0,Automatic,second,diesel
Maruti Suzuki,10,91000.0,Manual,second,diesel
Volvo,6,53000.0,Automatic,first,diesel
Maruti Suzuki,7,66000.0,Manual,second,petrol
Honda,8,55000.0,Automatic,second,hybrid/cng
Toyota,9,295000.0,Manual,first,diesel
Renault,3,18000.0,Automatic,second,petrol
Maruti Suzuki,3,60000.0,Automatic,first,hybrid/cng
Tata,3,90000.0,Automatic,second,diesel
BMW,15,70000.0,Automatic,second,diesel
Chevrolet,12,81000.0,Manual,first,diesel
Renault,7,300000.0,Manual,first,petrol
Volkswagen,11,75000.0,Automatic,second,petrol
Maruti Suzuki,11,110000.0,Manual,second,diesel
Land Rover,6,60000.0,Automatic,first,diesel
Kia,2,62000.0,Manual,first,petrol
Maruti Suzuki,6,60000.0,Manual,second,hybrid/cng
Maruti Suzuki,5,32000.0,Automatic,first,hybrid
Tata,9,103000.0,Automatic,second,diesel
Audi,5,98000.0,Automatic,second,diesel
Maruti Suzuki,12,112000.0,Automatic,second,diesel
Ford,8,80000.0,Manual,second,diesel
Maruti Suzuki,1,6000.0,Automatic,first,hybrid
Renault,8,38000.0,Manual,second,petrol
Mercedes-Benz,10,58000.0,Automatic,first,petrol
Toyota,4,300000.0,Automatic,first,diesel
Audi,12,86310.0,Manual,first,diesel
Chevrolet,13,67240.0,Manual,second,petrol
Maruti Suzuki,10,86265.0,Manual,second,diesel
Tata,3,47000.0,Automatic,second,petrol
Honda,12,67000.0,Automatic,second,hybrid
Toyota,6,300000.0,Automatic,first,diesel
Maruti Suzuki,14,74000.0,Manual,second,petrol
Hyundai,8,62000.0,Automatic,first,petrol
Volkswagen,2,27000.0,Manual,second,petrol
Maruti Suzuki,17,86000.0,Manual,second,petrol
Renault,6,19308.0,Automatic,first,petrol
Maruti Suzuki,7,61300.0,Automatic,second,hybrid/cng
Land Rover,6,85000.0,Automatic,first,diesel
Maruti Suzuki,9,86000.0,Manual,second,diesel
Ford,6,79000.0,Automatic,first,petrol
Maruti Suzuki,14,87000.0,Manual,second,hybrid/cng
Ford,6,49000.0,Manual,second,petrol
Honda,8,54000.0,Manual,first,diesel
Maruti Suzuki,2,16000.0,Manual,first,hybrid/cng
Tata,12,100000.0,Automatic,second,diesel
Maruti Suzuki,13,80500.0,Manual,second,hybrid
Toyota,8,127000.0,Manual,second,diesel
Hyundai,9,51000.0,Automatic,second,petrol
Mahindra,2,18000.0,Automatic,first,diesel
Skoda,11,58000.0,Automatic,first,petrol
Maruti Suzuki,5,48500.0,Automatic,first,diesel
Maruti Suzuki,13,50000.0,Automatic,second,hybrid
Hyundai,6,51000.0,Manual,second,petrol
Mahindra,2,40000.0,Manual,first,diesel
Tata,1,40000.0,Automatic,first,hybrid
Hyundai,8,56000.0,Automatic,second,petrol
Maruti Suzuki,0,548.0,Manual,first,hybrid
Ford,16,158000.0,Automatic,second,petrol
Skoda,13,90000.0,Automatic,second,petrol
Tata,4,105800.0,Automatic,first,petrol
Maruti Suzuki,7,61000.0,Manual,second,diesel
Hyundai,6,62000.0,Manual,second,hybrid
Maruti Suzuki,9,70000.0,Manual,second,diesel
Maruti Suzuki,14,80000.0,Manual,first,petrol
Audi,9,73930.0,Automatic,second,diesel
Hyundai,8,39000.0,Automatic,first,petrol
Maruti Suzuki,10,65000.0,Automatic,second,petrol
Tata,5,50000.0,Automatic,first,hybrid/cng
Maruti Suzuki,6,79000.0,Manual,first,diesel
Hyundai,6,220000.0,Manual,second,hybrid
Hyundai,7,49500.0,Manual,first,petrol
Maruti Suzuki,15,55000.0,Manual,second,petrol
Ford,7,90000.0,Manual,second,hybrid
Tata,2,78997.0,Manual,first,hybrid
Skoda,2,38917.0,Manual,first,petrol
Hyundai,5,78000.0,Automatic,first,petrol
Hyundai,5,20000.0,Automatic,first,petrol
Maruti Suzuki,10,68000.0,Manual,second,hybrid
Maruti Suzuki,8,75000.0,Automatic,second,hybrid
Mercedes-Benz,4,47000.0,Automatic,first,diesel
Hyundai,9,53000.0,Automatic,first,hybrid
Hyundai,6,39500.0,Manual,first,petrol
Maruti Suzuki,7,35000.0,Manual,first,petrol
Tata,11,85000.0,Manual,second,diesel
Skoda,4,31010.0,Automatic,second,petrol
Maruti Suzuki,11,43000.0,Manual,first,petrol
Volkswagen,8,78000.0,Automatic,first,petrol
Toyota,8,110000.0,Manual,second,petrol
Toyota,9,168000.0,Manual,first,diesel
Maruti Suzuki,1,14000.0,Automatic,first,hybrid/cng
Hyundai,7,76000.0,Manual,first,diesel
Honda,3,38000.0,Automatic,first,petrol
Maruti Suzuki,9,105000.0,Manual,first,petrol
Mahindra,9,74000.0,Manual,first,diesel
Maruti Suzuki,7,42000.0,Automatic,first,hybrid
Honda,8,74000.0,Manual,second,hybrid/cng
Maruti Suzuki,7,58234.0,Manual,first,diesel
Toyota,7,105000.0,Automatic,second,petrol
Honda,11,54000.0,Manual,first,petrol
Maruti Suzuki,0,58000.0,Automatic,first,hybrid/cng
Hyundai,7,66000.0,Automatic,first,petrol
Honda,9,103000.0,Automatic,first,hybrid/cng
Ambassador,21,1.0,Manual,second,petrol
Skoda,2,21000.0,Automatic,first,petrol
Audi,8,63000.0,Automatic,second,diesel
Mahindra,8,85000.0,Manual,first,diesel
Land Rover,7,78000.0,Automatic,second,diesel
Maruti Suzuki,9,300000.0,Manual,first,diesel
Mahindra,2,45000.0,Manual,first,diesel
Honda,10,52000.0,Automatic,second,petrol
Honda,8,300000.0,Automatic,first,petrol
Volkswagen,14,59000.0,Manual,first,petrol
Datsun,7,60000.0,Manual,first,petrol
Honda,8,59000.0,Automatic,second,petrol
Honda,15,82000.0,Automatic,first,hybrid
Honda,15,86368.0,Automatic,second,hybrid
Volkswagen,10,71000.0,Manual,first,hybrid/cng
MG,5,16000.0,Automatic,second,petrol
Tata,2,9014.0,Automatic,first,petrol
Maruti Suzuki,5,35492.0,Automatic,first,hybrid/cng
Maruti Suzuki,11,82000.0,Manual,second,hybrid
Honda,7,54000.0,Automatic,second,petrol
BMW,9,20000.0,Automatic,first,diesel
Maruti Suzuki,3,95000.0,Automatic,first,hybrid
Volkswagen,9,61000.0,Manual,second,petrol
Maruti Suzuki,2,220000.0,Manual,first,petrol
Toyota,12,92000.0,Manual,second,diesel
Maruti Suzuki,4,150000.0,Automatic,first,hybrid
Mercedes-Benz,16,300000.0,Automatic,second,diesel
Renault,3,58000.0,Automatic,second,petrol
Maruti Suzuki,3,86000.0,Automatic,first,petrol
Tata,2,19000.0,Manual,first,petrol
Tata,0,10500.0,Automatic,first,hybrid
Tata,3,29336.0,Manual,first,diesel
Hyundai,13,300000.0,Manual,second,hybrid
Hyundai,13,85000.0,Manual,second,petrol
Volkswagen,10,96000.0,Manual,second,diesel
Hyundai,9,139000.0,Manual,first,diesel
Hyundai,7,82000.0,Manual,first,petrol
Maruti Suzuki,9,113000.0,Automatic,second,petrol
Hyundai,1,240000.0,Automatic,second,diesel
Honda,9,69000.0,Manual,second,hybrid/cng
Toyota,0,16800.0,Automatic,second,hybrid
Isuzu,3,110000.0,Manual,first,diesel
Hyundai,3,33000.0,Automatic,first,petrol
Maruti Suzuki,7,50000.0,Automatic,first,petrol
Audi,10,71000.0,Automatic,second,diesel
Maruti Suzuki,7,29000.0,Automatic,first,petrol
Renault,4,72000.0,Automatic,first,petrol
Ford,13,74300.0,Automatic,first,hybrid
Volkswagen,15,38000.0,Automatic,second,petrol
Lexus,6,40000.0,Automatic,second,petrol
Hyundai,5,65473.0,Manual,first,hybrid/cng
Honda,4,70000.0,Automatic,second,petrol
Hyundai,9,57000.0,Automatic,second,hybrid
Honda,3,300000.0,Manual,first,diesel
Fiat,14,65000.0,Manual,first,diesel
Maruti Suzuki,6,52500.0,Manual,second,petrol
Maruti Suzuki,13,100000.0,Manual,second,diesel
Tata,11,85000.0,Manual,second,diesel
Maruti Suzuki,7,86500.0,Automatic,first,hybrid
Honda,9,63007.0,Manual,first,petrol
Maruti Suzuki,2,31000.0,Manual,first,hybrid
Maruti Suzuki,4,62000.0,Manual,first,petrol
Maruti Suzuki,6,62583.0,Manual,second,diesel
Hyundai,7,49600.0,Manual,second,hybrid/cng
Maruti Suzuki,13,77000.0,Manual,second,hybrid/cng
Mercedes-Benz,11,78000.0,Automatic,first,diesel
Mahindra,0,33000.0,Manual,first,diesel
Maruti Suzuki,13,103000.0,Manual,second,petrol
Honda,10,100000.0,Automatic,second,hybrid
Maruti Suzuki,12,100000.0,Automatic,second,hybrid/cng
Maruti Suzuki,5,81000.0,Manual,second,petrol
Nissan,4,16330.0,Automatic,first,petrol
Hyundai,9,80000.0,Manual,first,petrol
Mahindra,2,49000.0,Manual,first,diesel
Maruti Suzuki,13,90401.0,Manual,second,petrol
Honda,8,61000.0,Manual,second,diesel
Tata,14,60565.0,Manual,second,diesel
Maruti Suzuki,13,190000.0,Manual,first,diesel
Hyundai,2,34165.0,Manual,first,hybrid/cng
Hyundai,6,30000.0,Manual,second,petrol
Mahindra,2,52000.0,Manual,first,diesel
Tata,4,300000.0,Manual,first,diesel
Maruti Suzuki,15,36000.0,Manual,second,petrol
Hyundai,8,80000.0,Manual,first,diesel
Volkswagen,7,20000.0,Manual,first,petrol
Maruti Suzuki,12,77000.0,Manual,first,diesel
Volkswagen,13,70000.0,Automatic,second,hybrid
Toyota,9,248000.0,Automatic,first,diesel
Mahindra,0,7000.0,Automatic,first,diesel
Maruti Suzuki,8,130000.0,Automatic,first,hybrid
Mahindra,0,45.0,Automatic,first,diesel
Volkswagen,14,95000.0,Automatic,second,diesel
Isuzu,2,12000.0,Automatic,first,diesel
Volkswagen,12,123000.0,Manual,second,diesel
Ford,13,68000.0,Manual,first,petrol
Maruti Suzuki,12,160000.0,Automatic,first,hybrid
BMW,4,250000.0,Automatic,first,petrol
Tata,3,83235.0,Manual,first,diesel
Hyundai,0,3500.0,Automatic,first,hybrid/cng
Honda,10,65000.0,Automatic,first,petrol
Maruti Suzuki,11,70000.0,Manual,second,petrol
Audi,7,300000.0,Automatic,second,diesel
Audi,10,95000.0,Automatic,first,diesel
Mahindra,11,57450.0,Manual,first,diesel
Skoda,13,65000.0,Automatic,first,diesel
Toyota,4,37000.0,Automatic,first,diesel
Maruti Suzuki,8,86000.0,Manual,first,hybrid/cng
Maruti Suzuki,5,100000.0,Automatic,second,hybrid
Hyundai,6,34000.0,Automatic,second,petrol
Maruti Suzuki,9,97234.0,Manual,first,hybrid
Maruti Suzuki,5,120000.0,Automatic,second,hybrid
Maruti Suzuki,2,19245.0,Automatic,first,petrol
Hyundai,10,50680.0,Manual,first,diesel
Volkswagen,11,69000.0,Manual,second,diesel
Mahindra,2,27000.0,Automatic,second,petrol
Maruti Suzuki,5,102000.0,Manual,second,diesel
Honda,12,55000.0,Automatic,second,petrol
Maruti Suzuki,13,104400.0,Automatic,second,petrol
Honda,4,25000.0,Manual,first,petrol
Maruti Suzuki,10,88600.0,Automatic,second,petrol
Hyundai,5,29000.0,Automatic,second,petrol
Mercedes-Benz,11,50317.0,Automatic,second,diesel
Mahindra,10,100000.0,Manual,second,diesel
BMW,1,9000.0,Automatic,second,petrol
Hyundai,8,90000.0,Manual,first,petrol
Maruti Suzuki,8,95000.0,Manual,second,hybrid/cng
Tata,13,105000.0,Manual,second,diesel
Maruti Suzuki,9,47858.0,Automatic,first,hybrid/cng
Hyundai,6,82000.0,Automatic,second,diesel
MG,4,81600.0,Automatic,first,petrol
Toyota,10,75000.0,Automatic,second,diesel
Land Rover,4,143500.0,Automatic,first,diesel
Chevrolet,14,85000.0,Manual,second,petrol
Hyundai,8,65000.0,Automatic,first,petrol
Hyundai,7,52000.0,Automatic,second,petrol
Toyota,1,33000.0,Automatic,first,hybrid/cng
Maruti Suzuki,2,24000.0,Manual,first,hybrid/cng
Tata,14,61000.0,Manual,second,petrol
BMW,10,90000.0,Automatic,second,diesel
Honda,7,55000.0,Manual,second,petrol
Tata,4,49000.0,Manual,first,diesel
Mercedes-Benz,13,42000.0,Automatic,second,petrol
Hyundai,5,78000.0,Manual,second,diesel
Maruti Suzuki,11,68000.0,Manual,first,petrol
Hyundai,6,135000.0,Automatic,second,diesel
Maruti Suzuki,0,36.0,Automatic,first,hybrid
Maruti Suzuki,7,150000.0,Manual,second,hybrid
Maruti Suzuki,5,251174.0,Automatic,first,diesel
Mahindra,9,91252.0,Manual,second,diesel
Skoda,6,22000.0,Automatic,second,petrol
Mercedes-Benz,6,53000.0,Automatic,second,diesel
Volkswagen,8,63000.0,Automatic,second,petrol
Maruti Suzuki,3,95000.0,Automatic,second,hybrid
Ford,13,97000.0,Manual,second,petrol
Hyundai,10,85000.0,Manual,second,hybrid
Maruti Suzuki,15,110000.0,Manual,second,hybrid
Maruti Suzuki,8,78000.0,Automatic,second,hybrid/cng
Honda,5,57791.0,Manual,first,diesel
Volkswagen,6,68000.0,Automatic,second,petrol
Maruti Suzuki,5,46000.0,Automatic,first,petrol
Honda,10,78001.0,Manual,first,diesel
Tata,7,96000.0,Manual,second,diesel
Maruti Suzuki,9,114000.0,Automatic,second,petrol
Hyundai,13,68000.0,Manual,second,petrol
Jeep,3,160000.0,Automatic,first,diesel
Maruti Suzuki,7,32000.0,Automatic,second,petrol
Hyundai,6,50000.0,Manual,second,petrol
Renault,5,70000.0,Automatic,second,diesel
Toyota,1,8200.0,Automatic,first,hybrid
Toyota,14,126000.0,Manual,first,diesel
Skoda,11,65000.0,Automatic,second,petrol
Maruti Suzuki,9,75000.0,Manual,first,hybrid/cng
Mercedes-Benz,7,32600.0,Automatic,second,petrol
Volkswagen,9,80000.0,Automatic,first,diesel
Hyundai,7,50523.0,Manual,second,petrol
Maruti Suzuki,14,152000.0,Manual,first,petrol
Hyundai,6,156000.0,Manual,first,hybrid/cng
Tata,7,33616.0,Manual,second,petrol
Honda,10,149000.0,Automatic,second,petrol
Lexus,6,27000.0,Automatic,second,diesel
Maruti Suzuki,20,170000.0,Manual,second,diesel
Toyota,5,118000.0,Automatic,second,diesel
Mercedes-Benz,9,51000.0,Automatic,second,diesel
Toyota,9,53350.0,Automatic,second,petrol
Mercedes-Benz,14,130000.0,Automatic,second,diesel
Tata,13,43500.0,Manual,second,diesel
Kia,0,9400.0,Manual,first,petrol
Tata,4,56000.0,Manual,second,hybrid
Ford,9,60000.0,Manual,second,hybrid
Volkswagen,8,86000.0,Manual,second,diesel
Honda,4,14000.0,Automatic,second,petrol
Renault,7,130000.0,Manual,first,diesel
Hyundai,9,15000.0,Automatic,first,hybrid
Volkswagen,9,66000.0,Manual,second,diesel
MG,4,64000.0,Manual,first,diesel
Nissan,10,300000.0,Manual,second,diesel
MG,1,27000.0,Automatic,first,petrol
BMW,15,40000.0,Automatic,first,petrol
BMW,13,42000.0,Automatic,first,diesel
Maruti Suzuki,14,69500.0,Manual,second,hybrid
Honda,7,57000.0,Automatic,second,hybrid/cng
Toyota,10,125000.0,Manual,second,diesel
Maruti Suzuki,6,72531.0,Manual,first,petrol
Maruti Suzuki,7,85000.0,Manual,second,hybrid/cng
Maruti Suzuki,11,300000.0,Manual,second,petrol
Hyundai,10,64200.0,Manual,second,diesel
Mahindra,6,90000.0,Manual,second,diesel
Kia,3,27000.0,Automatic,second,petrol
Hyundai,5,47000.0,Automatic,first,diesel
Mahindra,10,75000.0,Manual,second,diesel
Maruti Suzuki,20,56000.0,Manual,second,petrol
Maruti Suzuki,12,75000.0,Manual,first,hybrid/cng
Hyundai,10,90000.0,Automatic,second,hybrid
Maruti Suzuki,13,99000.0,Manual,second,petrol
BMW,13,110000.0,Automatic,second,diesel
Toyota,10,150000.0,Manual,second,diesel
Mahindra,15,185000.0,Manual,second,diesel
Maruti Suzuki,13,75000.0,Automatic,second,petrol
Mahindra,2,90000.0,Manual,first,diesel
Hyundai,11,105000.0,Manual,first,petrol
Mercedes-Benz,7,59000.0,Automatic,second,petrol
Maruti Suzuki,1,62000.0,Manual,first,hybrid/cng
Maruti Suzuki,6,51000.0,Automatic,second,petrol
Hyundai,9,70000.0,Manual,second,petrol
Maruti Suzuki,9,83000.0,Manual,first,diesel
Maruti Suzuki,7,32.0,Automatic,second,hybrid/cng
Hyundai,10,51000.0,Manual,second,petrol
Hyundai,2,37000.0,Automatic,first,diesel
Toyota,11,150000.0,Automatic,second,diesel
Ford,8,91000.0,Manual,second,diesel
Maruti Suzuki,12,150000.0,Automatic,second,hybrid/cng
Honda,8,64000.0,Manual,first,hybrid/cng
Toyota,13,82000.0,Manual,second,hybrid/cng
Toyota,9,68000.0,Automatic,second,petrol
Maruti Suzuki,3,59000.0,Automatic,first,hybrid/cng
Porsche,4,50000.0,Automatic,first,hybrid/cng
Maruti Suzuki,1,27000.0,Automatic,first,hybrid/cng
Maruti Suzuki,0,11000.0,Automatic,first,hybrid/cng
Maruti Suzuki,0,25000.0,Automatic,first,hybrid/cng
Mahindra,8,82000.0,Automatic,second,diesel
Maruti Suzuki,14,65000.0,Manual,first,petrol
Maruti Suzuki,8,52000.0,Automatic,second,hybrid
Hyundai,2,60000.0,Automatic,second,hybrid
Tata,8,36000.0,Manual,first,petrol
Hyundai,11,103000.0,Manual,second,petrol
Honda,8,46000.0,Automatic,second,petrol
Nissan,12,90000.0,Manual,second,diesel
Mahindra,5,71150.0,Automatic,second,diesel
Volvo,9,300000.0,Automatic,first,diesel
Mahindra,4,40000.0,Automatic,first,diesel
Maruti Suzuki,5,210000.0,Manual,second,hybrid
Mahindra,7,60000.0,Manual,second,hybrid
Hyundai,8,300000.0,Manual,second,hybrid/cng
Mercedes-Benz,10,86000.0,Automatic,second,diesel
Hyundai,12,48000.0,Manual,second,hybrid
Maruti Suzuki,10,81000.0,Manual,first,hybrid/cng
Maruti Suzuki,5,80000.0,Manual,second,petrol
Hyundai,10,60000.0,Manual,second,petrol
Honda,15,78000.0,Manual,second,hybrid
Honda,7,71000.0,Automatic,first,hybrid/cng
Audi,8,41000.0,Automatic,second,diesel
BMW,8,71000.0,Automatic,second,diesel
Maruti Suzuki,5,160000.0,Automatic,first,diesel
Maruti Suzuki,7,99572.0,Manual,second,diesel
Hyundai,4,55000.0,Automatic,first,petrol
Mahindra,14,102000.0,Manual,first,diesel
Chevrolet,11,73500.0,Manual,second,diesel
Maruti Suzuki,13,108000.0,Manual,second,hybrid
Mahindra,14,71000.0,Manual,second,diesel
Maruti Suzuki,5,75000.0,Automatic,first,diesel
Toyota,7,57000.0,Automatic,first,diesel
Honda,12,90000.0,Manual,first,petrol
Ford,11,75000.0,Manual,second,petrol
Hyundai,3,65000.0,Manual,first,hybrid
Maruti Suzuki,10,90000.0,Manual,second,petrol
Maruti Suzuki,12,80000.0,Automatic,first,petrol
Mercedes-Benz,9,50000.0,Automatic,first,diesel
Toyota,1,35000.0,Manual,first,diesel
BMW,1,37000.0,Automatic,first,diesel
Mahindra,2,38000.0,Manual,first,diesel
Renault,6,52255.0,Automatic,second,petrol
Mahindra,11,81453.0,Manual,first,diesel
Maruti Suzuki,14,142000.0,Manual,second,hybrid
Nissan,13,95000.0,Manual,second,petrol
Volkswagen,9,51000.0,Manual,second,petrol
Mercedes-Benz,6,45000.0,Automatic,second,diesel
Maruti Suzuki,7,300000.0,Manual,first,diesel
Hyundai,13,53000.0,Manual,second,hybrid
Hyundai,1,10000.0,Manual,second,petrol
Honda,5,62000.0,Automatic,first,petrol
Maruti Suzuki,11,82750.0,Manual,second,hybrid
Mahindra,6,106000.0,Manual,first,diesel
Maruti Suzuki,23,87000.0,Manual,second,petrol
Maruti Suzuki,10,69000.0,Manual,second,petrol
Toyota,9,154000.0,Automatic,second,diesel
Maruti Suzuki,10,35188.0,Manual,first,hybrid/cng
Maruti Suzuki,14,84000.0,Manual,second,hybrid
Audi,7,95000.0,Automatic,first,diesel
Toyota,3,78000.0,Automatic,first,diesel
Mahindra,3,20000.0,Manual,first,diesel
Mahindra,2,300000.0,Automatic,first,diesel
Honda,8,74381.0,Automatic,first,hybrid/cng
BMW,8,71900.0,Automatic,first,diesel
Maruti Suzuki,14,81000.0,Automatic,second,hybrid
Maruti Suzuki,7,80000.0,Automatic,second,hybrid/cng
Renault,4,23000.0,Automatic,first,petrol
Hyundai,14,80000.0,Automatic,second,hybrid/cng
Hyundai,11,80091.0,Manual,first,petrol
Renault,5,29000.0,Manual,second,diesel
Tata,2,45000.0,Manual,first,diesel
Maruti Suzuki,6,92000.0,Automatic,second,petrol
Mercedes-Benz,5,31000.0,Automatic,first,petrol
Hyundai,2,40000.0,Automatic,first,diesel
Mercedes-Benz,11,85000.0,Automatic,second,diesel
Kia,4,300000.0,Automatic,first,diesel
Honda,6,75000.0,Automatic,first,diesel
Toyota,5,83700.0,Automatic,second,diesel
Mahindra,9,93000.0,Manual,second,diesel
Maruti Suzuki,8,100000.0,Automatic,second,hybrid/cng
Honda,7,49000.0,Automatic,first,petrol
Toyota,6,110000.0,Automatic,first,diesel
Toyota,21,180000.0,Manual,second,diesel
Hyundai,2,31851.0,Manual,first,petrol
Hyundai,9,76000.0,Manual,first,diesel
Maruti Suzuki,12,155000.0,Manual,second,diesel
Skoda,9,110000.0,Automatic,second,diesel
Audi,9,32000.0,Automatic,second,petrol
Maruti Suzuki,8,70000.0,Automatic,first,hybrid
Hyundai,11,68000.0,Manual,first,hybrid/cng
Jeep,2,21000.0,Automatic,first,diesel
Maruti Suzuki,4,64000.0,Automatic,first,petrol
Mahindra,7,46550.0,Automatic,first,petrol
Kia,3,34000.0,Automatic,first,diesel
Hyundai,5,52000.0,Manual,second,hybrid/cng
Honda,5,52400.0,Manual,second,petrol
Honda,5,56000.0,Automatic,first,hybrid
Maruti Suzuki,4,46000.0,Manual,second,petrol
Honda,6,62000.0,Automatic,first,hybrid
Volkswagen,7,19000.0,Manual,first,petrol
Toyota,8,94100.0,Manual,first,diesel
Honda,6,30050.0,Automatic,second,petrol
Mercedes-Benz,12,75770.0,Automatic,second,diesel
Maruti Suzuki,14,152646.0,Automatic,second,petrol
Skoda,2,84000.0,Automatic,first,petrol
Maruti Suzuki,9,115000.0,Manual,second,diesel
Tata,2,11000.0,Automatic,first,petrol
Aston Martin,8,257000.0,Automatic,first,petrol
Renault,7,105000.0,Manual,first,diesel
Volkswagen,1,9000.0,Automatic,first,petrol
Maruti Suzuki,9,80000.0,Manual,first,hybrid/cng
Maruti Suzuki,5,63205.0,Automatic,first,hybrid
Hyundai,8,98000.0,Manual,second,petrol
Ford,16,175000.0,Manual,second,diesel
Maruti Suzuki,14,2000.0,Automatic,second,hybrid/cng
Mahindra,8,150000.0,Manual,second,diesel
Tata,11,90000.0,Automatic,second,diesel
Hyundai,6,71245.0,Automatic,first,diesel
Volkswagen,6,156000.0,Automatic,second,diesel
BMW,8,59000.0,Automatic,first,diesel
Maruti Suzuki,7,83300.0,Manual,second,diesel
Honda,17,112000.0,Automatic,second,hybrid
Tata,5,20000.0,Automatic,second,petrol
Ford,11,65000.0,Manual,second,diesel
Honda,10,59121.0,Manual,first,petrol
Kia,4,32550.0,Manual,first,petrol
Maruti Suzuki,6,95000.0,Automatic,second,hybrid/cng
Maruti Suzuki,4,35000.0,Manual,first,hybrid
Kia,2,26793.0,Manual,first,petrol
Volkswagen,8,67000.0,Automatic,second,petrol
Mahindra,9,141000.0,Manual,second,diesel
Hyundai,5,27000.0,Manual,second,petrol
Maruti Suzuki,7,61000.0,Automatic,second,hybrid/cng
Honda,5,65000.0,Automatic,first,petrol
Maruti Suzuki,7,85000.0,Automatic,second,hybrid/cng
Honda,15,48000.0,Manual,first,petrol
Renault,4,37000.0,Manual,first,petrol
Honda,14,109000.0,Automatic,second,hybrid
Maruti Suzuki,1,17000.0,Automatic,first,petrol
Hyundai,15,65000.0,Manual,first,petrol
Land Rover,4,11264.0,Automatic,first,diesel
Maruti Suzuki,10,80000.0,Manual,first,hybrid
Maruti Suzuki,4,49000.0,Manual,first,petrol
Hyundai,4,80899.0,Manual,first,diesel
Hyundai,13,45000.0,Automatic,first,petrol
Maruti Suzuki,3,65000.0,Manual,first,petrol
Audi,13,51000.0,Automatic,second,petrol
Maruti Suzuki,3,20000.0,Manual,first,petrol
Hyundai,5,85000.0,Manual,second,diesel
BMW,5,47000.0,Automatic,second,diesel
Maruti Suzuki,10,115000.0,Manual,second,petrol
Tata,9,185389.0,Manual,second,diesel
Mahindra,3,28000.0,Manual,first,diesel
Hyundai,12,53000.0,Manual,second,hybrid/cng
Skoda,9,82000.0,Automatic,first,diesel
Jeep,4,12672.0,Automatic,first,petrol
Mahindra,8,71111.0,Manual,first,diesel
Tata,9,96000.0,Manual,second,diesel
Volkswagen,8,75000.0,Automatic,second,petrol
Mercedes-Benz,10,87000.0,Automatic,second,diesel
Tata,6,76209.0,Automatic,second,petrol
Hyundai,9,48000.0,Manual,first,petrol
Tata,4,74000.0,Manual,first,petrol
Maruti Suzuki,5,140000.0,Automatic,second,hybrid
Maruti Suzuki,15,80000.0,Manual,second,petrol
Isuzu,2,26000.0,Manual,first,diesel
Maruti Suzuki,7,52685.0,Automatic,first,hybrid/cng
Mahindra,1,24000.0,Automatic,first,diesel
Mercedes-Benz,7,53000.0,Automatic,first,diesel
Maruti Suzuki,9,72147.0,Automatic,second,hybrid/cng
Hyundai,3,64000.0,Manual,first,hybrid/cng
Honda,6,300000.0,Manual,first,petrol
BMW,14,130000.0,Automatic,second,petrol
Hyundai,1,7500.0,Automatic,first,petrol
Hyundai,5,55000.0,Manual,first,hybrid/cng
Hyundai,7,47000.0,Automatic,second,petrol
Honda,10,53000.0,Automatic,first,petrol
Maruti Suzuki,5,40000.0,Manual,second,petrol
Honda,8,102458.0,Manual,second,petrol
Maruti Suzuki,10,70000.0,Manual,second,petrol
Maruti Suzuki,6,300000.0,Automatic,first,diesel
Skoda,1,33000.0,Manual,first,petrol
Hyundai,6,120000.0,Manual,first,hybrid/cng
Maruti Suzuki,9,300000.0,Manual,first,hybrid/cng
Toyota,9,73500.0,Manual,second,diesel
Renault,4,52000.0,Automatic,first,hybrid
Hyundai,14,90000.0,Manual,second,petrol
Mercedes-Benz,13,133000.0,Automatic,second,diesel
Volkswagen,8,67000.0,Manual,second,petrol
Maruti Suzuki,4,84000.0,Automatic,second,hybrid
Honda,13,72000.0,Automatic,second,hybrid
Honda,4,41000.0,Manual,second,petrol
Hyundai,5,32000.0,Manual,first,petrol
Maruti Suzuki,6,53200.0,Automatic,first,diesel
Tata,6,73000.0,Automatic,first,hybrid
Toyota,16,140000.0,Manual,second,hybrid/cng
Mahindra,2,39484.0,Automatic,second,diesel
Hyundai,7,160000.0,Automatic,second,petrol
Hyundai,6,66000.0,Automatic,second,petrol
Mahindra,3,8500.0,Manual,second,diesel
Maruti Suzuki,6,78000.0,Manual,second,hybrid/cng
Maruti Suzuki,9,81000.0,Manual,second,hybrid/cng
Maruti Suzuki,9,72000.0,Manual,second,diesel
Tata,12,105000.0,Manual,second,petrol
Maruti Suzuki,4,43434.0,Manual,first,petrol
Mercedes-Benz,1,30000.0,Automatic,first,diesel
Maruti Suzuki,15,300000.0,Manual,first,petrol
Hyundai,15,91000.0,Manual,first,petrol
Hyundai,3,27000.0,Automatic,first,petrol
Maruti Suzuki,13,58000.0,Manual,second,petrol
Mahindra,9,17000.0,Manual,second,diesel
Hyundai,9,65000.0,Manual,first,hybrid/cng
Hyundai,5,35485.0,Manual,second,petrol
Audi,13,103000.0,Automatic,second,diesel
Nissan,12,62538.0,Manual,second,hybrid/cng
Maruti Suzuki,13,68650.0,Manual,second,hybrid
Maruti Suzuki,10,84920.0,Automatic,second,hybrid/cng
Tata,7,65110.0,Manual,first,diesel
Maruti Suzuki,7,65000.0,Manual,second,hybrid/cng
Honda,9,70000.0,Automatic,first,hybrid/cng
Ford,8,65000.0,Automatic,first,petrol
Toyota,9,178000.0,Manual,second,diesel
Maruti Suzuki,13,80000.0,Manual,first,hybrid/cng
Maruti Suzuki,1,40600.0,Manual,first,petrol
Land Rover,12,23102.0,Automatic,second,diesel
Hyundai,9,79000.0,Manual,first,hybrid/cng
Maruti Suzuki,2,19000.0,Manual,first,petrol
Toyota,11,150000.0,Manual,second,diesel
Tata,2,19000.0,Automatic,first,diesel
Tata,5,75000.0,Manual,second,diesel
Maruti Suzuki,11,78000.0,Automatic,second,petrol
Maruti Suzuki,4,65000.0,Manual,first,hybrid
Toyota,9,203000.0,Manual,second,diesel
BMW,7,68000.0,Automatic,second,diesel
Maruti Suzuki,5,92000.0,Manual,first,diesel
Maruti Suzuki,6,100000.0,Manual,second,diesel
Tata,5,66800.0,Manual,second,petrol
Volvo,4,25500.0,Automatic,second,diesel
Fiat,10,90000.0,Manual,second,hybrid
Hyundai,11,68000.0,Manual,second,hybrid/cng
Mahindra,8,60000.0,Automatic,second,diesel
Land Rover,1,170000.0,Automatic,first,petrol
Honda,7,82000.0,Manual,second,hybrid
Toyota,13,162000.0,Manual,first,petrol
Tata,13,47000.0,Manual,second,petrol
Maruti Suzuki,8,50470.0,Manual,first,petrol
Maruti Suzuki,3,35000.0,Automatic,first,hybrid
Audi,13,160000.0,Automatic,second,diesel
Maruti Suzuki,5,76000.0,Manual,first,petrol
Maruti Suzuki,10,73985.0,Manual,first,hybrid
Mercedes-Benz,7,33000.0,Automatic,second,petrol
Maruti Suzuki,7,70000.0,Manual,first,petrol
Honda,14,85000.0,Automatic,second,hybrid/cng
Volkswagen,9,124000.0,Manual,second,diesel
Chevrolet,17,300000.0,Manual,second,diesel
Mahindra,11,50308.0,Manual,first,diesel
Audi,10,16500.0,Automatic,first,diesel
Renault,5,55234.0,Manual,second,hybrid/cng
Maruti Suzuki,8,94000.0,Automatic,second,petrol
Toyota,5,65000.0,Automatic,first,hybrid
Hyundai,10,60000.0,Manual,second,petrol
Maruti Suzuki,11,120000.0,Manual,first,hybrid
Maruti Suzuki,14,120000.0,Automatic,second,diesel
Porsche,1,51000.0,Automatic,first,petrol
Volkswagen,7,300000.0,Manual,second,diesel
Mercedes-Benz,9,300000.0,Automatic,second,diesel
Honda,11,141000.0,Automatic,second,petrol
Volkswagen,7,76555.0,Automatic,first,petrol
Toyota,5,180000.0,Manual,first,diesel
Maruti Suzuki,12,47259.0,Manual,second,hybrid/cng
Honda,8,70000.0,Automatic,second,hybrid
Honda,9,69000.0,Automatic,second,petrol
Hyundai,5,21000.0,Manual,first,petrol
Audi,6,55100.0,Automatic,second,diesel
Volvo,9,300000.0,Automatic,first,diesel
Toyota,0,30000.0,Automatic,first,hybrid
Volkswagen,7,88000.0,Manual,second,diesel
Hyundai,6,94000.0,Manual,second,diesel
Maruti Suzuki,3,21000.0,Manual,first,petrol
Maruti Suzuki,17,87000.0,Manual,second,petrol
Maruti Suzuki,11,113000.0,Manual,first,hybrid/cng
Nissan,15,53000.0,Automatic,first,hybrid/cng
Honda,9,96000.0,Manual,second,petrol
Chevrolet,13,53000.0,Automatic,second,diesel
Maruti Suzuki,5,125934.0,Automatic,second,diesel
Honda,13,75464.0,Automatic,second,petrol
Land Rover,4,48000.0,Automatic,first,petrol
Mercedes-Benz,9,54000.0,Automatic,second,diesel
Hyundai,10,70000.0,Manual,second,diesel
Honda,9,53000.0,Automatic,second,petrol
Maruti Suzuki,14,75000.0,Manual,second,diesel
Maruti Suzuki,9,75000.0,Manual,first,diesel
Volkswagen,9,75000.0,Manual,second,petrol
Maruti Suzuki,3,42000.0,Manual,first,hybrid
Honda,12,29000.0,Manual,second,petrol
Volkswagen,7,62000.0,Manual,first,hybrid
Mahindra,14,90000.0,Manual,second,diesel
Honda,7,28305.0,Automatic,first,petrol
Honda,11,95000.0,Automatic,first,petrol
Maruti Suzuki,7,62000.0,Automatic,first,hybrid/cng
Honda,10,91000.0,Manual,second,diesel
Hyundai,1,53000.0,Manual,first,petrol
Maruti Suzuki,7,45000.0,Manual,first,petrol
Maruti Suzuki,7,59500.0,Manual,first,hybrid
Hyundai,6,47000.0,Automatic,second,petrol
Mahindra,14,200000.0,Automatic,second,diesel
Hyundai,6,76814.0,Manual,first,petrol
Tata,3,26085.0,Automatic,first,petrol
Toyota,8,86000.0,Automatic,first,hybrid/cng
Mercedes-Benz,8,41000.0,Automatic,second,petrol
Honda,13,85000.0,Manual,second,hybrid
Lexus,6,71767.0,Automatic,first,hybrid/cng
Porsche,1,7700.0,Automatic,first,petrol
Maruti Suzuki,11,130000.0,Manual,second,hybrid
Hyundai,10,68538.0,Manual,first,petrol
Hyundai,1,16976.0,Automatic,first,petrol
Maruti Suzuki,7,85000.0,Automatic,second,hybrid/cng
Hyundai,3,51000.0,Manual,first,petrol
Maruti Suzuki,7,49000.0,Manual,first,petrol
BMW,7,58500.0,Automatic,second,diesel
Maruti Suzuki,5,68000.0,Manual,first,hybrid/cng
Hyundai,3,55000.0,Manual,first,petrol
Maruti Suzuki,8,62000.0,Automatic,first,hybrid/cng
Audi,11,42000.0,Automatic,first,diesel
Toyota,3,21000.0,Automatic,first,petrol
Toyota,3,21077.0,Automatic,first,petrol
Maruti Suzuki,8,45000.0,Automatic,second,petrol
Volkswagen,5,55000.0,Manual,second,petrol
Maruti Suzuki,8,45000.0,Manual,second,petrol
Mahindra,12,220000.0,Manual,second,diesel
Mercedes-Benz,5,50000.0,Automatic,first,diesel
Hyundai,3,65900.0,Automatic,first,hybrid/cng
Hyundai,15,88000.0,Automatic,second,petrol
Hyundai,9,89000.0,Manual,second,petrol
Maruti Suzuki,4,17500.0,Automatic,first,petrol
Maruti Suzuki,2,54000.0,Manual,first,hybrid/cng
Maruti Suzuki,1,40000.0,Automatic,first,hybrid
Maruti Suzuki,8,108000.0,Manual,first,diesel
Kia,3,9020.0,Manual,first,petrol
Nissan,7,84000.0,Automatic,second,diesel
Hyundai,11,60000.0,Manual,second,petrol
Maruti Suzuki,5,80000.0,Manual,first,petrol
Tata,11,42000.0,Manual,second,diesel
Hyundai,3,53000.0,Automatic,first,diesel
Tata,2,54000.0,Manual,second,hybrid
Maruti Suzuki,13,69838.0,Manual,second,hybrid
Ford,11,46200.0,Manual,first,petrol
Volkswagen,7,59000.0,Automatic,second,petrol
Maruti Suzuki,8,25.0,Automatic,second,hybrid/cng
Hyundai,12,91000.0,Manual,first,petrol
Hyundai,14,45000.0,Manual,second,petrol
Tata,14,90000.0,Manual,first,diesel
Maruti Suzuki,9,59200.0,Manual,second,petrol
BMW,11,54000.0,Automatic,first,diesel
Tata,3,24000.0,Automatic,first,petrol
Honda,3,72000.0,Manual,first,diesel
Skoda,9,98000.0,Automatic,first,diesel
Maruti Suzuki,7,78000.0,Automatic,second,petrol
BMW,7,70995.0,Automatic,second,diesel
Hyundai,9,115000.0,Manual,first,hybrid
Volkswagen,7,77142.0,Manual,second,petrol
Tata,10,100000.0,Manual,first,petrol
Hyundai,7,77971.0,Manual,first,diesel
Toyota,5,300000.0,Automatic,first,diesel
Mercedes-Benz,7,300000.0,Automatic,first,petrol
Hyundai,12,179000.0,Manual,second,hybrid
Honda,8,60000.0,Manual,first,hybrid
Maruti Suzuki,10,110000.0,Automatic,first,hybrid/cng
Audi,6,44000.0,Automatic,second,petrol
Honda,11,300000.0,Manual,second,petrol
Honda,10,87000.0,Manual,first,diesel
Volkswagen,6,52000.0,Manual,second,petrol
Honda,9,43000.0,Manual,first,petrol
Mercedes-Benz,8,50751.0,Automatic,first,diesel
Mercedes-Benz,10,300000.0,Automatic,second,petrol
BMW,14,80000.0,Automatic,second,diesel
Hyundai,5,107000.0,Manual,second,diesel
Hyundai,0,11000.0,Manual,first,petrol
Honda,11,68000.0,Manual,second,petrol
Maruti Suzuki,10,75000.0,Manual,second,hybrid
Maruti Suzuki,1,13000.0,Manual,second,petrol
Hyundai,8,55000.0,Manual,first,hybrid/cng
Mercedes-Benz,3,25000.0,Automatic,second,diesel
Renault,7,58000.0,Automatic,first,petrol
Honda,10,98760.0,Manual,first,diesel
Honda,12,78000.0,Automatic,second,hybrid/cng
Mahindra,0,16666.0,Automatic,first,diesel
Mahindra,8,130000.0,Manual,second,diesel
Mahindra,9,123000.0,Manual,second,diesel
Maruti Suzuki,7,105000.0,Automatic,second,hybrid
Maruti Suzuki,6,67000.0,Automatic,second,petrol
Maruti Suzuki,7,52145.0,Manual,first,diesel
Toyota,4,300000.0,Manual,first,diesel
Maruti Suzuki,1,33000.0,Automatic,second,petrol
Maruti Suzuki,6,300000.0,Automatic,first,hybrid/cng
Hyundai,1,27000.0,Manual,first,petrol
Maruti Suzuki,13,96000.0,Manual,second,petrol
Mercedes-Benz,14,96000.0,Automatic,second,diesel
Hyundai,10,73000.0,Manual,second,petrol
BMW,12,300000.0,Automatic,second,diesel
Audi,7,45000.0,Automatic,second,diesel
Ford,3,35000.0,Automatic,first,petrol
Mahindra,9,91000.0,Manual,second,diesel
Honda,6,95000.0,Automatic,first,hybrid
Maruti Suzuki,12,95000.0,Manual,second,hybrid/cng
Maruti Suzuki,17,80000.0,Manual,second,hybrid/cng
Maruti Suzuki,4,19000.0,Automatic,first,petrol
Hyundai,4,85326.0,Manual,second,diesel
Toyota,10,300000.0,Manual,first,diesel
Hyundai,19,130000.0,Manual,second,petrol
Maruti Suzuki,5,61000.0,Automatic,first,hybrid
MG,5,49067.0,Automatic,first,petrol
Toyota,9,100000.0,Automatic,first,hybrid/cng
Maruti Suzuki,11,300000.0,Manual,first,petrol
Maruti Suzuki,14,50000.0,Manual,second,hybrid/cng
Toyota,19,65000.0,Automatic,second,hybrid
Hyundai,8,58000.0,Manual,first,hybrid
Maruti Suzuki,6,34200.0,Automatic,first,hybrid/cng
Hyundai,5,51000.0,Manual,second,hybrid
Maruti Suzuki,8,69000.0,Automatic,second,hybrid/cng
Honda,12,60000.0,Automatic,first,hybrid/cng
Maruti Suzuki,10,90000.0,Manual,first,diesel
Maruti Suzuki,1,12007.0,Manual,first,hybrid/cng
Maruti Suzuki,14,92000.0,Manual,second,hybrid/cng
Maruti Suzuki,2,54000.0,Automatic,second,hybrid
Kia,2,220000.0,Automatic,first,petrol
Maruti Suzuki,14,150549.0,Manual,first,diesel
Toyota,13,175000.0,Manual,second,diesel
Lexus,2,30000.0,Automatic,first,petrol
Toyota,8,72000.0,Automatic,second,hybrid/cng
Jeep,4,48000.0,Automatic,first,diesel
Maruti Suzuki,7,15.0,Automatic,first,hybrid
Nissan,11,60000.0,Manual,second,petrol
Audi,12,80000.0,Automatic,first,diesel
Toyota,1,17000.0,Automatic,first,hybrid/cng
Renault,10,96500.0,Manual,second,diesel
Maruti Suzuki,10,50000.0,Manual,first,petrol
Ford,17,125000.0,Manual,second,petrol
Nissan,7,50000.0,Manual,second,hybrid/cng
Maruti Suzuki,6,67452.0,Automatic,first,petrol
Maruti Suzuki,9,52000.0,Manual,second,petrol
Honda,17,95000.0,Manual,second,hybrid
Volkswagen,5,56474.0,Manual,second,petrol
Toyota,7,125888.0,Manual,first,diesel
Honda,8,300000.0,Manual,first,petrol
Maruti Suzuki,19,97000.0,Manual,second,petrol
Maruti Suzuki,2,50000.0,Manual,first,hybrid/cng
Hyundai,6,48000.0,Manual,second,petrol
Toyota,2,25500.0,Automatic,first,diesel
Fiat,12,69500.0,Manual,first,diesel
Mercedes-Benz,9,59000.0,Automatic,second,diesel
Tata,6,69000.0,Automatic,first,petrol
Honda,17,85019.0,Manual,second,hybrid/cng
Honda,8,44400.0,Automatic,second,petrol
Maruti Suzuki,10,79000.0,Manual,second,hybrid/cng
Volkswagen,11,87615.0,Manual,second,diesel
Toyota,5,47615.0,Manual,first,diesel
Skoda,0,13000.0,Manual,first,petrol
Honda,8,85000.0,Manual,second,hybrid/cng
Hyundai,11,56000.0,Manual,second,petrol
Toyota,16,92000.0,Automatic,second,hybrid/cng
Maruti Suzuki,5,31000.0,Manual,first,petrol
Maruti Suzuki,7,200000.0,Manual,first,hybrid
Audi,11,70334.0,Automatic,second,diesel
Renault,8,69000.0,Manual,second,hybrid/cng
Chevrolet,14,85000.0,Automatic,second,hybrid/cng
Hyundai,11,300000.0,Manual,first,petrol
Mahindra,10,100000.0,Automatic,second,diesel
Volkswagen,10,80000.0,Manual,second,diesel
Maruti Suzuki,0,14000.0,Manual,first,hybrid/cng
Hyundai,6,74000.0,Manual,second,diesel
Maruti Suzuki,6,78000.0,Automatic,first,hybrid
Maruti Suzuki,14,65000.0,Manual,second,petrol
Maruti Suzuki,7,64000.0,Manual,first,diesel
Audi,9,88000.0,Automatic,first,diesel
Honda,6,75000.0,Manual,second,petrol
Toyota,8,167000.0,Automatic,second,diesel
Toyota,4,40700.0,Automatic,first,diesel
Land Rover,4,50000.0,Automatic,second,diesel
Mahindra,4,80000.0,Manual,second,diesel
Maruti Suzuki,17,80000.0,Manual,second,hybrid
Toyota,8,300000.0,Automatic,second,petrol
Maruti Suzuki,13,110000.0,Automatic,second,petrol
Toyota,9,125000.0,Automatic,first,diesel
Skoda,0,10000.0,Automatic,first,hybrid
Maruti Suzuki,7,47000.0,Manual,second,petrol
Mercedes-Benz,11,77000.0,Automatic,second,diesel
Volkswagen,9,46000.0,Manual,first,petrol
Maruti Suzuki,8,48700.0,Automatic,second,petrol
Mercedes-Benz,10,114000.0,Automatic,second,diesel
Hyundai,8,90000.0,Manual,first,hybrid/cng
Tata,2,20000.0,Automatic,second,diesel
Skoda,5,300000.0,Automatic,second,diesel
Honda,14,33000.0,Manual,first,petrol
Volvo,12,84000.0,Automatic,first,diesel
Honda,14,80000.0,Automatic,second,hybrid/cng
Jaguar,7,20000.0,Automatic,first,petrol
Maruti Suzuki,12,89000.0,Manual,first,diesel
Hyundai,6,300000.0,Automatic,first,petrol
Hyundai,1,30000.0,Automatic,first,petrol
Audi,8,52000.0,Automatic,second,diesel
Maruti Suzuki,10,42372.0,Manual,first,hybrid
Mercedes-Benz,6,29000.0,Automatic,first,diesel
Mahindra,4,40000.0,Manual,first,petrol
Honda,9,83000.0,Manual,second,hybrid/cng
Chevrolet,13,5000.0,Automatic,second,hybrid
Tata,5,82000.0,Manual,second,diesel
Toyota,4,79000.0,Automatic,first,petrol
BMW,8,55000.0,Automatic,second,diesel
Honda,4,52000.0,Automatic,first,hybrid
Hyundai,7,57000.0,Manual,first,hybrid/cng
Maruti Suzuki,5,18000.0,Manual,second,hybrid
Renault,6,56765.0,Automatic,first,petrol
Maruti Suzuki,0,16500.0,Automatic,first,hybrid/cng
Hyundai,11,68000.0,Automatic,second,hybrid/cng
Hyundai,11,63000.0,Manual,second,petrol
Tata,5,31000.0,Manual,first,petrol
Maruti Suzuki,4,61000.0,Automatic,first,petrol
Hyundai,4,95000.0,Manual,first,diesel
Hyundai,2,50000.0,Manual,second,diesel
MG,1,40000.0,Manual,first,petrol
Tata,2,48000.0,Automatic,first,diesel
Maruti Suzuki,7,86542.0,Manual,first,diesel
Mahindra,6,99000.0,Manual,second,diesel
Jeep,6,47000.0,Manual,second,diesel
Mercedes-Benz,5,290000.0,Automatic,second,diesel
Maruti Suzuki,2,47120.0,Manual,first,hybrid
Maruti Suzuki,7,74000.0,Manual,first,hybrid/cng
Tata,12,79800.0,Manual,second,diesel
Hyundai,9,300000.0,Manual,second,diesel
Hyundai,4,51055.0,Automatic,first,petrol
Toyota,7,161000.0,Automatic,first,diesel
Skoda,8,64000.0,Automatic,first,petrol
Volvo,4,94000.0,Automatic,first,diesel
Honda,10,80123.0,Automatic,first,petrol
Hyundai,7,72315.0,Automatic,second,diesel
Ford,7,105000.0,Manual,second,diesel
Maruti Suzuki,2,34000.0,Manual,first,hybrid/cng
Volkswagen,1,2300.0,Manual,first,petrol
Nissan,5,300000.0,Manual,first,petrol
Mahindra,11,96000.0,Manual,second,diesel
BMW,3,74000.0,Automatic,first,diesel
Tata,15,132000.0,Manual,second,diesel
Mahindra,7,52000.0,Automatic,first,diesel
Honda,11,97000.0,Automatic,first,petrol
Ford,4,88000.0,Automatic,second,diesel
MG,4,27000.0,Automatic,second,petrol
Maruti Suzuki,0,2600.0,Automatic,first,petrol
Maruti Suzuki,8,61023.0,Manual,first,diesel
Audi,9,103000.0,Automatic,second,diesel
Hyundai,15,91200.0,Manual,second,hybrid
Maruti Suzuki,5,89000.0,Manual,second,diesel
Honda,9,40500.0,Manual,second,petrol
Hyundai,8,78800.0,Automatic,second,diesel
Toyota,5,165000.0,Automatic,second,diesel
Maruti Suzuki,12,62000.0,Manual,first,hybrid
Maruti Suzuki,5,106000.0,Manual,first,diesel
Toyota,1,5100.0,Automatic,first,hybrid/cng
Hyundai,9,42000.0,Manual,second,petrol
Maruti Suzuki,12,78000.0,Manual,second,hybrid/cng
Kia,4,48000.0,Automatic,first,diesel
Audi,7,72000.0,Automatic,second,diesel
Nissan,1,17045.0,Automatic,first,petrol
Maruti Suzuki,1,12340.0,Manual,first,hybrid/cng
Maruti Suzuki,13,98000.0,Manual,second,diesel
Volkswagen,3,39000.0,Automatic,first,petrol
Rolls-Royce,5,2.0,Automatic,first,hybrid/cng
Honda,9,61000.0,Automatic,first,hybrid
Honda,7,107000.0,Automatic,second,hybrid/cng
Maruti Suzuki,8,55000.0,Automatic,second,hybrid
Hyundai,12,72000.0,Manual,second,petrol
Volkswagen,5,300000.0,Automatic,second,petrol
Hyundai,15,75000.0,Manual,first,hybrid
Maruti Suzuki,13,77000.0,Manual,second,hybrid
Toyota,11,118000.0,Manual,second,diesel
Chevrolet,13,69472.0,Manual,second,petrol
Audi,11,110000.0,Automatic,second,diesel
Mahindra,2,9500.0,Automatic,first,petrol
Hyundai,5,110000.0,Automatic,first,diesel
Mahindra,8,115000.0,Manual,second,diesel
Hyundai,12,79000.0,Manual,first,diesel
Toyota,1,13000.0,Automatic,first,hybrid
Mahindra,9,61231.0,Manual,second,diesel
Mercedes-Benz,3,280000.0,Automatic,second,petrol
Mahindra,5,19300.0,Manual,second,diesel
Maruti Suzuki,4,48000.0,Manual,first,petrol
Volkswagen,10,58000.0,Automatic,second,diesel
Kia,4,62500.0,Manual,first,diesel
Honda,12,82000.0,Automatic,second,petrol
Tata,9,45000.0,Manual,first,hybrid/cng
Maruti Suzuki,4,35.0,Automatic,first,hybrid
Hyundai,9,92000.0,Manual,second,diesel
Honda,9,38000.0,Automatic,first,hybrid/cng
Mahindra,9,90000.0,Manual,first,diesel
Maruti Suzuki,13,68000.0,Automatic,second,hybrid/cng
Tata,14,150000.0,Manual,second,diesel
Toyota,2,55000.0,Automatic,first,diesel
Hyundai,4,300000.0,Automatic,first,hybrid
Skoda,9,66000.0,Automatic,second,diesel
Maruti Suzuki,8,45000.0,Automatic,second,petrol
Honda,13,82000.0,Manual,first,petrol
Hyundai,1,76652.0,Automatic,first,hybrid/cng
Maruti Suzuki,1,27000.0,Automatic,first,hybrid
Honda,20,160000.0,Manual,second,petrol
Tata,6,86000.0,Automatic,first,hybrid
Ford,12,104000.0,Manual,second,diesel
Mahindra,6,51000.0,Automatic,first,diesel
Honda,11,85000.0,Automatic,second,hybrid/cng
Maruti Suzuki,11,80000.0,Manual,first,hybrid/cng
Maruti Suzuki,2,14000.0,Manual,first,hybrid/cng
Maruti Suzuki,6,60000.0,Automatic,second,hybrid
Hyundai,14,56000.0,Manual,first,hybrid
Maruti Suzuki,4,39000.0,Automatic,second,hybrid
Hyundai,6,80000.0,Manual,second,diesel
Renault,2,54000.0,Automatic,first,petrol
Honda,6,52000.0,Automatic,first,petrol
Mahindra,9,80000.0,Manual,first,diesel
Toyota,6,151000.0,Automatic,first,diesel
Maruti Suzuki,14,90000.0,Manual,second,petrol
Maruti Suzuki,6,82500.0,Automatic,first,diesel
Maruti Suzuki,16,74000.0,Manual,second,petrol
Tata,13,80000.0,Manual,second,hybrid
Tata,15,13000.0,Manual,second,petrol
Maruti Suzuki,6,30000.0,Manual,second,petrol
Maruti Suzuki,7,142000.0,Automatic,second,hybrid/cng
Maruti Suzuki,5,300000.0,Automatic,second,diesel
Maruti Suzuki,9,45100.0,Manual,first,petrol
Volkswagen,4,46000.0,Manual,first,petrol
Nissan,6,54000.0,Manual,second,hybrid/cng
Mercedes-Benz,10,84000.0,Automatic,second,diesel
Skoda,12,25000.0,Manual,second,petrol
Maruti Suzuki,13,82000.0,Manual,first,petrol
Maruti Suzuki,8,88000.0,Manual,first,petrol
Maruti Suzuki,17,74900.0,Manual,first,petrol
Skoda,7,64000.0,Automatic,second,petrol
Hyundai,13,80000.0,Automatic,second,hybrid/cng
Hyundai,7,118000.0,Manual,second,diesel
Datsun,6,76825.0,Automatic,first,hybrid
Hyundai,1,14000.0,Automatic,first,petrol
Volkswagen,8,83000.0,Automatic,first,petrol
Tata,6,115000.0,Manual,second,diesel
Hyundai,1,70000.0,Automatic,first,hybrid/cng
Hyundai,9,60000.0,Manual,second,hybrid
Maruti Suzuki,7,101000.0,Manual,first,diesel
Hyundai,10,91000.0,Automatic,second,diesel
Renault,4,59000.0,Manual,first,petrol
Renault,4,27800.0,Manual,first,petrol
Maruti Suzuki,15,61000.0,Manual,second,petrol
Mercedes-Benz,2,14000.0,Automatic,first,petrol
Renault,8,88000.0,Automatic,second,petrol
Ford,5,160000.0,Automatic,second,diesel
Honda,16,75000.0,Automatic,second,hybrid
Hyundai,1,13000.0,Automatic,first,petrol
Nissan,3,17000.0,Automatic,first,petrol
Tata,11,64000.0,Manual,second,diesel
Ford,3,59000.0,Automatic,first,diesel
Maruti Suzuki,14,70000.0,Manual,first,petrol
Honda,9,141000.0,Automatic,second,petrol
Maruti Suzuki,14,45000.0,Manual,second,hybrid
Mahindra,3,45000.0,Manual,first,petrol
Maruti Suzuki,5,41000.0,Automatic,first,hybrid/cng
Volkswagen,7,47513.0,Manual,first,petrol
Tata,2,40000.0,Automatic,second,petrol
Ford,13,122361.0,Manual,second,diesel
Maruti Suzuki,8,90000.0,Manual,first,diesel
Tata,1,29000.0,Manual,first,diesel
Tata,0,4500.0,Automatic,first,petrol
Tata,8,26000.0,Automatic,second,petrol
Audi,13,94000.0,Automatic,first,diesel
Maruti Suzuki,11,175000.0,Manual,second,diesel
Jeep,5,42500.0,Manual,second,diesel
Honda,12,300000.0,Automatic,first,hybrid/cng
Maruti Suzuki,3,77000.0,Automatic,second,hybrid
Kia,2,15000.0,Automatic,first,petrol
Honda,11,78000.0,Automatic,second,hybrid/cng
Maruti Suzuki,5,65000.0,Automatic,second,hybrid/cng
Tata,2,9000.0,Manual,first,petrol
Honda,17,96000.0,Automatic,second,hybrid/cng
Volvo,8,115000.0,Automatic,first,diesel
Hyundai,7,79000.0,Automatic,first,petrol
Ford,8,89600.0,Manual,second,diesel
Hyundai,14,57000.0,Manual,second,petrol
BMW,10,87000.0,Automatic,second,diesel
Volkswagen,8,110000.0,Automatic,second,diesel
Toyota,11,135000.0,Manual,second,diesel
Honda,10,64000.0,Manual,first,petrol
Toyota,13,48500.0,Manual,second,petrol
Maruti Suzuki,3,40000.0,Manual,first,hybrid
Maruti Suzuki,12,23200.0,Manual,second,petrol
Audi,9,77000.0,Automatic,second,diesel
Toyota,0,24000.0,Manual,first,diesel
Honda,7,70000.0,Automatic,first,petrol
Maruti Suzuki,6,55644.0,Manual,first,hybrid/cng
Hyundai,5,35000.0,Manual,first,diesel
Maruti Suzuki,3,22864.0,Automatic,first,petrol
Hyundai,14,134368.0,Automatic,second,hybrid/cng
Maruti Suzuki,6,82000.0,Automatic,first,petrol
Toyota,3,72000.0,Manual,first,diesel
Renault,7,65693.0,Manual,second,petrol
Volkswagen,4,300000.0,Manual,second,petrol
Toyota,11,300000.0,Manual,first,hybrid
Audi,11,31000.0,Automatic,second,diesel
Maruti Suzuki,8,60000.0,Automatic,second,petrol
Maruti Suzuki,6,66000.0,Automatic,second,hybrid
Toyota,6,53000.0,Automatic,second,diesel
Honda,10,32000.0,Manual,second,petrol
Hyundai,5,91571.0,Manual,first,petrol
Maruti Suzuki,6,62000.0,Manual,first,petrol
Hyundai,6,49000.0,Manual,second,hybrid
Toyota,10,209000.0,Manual,second,diesel
Hyundai,8,60234.0,Manual,first,hybrid
Maruti Suzuki,9,75000.0,Automatic,second,hybrid
Maruti Suzuki,5,115000.0,Automatic,second,diesel
Hyundai,11,85000.0,Manual,second,diesel
Ford,20,300000.0,Manual,second,petrol
Mahindra,8,44000.0,Manual,second,diesel
Maruti Suzuki,4,98000.0,Manual,second,hybrid/cng
Maruti Suzuki,8,54000.0,Manual,second,hybrid/cng
Honda,9,100000.0,Manual,second,petrol
Maruti Suzuki,0,18950.0,Automatic,first,petrol
Maruti Suzuki,8,78000.0,Manual,second,diesel
Mahindra,4,74000.0,Manual,first,diesel
Ford,12,69000.0,Manual,second,diesel
Maruti Suzuki,7,57215.0,Automatic,first,hybrid/cng
Mercedes-Benz,14,143000.0,Automatic,second,diesel
Mercedes-Benz,11,99500.0,Automatic,second,diesel
Maruti Suzuki,6,72000.0,Automatic,second,petrol
Maruti Suzuki,7,100000.0,Automatic,first,hybrid
Toyota,14,72000.0,Manual,second,petrol
Toyota,15,95000.0,Automatic,second,petrol
Hyundai,6,44500.0,Automatic,second,petrol
Maruti Suzuki,0,2300.0,Manual,first,hybrid
Maruti Suzuki,6,17400.0,Automatic,first,hybrid
Maruti Suzuki,13,70000.0,Manual,second,petrol
Hyundai,14,83000.0,Manual,second,petrol
Skoda,2,22940.0,Manual,first,petrol
Maruti Suzuki,8,90000.0,Automatic,first,hybrid/cng
Mahindra,16,142200.0,Manual,second,diesel
Hyundai,5,68000.0,Manual,first,hybrid
Jeep,1,19780.0,Automatic,first,diesel
Toyota,5,178000.0,Manual,second,diesel
Jaguar,5,17500.0,Automatic,first,petrol
Hyundai,7,57452.0,Manual,first,petrol
Hyundai,8,59817.0,Manual,first,hybrid/cng
Toyota,8,90000.0,Manual,second,diesel
Maruti Suzuki,3,75000.0,Manual,first,petrol
Audi,12,87000.0,Automatic,second,diesel
Renault,3,51000.0,Manual,second,petrol
Mercedes-Benz,10,78000.0,Automatic,first,diesel
Honda,9,69000.0,Automatic,first,hybrid/cng
Mahindra,5,86270.0,Manual,first,diesel
Hyundai,11,56000.0,Manual,second,petrol
Hyundai,12,52000.0,Automatic,first,hybrid
Tata,2,27000.0,Manual,first,diesel
Maruti Suzuki,5,116500.0,Automatic,first,hybrid/cng
Maruti Suzuki,9,72154.0,Manual,second,hybrid
Hyundai,12,300000.0,Manual,first,diesel
Volkswagen,12,68000.0,Manual,second,diesel
Hyundai,4,46000.0,Automatic,first,hybrid/cng
Skoda,6,63000.0,Automatic,first,diesel
Maruti Suzuki,6,19300.0,Manual,first,petrol
Maruti Suzuki,8,66300.0,Manual,second,hybrid
Toyota,6,66000.0,Automatic,first,petrol
Toyota,1,14100.0,Automatic,first,petrol
Toyota,10,68000.0,Automatic,first,hybrid/cng
Hyundai,13,110000.0,Automatic,first,hybrid
Maruti Suzuki,5,33232.0,Manual,first,hybrid
Renault,3,51000.0,Manual,first,petrol
Maruti Suzuki,10,65000.0,Manual,first,hybrid
Maruti Suzuki,11,77000.0,Manual,second,hybrid
Volkswagen,10,136000.0,Manual,second,diesel
Mahindra,12,73000.0,Manual,second,diesel
Hyundai,8,88700.0,Manual,second,petrol
Mahindra,8,200000.0,Automatic,second,diesel
Volkswagen,11,90233.0,Manual,first,diesel
Mahindra,12,85800.0,Manual,first,diesel
Volkswagen,7,90000.0,Manual,second,diesel
Hyundai,14,72000.0,Manual,second,petrol
Maruti Suzuki,9,68000.0,Manual,second,hybrid
Mahindra,1,60000.0,Automatic,first,diesel
Mahindra,12,220000.0,Manual,second,diesel
Tata,8,157000.0,Automatic,second,diesel
Hyundai,6,66000.0,Automatic,second,diesel
Hyundai,5,78000.0,Automatic,first,hybrid/cng
Maruti Suzuki,6,78000.0,Manual,first,diesel
Maruti Suzuki,12,72000.0,Manual,second,hybrid
BMW,6,24000.0,Automatic,first,petrol
Maruti Suzuki,14,100000.0,Automatic,first,hybrid
Hyundai,3,28000.0,Manual,first,petrol
BMW,9,61000.0,Automatic,second,diesel
MG,2,23374.0,Automatic,first,petrol
BMW,8,300000.0,Automatic,second,diesel
Maruti Suzuki,9,104300.0,Manual,second,petrol
Maruti Suzuki,3,300000.0,Manual,first,hybrid/cng
Maruti Suzuki,6,90000.0,Automatic,first,hybrid
Maruti Suzuki,9,80000.0,Manual,second,petrol
Toyota,10,100000.0,Automatic,first,hybrid/cng
Jaguar,4,42000.0,Automatic,second,petrol
Toyota,3,81499.0,Automatic,first,diesel
Land Rover,11,92000.0,Automatic,second,diesel
Mercedes-Benz,8,41000.0,Automatic,second,diesel
Hyundai,15,112000.0,Manual,second,petrol
Maruti Suzuki,14,80000.0,Manual,second,hybrid/cng
Volkswagen,12,61000.0,Manual,second,petrol
Mahindra,7,90000.0,Automatic,second,diesel
Mercedes-Benz,5,210000.0,Automatic,first,diesel
Hyundai,1,4431.0,Manual,first,petrol
Ford,8,85000.0,Automatic,second,petrol
Hyundai,14,80000.0,Automatic,second,hybrid
Maruti Suzuki,12,32000.0,Manual,second,petrol
Maruti Suzuki,6,36000.0,Manual,second,petrol
Maruti Suzuki,2,13000.0,Automatic,second,hybrid
Maruti Suzuki,11,83200.0,Manual,second,hybrid
Hyundai,12,65000.0,Manual,second,hybrid/cng
Maruti Suzuki,5,80000.0,Manual,second,hybrid
Maruti Suzuki,19,85000.0,Automatic,second,petrol
Hyundai,10,72000.0,Manual,first,hybrid
Hyundai,11,150000.0,Automatic,second,diesel
BMW,5,66000.0,Automatic,first,diesel
Kia,4,46000.0,Automatic,first,diesel
Maruti Suzuki,4,48000.0,Manual,first,hybrid/cng
Maruti Suzuki,10,66000.0,Manual,second,petrol
Toyota,8,138625.0,Manual,second,diesel
Mercedes-Benz,7,35000.0,Automatic,first,diesel
Mahindra,2,11000.0,Manual,first,diesel
Toyota,8,75000.0,Manual,first,diesel
Mercedes-Benz,7,72045.0,Automatic,first,diesel
Maruti Suzuki,6,88231.0,Manual,first,hybrid
Maruti Suzuki,17,89000.0,Manual,second,petrol
Maruti Suzuki,9,94000.0,Manual,second,hybrid
Tata,9,51500.0,Manual,second,petrol
Renault,7,61500.0,Manual,second,petrol
Maruti Suzuki,10,34000.0,Automatic,second,petrol
Maruti Suzuki,13,77500.0,Manual,second,petrol
Jeep,5,65976.0,Automatic,first,petrol
Hyundai,13,82000.0,Manual,first,petrol
Maruti Suzuki,6,33000.0,Automatic,second,petrol
Maruti Suzuki,6,80000.0,Automatic,second,diesel
Toyota,7,99000.0,Manual,second,diesel
Maruti Suzuki,10,300000.0,Automatic,second,petrol
Toyota,5,105000.0,Manual,second,diesel
Hyundai,1,113000.0,Automatic,first,petrol
BMW,10,70000.0,Automatic,second,diesel
Nissan,7,78000.0,Automatic,second,petrol
Hyundai,1,4000.0,Manual,first,hybrid
Maruti Suzuki,10,50000.0,Automatic,second,hybrid/cng
Mahindra,1,14500.0,Automatic,first,diesel
Maruti Suzuki,7,78000.0,Manual,first,diesel
Mahindra,7,129000.0,Manual,first,diesel
Honda,14,80000.0,Automatic,first,petrol
Hyundai,5,71000.0,Manual,second,diesel
Honda,7,36000.0,Manual,first,petrol
Hyundai,11,70000.0,Manual,first,petrol
Mercedes-Benz,5,30000.0,Automatic,second,diesel
Volkswagen,5,58082.0,Automatic,first,petrol
Toyota,0,6500.0,Automatic,first,hybrid/cng
Toyota,4,108000.0,Manual,first,diesel
Audi,11,87000.0,Automatic,first,diesel
Mercedes-Benz,9,71700.0,Automatic,second,diesel
Maruti Suzuki,8,25.0,Manual,second,diesel
Maruti Suzuki,4,81000.0,Manual,second,petrol
Mahindra,7,73000.0,Manual,first,diesel
Ford,8,90000.0,Automatic,second,diesel
Mahindra,2,13800.0,Manual,second,diesel
Hyundai,11,64000.0,Manual,first,petrol
Tata,4,28300.0,Manual,second,petrol
Maruti Suzuki,13,103000.0,Automatic,second,hybrid/cng
Honda,11,28500.0,Automatic,second,petrol
BMW,5,300000.0,Automatic,first,diesel
Hyundai,14,82000.0,Manual,second,petrol
Honda,17,115000.0,Manual,second,hybrid/cng
Hyundai,8,42000.0,Manual,first,diesel
Maruti Suzuki,6,56000.0,Manual,second,diesel
Hyundai,9,58000.0,Manual,second,petrol
Hyundai,4,74000.0,Manual,first,diesel
Datsun,5,34000.0,Manual,first,petrol
Mercedes-Benz,4,59000.0,Automatic,second,diesel
Hyundai,11,72000.0,Automatic,second,diesel
Volvo,8,75000.0,Automatic,first,petrol
Maruti Suzuki,10,80000.0,Manual,second,hybrid
Tata,8,58.0,Automatic,second,petrol
Volkswagen,10,99000.0,Manual,first,diesel
Hyundai,16,60000.0,Manual,second,petrol
Maruti Suzuki,7,69000.0,Automatic,first,petrol
Maruti Suzuki,7,68000.0,Manual,second,hybrid/cng
Honda,9,47000.0,Automatic,second,petrol
Maruti Suzuki,10,70123.0,Manual,first,diesel
Maruti Suzuki,15,175000.0,Manual,second,hybrid/cng
Maruti Suzuki,10,71000.0,Automatic,second,petrol
Ford,12,149500.0,Manual,second,diesel
Mercedes-Benz,17,77000.0,Automatic,second,petrol
Honda,7,70000.0,Manual,first,diesel
Maruti Suzuki,2,21500.0,Automatic,first,petrol
Hyundai,4,58000.0,Manual,second,petrol
Mercedes-Benz,3,15650.0,Automatic,first,petrol
Honda,11,43000.0,Manual,first,petrol
Maruti Suzuki,10,65000.0,Manual,first,hybrid/cng
Honda,14,104000.0,Manual,second,petrol
Maruti Suzuki,6,72000.0,Automatic,first,petrol
Nissan,10,78500.0,Automatic,second,hybrid/cng
Toyota,6,158000.0,Automatic,first,diesel
Toyota,6,160000.0,Manual,second,diesel
Maruti Suzuki,5,90000.0,Manual,second,hybrid/cng
Honda,2,32000.0,Automatic,first,hybrid/cng
Maruti Suzuki,14,84000.0,Manual,second,petrol
Maruti Suzuki,8,80926.0,Manual,first,petrol
Mercedes-Benz,11,94000.0,Automatic,second,diesel
Hyundai,5,68580.0,Automatic,second,petrol
Nissan,13,133000.0,Automatic,second,diesel
Maruti Suzuki,1,11293.0,Manual,first,petrol
Maruti Suzuki,4,56000.0,Manual,first,petrol
Hyundai,1,10000.0,Automatic,first,petrol
Hyundai,2,30000.0,Manual,first,petrol
Toyota,10,63000.0,Automatic,second,hybrid/cng
Volkswagen,13,48000.0,Automatic,first,hybrid/cng
Mahindra,16,48000.0,Manual,first,petrol
Hyundai,15,94000.0,Manual,first,petrol
Volkswagen,8,78000.0,Automatic,first,petrol
Tata,6,64000.0,Automatic,first,petrol
Lexus,2,38000.0,Automatic,second,hybrid/cng
Maruti Suzuki,14,39231.0,Manual,first,petrol
BMW,17,70000.0,Automatic,first,petrol
Kia,2,79000.0,Automatic,second,diesel
Hyundai,12,40500.0,Manual,second,hybrid
Nissan,14,300000.0,Manual,first,hybrid/cng
Maruti Suzuki,7,60000.0,Manual,second,petrol
Maruti Suzuki,14,131870.0,Manual,second,petrol
Volkswagen,4,62800.0,Automatic,first,petrol
Hyundai,15,53000.0,Manual,second,petrol
Maruti Suzuki,8,60000.0,Manual,first,petrol
Maruti Suzuki,3,63946.0,Automatic,first,petrol
Mercedes-Benz,7,46000.0,Automatic,second,petrol
Maruti Suzuki,8,101500.0,Manual,second,petrol
Mercedes-Benz,4,80000.0,Automatic,second,petrol
Maruti Suzuki,15,92000.0,Automatic,second,petrol
Mahindra,5,44000.0,Manual,first,diesel
Maruti Suzuki,6,67000.0,Automatic,second,hybrid
Maruti Suzuki,8,76300.0,Manual,first,hybrid
Toyota,3,28000.0,Automatic,second,petrol
Maruti Suzuki,8,49000.0,Automatic,second,petrol
Volkswagen,10,65644.0,Automatic,first,petrol
Fiat,15,79742.0,Manual,second,petrol
Maruti Suzuki,2,39270.0,Automatic,first,petrol
Maruti Suzuki,8,57000.0,Automatic,first,petrol
Hyundai,4,70000.0,Manual,first,diesel
Maruti Suzuki,5,73500.0,Manual,first,hybrid/cng
Maruti Suzuki,15,101000.0,Automatic,second,hybrid
Maruti Suzuki,1,22000.0,Automatic,first,petrol
Volkswagen,13,65000.0,Manual,second,diesel
Hyundai,5,45000.0,Automatic,first,petrol
Tata,6,15000.0,Automatic,first,petrol
Renault,9,300000.0,Manual,first,diesel
Maruti Suzuki,14,45000.0,Manual,second,petrol
Ford,7,69000.0,Automatic,first,diesel
Toyota,3,28000.0,Automatic,second,diesel
Hyundai,7,68000.0,Automatic,first,petrol
Maruti Suzuki,10,58000.0,Automatic,second,petrol
Maruti Suzuki,13,54000.0,Manual,second,petrol
Renault,7,47.0,Automatic,second,petrol
Jeep,7,300000.0,Manual,first,diesel
Hyundai,10,38000.0,Manual,first,petrol
Maruti Suzuki,4,70000.0,Manual,first,hybrid/cng
Volkswagen,13,140000.0,Manual,second,diesel
Toyota,9,86000.0,Automatic,second,diesel
BMW,10,115000.0,Automatic,first,diesel
Jeep,2,17300.0,Automatic,first,petrol
Maruti Suzuki,15,81000.0,Manual,first,petrol
Hyundai,12,125000.0,Manual,first,diesel
Hyundai,8,47167.0,Manual,first,petrol
Hyundai,6,300000.0,Automatic,first,hybrid
Maruti Suzuki,8,72000.0,Automatic,first,petrol
Maruti Suzuki,10,25500.0,Manual,first,diesel
Mahindra,8,112000.0,Automatic,first,diesel
Datsun,6,300000.0,Manual,first,petrol
Honda,9,40000.0,Manual,second,diesel
Land Rover,5,62000.0,Automatic,first,diesel
Volkswagen,8,105000.0,Automatic,second,petrol
Maruti Suzuki,7,64000.0,Automatic,second,hybrid/cng
Maruti Suzuki,17,202000.0,Manual,second,petrol
Honda,9,65000.0,Automatic,first,hybrid/cng
Hyundai,7,68000.0,Manual,second,petrol
Toyota,10,190000.0,Manual,first,diesel
Maruti Suzuki,11,85000.0,Manual,second,diesel
Maruti Suzuki,4,50000.0,Automatic,second,hybrid
Hyundai,2,38000.0,Manual,first,petrol
Hyundai,12,90000.0,Automatic,second,hybrid
Toyota,8,103000.0,Manual,second,diesel
Maruti Suzuki,9,110000.0,Manual,first,petrol
Toyota,9,74000.0,Automatic,second,petrol
Toyota,1,18500.0,Automatic,first,hybrid/cng
Volkswagen,8,24000.0,Automatic,first,petrol
Audi,11,99000.0,Automatic,first,diesel
Hyundai,8,74500.0,Manual,first,diesel
Maruti Suzuki,9,68000.0,Manual,first,hybrid/cng
Maruti Suzuki,4,70000.0,Automatic,first,hybrid
Mahindra,11,100003.0,Manual,second,diesel
Maruti Suzuki,3,110085.0,Automatic,second,hybrid/cng
Ford,6,58000.0,Manual,first,diesel
Honda,9,52000.0,Automatic,first,petrol
Maruti Suzuki,13,120000.0,Manual,second,diesel
Maruti Suzuki,3,71000.0,Manual,first,petrol
Tata,8,123000.0,Manual,second,diesel
Hyundai,12,111.0,Automatic,first,hybrid/cng
Tata,11,20000.0,Manual,first,petrol
Kia,4,65000.0,Manual,first,diesel
Maruti Suzuki,3,66000.0,Manual,first,hybrid/cng
Maruti Suzuki,6,73748.0,Automatic,first,hybrid
Maruti Suzuki,0,30000.0,Automatic,first,hybrid
Maruti Suzuki,9,123456.0,Manual,first,hybrid
Maruti Suzuki,5,51000.0,Automatic,first,petrol
Hyundai,3,66000.0,Automatic,first,petrol
Maruti Suzuki,12,66000.0,Manual,second,petrol
Honda,6,85000.0,Manual,first,diesel
Mercedes-Benz,5,40000.0,Automatic,first,diesel
Hyundai,7,47000.0,Automatic,first,diesel
Hyundai,10,62000.0,Manual,first,petrol
Mahindra,8,55000.0,Automatic,first,diesel
Tata,10,114109.0,Manual,second,diesel
Maruti Suzuki,13,95000.0,Manual,second,hybrid/cng
Toyota,9,123580.0,Manual,second,diesel
Mahindra,7,300000.0,Manual,first,diesel
Hyundai,10,89000.0,Manual,second,petrol
Mini,9,300000.0,Automatic,first,diesel
Volkswagen,8,81000.0,Manual,first,petrol
Maruti Suzuki,8,25.0,Automatic,second,hybrid/cng
Maruti Suzuki,6,155085.0,Automatic,second,hybrid
Toyota,11,180000.0,Manual,second,diesel
Maruti Suzuki,10,145999.0,Manual,first,diesel
Maruti Suzuki,1,15000.0,Manual,first,petrol
Renault,5,45610.0,Automatic,first,petrol
Audi,7,100000.0,Automatic,second,diesel
Maruti Suzuki,7,300000.0,Automatic,second,hybrid/cng
Maruti Suzuki,17,85000.0,Manual,second,petrol
Hyundai,6,64000.0,Manual,second,diesel
Honda,6,55000.0,Automatic,first,hybrid
Ford,6,300000.0,Manual,first,diesel
Honda,13,85000.0,Automatic,second,hybrid
Hyundai,5,70000.0,Manual,second,diesel
Honda,10,72000.0,Automatic,first,petrol
Honda,9,21000.0,Automatic,first,hybrid
BMW,12,78000.0,Automatic,second,diesel
Hyundai,7,44000.0,Automatic,first,hybrid
Toyota,6,52000.0,Automatic,first,diesel
Renault,7,74800.0,Manual,second,petrol
Maruti Suzuki,12,128835.0,Manual,first,petrol
Tata,5,300000.0,Manual,first,petrol
Honda,12,92000.0,Automatic,first,hybrid
Ford,10,87000.0,Manual,second,petrol
Maruti Suzuki,4,32000.0,Manual,first,petrol
Hyundai,16,113000.0,Manual,second,petrol
Mahindra,8,85000.0,Manual,second,diesel
Hyundai,7,70000.0,Manual,first,diesel
Maruti Suzuki,6,82000.0,Automatic,first,hybrid
Hyundai,9,70000.0,Automatic,second,petrol
Porsche,10,70000.0,Automatic,second,petrol
MG,5,57000.0,Manual,first,diesel
Mercedes-Benz,9,70000.0,Automatic,second,diesel
Honda,6,58960.0,Manual,first,diesel
Skoda,11,72000.0,Automatic,first,petrol
Hyundai,13,78600.0,Manual,second,petrol
Ford,10,62200.0,Manual,second,hybrid
Mercedes-Benz,8,67500.0,Automatic,second,petrol
Maruti Suzuki,3,53517.0,Manual,first,petrol
Maruti Suzuki,5,262470.0,Automatic,first,hybrid
Maruti Suzuki,9,100000.0,Manual,second,hybrid
Ssangyong,11,59000.0,Automatic,second,diesel
Maruti Suzuki,5,70000.0,Manual,first,hybrid
Hyundai,4,76500.0,Manual,first,petrol
Mahindra,8,90000.0,Automatic,first,diesel
Hyundai,9,78000.0,Manual,second,petrol
Toyota,13,91000.0,Manual,first,petrol
Tata,5,66760.0,Automatic,first,petrol
Skoda,7,68000.0,Automatic,second,petrol
Skoda,14,45000.0,Manual,second,petrol
Mahindra,3,116000.0,Manual,first,diesel
Maruti Suzuki,3,13000.0,Manual,second,petrol
Maruti Suzuki,3,29000.0,Automatic,first,petrol
Maruti Suzuki,5,34000.0,Manual,second,hybrid
Honda,10,62000.0,Manual,first,hybrid/cng
Hyundai,15,70000.0,Manual,second,petrol
Hyundai,11,42900.0,Automatic,first,hybrid/cng
Skoda,9,99000.0,Automatic,second,petrol
Maruti Suzuki,9,10.0,Manual,second,hybrid/cng
Renault,6,37000.0,Automatic,second,petrol
Maruti Suzuki,7,116000.0,Manual,first,diesel
Force,1,9900.0,Manual,first,diesel
Maruti Suzuki,6,75000.0,Automatic,second,diesel
Maruti Suzuki,6,82000.0,Manual,first,hybrid
Fiat,15,76000.0,Manual,first,petrol
Toyota,3,75000.0,Automatic,first,diesel
Mercedes-Benz,11,89000.0,Automatic,second,diesel
Hyundai,1,45000.0,Automatic,first,petrol
Hyundai,9,290000.0,Manual,second,petrol
Hyundai,6,75000.0,Manual,second,hybrid/cng
Hyundai,10,137000.0,Manual,second,diesel
Hyundai,12,85000.0,Automatic,first,hybrid
Mahindra,8,70000.0,Manual,first,petrol
Audi,12,79000.0,Automatic,second,diesel
Hyundai,12,131000.0,Automatic,first,diesel
Maruti Suzuki,8,63000.0,Automatic,second,petrol
BMW,8,71000.0,Automatic,second,diesel
Ford,9,134000.0,Manual,second,diesel
Chevrolet,19,123523.0,Manual,second,diesel
BMW,6,42000.0,Automatic,first,diesel
Maruti Suzuki,7,90000.0,Automatic,second,hybrid
Land Rover,5,48000.0,Automatic,first,diesel
Mahindra,3,59642.0,Manual,first,diesel
Hyundai,15,64000.0,Manual,second,petrol
Mahindra,8,87000.0,Manual,second,diesel
Ford,7,123000.0,Manual,first,diesel
Audi,5,23400.0,Automatic,second,petrol
Maruti Suzuki,2,39000.0,Automatic,first,petrol
Toyota,9,197000.0,Automatic,first,diesel
Mahindra,6,95000.0,Manual,second,diesel
Renault,7,60000.0,Automatic,first,petrol
BMW,7,59000.0,Automatic,first,diesel
Toyota,16,117815.0,Manual,first,diesel
Honda,12,45000.0,Manual,first,petrol
Mahindra,4,109300.0,Manual,first,diesel
Maruti Suzuki,2,27000.0,Automatic,first,hybrid/cng
Maruti Suzuki,3,54000.0,Manual,first,hybrid/cng
Audi,8,75000.0,Automatic,second,diesel
Hyundai,3,22000.0,Manual,second,petrol
Maruti Suzuki,11,80000.0,Manual,second,petrol
Hyundai,6,81000.0,Automatic,first,hybrid/cng
Hyundai,3,78000.0,Manual,second,diesel
Kia,2,25000.0,Automatic,first,petrol
Toyota,9,88000.0,Automatic,second,diesel
Hyundai,2,75000.0,Manual,first,diesel
Mahindra,2,14000.0,Automatic,first,petrol
Mahindra,3,55000.0,Automatic,first,petrol
Maruti Suzuki,2,80000.0,Automatic,first,hybrid
Audi,2,9000.0,Automatic,first,petrol
Maruti Suzuki,8,56000.0,Manual,second,petrol
Kia,5,61000.0,Automatic,first,petrol
Hyundai,13,80000.0,Manual,second,petrol
Kia,4,86000.0,Automatic,first,diesel
Maruti Suzuki,6,19000.0,Manual,first,petrol
Toyota,12,51000.0,Automatic,second,hybrid/cng
Hyundai,8,230000.0,Manual,first,petrol
Tata,1,12000.0,Manual,second,petrol
Maruti Suzuki,7,95000.0,Automatic,second,hybrid
Skoda,13,153226.0,Automatic,second,diesel
Honda,14,189000.0,Manual,first,hybrid/cng
Toyota,9,100000.0,Manual,second,diesel
Mahindra,3,88200.0,Manual,first,diesel
Maruti Suzuki,2,12000.0,Manual,first,petrol
Jaguar,9,50000.0,Automatic,first,diesel
Hyundai,7,35000.0,Manual,first,petrol
Hyundai,8,150000.0,Automatic,first,hybrid
Tata,4,12600.0,Manual,first,petrol
Tata,6,14000.0,Manual,second,petrol
Toyota,8,45250.0,Manual,second,petrol
Tata,7,22000.0,Manual,second,diesel
Maruti Suzuki,10,83000.0,Manual,first,hybrid/cng
Hyundai,7,32500.0,Manual,second,petrol
Honda,7,45730.0,Automatic,second,hybrid
Mahindra,10,110000.0,Manual,first,diesel
Maruti Suzuki,6,90000.0,Manual,first,diesel
Maruti Suzuki,7,44000.0,Automatic,first,petrol
Maruti Suzuki,8,60000.0,Manual,second,hybrid/cng
Maruti Suzuki,13,78300.0,Manual,first,hybrid
Audi,9,64000.0,Automatic,second,diesel
Maruti Suzuki,6,286000.0,Automatic,first,hybrid/cng
Hyundai,11,99000.0,Manual,second,petrol
MG,4,79000.0,Manual,first,diesel
Hyundai,6,77000.0,Manual,second,diesel
Toyota,8,118000.0,Automatic,first,petrol
Mercedes-Benz,8,96000.0,Automatic,second,diesel
Ford,3,11400.0,Manual,second,petrol
Mercedes-Benz,10,75000.0,Automatic,second,diesel
Honda,9,72000.0,Manual,first,petrol
Honda,14,69.0,Automatic,second,hybrid/cng
Maruti Suzuki,7,70000.0,Automatic,first,hybrid
Hyundai,9,72000.0,Manual,second,hybrid
Ford,4,41000.0,Manual,second,petrol
Renault,5,61000.0,Automatic,second,petrol
Ford,7,87000.0,Automatic,second,diesel
Maruti Suzuki,10,77500.0,Automatic,second,petrol
Mercedes-Benz,1,11000.0,Automatic,first,diesel
Mahindra,9,55000.0,Manual,second,diesel
Mahindra,13,124000.0,Manual,first,diesel
MG,4,96000.0,Manual,first,diesel
Mahindra,9,46000.0,Manual,second,diesel
Ford,16,89000.0,Manual,first,hybrid
Mahindra,10,180000.0,Manual,first,diesel
Maruti Suzuki,8,50400.0,Automatic,second,hybrid
Maruti Suzuki,15,62000.0,Manual,second,petrol
Maruti Suzuki,12,74000.0,Manual,first,hybrid
Honda,15,120000.0,Manual,second,petrol
Chevrolet,16,38319.0,Manual,second,petrol
Mahindra,2,18900.0,Automatic,first,petrol
Volkswagen,8,149000.0,Manual,second,diesel
Maruti Suzuki,0,35000.0,Automatic,first,hybrid/cng
Skoda,6,111000.0,Automatic,first,diesel
Hyundai,9,91000.0,Manual,second,hybrid
Hyundai,5,39000.0,Automatic,second,hybrid/cng
Mercedes-Benz,6,60000.0,Automatic,second,diesel
Maruti Suzuki,9,170000.0,Manual,second,diesel
Hyundai,5,73000.0,Manual,first,hybrid
Volvo,6,85000.0,Automatic,second,diesel
Toyota,3,55000.0,Automatic,second,diesel
Hyundai,5,300000.0,Manual,first,petrol
Maruti Suzuki,13,132000.0,Manual,second,petrol
Mercedes-Benz,9,128000.0,Automatic,second,diesel
Honda,5,77285.0,Automatic,second,petrol
Maruti Suzuki,5,66000.0,Automatic,first,hybrid/cng
Hyundai,17,85000.0,Automatic,second,hybrid
Maruti Suzuki,9,71000.0,Manual,first,petrol
Maruti Suzuki,10,65000.0,Manual,second,hybrid
BMW,12,72000.0,Automatic,second,diesel
Hyundai,7,78000.0,Manual,second,diesel
Mahindra,12,100000.0,Automatic,second,diesel
Chevrolet,11,50000.0,Manual,second,hybrid/cng
Land Rover,4,53500.0,Automatic,second,diesel
Maruti Suzuki,5,110000.0,Automatic,first,hybrid
Maruti Suzuki,4,75000.0,Automatic,second,hybrid/cng
Ford,7,61101.0,Manual,second,hybrid/cng
Honda,9,75000.0,Manual,first,diesel
Maruti Suzuki,3,55110.0,Automatic,first,hybrid/cng
Mitsubishi,13,130000.0,Automatic,second,petrol
Mercedes-Benz,10,119000.0,Automatic,first,diesel
Volkswagen,6,74000.0,Automatic,second,petrol
Honda,10,59000.0,Manual,first,petrol
Mercedes-Benz,10,56000.0,Automatic,second,petrol
Hyundai,2,27000.0,Automatic,second,petrol
Hyundai,5,72000.0,Automatic,first,petrol
Toyota,3,30000.0,Automatic,second,petrol
Honda,9,81000.0,Manual,second,petrol
Mercedes-Benz,8,93000.0,Automatic,first,diesel
Maruti Suzuki,0,12000.0,Manual,first,petrol
Kia,3,52000.0,Automatic,first,diesel
Hyundai,6,78000.0,Manual,first,diesel
Hyundai,2,16000.0,Automatic,first,petrol
Maruti Suzuki,1,45000.0,Automatic,first,hybrid/cng
Toyota,8,115000.0,Automatic,second,petrol
Maruti Suzuki,10,75000.0,Manual,first,petrol
Maruti Suzuki,10,75666.0,Manual,second,hybrid/cng
Kia,3,35000.0,Automatic,first,diesel
Renault,7,24000.0,Automatic,second,hybrid/cng
Toyota,14,182000.0,Manual,second,diesel
Maruti Suzuki,8,43000.0,Manual,second,hybrid/cng
Jeep,7,74500.0,Manual,first,diesel
Skoda,10,80000.0,Automatic,first,diesel
BMW,10,136000.0,Automatic,second,diesel
Hyundai,15,90000.0,Manual,second,petrol
Hyundai,9,79000.0,Manual,first,petrol
Hyundai,11,59000.0,Manual,second,petrol
Hyundai,9,86090.0,Manual,second,hybrid
Mahindra,7,125000.0,Automatic,first,diesel
Maruti Suzuki,14,75000.0,Manual,second,hybrid
Toyota,10,185000.0,Manual,second,diesel
Volkswagen,12,85000.0,Automatic,second,diesel
Maruti Suzuki,2,22000.0,Manual,first,hybrid
Mercedes-Benz,2,42000.0,Automatic,first,diesel
Tata,4,52252.0,Manual,first,hybrid/cng
Hyundai,12,71000.0,Automatic,second,petrol
Hyundai,2,8500.0,Automatic,first,petrol
Toyota,5,39000.0,Automatic,second,diesel
Maruti Suzuki,4,87000.0,Manual,second,hybrid/cng
Maruti Suzuki,7,53000.0,Manual,first,hybrid/cng
Toyota,8,130000.0,Automatic,second,petrol
Mahindra,10,91000.0,Manual,second,diesel
Hyundai,10,77000.0,Manual,first,petrol
Toyota,4,45000.0,Automatic,first,diesel
Hyundai,14,87000.0,Manual,second,diesel
Maruti Suzuki,2,33000.0,Automatic,first,petrol
Tata,7,39629.0,Automatic,first,petrol
Hyundai,6,45238.0,Manual,second,diesel
Honda,7,63000.0,Manual,second,diesel
Maruti Suzuki,3,100000.0,Automatic,second,petrol
Kia,1,37000.0,Automatic,first,diesel
Volvo,7,77643.0,Automatic,second,diesel
Hyundai,4,43000.0,Manual,first,petrol
Honda,16,82700.0,Manual,second,petrol
Maruti Suzuki,9,98000.0,Automatic,second,diesel
Jeep,6,14800.0,Automatic,first,petrol
Chevrolet,14,75000.0,Manual,second,diesel
Hyundai,5,100000.0,Manual,first,diesel
Hyundai,10,86000.0,Manual,second,diesel
Honda,8,45135.0,Manual,second,petrol
Honda,8,300000.0,Automatic,second,petrol
Hyundai,7,41000.0,Automatic,first,hybrid/cng
Hyundai,15,115000.0,Automatic,second,hybrid/cng
Volkswagen,4,35000.0,Automatic,first,petrol
Maruti Suzuki,5,59000.0,Manual,first,hybrid/cng
Mahindra,8,85000.0,Manual,second,diesel
Hyundai,8,90000.0,Manual,second,petrol
Toyota,8,147000.0,Manual,second,diesel
Maruti Suzuki,4,84000.0,Manual,first,petrol
Renault,6,70000.0,Manual,first,petrol
Maruti Suzuki,5,78000.0,Manual,first,diesel
Kia,3,84000.0,Automatic,first,petrol
Hyundai,4,35000.0,Automatic,first,petrol
Maruti Suzuki,11,57899.0,Manual,second,petrol
Volvo,5,40000.0,Automatic,first,diesel
Maruti Suzuki,12,65000.0,Manual,first,hybrid/cng
Maruti Suzuki,5,32000.0,Automatic,second,petrol
Maruti Suzuki,6,58000.0,Automatic,second,petrol
Honda,13,300000.0,Automatic,second,hybrid
Hyundai,16,140000.0,Manual,second,petrol
Maruti Suzuki,6,130000.0,Manual,second,petrol
Maruti Suzuki,6,92200.0,Automatic,second,hybrid
Maruti Suzuki,19,167400.0,Automatic,second,hybrid
Maruti Suzuki,2,40000.0,Automatic,first,diesel
Maruti Suzuki,9,92000.0,Manual,first,diesel
Maruti Suzuki,6,55000.0,Manual,first,diesel
Hyundai,13,69298.0,Manual,second,petrol
Maruti Suzuki,12,69000.0,Manual,second,petrol
Maruti Suzuki,8,96000.0,Manual,second,diesel
Mitsubishi,10,150000.0,Manual,second,diesel
Toyota,8,180000.0,Automatic,second,diesel
Toyota,6,74000.0,Manual,second,diesel
Maruti Suzuki,3,22949.0,Automatic,second,petrol
Volkswagen,2,40000.0,Manual,second,petrol
BMW,3,30600.0,Automatic,first,petrol
Toyota,11,87000.0,Manual,first,petrol
Maruti Suzuki,2,38000.0,Manual,second,hybrid
Maruti Suzuki,0,36960.0,Manual,first,hybrid
Hyundai,8,300000.0,Manual,first,petrol
Honda,14,93500.0,Manual,second,petrol
Hyundai,10,69000.0,Manual,second,hybrid/cng
Jeep,4,20000.0,Manual,first,petrol
Maruti Suzuki,22,80000.0,Manual,second,petrol
Renault,10,128000.0,Manual,second,diesel
Honda,7,47000.0,Automatic,second,petrol
Maruti Suzuki,13,40000.0,Manual,second,petrol
Mercedes-Benz,4,54000.0,Automatic,second,petrol
Hyundai,7,84000.0,Automatic,second,hybrid/cng
Maruti Suzuki,2,11000.0,Manual,first,hybrid/cng
Hyundai,10,57000.0,Manual,second,petrol
Honda,17,130000.0,Automatic,second,hybrid/cng
Hyundai,4,35000.0,Automatic,second,petrol
Ford,10,89500.0,Manual,second,diesel
Honda,2,19600.0,Manual,second,petrol
Honda,5,62000.0,Manual,first,hybrid
Hyundai,15,65000.0,Automatic,second,hybrid
Toyota,7,62000.0,Manual,second,hybrid
MG,4,40000.0,Automatic,first,petrol
Tata,12,85000.0,Manual,second,diesel
Toyota,5,55000.0,Automatic,first,petrol
Porsche,5,140000.0,Automatic,first,petrol
Maruti Suzuki,14,195000.0,Manual,second,petrol
Tata,4,300000.0,Automatic,second,diesel
Hyundai,8,85000.0,Automatic,first,petrol
Maruti Suzuki,8,80000.0,Manual,first,petrol
Volkswagen,1,31403.0,Automatic,second,petrol
Audi,7,52000.0,Automatic,first,petrol
Tata,11,110000.0,Manual,second,diesel
Volkswagen,7,67000.0,Manual,second,petrol
Nissan,1,30000.0,Manual,first,petrol
Ford,7,121600.0,Manual,second,diesel
Skoda,3,300000.0,Manual,first,petrol
Volvo,7,98000.0,Automatic,second,diesel
Hyundai,10,125000.0,Automatic,second,diesel
Mahindra,4,52000.0,Automatic,first,diesel
Hyundai,8,89000.0,Automatic,second,hybrid
Hyundai,17,75000.0,Manual,second,petrol
Mitsubishi,9,87000.0,Automatic,second,diesel
BMW,7,90000.0,Automatic,second,diesel
Honda,4,39000.0,Automatic,first,petrol
Maruti Suzuki,11,77000.0,Manual,second,hybrid
Datsun,6,38000.0,Automatic,first,petrol
Maruti Suzuki,6,83500.0,Automatic,first,diesel
Toyota,16,10000.0,Automatic,second,hybrid/cng
Hyundai,2,36000.0,Automatic,first,diesel
Honda,6,93000.0,Automatic,first,hybrid
Mahindra,13,127000.0,Manual,second,diesel
Kia,5,39000.0,Manual,first,petrol
Kia,4,46000.0,Automatic,first,diesel
Maruti Suzuki,9,125000.0,Automatic,second,petrol
Tata,14,78960.0,Manual,first,petrol
Hyundai,7,86000.0,Automatic,second,hybrid
Honda,6,103000.0,Manual,first,diesel
Honda,6,52000.0,Automatic,second,hybrid
Maruti Suzuki,6,137000.0,Manual,first,diesel
Maruti Suzuki,10,23.0,Automatic,second,diesel
Hyundai,6,50000.0,Manual,first,petrol
Hyundai,2,24000.0,Manual,second,petrol
Maruti Suzuki,19,91000.0,Manual,second,petrol
Hyundai,3,34300.0,Manual,first,hybrid/cng
Maruti Suzuki,4,300000.0,Automatic,first,petrol
Hyundai,14,78000.0,Manual,first,hybrid/cng
Maruti Suzuki,7,90000.0,Automatic,first,petrol
Maruti Suzuki,7,108000.0,Manual,second,diesel
Maruti Suzuki,16,100000.0,Manual,first,hybrid
Lexus,5,28794.0,Automatic,first,hybrid
Hyundai,22,150000.0,Manual,second,petrol
BMW,15,134000.0,Automatic,second,diesel
Volvo,6,110000.0,Automatic,first,diesel
Toyota,7,89000.0,Automatic,second,diesel
Honda,13,61000.0,Manual,second,petrol
Hyundai,12,86000.0,Manual,second,hybrid
Maruti Suzuki,11,82215.0,Manual,second,hybrid
Maruti Suzuki,8,72000.0,Manual,first,hybrid
Toyota,7,140000.0,Automatic,first,diesel
BMW,8,50000.0,Automatic,second,diesel
Mahindra,4,72586.0,Manual,first,diesel
Mahindra,9,145000.0,Manual,second,diesel
Hyundai,5,38000.0,Automatic,first,petrol
Tata,8,98000.0,Manual,first,petrol
Toyota,10,111000.0,Manual,second,diesel
Hyundai,5,28000.0,Automatic,first,petrol
Ford,6,36000.0,Manual,second,hybrid
Mahindra,7,114000.0,Manual,second,diesel
Honda,6,79000.0,Automatic,first,hybrid
Maruti Suzuki,5,32000.0,Manual,second,petrol
Hyundai,17,100.0,Manual,first,petrol
Volkswagen,13,67000.0,Automatic,second,hybrid/cng
Hyundai,6,180000.0,Manual,first,hybrid/cng
Maruti Suzuki,1,6200.0,Manual,first,petrol
Mahindra,1,5000.0,Automatic,first,diesel
Volkswagen,9,50000.0,Manual,second,diesel
Maruti Suzuki,5,67000.0,Manual,first,hybrid
Maruti Suzuki,10,57862.0,Manual,second,petrol
Honda,8,38000.0,Automatic,second,petrol
Toyota,9,155000.0,Automatic,second,diesel
Hyundai,7,58789.0,Manual,first,diesel
Hyundai,11,64205.0,Automatic,second,hybrid
Hyundai,4,42000.0,Manual,second,diesel
Chevrolet,11,50000.0,Manual,second,petrol
Honda,7,56000.0,Manual,first,diesel
Land Rover,9,75000.0,Automatic,first,diesel
Ford,11,70400.0,Manual,second,diesel
Maruti Suzuki,5,15000.0,Automatic,second,petrol
Hyundai,8,101984.0,Manual,second,petrol
Honda,7,42000.0,Automatic,second,petrol
Maruti Suzuki,3,85000.0,Manual,first,hybrid
Honda,7,144000.0,Manual,first,diesel
Hyundai,11,60000.0,Manual,second,petrol
Hyundai,13,75000.0,Manual,second,hybrid
Hyundai,6,28000.0,Automatic,first,hybrid
Maruti Suzuki,1,9000.0,Manual,first,petrol
Mercedes-Benz,9,300000.0,Automatic,first,diesel
Hyundai,6,60000.0,Automatic,second,diesel
Maruti Suzuki,10,51000.0,Manual,second,petrol
Maruti Suzuki,0,3900.0,Automatic,first,petrol
Honda,2,11000.0,Automatic,first,petrol
Mahindra,1,5000.0,Automatic,second,diesel
Mahindra,2,26000.0,Automatic,first,diesel
Audi,9,25000.0,Automatic,first,diesel
Renault,3,89000.0,Automatic,second,hybrid
Maruti Suzuki,5,112000.0,Manual,first,diesel
Maruti Suzuki,10,50000.0,Automatic,second,hybrid
Toyota,1,50000.0,Automatic,first,hybrid
Mahindra,11,105000.0,Automatic,second,diesel
Hyundai,3,40500.0,Automatic,first,petrol
Mahindra,1,79000.0,Manual,first,diesel
Ford,5,63988.0,Automatic,first,diesel
Ford,8,56000.0,Automatic,second,diesel
Maruti Suzuki,11,16231.0,Manual,first,petrol
Toyota,6,200000.0,Automatic,second,diesel
Mahindra,12,86283.0,Manual,second,diesel
Mahindra,11,49200.0,Manual,first,diesel
Honda,8,40000.0,Manual,first,petrol
Ford,11,99000.0,Manual,first,diesel
Maruti Suzuki,0,11000.0,Automatic,first,petrol
Honda,5,52000.0,Manual,first,hybrid
Mahindra,8,96000.0,Manual,first,diesel
Maruti Suzuki,6,55000.0,Manual,first,hybrid/cng
Toyota,18,191000.0,Manual,first,diesel
Honda,6,84858.0,Automatic,second,petrol
Volkswagen,12,73000.0,Automatic,second,petrol
Hyundai,13,59800.0,Manual,first,hybrid/cng
Maruti Suzuki,5,37000.0,Manual,second,hybrid/cng
Hyundai,4,70000.0,Manual,first,hybrid/cng
Skoda,2,26000.0,Automatic,first,petrol
BMW,6,41000.0,Automatic,second,diesel
Mercedes-Benz,8,53000.0,Automatic,first,diesel
Honda,6,124000.0,Manual,first,diesel
Honda,5,50000.0,Manual,second,petrol
Mercedes-Benz,5,20000.0,Automatic,first,diesel
Tata,5,49000.0,Automatic,first,petrol
Renault,8,30000.0,Automatic,second,petrol
Honda,15,76000.0,Automatic,second,petrol
Maruti Suzuki,14,92000.0,Manual,first,petrol
Honda,8,62091.0,Automatic,second,petrol
Honda,10,68569.0,Manual,second,diesel
Tata,5,57000.0,Manual,first,petrol
Maruti Suzuki,11,85000.0,Manual,second,petrol
Mahindra,3,28500.0,Automatic,second,petrol
Hyundai,3,62457.0,Manual,first,hybrid/cng
Mahindra,11,80000.0,Automatic,second,diesel
Bajaj,17,1500.0,Automatic,first,hybrid/cng
Mahindra,7,169450.0,Automatic,first,diesel
Honda,7,55000.0,Manual,second,petrol
Toyota,15,75000.0,Manual,second,hybrid/cng
Toyota,8,175000.0,Automatic,first,diesel
Jaguar,11,97763.0,Automatic,second,diesel
Hyundai,10,81000.0,Manual,second,hybrid/cng
Porsche,1,11000.0,Automatic,first,petrol
Maruti Suzuki,7,70000.0,Automatic,second,hybrid
Maruti Suzuki,0,19000.0,Manual,first,petrol
Hyundai,14,75000.0,Manual,second,petrol
Maruti Suzuki,12,74000.0,Manual,first,petrol
Renault,5,94000.0,Automatic,first,petrol
Honda,11,69000.0,Manual,first,petrol
Hyundai,7,82000.0,Automatic,first,diesel
Maruti Suzuki,9,65000.0,Automatic,second,hybrid/cng
Maruti Suzuki,9,62000.0,Automatic,second,hybrid/cng
Maruti Suzuki,10,48000.0,Automatic,first,hybrid
Hyundai,5,39000.0,Manual,first,hybrid/cng
Chevrolet,9,116000.0,Automatic,second,diesel
Maruti Suzuki,3,40000.0,Manual,first,petrol
Maruti Suzuki,6,64344.0,Automatic,first,petrol
Toyota,6,72000.0,Automatic,second,diesel
Hyundai,12,65165.0,Manual,second,hybrid/cng
Hyundai,7,70000.0,Manual,second,petrol
Maruti Suzuki,1,35000.0,Automatic,first,hybrid/cng
Maruti Suzuki,7,300000.0,Manual,first,hybrid/cng
Maruti Suzuki,6,72000.0,Manual,second,hybrid/cng
Toyota,1,58000.0,Automatic,first,hybrid
Honda,6,66000.0,Automatic,second,hybrid/cng
Hyundai,9,75000.0,Manual,second,hybrid/cng
Renault,5,39892.0,Manual,first,petrol
Maruti Suzuki,7,20000.0,Automatic,first,petrol
Maruti Suzuki,6,40100.0,Automatic,first,petrol
Tata,6,94100.0,Manual,second,hybrid
Maruti Suzuki,4,42000.0,Manual,second,petrol
MG,4,48000.0,Automatic,first,petrol
Tata,4,69000.0,Automatic,first,petrol
Volkswagen,8,120000.0,Manual,first,diesel
Skoda,15,100000.0,Manual,second,diesel
Toyota,18,78374.0,Manual,second,hybrid/cng
BMW,3,35061.0,Automatic,first,diesel
Maruti Suzuki,13,20.0,Manual,second,petrol
Toyota,12,115000.0,Manual,second,diesel
Toyota,6,69000.0,Automatic,second,petrol
Ford,8,105000.0,Automatic,second,diesel
Maruti Suzuki,13,78000.0,Manual,second,hybrid
Jeep,5,300000.0,Automatic,second,petrol
Maruti Suzuki,0,2000.0,Manual,first,hybrid/cng
Maruti Suzuki,5,65000.0,Manual,first,petrol
Toyota,10,90000.0,Automatic,second,diesel
Hyundai,15,70000.0,Automatic,second,petrol
Honda,8,47179.0,Manual,second,petrol
Toyota,9,195000.0,Automatic,first,diesel
Maruti Suzuki,6,57125.0,Manual,first,hybrid/cng
Mercedes-Benz,6,46000.0,Automatic,first,diesel
Tata,2,17800.0,Automatic,first,diesel
BMW,1,70000.0,Automatic,first,petrol
Hyundai,9,58000.0,Manual,second,hybrid
Hyundai,13,60000.0,Manual,second,petrol
Maruti Suzuki,8,62125.0,Manual,second,hybrid/cng
Maruti Suzuki,2,58000.0,Manual,first,hybrid/cng
Renault,5,50000.0,Manual,second,petrol
Kia,5,78000.0,Automatic,first,diesel
Ford,9,89000.0,Automatic,second,hybrid/cng
Maruti Suzuki,6,32000.0,Manual,first,diesel
Toyota,10,120000.0,Automatic,second,hybrid
Maruti Suzuki,9,111000.0,Manual,first,hybrid/cng
Mercedes-Benz,6,31000.0,Automatic,second,diesel
Maruti Suzuki,6,42000.0,Automatic,first,petrol
Honda,3,30000.0,Manual,first,petrol
Maruti Suzuki,7,75000.0,Automatic,first,hybrid/cng
Nissan,5,56000.0,Manual,second,petrol
Maruti Suzuki,6,63000.0,Automatic,first,hybrid
Honda,10,80000.0,Manual,first,diesel
Ford,8,113546.0,Automatic,second,petrol
Honda,0,4100.0,Automatic,first,petrol
Hyundai,9,25000.0,Automatic,first,petrol
Hyundai,13,78630.0,Manual,first,hybrid/cng
Skoda,6,104000.0,Automatic,first,petrol
Honda,9,94000.0,Manual,first,diesel
Maruti Suzuki,11,65000.0,Automatic,second,hybrid
Maruti Suzuki,11,102000.0,Automatic,second,hybrid
Renault,7,45000.0,Manual,second,petrol
Hyundai,8,80000.0,Automatic,second,petrol
Maruti Suzuki,1,9990.0,Automatic,first,hybrid/cng
Maruti Suzuki,8,135000.0,Manual,second,diesel
Maruti Suzuki,5,27000.0,Manual,second,petrol
Maruti Suzuki,14,76000.0,Manual,second,petrol
Audi,15,85120.0,Automatic,second,petrol
Nissan,2,18000.0,Manual,first,petrol
Hyundai,7,30000.0,Manual,second,petrol
Maruti Suzuki,1,19000.0,Manual,first,petrol
Maruti Suzuki,9,76000.0,Automatic,second,petrol
Maruti Suzuki,9,69000.0,Automatic,first,petrol
Renault,8,80000.0,Automatic,second,diesel
Toyota,0,1900.0,Automatic,first,hybrid/cng
Datsun,7,84520.0,Manual,second,hybrid
Maruti Suzuki,6,53000.0,Manual,first,hybrid
Hyundai,5,19000.0,Automatic,first,petrol
Hyundai,9,104000.0,Automatic,second,hybrid/cng
Hyundai,5,61000.0,Automatic,first,diesel
Volkswagen,6,70000.0,Manual,second,petrol
Mahindra,2,7000.0,Automatic,first,diesel
Maruti Suzuki,12,68000.0,Manual,second,petrol
Maruti Suzuki,11,68000.0,Manual,second,hybrid/cng
Maruti Suzuki,17,135767.0,Manual,first,petrol
Volkswagen,7,52232.0,Automatic,second,diesel
Kia,4,25000.0,Automatic,first,petrol
Mahindra,1,31500.0,Manual,first,diesel
Toyota,10,122000.0,Automatic,second,petrol
Maruti Suzuki,8,110000.0,Automatic,second,hybrid/cng
Volkswagen,6,50000.0,Manual,first,petrol
Maruti Suzuki,5,75000.0,Manual,first,hybrid
Honda,7,62300.0,Manual,first,hybrid
Hyundai,8,66610.0,Automatic,second,hybrid/cng
Tata,0,12000.0,Automatic,first,hybrid
Chevrolet,13,150000.0,Automatic,second,hybrid
MG,2,84000.0,Automatic,first,diesel
Maruti Suzuki,6,40210.0,Automatic,first,hybrid
Honda,10,49470.0,Manual,second,petrol
Toyota,6,95000.0,Manual,second,diesel
Maruti Suzuki,8,62000.0,Automatic,second,petrol
Toyota,9,68000.0,Automatic,second,hybrid
Renault,8,61000.0,Automatic,second,hybrid
Maruti Suzuki,1,39000.0,Manual,first,hybrid/cng
Renault,6,58000.0,Automatic,second,hybrid
Hyundai,5,128122.0,Manual,first,diesel
Toyota,12,92000.0,Manual,second,diesel
Tata,1,29000.0,Manual,first,hybrid/cng
Maruti Suzuki,9,79000.0,Manual,first,diesel
Maruti Suzuki,9,80000.0,Automatic,first,hybrid
Jeep,5,300000.0,Manual,first,diesel
Hyundai,9,75000.0,Automatic,second,hybrid/cng
Hyundai,13,75000.0,Manual,second,petrol
Hyundai,5,42000.0,Automatic,first,petrol
Honda,7,41000.0,Manual,first,diesel
Skoda,11,66500.0,Automatic,second,hybrid
Hyundai,2,16000.0,Automatic,second,diesel
Honda,2,27000.0,Manual,first,petrol
Hyundai,4,300000.0,Manual,first,hybrid/cng
Maruti Suzuki,13,79000.0,Manual,first,hybrid/cng
Mercedes-Benz,1,3000.0,Automatic,first,diesel
Renault,4,300000.0,Automatic,first,petrol
Hyundai,7,69000.0,Automatic,first,diesel
Honda,8,36593.0,Automatic,second,hybrid
Maruti Suzuki,5,55000.0,Manual,second,petrol
Maruti Suzuki,7,71000.0,Manual,first,diesel
Honda,12,59000.0,Manual,second,hybrid
Hyundai,15,69000.0,Automatic,first,petrol
Maruti Suzuki,8,129000.0,Manual,first,diesel
Hyundai,6,300000.0,Automatic,first,petrol
Maruti Suzuki,8,62477.0,Manual,second,hybrid/cng
Tata,0,2000.0,Automatic,first,hybrid
Maruti Suzuki,2,190000.0,Manual,first,petrol
Mercedes-Benz,12,95000.0,Automatic,second,diesel
Hyundai,12,135000.0,Automatic,second,hybrid
Mercedes-Benz,7,300000.0,Automatic,first,diesel
Maruti Suzuki,13,70000.0,Manual,second,petrol
Honda,7,69231.0,Automatic,second,petrol
Maruti Suzuki,12,72000.0,Manual,second,petrol
Honda,16,66000.0,Automatic,second,hybrid
Maruti Suzuki,7,76000.0,Manual,second,petrol
Toyota,8,105000.0,Manual,second,diesel
Tata,3,54000.0,Automatic,first,diesel
Maruti Suzuki,14,110000.0,Manual,first,petrol
Mercedes-Benz,16,75000.0,Automatic,second,petrol
Honda,10,86000.0,Automatic,second,hybrid/cng
Volkswagen,7,91000.0,Automatic,second,petrol
Maruti Suzuki,2,56000.0,Automatic,first,hybrid/cng
Maruti Suzuki,6,300000.0,Manual,first,petrol
Ford,13,95000.0,Manual,second,diesel
Toyota,9,98000.0,Manual,first,petrol
Jeep,6,36000.0,Automatic,second,petrol
MG,3,43000.0,Automatic,first,petrol
Renault,3,40000.0,Automatic,first,petrol
Chevrolet,10,90000.0,Manual,second,diesel
Honda,8,46000.0,Automatic,second,petrol
Maruti Suzuki,11,65000.0,Manual,first,hybrid/cng
BMW,10,107000.0,Automatic,second,diesel
Tata,5,38096.0,Manual,first,diesel
Volkswagen,5,92000.0,Automatic,second,diesel
Tata,3,54000.0,Manual,first,diesel
Kia,4,30000.0,Automatic,first,diesel
Volkswagen,2,20000.0,Automatic,second,petrol
Maruti Suzuki,2,15000.0,Automatic,first,hybrid/cng
Maruti Suzuki,5,45000.0,Automatic,second,petrol
Audi,9,57000.0,Automatic,second,diesel
Hyundai,0,30.0,Automatic,first,hybrid
Honda,9,89000.0,Manual,second,hybrid/cng
Toyota,7,108277.0,Automatic,first,diesel
Toyota,10,220000.0,Manual,second,diesel
Toyota,2,61000.0,Automatic,first,diesel
Renault,5,30000.0,Automatic,first,hybrid
Maruti Suzuki,1,25000.0,Automatic,first,hybrid
Hyundai,6,180000.0,Manual,second,hybrid
Maruti Suzuki,4,46000.0,Automatic,first,petrol
Maruti Suzuki,6,58000.0,Automatic,first,hybrid
Isuzu,5,180000.0,Automatic,first,diesel
Maruti Suzuki,9,54000.0,Manual,first,diesel
Volkswagen,0,1933.0,Automatic,first,petrol
Mercedes-Benz,2,95000.0,Automatic,second,diesel
Hyundai,5,86000.0,Manual,first,diesel
Maruti Suzuki,6,66000.0,Manual,first,hybrid/cng
Kia,3,34000.0,Automatic,second,diesel
Force,0,18000.0,Manual,first,diesel
MG,3,30000.0,Manual,second,petrol
Maruti Suzuki,14,133329.0,Manual,second,hybrid
Maruti Suzuki,18,32000.0,Manual,first,petrol
Mahindra,9,67000.0,Manual,first,diesel
Toyota,8,130000.0,Automatic,first,hybrid/cng
Hyundai,12,68000.0,Manual,second,petrol
Hyundai,7,6200.0,Automatic,second,hybrid
Maruti Suzuki,8,63653.0,Manual,second,diesel
Mahindra,2,15000.0,Manual,first,diesel
Renault,4,65000.0,Manual,first,petrol
Maruti Suzuki,8,92000.0,Automatic,second,hybrid
Hyundai,13,300000.0,Manual,first,diesel
Hyundai,4,45635.0,Manual,second,petrol
Mahindra,4,72045.0,Manual,first,diesel
Hyundai,8,76000.0,Manual,second,diesel
Toyota,4,38000.0,Automatic,first,petrol
Maruti Suzuki,6,31000.0,Automatic,first,petrol
Maruti Suzuki,11,59000.0,Manual,second,petrol
Hyundai,7,112986.0,Manual,second,hybrid/cng
Maruti Suzuki,4,65000.0,Manual,second,hybrid/cng
Toyota,8,80000.0,Automatic,first,hybrid
Maruti Suzuki,11,89000.0,Manual,first,hybrid/cng
Maruti Suzuki,8,77718.0,Manual,first,hybrid/cng
Maruti Suzuki,4,23300.0,Manual,first,hybrid
Hyundai,1,4800.0,Automatic,second,diesel
Volkswagen,8,67500.0,Automatic,second,petrol
Mahindra,11,81000.0,Manual,first,diesel
Tata,5,136927.0,Automatic,second,diesel
Mahindra,14,170000.0,Manual,second,diesel
Audi,6,45000.0,Automatic,second,diesel
Maruti Suzuki,8,92000.0,Manual,first,petrol
Mercedes-Benz,9,72000.0,Automatic,second,diesel
Audi,12,87000.0,Automatic,second,diesel
Maruti Suzuki,15,58000.0,Automatic,second,hybrid/cng
Maruti Suzuki,1,15500.0,Manual,first,hybrid/cng
Hyundai,8,60000.0,Manual,second,hybrid
Maruti Suzuki,4,86000.0,Automatic,second,hybrid
Maruti Suzuki,7,54000.0,Manual,first,hybrid
Renault,5,106000.0,Manual,first,diesel
Volkswagen,11,300000.0,Manual,second,diesel
Honda,22,111000.0,Manual,second,petrol
Honda,8,54000.0,Manual,first,petrol
Hyundai,2,7700.0,Manual,first,petrol
Mercedes-Benz,20,37800.0,Automatic,second,petrol
Honda,13,80000.0,Automatic,second,hybrid/cng
Toyota,3,55000.0,Automatic,first,diesel
Maruti Suzuki,9,64422.0,Manual,second,hybrid
Volkswagen,12,100000.0,Manual,second,diesel
Maruti Suzuki,6,69000.0,Manual,first,diesel
Hyundai,8,60000.0,Automatic,second,diesel
BMW,8,75000.0,Automatic,second,diesel
Maruti Suzuki,5,86000.0,Manual,first,hybrid/cng
Renault,8,61000.0,Manual,second,petrol
Maruti Suzuki,8,34000.0,Automatic,first,petrol
Maruti Suzuki,17,60000.0,Manual,second,petrol
Mahindra,8,55000.0,Manual,second,diesel
Audi,8,65000.0,Automatic,first,hybrid
Hyundai,15,68000.0,Manual,first,petrol
Volkswagen,3,42000.0,Automatic,second,petrol
BMW,11,54000.0,Automatic,first,diesel
Hyundai,7,85000.0,Automatic,second,diesel
Hyundai,11,57000.0,Manual,second,petrol
Hyundai,12,300000.0,Manual,first,hybrid/cng
Chevrolet,8,120000.0,Manual,second,diesel
Maruti Suzuki,5,60000.0,Automatic,first,hybrid/cng
Hyundai,6,91000.0,Manual,first,diesel
Maruti Suzuki,9,87000.0,Automatic,second,hybrid
Maruti Suzuki,1,18000.0,Manual,first,petrol
Maruti Suzuki,12,62000.0,Manual,first,hybrid
Hyundai,11,300000.0,Manual,first,petrol
Maruti Suzuki,6,300000.0,Automatic,first,diesel
Mahindra,2,7500.0,Automatic,first,petrol
Ford,7,8000.0,Automatic,first,petrol
Hyundai,13,100000.0,Manual,second,hybrid/cng
Tata,0,4200.0,Automatic,first,diesel
Maruti Suzuki,6,72000.0,Automatic,first,petrol
Honda,9,62000.0,Automatic,second,petrol
Hyundai,15,130000.0,Automatic,second,hybrid/cng
Honda,8,52000.0,Automatic,first,petrol
Honda,13,52000.0,Automatic,second,hybrid
Ford,6,61000.0,Automatic,first,hybrid
Maruti Suzuki,5,73110.0,Manual,first,diesel
Volkswagen,7,53000.0,Automatic,second,petrol
Maruti Suzuki,6,78231.0,Manual,first,hybrid
Honda,2,22509.0,Automatic,first,petrol
Tata,5,52000.0,Automatic,first,hybrid/cng
Maruti Suzuki,5,83000.0,Automatic,first,diesel
Tata,5,67000.0,Manual,second,diesel
Maruti Suzuki,1,22000.0,Manual,first,hybrid
Maruti Suzuki,10,91000.0,Manual,second,hybrid
Honda,13,55000.0,Manual,first,hybrid
Hyundai,13,76000.0,Manual,second,hybrid/cng
Nissan,1,15000.0,Manual,first,petrol
Ford,12,112000.0,Manual,second,diesel
Mercedes-Benz,14,48000.0,Automatic,second,petrol
Maruti Suzuki,8,75000.0,Automatic,second,hybrid
Honda,14,85000.0,Automatic,second,hybrid/cng
Mercedes-Benz,11,123000.0,Automatic,second,diesel
Maruti Suzuki,6,85000.0,Manual,second,diesel
Maruti Suzuki,5,71000.0,Automatic,second,hybrid
Audi,13,124000.0,Automatic,second,diesel
Mercedes-Benz,5,39000.0,Automatic,first,diesel
Hyundai,7,100000.0,Manual,second,hybrid
Honda,5,35000.0,Automatic,second,petrol
Mahindra,12,88441.0,Manual,second,diesel
Honda,7,59700.0,Automatic,second,hybrid/cng
Maruti Suzuki,8,52000.0,Manual,second,petrol
Jaguar,7,69000.0,Automatic,first,petrol
Hyundai,15,15.0,Manual,second,petrol
BMW,5,31000.0,Automatic,first,diesel
Volkswagen,5,63000.0,Automatic,first,petrol
Maruti Suzuki,7,43000.0,Automatic,second,petrol
Honda,8,93000.0,Automatic,second,hybrid
Maruti Suzuki,6,29000.0,Automatic,second,petrol
Kia,2,30891.0,Automatic,first,diesel
Hyundai,0,3500.0,Manual,first,petrol
Renault,10,108000.0,Manual,second,diesel
Hyundai,1,6000.0,Manual,first,petrol
Hyundai,7,80000.0,Manual,second,petrol
Maruti Suzuki,13,69000.0,Manual,second,hybrid
Maruti Suzuki,7,80000.0,Automatic,second,hybrid
Chevrolet,8,151000.0,Automatic,first,hybrid
Maruti Suzuki,14,112131.0,Manual,first,hybrid
Toyota,10,100000.0,Manual,second,diesel
Toyota,10,86000.0,Automatic,second,diesel
Toyota,5,300000.0,Manual,first,diesel
Maruti Suzuki,5,25000.0,Automatic,first,petrol
Maruti Suzuki,8,72000.0,Manual,second,hybrid/cng
Fiat,10,154000.0,Manual,second,petrol
Toyota,9,84000.0,Automatic,first,diesel
Maruti Suzuki,5,95000.0,Automatic,first,hybrid/cng
Mahindra,8,73000.0,Automatic,first,diesel
Hyundai,11,80000.0,Manual,first,hybrid/cng
Honda,12,35.0,Automatic,second,hybrid
Maruti Suzuki,13,68000.0,Manual,first,petrol
Jeep,6,52000.0,Manual,first,diesel
Honda,9,70000.0,Automatic,first,petrol
BMW,11,92048.0,Automatic,first,diesel
Skoda,11,75000.0,Automatic,second,petrol
Mercedes-Benz,4,29000.0,Automatic,second,diesel
Hyundai,5,300000.0,Automatic,second,petrol
Skoda,5,64800.0,Automatic,first,diesel
Maruti Suzuki,7,42618.0,Manual,second,petrol
Maruti Suzuki,9,88000.0,Manual,first,hybrid
Maruti Suzuki,6,27800.0,Automatic,first,diesel
Hyundai,13,85000.0,Automatic,second,hybrid/cng
Maruti Suzuki,3,25184.0,Manual,first,petrol
Mercedes-Benz,2,20500.0,Automatic,first,petrol
Datsun,4,40000.0,Manual,first,hybrid
Maruti Suzuki,6,72000.0,Manual,first,hybrid/cng
Nissan,10,120000.0,Manual,second,diesel
Maruti Suzuki,18,65328.0,Manual,second,petrol
Skoda,1,16000.0,Manual,second,petrol
Toyota,10,300000.0,Automatic,second,diesel
Hyundai,15,80000.0,Manual,first,hybrid/cng
Tata,2,53793.0,Manual,first,hybrid
Maruti Suzuki,10,89000.0,Manual,first,petrol
Toyota,8,78000.0,Manual,second,hybrid/cng
Lexus,2,17000.0,Automatic,first,petrol
Mahindra,4,16000.0,Manual,first,diesel
Mercedes-Benz,7,79000.0,Automatic,second,diesel
Maruti Suzuki,7,63000.0,Automatic,first,hybrid/cng
Maruti Suzuki,8,63000.0,Manual,second,diesel
Maruti Suzuki,13,100000.0,Automatic,second,hybrid
Maruti Suzuki,7,270000.0,Automatic,second,petrol
Maruti Suzuki,7,300000.0,Automatic,first,petrol
Tata,6,88000.0,Manual,first,diesel
Hyundai,16,74000.0,Manual,second,petrol
Hyundai,5,83999.0,Automatic,first,petrol
Mercedes-Benz,12,75001.0,Automatic,second,diesel
Maruti Suzuki,13,50000.0,Manual,first,petrol
Maruti Suzuki,9,82000.0,Manual,second,hybrid/cng
Hyundai,7,47000.0,Manual,first,petrol
Honda,9,97422.0,Manual,second,diesel
Hyundai,7,74310.0,Automatic,second,diesel
Maruti Suzuki,3,53885.0,Automatic,first,hybrid/cng
Mahindra,2,27000.0,Automatic,first,diesel
Maruti Suzuki,10,180000.0,Automatic,second,hybrid/cng
Hyundai,3,29938.0,Manual,first,petrol
Maruti Suzuki,4,53000.0,Automatic,first,petrol
Toyota,7,89000.0,Automatic,second,diesel
Volkswagen,8,64000.0,Automatic,first,petrol
Land Rover,6,62000.0,Automatic,first,diesel
Honda,6,21500.0,Automatic,first,petrol
Maruti Suzuki,5,60000.0,Automatic,first,hybrid/cng
Honda,5,300000.0,Automatic,second,petrol
Hyundai,10,68000.0,Manual,second,petrol
Hyundai,0,10000.0,Automatic,first,hybrid/cng
Volkswagen,4,44000.0,Automatic,second,petrol
Mitsubishi,9,80000.0,Automatic,first,diesel
Maruti Suzuki,5,95000.0,Automatic,first,hybrid
Maruti Suzuki,4,70000.0,Automatic,second,hybrid
Maruti Suzuki,7,93000.0,Manual,first,diesel
Mahindra,5,80000.0,Manual,first,diesel
Mercedes-Benz,11,78000.0,Automatic,second,petrol
Honda,6,61000.0,Manual,first,hybrid
Maruti Suzuki,13,90000.0,Automatic,second,hybrid
Tata,5,129500.0,Automatic,first,diesel
Maruti Suzuki,7,100000.0,Manual,second,diesel
Maruti Suzuki,10,78000.0,Manual,second,petrol
Mahindra,6,90000.0,Manual,second,diesel
Renault,5,18000.0,Manual,first,petrol
Honda,14,80000.0,Automatic,second,petrol
Maruti Suzuki,13,100000.0,Automatic,first,hybrid
Honda,21,120000.0,Automatic,second,petrol
Toyota,6,79000.0,Automatic,first,diesel
BMW,11,58000.0,Automatic,second,diesel
MG,5,45000.0,Automatic,second,petrol
Mercedes-Benz,8,35000.0,Automatic,second,petrol
Maruti Suzuki,11,83000.0,Manual,second,diesel
Maruti Suzuki,7,98656.0,Manual,second,hybrid/cng
Tata,2,20000.0,Automatic,first,diesel
Maruti Suzuki,8,71000.0,Manual,second,hybrid/cng
Toyota,16,92000.0,Manual,second,hybrid
Maruti Suzuki,4,37540.0,Automatic,first,petrol
Toyota,13,165000.0,Manual,second,diesel
BMW,7,112000.0,Automatic,second,diesel
Maruti Suzuki,7,82000.0,Manual,second,hybrid
Honda,6,65234.0,Automatic,first,petrol
Hyundai,1,22000.0,Manual,first,petrol
Maruti Suzuki,16,120000.0,Manual,second,petrol
Honda,7,84000.0,Manual,first,hybrid
Hyundai,11,59800.0,Manual,second,petrol
Mahindra,1,35000.0,Automatic,second,diesel
Mercedes-Benz,10,85000.0,Automatic,second,diesel
Lexus,8,11000.0,Automatic,first,hybrid/cng
Maruti Suzuki,13,95500.0,Manual,second,petrol
Mercedes-Benz,10,86000.0,Automatic,first,diesel
Hyundai,8,300000.0,Automatic,second,petrol
Hyundai,7,78000.0,Automatic,second,petrol
Hyundai,12,49000.0,Manual,first,petrol
Ssangyong,11,85000.0,Automatic,second,diesel
Toyota,5,55000.0,Automatic,second,diesel
Renault,6,110000.0,Manual,second,petrol
Maruti Suzuki,14,149000.0,Manual,second,hybrid
Mahindra,6,71000.0,Manual,first,diesel
Tata,7,80000.0,Automatic,first,hybrid/cng
Maruti Suzuki,7,68000.0,Manual,first,hybrid
Maruti Suzuki,7,61000.0,Automatic,second,hybrid/cng
BMW,12,80000.0,Automatic,second,diesel
Maruti Suzuki,9,75254.0,Manual,first,hybrid
Renault,7,300000.0,Automatic,first,petrol
Maruti Suzuki,14,74000.0,Manual,first,hybrid
BMW,10,144000.0,Automatic,second,diesel
Hyundai,12,50000.0,Automatic,second,hybrid
Volkswagen,11,49400.0,Automatic,second,petrol
Maruti Suzuki,1,40000.0,Automatic,first,hybrid/cng
Hyundai,14,84500.0,Manual,second,petrol
Hyundai,11,65000.0,Automatic,second,hybrid
Maruti Suzuki,8,57000.0,Manual,first,petrol
Maruti Suzuki,12,150000.0,Automatic,second,hybrid/cng
Maruti Suzuki,2,29000.0,Automatic,first,petrol
Hyundai,7,58000.0,Manual,second,hybrid
BMW,11,33000.0,Automatic,second,diesel
Toyota,9,198000.0,Manual,second,diesel
Volkswagen,5,63939.0,Automatic,first,petrol
Toyota,7,55000.0,Automatic,first,diesel
Renault,6,70000.0,Automatic,second,petrol
Maruti Suzuki,5,65000.0,Manual,first,hybrid/cng
Maruti Suzuki,8,81200.0,Manual,first,hybrid/cng
Mercedes-Benz,11,49000.0,Automatic,second,petrol
Hyundai,4,44731.0,Manual,first,petrol
Maruti Suzuki,6,65000.0,Automatic,second,hybrid/cng
Hyundai,2,50000.0,Manual,first,hybrid/cng
Mahindra,11,180000.0,Automatic,second,diesel
Maruti Suzuki,6,59000.0,Manual,second,diesel
Maruti Suzuki,4,300000.0,Automatic,first,hybrid
Tata,3,19925.0,Automatic,first,hybrid
Toyota,9,160.0,Automatic,second,hybrid/cng
Maruti Suzuki,1,25000.0,Automatic,first,hybrid
Hyundai,4,38000.0,Manual,first,diesel
Mini,11,38000.0,Automatic,second,petrol
Maruti Suzuki,7,85000.0,Automatic,first,petrol
Honda,9,95000.0,Automatic,first,hybrid/cng
Volkswagen,5,48000.0,Manual,first,petrol
Hyundai,13,65000.0,Manual,second,hybrid
Toyota,14,220000.0,Manual,second,diesel
Land Rover,11,80500.0,Automatic,second,diesel
Skoda,9,11000.0,Manual,first,diesel
Mercedes-Benz,13,61000.0,Automatic,first,diesel
Audi,11,110000.0,Automatic,second,diesel
Tata,5,66810.0,Automatic,second,petrol
Maruti Suzuki,2,51000.0,Manual,first,hybrid/cng
Maruti Suzuki,8,61800.0,Automatic,second,petrol
Maruti Suzuki,7,113000.0,Manual,second,diesel
Honda,11,85000.0,Automatic,second,petrol
Toyota,1,1996.0,Automatic,first,diesel
Audi,11,75000.0,Automatic,second,diesel
Honda,15,93000.0,Automatic,second,petrol
Hyundai,8,300000.0,Manual,first,hybrid/cng
Renault,9,75000.0,Manual,second,diesel
Hyundai,7,300000.0,Manual,second,diesel
Maruti Suzuki,15,77000.0,Manual,second,petrol
Hyundai,3,56000.0,Manual,second,diesel
Ford,5,30000.0,Automatic,second,petrol
Hyundai,7,63000.0,Manual,second,diesel
Audi,1,2200.0,Automatic,first,hybrid
Tata,12,70000.0,Manual,second,petrol
Honda,5,51000.0,Manual,first,petrol
BMW,11,82000.0,Automatic,second,diesel
Maruti Suzuki,11,94000.0,Manual,second,petrol
BMW,12,116260.0,Automatic,second,diesel
Maruti Suzuki,4,42147.0,Manual,first,hybrid
Toyota,9,277000.0,Manual,first,diesel
Maruti Suzuki,11,45000.0,Manual,second,petrol
Volkswagen,1,11000.0,Automatic,first,petrol
Maruti Suzuki,15,200000.0,Manual,second,petrol
Hyundai,7,31003.0,Automatic,second,petrol
BMW,3,46000.0,Automatic,first,diesel
Nissan,12,110000.0,Manual,second,diesel
Hyundai,2,239500.0,Automatic,first,diesel
Audi,13,77665.0,Automatic,first,diesel
Maruti Suzuki,10,70000.0,Manual,second,hybrid/cng
Toyota,15,110000.0,Manual,second,diesel
Toyota,13,52000.0,Manual,second,petrol
Hyundai,4,50000.0,Manual,second,diesel
Maruti Suzuki,5,24000.0,Automatic,second,petrol
Volvo,7,85000.0,Automatic,second,diesel
Hyundai,9,46000.0,Manual,second,petrol
Toyota,13,105000.0,Manual,second,diesel
Maruti Suzuki,8,90000.0,Manual,second,hybrid/cng
Ford,18,150000.0,Manual,second,diesel
Nissan,5,125000.0,Manual,first,diesel
Maruti Suzuki,6,35000.0,Manual,first,petrol
Audi,9,55406.0,Automatic,first,diesel
Hyundai,12,95000.0,Manual,second,hybrid/cng
Mercedes-Benz,6,42000.0,Automatic,first,diesel
Maruti Suzuki,7,67000.0,Automatic,second,petrol
Maruti Suzuki,1,69000.0,Automatic,first,hybrid/cng
MG,4,65000.0,Automatic,first,petrol
Honda,7,139000.0,Manual,second,diesel
Honda,16,98000.0,Automatic,second,petrol
Maruti Suzuki,12,83000.0,Manual,second,petrol
Toyota,5,300000.0,Manual,second,petrol
Maruti Suzuki,5,50000.0,Manual,first,hybrid/cng
Maruti Suzuki,7,47231.0,Manual,first,petrol
Hyundai,1,41000.0,Automatic,first,hybrid/cng
Maruti Suzuki,0,12452.0,Automatic,first,hybrid
Mahindra,4,168000.0,Manual,second,diesel
Audi,12,124000.0,Automatic,second,diesel
Hyundai,16,77000.0,Automatic,second,petrol
Honda,8,69000.0,Manual,second,hybrid/cng
Renault,7,105000.0,Manual,first,diesel
Toyota,6,127000.0,Automatic,first,hybrid
Maruti Suzuki,2,49000.0,Manual,first,hybrid/cng
Maruti Suzuki,2,50000.0,Automatic,first,hybrid
Maruti Suzuki,5,64504.0,Manual,first,hybrid/cng
Mahindra,9,71291.0,Manual,second,diesel
Mahindra,17,175000.0,Manual,second,diesel
Mercedes-Benz,7,42000.0,Automatic,first,petrol
Maruti Suzuki,7,36606.0,Automatic,second,petrol
Maruti Suzuki,0,20000.0,Manual,first,petrol
Maruti Suzuki,3,65999.0,Manual,first,hybrid/cng
Maruti Suzuki,3,80000.0,Manual,first,hybrid/cng
Honda,8,65800.0,Manual,second,petrol
Maruti Suzuki,5,300000.0,Manual,second,hybrid
Tata,4,26000.0,Manual,first,petrol
Skoda,2,24000.0,Manual,first,petrol
Mahindra,6,61000.0,Manual,first,diesel
Honda,11,96000.0,Automatic,second,diesel
Toyota,8,145000.0,Manual,first,diesel
Mahindra,15,145000.0,Manual,first,diesel
Maruti Suzuki,7,210000.0,Manual,second,diesel
Hyundai,11,90000.0,Manual,first,petrol
Maruti Suzuki,12,300000.0,Manual,second,hybrid
Tata,0,4300.0,Automatic,first,hybrid/cng
Hyundai,1,28000.0,Manual,first,petrol
Maruti Suzuki,14,41258.0,Manual,second,petrol
Honda,20,130000.0,Automatic,second,hybrid/cng
Maruti Suzuki,8,62800.0,Automatic,second,petrol
Tata,8,80000.0,Manual,second,petrol
Maruti Suzuki,3,65000.0,Manual,first,hybrid/cng
Honda,6,56000.0,Automatic,second,petrol
Maruti Suzuki,6,72000.0,Automatic,first,petrol
Toyota,5,71000.0,Manual,first,diesel
Hyundai,10,47000.0,Automatic,second,petrol
Toyota,1,19000.0,Automatic,first,hybrid/cng
Hyundai,10,100000.0,Automatic,second,petrol
Maruti Suzuki,11,125000.0,Automatic,second,hybrid
Maruti Suzuki,8,88472.0,Manual,second,petrol
Honda,5,45000.0,Automatic,first,petrol
Maruti Suzuki,2,100000.0,Manual,first,hybrid/cng
Kia,2,300000.0,Automatic,first,diesel
Mahindra,7,69000.0,Automatic,first,diesel
Maruti Suzuki,6,55000.0,Manual,first,petrol
Toyota,7,92459.0,Manual,first,diesel
Maruti Suzuki,1,14000.0,Automatic,first,hybrid
Kia,2,39000.0,Manual,second,diesel
Hyundai,6,95000.0,Manual,first,diesel
Maruti Suzuki,5,73500.0,Automatic,first,petrol
Datsun,8,83100.0,Manual,second,petrol
BMW,6,88000.0,Automatic,second,diesel
Land Rover,5,55000.0,Automatic,second,diesel
Mercedes-Benz,14,42543.0,Automatic,first,petrol
Mahindra,2,14555.0,Automatic,first,diesel
Tata,1,7800.0,Automatic,first,petrol
Volkswagen,6,79000.0,Manual,first,petrol
Maruti Suzuki,9,15000.0,Automatic,second,petrol
Maruti Suzuki,5,55000.0,Automatic,first,hybrid/cng
Hyundai,13,51000.0,Manual,first,petrol
Hyundai,10,60000.0,Manual,second,hybrid/cng
Maruti Suzuki,8,13508.0,Automatic,second,petrol
Maruti Suzuki,6,73000.0,Automatic,first,petrol
Honda,10,300000.0,Manual,first,diesel
Chevrolet,15,97000.0,Manual,second,petrol
Chevrolet,12,76000.0,Manual,second,diesel
Ford,12,85000.0,Manual,second,diesel
Maruti Suzuki,6,300000.0,Automatic,second,diesel
Maruti Suzuki,6,72000.0,Automatic,first,diesel
Tata,10,86000.0,Manual,second,diesel
Maruti Suzuki,7,110000.0,Manual,first,diesel
Honda,14,80000.0,Manual,second,hybrid
Hyundai,6,87695.0,Manual,first,diesel
Maruti Suzuki,0,1600.0,Manual,first,petrol
Maruti Suzuki,2,18305.0,Manual,first,petrol
Maruti Suzuki,8,39500.0,Automatic,first,petrol
Maruti Suzuki,15,225000.0,Manual,second,petrol
Maruti Suzuki,3,39000.0,Manual,second,hybrid
Honda,8,7500.0,Manual,first,petrol
Maruti Suzuki,2,33506.0,Manual,first,petrol
Honda,13,70000.0,Automatic,second,hybrid/cng
Toyota,8,116000.0,Manual,first,diesel
Hyundai,4,40000.0,Manual,first,petrol
Tata,3,210000.0,Manual,second,petrol
Volkswagen,3,170000.0,Automatic,first,petrol
Toyota,12,95747.0,Automatic,second,petrol
Maruti Suzuki,5,41759.0,Manual,second,petrol
Maruti Suzuki,12,112.0,Manual,second,diesel
Hyundai,6,141000.0,Manual,first,petrol
Maruti Suzuki,15,56000.0,Manual,second,petrol
Mercedes-Benz,12,175000.0,Automatic,second,diesel
Tata,3,279990.0,Manual,first,petrol
Honda,2,45000.0,Manual,first,petrol
Maruti Suzuki,5,120000.0,Manual,second,hybrid
Hyundai,8,80000.0,Automatic,second,diesel
Honda,12,50000.0,Manual,second,petrol
Hyundai,3,18000.0,Automatic,first,hybrid/cng
Honda,10,86082.0,Automatic,first,petrol
Maruti Suzuki,3,35000.0,Manual,first,petrol
Hyundai,9,54000.0,Manual,first,petrol
Maruti Suzuki,6,58000.0,Automatic,first,hybrid/cng
Maruti Suzuki,2,96000.0,Manual,second,petrol
Mahindra,10,88500.0,Manual,first,diesel
Tata,13,48000.0,Manual,second,diesel
Hyundai,1,7200.0,Manual,first,petrol
Maruti Suzuki,7,130588.0,Manual,second,diesel
Tata,6,34128.0,Manual,first,petrol
Maruti Suzuki,11,37000.0,Manual,first,hybrid/cng
Jeep,7,71000.0,Manual,first,diesel
Maruti Suzuki,6,98130.0,Automatic,second,hybrid/cng
Mahindra,11,90000.0,Manual,first,diesel
Hyundai,12,300000.0,Manual,second,petrol
Honda,16,300000.0,Automatic,second,hybrid/cng
Volkswagen,10,104600.0,Manual,second,diesel
Tata,5,67321.0,Manual,first,petrol
Maruti Suzuki,2,88392.0,Manual,second,hybrid/cng
Skoda,7,30000.0,Automatic,first,petrol
Maruti Suzuki,5,41000.0,Automatic,first,hybrid
Volvo,7,60000.0,Automatic,first,diesel
Mahindra,9,140000.0,Automatic,second,diesel
Land Rover,8,76000.0,Automatic,second,diesel
Maruti Suzuki,10,62000.0,Manual,second,petrol
Mahindra,2,14555.0,Automatic,first,diesel
Maruti Suzuki,7,57000.0,Manual,first,diesel
Maruti Suzuki,6,105000.0,Automatic,second,petrol
Tata,9,93000.0,Manual,second,diesel
Hyundai,6,79000.0,Automatic,second,hybrid
Maruti Suzuki,11,120000.0,Manual,second,diesel
Honda,6,65000.0,Automatic,first,diesel
Maruti Suzuki,9,103650.0,Manual,second,petrol
Maruti Suzuki,3,53000.0,Automatic,first,hybrid/cng
Tata,13,100413.0,Manual,first,diesel
Mahindra,8,98000.0,Automatic,first,diesel
Hyundai,10,71900.0,Automatic,second,hybrid/cng
Mercedes-Benz,7,300000.0,Automatic,second,petrol
Maruti Suzuki,8,78930.0,Manual,second,petrol
Mercedes-Benz,10,64000.0,Automatic,second,diesel
Chevrolet,11,77000.0,Manual,second,hybrid/cng
Mahindra,8,100000.0,Manual,first,petrol
Hyundai,6,74000.0,Manual,first,hybrid
Maruti Suzuki,8,62000.0,Automatic,first,petrol
Maruti Suzuki,8,48231.0,Manual,first,petrol
Maruti Suzuki,6,50000.0,Automatic,second,hybrid
Tata,10,66000.0,Automatic,second,petrol
Maruti Suzuki,4,50000.0,Manual,first,petrol
Hyundai,17,65000.0,Manual,second,petrol
Toyota,13,71000.0,Automatic,second,petrol
Honda,15,102000.0,Automatic,second,petrol
Hyundai,7,85000.0,Automatic,first,petrol
Hyundai,5,31771.0,Manual,first,petrol
Hyundai,3,55000.0,Manual,first,petrol
Honda,7,110000.0,Manual,second,petrol
Hyundai,7,68000.0,Manual,second,petrol
Porsche,6,70000.0,Automatic,first,diesel
Toyota,1,20000.0,Automatic,first,hybrid
Tata,4,18231.0,Manual,first,petrol
Toyota,10,25.0,Automatic,second,hybrid
Mercedes-Benz,9,50000.0,Automatic,first,diesel
Toyota,5,25000.0,Automatic,first,diesel
Maruti Suzuki,6,61387.0,Automatic,first,petrol
Maruti Suzuki,10,92000.0,Automatic,second,hybrid
Mahindra,10,180000.0,Manual,second,diesel
Maruti Suzuki,8,38850.0,Automatic,first,petrol
Maruti Suzuki,7,300000.0,Automatic,second,petrol
Hyundai,14,95000.0,Manual,second,hybrid
Toyota,14,187000.0,Manual,second,diesel
Hyundai,12,85000.0,Manual,second,petrol
Hyundai,11,63000.0,Manual,second,petrol
Maruti Suzuki,5,38000.0,Automatic,second,petrol
Hyundai,9,38000.0,Manual,second,petrol
Hyundai,4,43000.0,Manual,second,diesel
Hyundai,15,110000.0,Manual,second,petrol
Hyundai,7,63000.0,Manual,first,petrol
Hyundai,11,67000.0,Manual,first,hybrid/cng
Hyundai,14,72000.0,Automatic,second,petrol
Mercedes-Benz,8,68000.0,Automatic,second,diesel
Toyota,7,83000.0,Automatic,second,petrol
Honda,5,42000.0,Manual,first,petrol
Hyundai,7,300000.0,Manual,first,hybrid/cng
Renault,6,83000.0,Automatic,second,diesel
Audi,12,85000.0,Automatic,second,diesel
Toyota,5,28000.0,Automatic,first,petrol
Volkswagen,9,60000.0,Manual,second,petrol
MG,5,17000.0,Automatic,first,petrol
Mercedes-Benz,11,81000.0,Automatic,second,diesel
Maruti Suzuki,14,100000.0,Manual,second,hybrid/cng
Maruti Suzuki,3,19500.0,Manual,second,petrol
Hyundai,3,12000.0,Automatic,first,petrol
Maruti Suzuki,6,52000.0,Manual,first,petrol
Kia,4,87000.0,Manual,second,diesel
Mahindra,8,87000.0,Automatic,first,diesel
Tata,5,29250.0,Manual,first,diesel
Skoda,7,138000.0,Automatic,second,diesel
Honda,17,120000.0,Automatic,second,hybrid/cng
Maruti Suzuki,6,85000.0,Manual,first,hybrid/cng
Hyundai,2,47110.0,Manual,second,diesel
Hyundai,6,21000.0,Automatic,first,petrol
Toyota,7,90000.0,Manual,second,diesel
Maruti Suzuki,6,48231.0,Automatic,first,petrol
Tata,5,61000.0,Automatic,second,hybrid/cng
Mahindra,8,111521.0,Manual,first,diesel
Tata,1,30000.0,Automatic,first,diesel
Maruti Suzuki,0,3000.0,Automatic,first,petrol
Hyundai,13,53000.0,Manual,second,petrol
Hyundai,12,59715.0,Manual,second,petrol
Hyundai,14,100000.0,Automatic,first,hybrid
Maruti Suzuki,16,83481.0,Manual,second,petrol
Hyundai,4,65000.0,Automatic,second,hybrid/cng
Toyota,3,93000.0,Automatic,first,diesel
Renault,3,37700.0,Automatic,second,petrol
Hyundai,4,42000.0,Manual,first,diesel
Maruti Suzuki,9,300000.0,Manual,first,diesel
Maruti Suzuki,2,11940.0,Automatic,first,hybrid
Toyota,4,62000.0,Manual,first,diesel
Maruti Suzuki,5,32388.0,Manual,second,petrol
Maruti Suzuki,5,50000.0,Manual,first,petrol
Maruti Suzuki,19,250000.0,Manual,second,petrol
Maruti Suzuki,4,40000.0,Manual,second,hybrid/cng
Toyota,11,77000.0,Automatic,second,hybrid/cng
Maruti Suzuki,10,81158.0,Manual,second,hybrid/cng
Maruti Suzuki,5,85000.0,Manual,first,petrol
Maruti Suzuki,7,33000.0,Manual,first,petrol
Tata,7,98623.0,Automatic,first,diesel
Skoda,16,80000.0,Manual,second,petrol
Hyundai,7,120000.0,Manual,second,diesel
Mini,10,32000.0,Automatic,second,diesel
Audi,8,77000.0,Automatic,first,diesel
Maruti Suzuki,13,153000.0,Manual,first,hybrid
Maruti Suzuki,2,58000.0,Manual,first,hybrid/cng
Maruti Suzuki,11,300000.0,Manual,second,hybrid/cng
Maruti Suzuki,7,81890.0,Manual,first,petrol
Jeep,2,65000.0,Automatic,second,petrol
Maruti Suzuki,7,78000.0,Manual,first,hybrid/cng
Ford,6,136000.0,Automatic,first,diesel
Hyundai,8,57000.0,Manual,first,petrol
Hyundai,9,78000.0,Automatic,first,diesel
Mercedes-Benz,3,57000.0,Automatic,first,diesel
Tata,6,51167.0,Automatic,first,petrol
Honda,9,80000.0,Automatic,second,petrol
Honda,3,300000.0,Automatic,second,diesel
Maruti Suzuki,10,74000.0,Manual,second,petrol
Skoda,11,65000.0,Automatic,second,petrol
Toyota,7,123000.0,Manual,second,diesel
Maruti Suzuki,10,72000.0,Automatic,second,hybrid/cng
Hyundai,1,69000.0,Manual,first,diesel
Maruti Suzuki,14,160000.0,Automatic,second,hybrid
Maruti Suzuki,1,48000.0,Manual,first,hybrid/cng
Toyota,6,90000.0,Manual,second,diesel
Honda,8,300000.0,Automatic,second,petrol
Maruti Suzuki,3,165000.0,Automatic,first,hybrid/cng
Skoda,3,57000.0,Manual,first,petrol
Tata,3,34000.0,Automatic,first,diesel
Maruti Suzuki,9,135000.0,Automatic,first,hybrid/cng
Maruti Suzuki,8,31000.0,Automatic,second,petrol
Maruti Suzuki,5,43000.0,Automatic,first,hybrid
Tata,4,85000.0,Manual,first,diesel
Audi,1,11000.0,Automatic,first,petrol
Maruti Suzuki,8,75000.0,Manual,second,hybrid
Toyota,8,190000.0,Manual,first,diesel
Maruti Suzuki,10,54000.0,Manual,second,hybrid
Maruti Suzuki,6,80000.0,Automatic,first,petrol
Hyundai,5,50000.0,Manual,first,diesel
BMW,12,69000.0,Automatic,second,diesel
Hyundai,12,51000.0,Manual,second,petrol
Tata,6,30000.0,Automatic,first,petrol
Maruti Suzuki,0,22000.0,Manual,first,petrol
Hyundai,4,47000.0,Manual,second,diesel
Hyundai,10,75000.0,Manual,second,petrol
Maruti Suzuki,10,70147.0,Manual,second,hybrid
Volkswagen,11,113000.0,Automatic,second,hybrid/cng
Mahindra,13,100000.0,Manual,second,diesel
Hyundai,8,71000.0,Manual,first,diesel
Maruti Suzuki,5,65000.0,Manual,first,petrol
Honda,6,83568.0,Manual,second,diesel
Hyundai,13,56000.0,Automatic,second,petrol
Mitsubishi,14,98000.0,Automatic,first,petrol
Mercedes-Benz,14,31300.0,Automatic,first,petrol
Audi,7,120000.0,Automatic,second,diesel
Maruti Suzuki,14,96000.0,Automatic,second,petrol
Honda,6,63000.0,Manual,first,hybrid
Mahindra,10,99000.0,Manual,second,diesel
Hyundai,6,25818.0,Automatic,first,petrol
Maruti Suzuki,10,116050.0,Automatic,second,hybrid
Maruti Suzuki,1,67000.0,Manual,first,hybrid
Skoda,14,84500.0,Manual,second,hybrid
Audi,8,44000.0,Automatic,second,diesel
Audi,6,55000.0,Automatic,second,diesel
Maruti Suzuki,8,52145.0,Manual,first,diesel
Nissan,5,35000.0,Manual,first,petrol
Mercedes-Benz,10,75000.0,Automatic,second,diesel
Jeep,7,65000.0,Manual,second,diesel
Tata,2,38400.0,Automatic,first,diesel
Maruti Suzuki,6,78000.0,Manual,first,diesel
Volvo,6,41950.0,Automatic,first,petrol
MG,3,87000.0,Automatic,first,diesel
Hyundai,7,76000.0,Automatic,first,petrol
Maruti Suzuki,7,87000.0,Manual,first,hybrid
Tata,6,50000.0,Manual,first,petrol
Honda,3,69052.0,Manual,second,petrol
BMW,4,11000.0,Automatic,second,petrol
Toyota,11,130000.0,Manual,first,diesel
Toyota,0,6000.0,Automatic,first,diesel
Honda,10,87000.0,Manual,second,petrol
Maruti Suzuki,5,53000.0,Manual,first,petrol
Tata,2,30500.0,Manual,first,hybrid
Hyundai,7,150000.0,Automatic,second,diesel
Maruti Suzuki,4,37512.0,Manual,second,petrol
Hyundai,10,80000.0,Manual,second,petrol
Maruti Suzuki,15,55000.0,Manual,first,petrol
Hyundai,10,72000.0,Automatic,second,hybrid
Tata,7,49000.0,Automatic,second,petrol
Maruti Suzuki,7,55000.0,Manual,first,petrol
Mahindra,8,107000.0,Manual,first,diesel
Maruti Suzuki,1,13000.0,Manual,first,hybrid/cng
BMW,14,25647.0,Automatic,second,petrol
Maruti Suzuki,5,80000.0,Automatic,first,hybrid/cng
Toyota,8,85000.0,Automatic,first,hybrid
Mahindra,8,82000.0,Manual,first,diesel
Honda,14,150000.0,Manual,second,petrol
Force,8,300000.0,Automatic,first,hybrid/cng
Hyundai,13,65000.0,Automatic,second,petrol
Ford,5,93585.0,Automatic,first,hybrid/cng
Toyota,15,120000.0,Automatic,second,diesel
Hyundai,5,79000.0,Manual,second,hybrid/cng
Tata,3,25000.0,Automatic,first,petrol
Tata,5,50000.0,Automatic,first,hybrid/cng
Renault,11,85000.0,Manual,second,diesel
Maruti Suzuki,6,72890.0,Automatic,first,hybrid
Hyundai,7,69000.0,Automatic,first,diesel
Volkswagen,9,92000.0,Manual,second,diesel
Honda,9,89000.0,Manual,second,hybrid/cng
MG,3,18000.0,Automatic,first,diesel
Hyundai,9,80000.0,Manual,first,hybrid/cng
Toyota,3,40000.0,Automatic,first,diesel
Honda,6,42000.0,Manual,second,diesel
Maruti Suzuki,6,85000.0,Manual,first,hybrid/cng
Tata,6,300000.0,Manual,second,petrol
Maruti Suzuki,14,74000.0,Manual,second,hybrid
Maruti Suzuki,5,60000.0,Manual,second,petrol
Mahindra,10,67000.0,Manual,first,diesel
Toyota,9,98525.0,Manual,second,diesel
Mercedes-Benz,5,59000.0,Automatic,first,petrol
Nissan,8,300000.0,Automatic,first,hybrid/cng
Maruti Suzuki,14,85000.0,Manual,first,hybrid/cng
Toyota,1,200000.0,Automatic,first,diesel
Hyundai,11,74000.0,Manual,second,hybrid/cng
Audi,7,71555.0,Automatic,second,diesel
Honda,8,62500.0,Automatic,second,hybrid/cng
Hyundai,10,56000.0,Automatic,second,hybrid
Mahindra,14,300000.0,Manual,second,diesel
Maruti Suzuki,4,56867.0,Manual,second,hybrid
Maruti Suzuki,6,250000.0,Automatic,second,petrol
Tata,3,19000.0,Automatic,first,petrol
Volkswagen,6,19000.0,Manual,second,petrol
Maruti Suzuki,12,56000.0,Manual,first,hybrid/cng
Audi,8,51000.0,Automatic,second,petrol
Hyundai,6,51000.0,Manual,first,diesel
Maruti Suzuki,7,78000.0,Automatic,first,petrol
Maruti Suzuki,4,300000.0,Manual,first,hybrid/cng
Maruti Suzuki,11,97000.0,Manual,second,petrol
Toyota,6,188000.0,Manual,first,diesel
Mahindra,4,15.0,Automatic,first,diesel
Maruti Suzuki,6,93500.0,Automatic,first,hybrid/cng
Maruti Suzuki,13,111000.0,Automatic,second,hybrid
Kia,3,260000.0,Manual,first,petrol
Maruti Suzuki,9,110000.0,Manual,second,diesel
Hyundai,9,48000.0,Manual,second,diesel
Renault,6,67000.0,Manual,second,petrol
Maruti Suzuki,5,80000.0,Manual,first,diesel
Chevrolet,8,44000.0,Manual,second,petrol
Hyundai,2,6199.0,Manual,first,petrol
Chevrolet,11,112000.0,Manual,first,diesel
Maruti Suzuki,4,185000.0,Manual,first,hybrid/cng
Maruti Suzuki,2,110000.0,Manual,first,petrol
Ford,8,37500.0,Manual,second,petrol
Toyota,2,61000.0,Manual,first,diesel
Honda,7,75000.0,Automatic,second,petrol
Honda,6,38000.0,Automatic,second,hybrid/cng
Honda,13,80000.0,Automatic,second,hybrid/cng
Honda,9,80000.0,Manual,second,diesel
Jeep,6,25300.0,Manual,second,petrol
Maruti Suzuki,0,13400.0,Automatic,first,hybrid/cng
Audi,9,49000.0,Automatic,first,diesel
Maruti Suzuki,5,54900.0,Automatic,second,diesel
Hyundai,7,65000.0,Manual,second,hybrid/cng
Maruti Suzuki,2,71000.0,Manual,second,hybrid
Kia,5,71000.0,Manual,first,diesel
Land Rover,3,31527.0,Automatic,second,diesel
Maruti Suzuki,13,130000.0,Manual,second,petrol
Maruti Suzuki,10,141000.0,Manual,first,diesel
Kia,4,35000.0,Manual,first,diesel
Land Rover,6,51000.0,Automatic,first,diesel
Tata,4,80123.0,Automatic,first,petrol
Hyundai,4,67000.0,Manual,first,hybrid/cng
Hyundai,9,65000.0,Automatic,first,diesel
Volkswagen,15,112000.0,Automatic,second,hybrid/cng
Maruti Suzuki,5,38000.0,Automatic,first,petrol
Toyota,8,61000.0,Automatic,second,petrol
Toyota,3,300000.0,Manual,second,diesel
Volkswagen,12,32000.0,Automatic,second,petrol
Tata,2,7900.0,Automatic,second,petrol
Mercedes-Benz,5,40000.0,Automatic,second,diesel
Hyundai,12,139000.0,Manual,second,petrol
Kia,1,27000.0,Automatic,first,diesel
Maruti Suzuki,4,40000.0,Automatic,first,hybrid
Toyota,14,85000.0,Manual,second,hybrid/cng
Maruti Suzuki,6,58000.0,Manual,first,diesel
Skoda,6,65000.0,Manual,first,diesel
Mercedes-Benz,7,50000.0,Automatic,second,diesel
Mahindra,6,71000.0,Manual,first,diesel
Hyundai,14,64000.0,Manual,second,hybrid/cng
Toyota,14,125000.0,Manual,first,diesel
Chevrolet,14,75000.0,Manual,second,hybrid
Hyundai,8,82000.0,Automatic,second,petrol
Toyota,0,11000.0,Automatic,first,hybrid/cng
Chevrolet,12,105000.0,Manual,second,diesel
Renault,2,34947.0,Automatic,first,petrol
Audi,6,63000.0,Automatic,second,petrol
Volvo,9,125000.0,Automatic,second,diesel
Honda,3,35111.0,Manual,first,petrol
Mercedes-Benz,9,57000.0,Automatic,first,diesel
Honda,11,106000.0,Automatic,second,hybrid/cng
Hyundai,6,80000.0,Manual,first,diesel
Maruti Suzuki,9,63000.0,Manual,second,petrol
Maruti Suzuki,6,48000.0,Automatic,second,petrol
Toyota,7,68000.0,Automatic,second,diesel
BMW,11,123872.0,Manual,first,diesel
Land Rover,4,54000.0,Automatic,second,petrol
Maruti Suzuki,2,21062.0,Automatic,first,petrol
Hyundai,9,60000.0,Automatic,second,hybrid
Renault,8,48451.0,Manual,first,petrol
BMW,5,300000.0,Automatic,first,diesel
Maruti Suzuki,11,64000.0,Manual,first,hybrid/cng
Toyota,1,32000.0,Automatic,first,petrol
Skoda,10,300000.0,Automatic,second,diesel
BMW,7,59000.0,Automatic,first,diesel
Hyundai,11,24500.0,Manual,second,petrol
Honda,17,103000.0,Automatic,second,petrol
Maruti Suzuki,5,66000.0,Manual,second,diesel
Honda,6,68000.0,Automatic,first,hybrid/cng
Mercedes-Benz,1,22000.0,Automatic,first,diesel
Hyundai,5,78000.0,Automatic,first,diesel
BMW,7,68303.0,Automatic,second,diesel
Maruti Suzuki,5,75000.0,Manual,first,hybrid/cng
Maruti Suzuki,8,51000.0,Manual,second,hybrid
Ford,14,105000.0,Manual,second,diesel
Honda,10,84999.0,Manual,second,hybrid/cng
Skoda,2,80000.0,Automatic,first,petrol
Hyundai,10,60000.0,Manual,first,petrol
Hyundai,0,2300.0,Manual,first,petrol
Tata,2,19300.0,Manual,first,hybrid/cng
Ford,5,60000.0,Manual,first,diesel
Skoda,12,69000.0,Manual,second,diesel
Maruti Suzuki,11,190000.0,Automatic,second,hybrid
Honda,13,75875.0,Automatic,second,petrol
Mercedes-Benz,8,252000.0,Automatic,first,diesel
Mercedes-Benz,10,96000.0,Automatic,second,diesel
Hyundai,15,16000.0,Automatic,first,petrol
Maruti Suzuki,9,83381.0,Automatic,first,petrol
Maruti Suzuki,7,108000.0,Manual,first,diesel
Maruti Suzuki,8,51000.0,Manual,second,petrol
Nissan,7,70805.0,Automatic,second,petrol
Skoda,9,51000.0,Manual,second,petrol
Honda,4,60766.0,Automatic,first,petrol
Hyundai,5,50000.0,Manual,first,diesel
Honda,2,25000.0,Automatic,first,petrol
Mercedes-Benz,5,45000.0,Automatic,second,diesel
Maruti Suzuki,1,16000.0,Automatic,first,petrol
Maruti Suzuki,9,68000.0,Manual,second,hybrid
Maruti Suzuki,7,76443.0,Manual,first,petrol
Hyundai,11,82000.0,Manual,second,diesel
Hyundai,8,85000.0,Manual,second,petrol
Hyundai,11,83000.0,Manual,second,diesel
Maruti Suzuki,14,85000.0,Manual,second,petrol
Maruti Suzuki,7,52000.0,Automatic,first,hybrid/cng
Maruti Suzuki,1,250000.0,Automatic,first,hybrid
Mahindra,3,30000.0,Automatic,first,diesel
Maruti Suzuki,15,169000.0,Manual,second,diesel
Toyota,0,1900.0,Automatic,first,hybrid/cng
Honda,7,35000.0,Manual,second,petrol
Maruti Suzuki,4,125000.0,Manual,second,petrol
Hyundai,12,46521.0,Manual,first,petrol
Volkswagen,13,43000.0,Automatic,second,petrol
Hyundai,6,52000.0,Manual,first,hybrid/cng
Renault,2,18000.0,Manual,first,hybrid/cng
Audi,12,75000.0,Automatic,first,diesel
Maruti Suzuki,13,113000.0,Manual,second,diesel
Honda,4,88000.0,Manual,first,hybrid
Hyundai,2,13000.0,Automatic,first,petrol
Skoda,8,107423.0,Automatic,first,diesel
Honda,18,98000.0,Automatic,second,petrol
Maruti Suzuki,6,75000.0,Automatic,second,petrol
Hyundai,5,76870.0,Automatic,first,diesel
Toyota,7,60043.0,Automatic,second,petrol
BMW,3,18000.0,Automatic,first,diesel
Maruti Suzuki,14,121000.0,Manual,first,diesel
Hyundai,9,58000.0,Manual,first,petrol
Maruti Suzuki,9,87419.0,Manual,second,petrol
Maruti Suzuki,13,95000.0,Automatic,second,hybrid/cng
Hyundai,3,12356.0,Automatic,first,petrol
Kia,5,84000.0,Automatic,second,petrol
Volkswagen,7,150000.0,Automatic,first,diesel
Maruti Suzuki,15,46000.0,Automatic,second,hybrid/cng
Honda,8,84844.0,Manual,second,petrol
Tata,6,68000.0,Automatic,first,petrol
Tata,3,24000.0,Manual,first,petrol
Honda,3,25000.0,Automatic,second,petrol
Maruti Suzuki,5,71000.0,Automatic,first,petrol
Volkswagen,11,60000.0,Manual,second,hybrid
Renault,7,300000.0,Manual,second,petrol
Skoda,9,106000.0,Automatic,second,petrol
Nissan,13,64213.0,Manual,first,petrol
Maruti Suzuki,14,48552.0,Manual,first,petrol
Porsche,4,50000.0,Automatic,first,hybrid
Maruti Suzuki,7,44515.0,Automatic,second,petrol
BMW,4,60000.0,Automatic,first,diesel
Hyundai,11,40595.0,Automatic,second,petrol
Honda,7,55000.0,Manual,first,petrol
Honda,9,71000.0,Manual,second,petrol
Maruti Suzuki,6,260000.0,Automatic,first,hybrid
Hyundai,3,55000.0,Manual,first,hybrid/cng
Hyundai,12,151000.0,Manual,second,hybrid
Maruti Suzuki,14,60000.0,Automatic,first,petrol
Maruti Suzuki,3,38562.0,Manual,first,hybrid
Mahindra,11,16872.0,Manual,second,diesel
Volvo,2,32000.0,Automatic,first,petrol
Maruti Suzuki,12,79000.0,Manual,second,hybrid
Maruti Suzuki,6,51000.0,Manual,second,diesel
Toyota,5,82000.0,Automatic,second,diesel
Renault,8,150000.0,Manual,second,diesel
Ford,7,48082.0,Automatic,first,petrol
Maruti Suzuki,6,191000.0,Manual,second,hybrid
Hyundai,13,51000.0,Automatic,second,petrol
Maruti Suzuki,18,79000.0,Manual,second,petrol
BMW,12,105000.0,Automatic,first,diesel
Maruti Suzuki,5,38923.0,Automatic,first,petrol
Ford,7,143063.0,Manual,first,diesel
Maruti Suzuki,9,95000.0,Manual,first,hybrid
Volkswagen,13,66000.0,Automatic,first,petrol
Honda,10,32001.0,Manual,second,petrol
Volkswagen,12,175000.0,Manual,second,diesel
Maruti Suzuki,9,61479.0,Automatic,first,petrol
Mercedes-Benz,11,149000.0,Automatic,second,diesel
Maruti Suzuki,3,50000.0,Manual,first,hybrid/cng
Ford,10,82000.0,Manual,first,diesel
Honda,9,300000.0,Manual,second,petrol
Maruti Suzuki,6,7512.0,Automatic,first,petrol
Toyota,7,52000.0,Automatic,first,diesel
Honda,11,110000.0,Manual,second,diesel
Hyundai,9,61000.0,Automatic,first,hybrid/cng
Volkswagen,6,68000.0,Automatic,second,diesel
Ford,10,36000.0,Automatic,first,diesel
Ford,7,144000.0,Automatic,first,diesel
Ford,5,56516.0,Automatic,first,petrol
Maruti Suzuki,13,75000.0,Manual,first,diesel
Honda,9,81000.0,Manual,first,diesel
MG,3,37000.0,Automatic,second,petrol
Maruti Suzuki,6,79000.0,Manual,first,hybrid
Maruti Suzuki,9,34000.0,Automatic,second,hybrid
Maruti Suzuki,12,55000.0,Manual,second,hybrid
Hyundai,3,77000.0,Manual,second,diesel
Maruti Suzuki,9,92600.0,Automatic,second,hybrid/cng
Tata,5,67231.0,Manual,first,diesel
Maruti Suzuki,11,75000.0,Manual,first,hybrid/cng
Audi,10,69.0,Automatic,second,diesel
Maruti Suzuki,4,49000.0,Manual,first,petrol
Volkswagen,11,39000.0,Manual,second,petrol
Hyundai,11,62000.0,Manual,second,hybrid/cng
Mercedes-Benz,10,57396.0,Automatic,second,diesel
Toyota,4,50000.0,Manual,second,diesel
Toyota,10,90800.0,Automatic,second,petrol
Toyota,9,95000.0,Manual,second,diesel
Mahindra,5,60000.0,Manual,first,diesel
Hyundai,9,66980.0,Automatic,second,petrol
Toyota,6,149000.0,Manual,second,diesel
Hyundai,4,92000.0,Manual,first,diesel
Toyota,6,120000.0,Automatic,second,diesel
Audi,8,47000.0,Automatic,second,diesel
Hyundai,2,50000.0,Automatic,second,hybrid/cng
Maruti Suzuki,7,53000.0,Automatic,first,hybrid/cng
Chevrolet,10,300000.0,Manual,second,diesel
Maruti Suzuki,15,70000.0,Manual,second,petrol
Maruti Suzuki,6,68000.0,Manual,first,hybrid/cng
Hyundai,1,2500.0,Automatic,first,petrol
Maruti Suzuki,8,54000.0,Manual,second,hybrid
Maruti Suzuki,4,40000.0,Automatic,second,hybrid/cng
Hyundai,6,78000.0,Automatic,first,hybrid
Audi,7,85000.0,Automatic,first,diesel
Maruti Suzuki,6,65000.0,Automatic,second,petrol
Maruti Suzuki,7,300000.0,Automatic,first,hybrid/cng
Maruti Suzuki,10,65000.0,Manual,second,hybrid/cng
Maruti Suzuki,9,67729.0,Manual,first,hybrid/cng
Hyundai,3,38000.0,Manual,first,diesel
Maruti Suzuki,7,51000.0,Manual,first,petrol
Maruti Suzuki,13,57327.0,Automatic,second,hybrid/cng
Hyundai,16,125000.0,Manual,first,diesel
Kia,3,30000.0,Automatic,first,diesel
Maruti Suzuki,6,70000.0,Manual,second,hybrid/cng
Maruti Suzuki,0,1234.0,Manual,first,hybrid
Honda,5,43000.0,Manual,second,hybrid/cng
Mercedes-Benz,13,64000.0,Automatic,second,diesel
Hyundai,1,12340.0,Automatic,first,hybrid
Maruti Suzuki,2,80000.0,Manual,first,petrol
Volkswagen,10,41500.0,Manual,second,petrol
Hyundai,5,40100.0,Automatic,second,petrol
Maruti Suzuki,3,90100.0,Manual,first,petrol
Toyota,7,75000.0,Automatic,second,diesel
Ford,6,120000.0,Automatic,second,diesel
Hyundai,14,80000.0,Automatic,second,hybrid
Toyota,10,215000.0,Automatic,second,diesel
Maruti Suzuki,3,54900.0,Manual,first,hybrid/cng
Hyundai,5,70000.0,Manual,second,diesel
Maruti Suzuki,16,70000.0,Manual,second,petrol
Mahindra,6,80000.0,Manual,second,diesel
Fiat,9,89000.0,Manual,second,diesel
Honda,9,48000.0,Manual,second,petrol
Maruti Suzuki,2,46000.0,Automatic,first,hybrid/cng
Toyota,3,30000.0,Automatic,first,diesel
Kia,5,27000.0,Automatic,first,petrol
Hyundai,7,120000.0,Automatic,first,diesel
Maruti Suzuki,6,66000.0,Automatic,second,hybrid
Honda,12,300000.0,Manual,first,petrol
Mahindra,1,31000.0,Automatic,first,petrol
Honda,10,90000.0,Manual,second,diesel
Ford,6,25000.0,Automatic,first,petrol
Hyundai,8,78000.0,Manual,second,petrol
Mini,11,48000.0,Automatic,second,petrol
Maruti Suzuki,4,43000.0,Automatic,second,petrol
Maruti Suzuki,4,67000.0,Manual,first,hybrid/cng
Hyundai,12,69000.0,Manual,second,petrol
Honda,6,55000.0,Automatic,second,petrol
Renault,5,46231.0,Manual,second,diesel
Tata,6,150000.0,Manual,second,diesel
Jeep,6,69000.0,Manual,first,diesel
Volkswagen,2,50000.0,Automatic,first,petrol
Hyundai,3,45000.0,Automatic,first,diesel
Maruti Suzuki,6,66000.0,Manual,first,hybrid/cng
Hyundai,17,79000.0,Manual,second,hybrid/cng
Mahindra,8,57000.0,Automatic,second,diesel
Mahindra,8,70000.0,Manual,second,diesel
Mahindra,3,50922.0,Automatic,second,diesel
Maruti Suzuki,14,98120.0,Manual,second,petrol
Tata,4,58000.0,Automatic,first,hybrid/cng
Renault,8,1.0,Manual,second,petrol
Honda,11,55000.0,Manual,second,hybrid/cng
Volkswagen,2,43000.0,Manual,second,petrol
Ford,7,90000.0,Automatic,first,diesel
Hyundai,12,75000.0,Manual,first,hybrid
Tata,2,14000.0,Manual,first,petrol
Renault,3,23575.0,Automatic,first,petrol
Datsun,9,18000.0,Manual,first,petrol
Mahindra,6,64000.0,Manual,second,diesel
Maruti Suzuki,13,90000.0,Automatic,second,hybrid/cng
Hyundai,13,39000.0,Manual,first,petrol
Renault,6,94000.0,Automatic,first,petrol
Hyundai,4,39000.0,Automatic,first,diesel
Mahindra,2,56800.0,Manual,first,diesel
Toyota,10,195000.0,Manual,second,diesel
Ford,8,98500.0,Automatic,second,diesel
Nissan,6,62000.0,Manual,first,hybrid/cng
Audi,9,95000.0,Automatic,first,diesel
Hyundai,7,52355.0,Manual,first,petrol
Hyundai,7,12000.0,Automatic,first,hybrid
Hyundai,13,38000.0,Manual,first,petrol
Toyota,3,62080.0,Manual,second,diesel
Honda,6,55000.0,Manual,first,petrol
MG,3,48000.0,Manual,first,diesel
Renault,3,58000.0,Manual,first,hybrid
Toyota,9,68000.0,Automatic,first,diesel
Kia,3,54000.0,Manual,first,petrol
Mahindra,3,41000.0,Automatic,first,diesel
Chevrolet,13,100000.0,Automatic,second,diesel
Mahindra,13,130000.0,Manual,second,diesel
Hyundai,8,71000.0,Manual,first,hybrid/cng
Honda,8,52000.0,Manual,first,petrol
Hyundai,15,212023.0,Automatic,second,hybrid/cng
Kia,2,8690.0,Manual,first,petrol
Maruti Suzuki,2,140000.0,Automatic,first,hybrid/cng
Ford,8,91000.0,Manual,second,diesel
Mercedes-Benz,1,6700.0,Automatic,first,petrol
Ford,3,42850.0,Manual,first,diesel
Toyota,2,42000.0,Automatic,first,petrol
Volkswagen,10,135500.0,Manual,second,diesel
BMW,7,75000.0,Automatic,first,diesel
Hyundai,8,80000.0,Manual,first,petrol
Hyundai,7,180000.0,Manual,second,diesel
Volkswagen,6,96200.0,Manual,second,diesel
Maruti Suzuki,18,26500.0,Manual,second,petrol
Maruti Suzuki,4,44566.0,Manual,first,petrol
Maruti Suzuki,7,41000.0,Automatic,second,hybrid
BMW,1,9500.0,Automatic,second,petrol
Honda,17,75000.0,Manual,second,petrol
Mahindra,8,64000.0,Manual,second,diesel
Hyundai,22,160000.0,Manual,first,diesel
Skoda,10,71000.0,Automatic,second,petrol
Hyundai,14,120000.0,Automatic,second,hybrid/cng
BMW,14,76486.0,Automatic,second,diesel
Toyota,2,31000.0,Automatic,first,diesel
Toyota,4,155000.0,Manual,first,diesel
Maruti Suzuki,9,72000.0,Manual,second,hybrid/cng
Hyundai,9,90000.0,Automatic,second,diesel
Tata,6,108000.0,Automatic,second,diesel
Honda,13,74000.0,Automatic,second,petrol
Skoda,2,39500.0,Automatic,first,petrol
Honda,7,59800.0,Automatic,second,petrol
Toyota,0,100.0,Automatic,first,hybrid
Maruti Suzuki,10,48000.0,Manual,second,petrol
Mahindra,3,13000.0,Automatic,first,diesel
Tata,8,98000.0,Manual,first,petrol
Honda,10,300000.0,Automatic,second,petrol
Hyundai,6,53000.0,Manual,second,petrol
Hyundai,10,75000.0,Manual,second,diesel
Ford,5,40683.0,Automatic,first,hybrid/cng
Hyundai,6,54000.0,Automatic,second,diesel
Tata,7,170000.0,Manual,first,diesel
Honda,8,67000.0,Automatic,second,petrol
Lexus,4,67000.0,Automatic,first,hybrid
Chevrolet,14,65000.0,Manual,second,hybrid
Honda,3,119000.0,Automatic,first,diesel
Ford,7,78663.0,Automatic,first,diesel
Tata,4,85000.0,Automatic,second,diesel
Maruti Suzuki,10,62000.0,Manual,second,diesel
Hyundai,16,71000.0,Manual,second,petrol
Hyundai,10,62000.0,Manual,second,hybrid/cng
Ford,5,64000.0,Manual,second,diesel
Maruti Suzuki,7,78200.0,Automatic,first,hybrid/cng
Volkswagen,7,77948.0,Manual,second,diesel
Hyundai,5,300000.0,Automatic,first,diesel
Hyundai,5,26000.0,Automatic,second,petrol
Maruti Suzuki,6,78000.0,Automatic,first,hybrid
Maruti Suzuki,7,58000.0,Automatic,first,hybrid/cng
Maruti Suzuki,9,58200.0,Manual,second,petrol
Maruti Suzuki,6,107000.0,Automatic,first,hybrid
Maruti Suzuki,7,46000.0,Automatic,first,petrol
Maruti Suzuki,4,94856.0,Manual,first,petrol
Mahindra,6,85000.0,Manual,second,diesel
Kia,3,89000.0,Automatic,first,diesel
Hyundai,6,41000.0,Manual,second,petrol
Honda,13,76000.0,Automatic,second,petrol
Honda,8,39000.0,Manual,second,petrol
Mahindra,5,115000.0,Manual,second,diesel
BMW,13,151244.0,Automatic,second,diesel
Mahindra,11,61000.0,Manual,second,diesel
Honda,9,75000.0,Manual,second,diesel
Maruti Suzuki,7,45000.0,Automatic,second,hybrid/cng
Mahindra,5,97000.0,Manual,first,diesel
Maruti Suzuki,1,27000.0,Manual,first,petrol
Audi,0,6912.0,Automatic,first,hybrid/cng
Honda,17,68000.0,Manual,first,petrol
Maruti Suzuki,13,111000.0,Manual,second,diesel
Maruti Suzuki,6,62956.0,Manual,first,petrol
Toyota,10,95000.0,Manual,first,diesel
Renault,2,11425.0,Automatic,first,petrol
Mahindra,9,78000.0,Manual,second,diesel
Maruti Suzuki,6,72000.0,Manual,second,hybrid
Mercedes-Benz,7,85000.0,Automatic,second,diesel
Renault,7,17500.0,Automatic,first,petrol
Hyundai,5,87000.0,Manual,first,diesel
Maruti Suzuki,7,96000.0,Manual,second,diesel
Ford,3,45000.0,Automatic,first,diesel
Toyota,8,142500.0,Automatic,second,diesel
Maruti Suzuki,10,62000.0,Automatic,second,petrol
Maruti Suzuki,14,75000.0,Automatic,second,petrol
Maruti Suzuki,9,98000.0,Manual,first,petrol
Honda,9,71000.0,Automatic,second,petrol
Volkswagen,13,65000.0,Automatic,second,diesel
Mahindra,5,24200.0,Manual,first,diesel
Maruti Suzuki,13,85000.0,Manual,second,petrol
Hyundai,11,149000.0,Manual,second,hybrid
Hyundai,9,79864.0,Manual,second,diesel
Mercedes-Benz,7,80000.0,Automatic,second,diesel
Hyundai,15,300000.0,Automatic,second,petrol
Maruti Suzuki,7,53000.0,Automatic,first,petrol
Toyota,8,99000.0,Automatic,second,diesel
Hyundai,8,50000.0,Manual,first,petrol
Maruti Suzuki,8,110000.0,Automatic,first,diesel
Ford,8,100000.0,Manual,second,diesel
Hyundai,9,58000.0,Manual,second,hybrid/cng
Maruti Suzuki,9,300000.0,Manual,first,hybrid/cng
Chevrolet,12,175300.0,Automatic,second,diesel
Maruti Suzuki,0,30000.0,Automatic,first,hybrid
Kia,4,34500.0,Automatic,first,petrol
Chevrolet,18,117000.0,Automatic,second,petrol
Kia,4,44197.0,Automatic,first,diesel
Maruti Suzuki,3,63250.0,Manual,first,hybrid/cng
Maruti Suzuki,11,38000.0,Manual,first,hybrid
Mercedes-Benz,6,116000.0,Automatic,second,diesel
BMW,1,6500.0,Automatic,first,diesel
Maruti Suzuki,4,15000.0,Manual,first,hybrid
BMW,4,25000.0,Automatic,first,petrol
Maruti Suzuki,14,86000.0,Manual,first,hybrid/cng
Hyundai,11,47000.0,Manual,first,petrol
Tata,7,120000.0,Manual,second,diesel
Maruti Suzuki,12,96000.0,Manual,second,hybrid
Maruti Suzuki,8,70000.0,Automatic,second,hybrid/cng
Toyota,6,85000.0,Manual,second,diesel
Maruti Suzuki,6,55000.0,Manual,second,hybrid
Toyota,2,81000.0,Automatic,first,diesel
Land Rover,5,28000.0,Automatic,first,petrol
Hyundai,6,78000.0,Automatic,first,hybrid
Honda,11,79000.0,Automatic,second,petrol
Datsun,7,25000.0,Manual,second,petrol
Maruti Suzuki,12,70000.0,Manual,second,diesel
Audi,11,97253.0,Automatic,first,diesel
Volkswagen,8,75000.0,Automatic,second,petrol
Maruti Suzuki,7,56000.0,Manual,second,diesel
Mercedes-Benz,13,40000.0,Automatic,first,petrol
Mercedes-Benz,7,64000.0,Automatic,second,diesel
Mercedes-Benz,1,7500.0,Automatic,first,diesel
Maruti Suzuki,9,64000.0,Manual,second,petrol
BMW,0,10000.0,Automatic,first,petrol
Maruti Suzuki,13,68535.0,Manual,second,hybrid
Maruti Suzuki,3,38000.0,Manual,first,petrol
Maruti Suzuki,2,8500.0,Manual,second,petrol
Hyundai,4,62000.0,Manual,first,hybrid
Audi,7,65000.0,Automatic,first,diesel
Maruti Suzuki,6,85600.0,Manual,first,diesel
Kia,5,54500.0,Automatic,first,diesel
Jeep,5,67000.0,Automatic,first,petrol
BMW,9,78000.0,Automatic,second,diesel
Honda,10,78000.0,Manual,first,diesel
BMW,4,10000.0,Automatic,first,petrol
Hyundai,11,68000.0,Automatic,first,petrol
BMW,7,99000.0,Automatic,second,diesel
Skoda,1,15000.0,Automatic,first,petrol
Maruti Suzuki,7,69500.0,Manual,second,diesel
Mahindra,10,300000.0,Manual,second,diesel
Kia,4,68000.0,Manual,first,diesel
Maruti Suzuki,1,22000.0,Manual,first,petrol
Maruti Suzuki,11,65000.0,Manual,first,petrol
Mercedes-Benz,7,72000.0,Automatic,second,diesel
Maruti Suzuki,8,57000.0,Automatic,second,petrol
Tata,6,165000.0,Automatic,first,diesel
Hyundai,6,105000.0,Automatic,second,hybrid/cng
Maruti Suzuki,5,147200.0,Automatic,second,diesel
Audi,10,50000.0,Automatic,second,diesel
Hyundai,0,8499.0,Automatic,first,petrol
Maruti Suzuki,1,8000.0,Manual,second,hybrid
Toyota,9,250000.0,Manual,first,diesel
Mahindra,1,17000.0,Automatic,first,diesel
Maruti Suzuki,7,75000.0,Automatic,first,hybrid
Toyota,9,220000.0,Manual,second,diesel
Maruti Suzuki,1,17000.0,Manual,first,petrol
Skoda,2,19500.0,Manual,first,petrol
Kia,4,72000.0,Manual,first,diesel
Hyundai,11,89288.0,Manual,first,hybrid/cng
Hyundai,10,63000.0,Manual,first,petrol
Toyota,6,80000.0,Manual,first,diesel
Toyota,11,129000.0,Manual,second,diesel
Volkswagen,13,150000.0,Manual,second,diesel
Maruti Suzuki,4,100000.0,Automatic,first,hybrid
Renault,11,96000.0,Manual,second,diesel
Honda,9,33500.0,Manual,first,hybrid/cng
Toyota,2,223100.0,Automatic,first,diesel
Maruti Suzuki,9,38000.0,Manual,second,petrol
Honda,5,56000.0,Manual,first,hybrid/cng
Mercedes-Benz,9,159000.0,Automatic,second,diesel
Hyundai,6,57000.0,Manual,second,hybrid/cng
Volkswagen,7,80000.0,Manual,first,diesel
Hyundai,14,55000.0,Manual,second,hybrid/cng
Hyundai,12,95000.0,Manual,first,diesel
Hyundai,6,65000.0,Manual,second,petrol
Renault,6,76000.0,Manual,second,diesel
Maruti Suzuki,5,63205.0,Automatic,first,hybrid/cng
Kia,5,22000.0,Automatic,second,petrol
Hyundai,8,55000.0,Manual,second,petrol
Nissan,7,84000.0,Automatic,second,diesel
Maruti Suzuki,7,57000.0,Automatic,first,hybrid/cng
Mahindra,8,220000.0,Manual,second,diesel
Volkswagen,14,140000.0,Manual,second,diesel
Mercedes-Benz,6,43000.0,Automatic,second,diesel
Maruti Suzuki,10,65000.0,Manual,second,hybrid
Maruti Suzuki,10,87000.0,Automatic,second,hybrid
Maruti Suzuki,6,68655.0,Automatic,first,hybrid
Mercedes-Benz,8,59500.0,Automatic,first,petrol
Honda,11,96000.0,Automatic,second,petrol
Honda,8,64000.0,Manual,second,petrol
Hyundai,11,80417.0,Manual,second,hybrid
Honda,9,117000.0,Manual,second,petrol
Maruti Suzuki,13,50000.0,Automatic,second,hybrid
Maruti Suzuki,5,48000.0,Manual,first,petrol
Hyundai,15,13570.0,Automatic,first,hybrid/cng
BMW,14,86000.0,Automatic,second,diesel
Hyundai,11,64000.0,Automatic,second,diesel
Mercedes-Benz,11,72000.0,Automatic,second,diesel
Maruti Suzuki,8,78000.0,Manual,second,hybrid
Hyundai,6,300000.0,Manual,second,petrol
Honda,16,105000.0,Automatic,first,hybrid
Tata,11,87312.0,Manual,first,diesel
Maruti Suzuki,15,98000.0,Manual,second,diesel
Maruti Suzuki,2,23000.0,Manual,first,petrol
Maruti Suzuki,4,43000.0,Manual,first,hybrid
Mahindra,6,100214.0,Automatic,second,diesel
Maruti Suzuki,7,200000.0,Automatic,first,hybrid
Hyundai,8,65330.0,Manual,second,hybrid
Toyota,11,69000.0,Automatic,second,diesel
Maruti Suzuki,4,80000.0,Automatic,first,hybrid
Mahindra,6,85000.0,Manual,second,diesel
Toyota,9,65000.0,Automatic,second,hybrid/cng
Maruti Suzuki,4,200000.0,Manual,second,hybrid
Honda,13,300000.0,Manual,second,petrol
Maruti Suzuki,10,28.0,Automatic,first,hybrid
Maruti Suzuki,2,249500.0,Manual,first,hybrid/cng
Hyundai,15,100000.0,Manual,second,petrol
Maruti Suzuki,6,300000.0,Automatic,first,hybrid/cng
Ford,11,69000.0,Manual,second,hybrid
Hyundai,2,25000.0,Automatic,first,petrol
Volkswagen,11,61000.0,Automatic,first,petrol
Maruti Suzuki,7,76000.0,Automatic,first,hybrid
Honda,9,65000.0,Automatic,second,hybrid/cng
Hyundai,7,50000.0,Automatic,second,hybrid
Mahindra,1,250000.0,Automatic,first,petrol
Maruti Suzuki,7,52000.0,Automatic,second,petrol
Skoda,13,63000.0,Automatic,second,diesel
Volkswagen,14,50000.0,Manual,second,hybrid
Maruti Suzuki,7,78000.0,Manual,second,diesel
BMW,11,61000.0,Automatic,second,diesel
Maruti Suzuki,19,5000.0,Automatic,second,petrol
Honda,6,81001.0,Manual,first,diesel
Maruti Suzuki,9,59000.0,Manual,first,petrol
Volkswagen,6,35000.0,Manual,first,petrol
Hyundai,1,12000.0,Automatic,first,petrol
Toyota,9,60000.0,Manual,first,petrol
Honda,7,85000.0,Manual,first,petrol
Land Rover,12,89000.0,Manual,second,diesel
Maruti Suzuki,8,51000.0,Manual,second,hybrid
Hyundai,14,88000.0,Manual,second,petrol
Maruti Suzuki,10,73000.0,Manual,second,hybrid
Maruti Suzuki,8,79000.0,Manual,second,hybrid
Hyundai,24,120400.0,Manual,second,petrol
Honda,11,85000.0,Manual,second,diesel
Audi,9,41000.0,Automatic,second,diesel
Hyundai,7,300000.0,Automatic,second,hybrid
Maruti Suzuki,10,78000.0,Manual,first,hybrid/cng
Toyota,10,70000.0,Automatic,first,hybrid
Mercedes-Benz,11,59000.0,Automatic,first,diesel
Maruti Suzuki,10,78000.0,Manual,second,petrol
Tata,0,6300.0,Manual,first,hybrid
Maruti Suzuki,11,135600.0,Manual,second,diesel
Mahindra,3,57548.0,Manual,first,diesel
Mahindra,2,14555.0,Automatic,first,diesel
Hyundai,4,65000.0,Manual,first,hybrid
Hyundai,13,58000.0,Automatic,first,petrol
Volkswagen,5,45000.0,Automatic,second,petrol
Volkswagen,13,60000.0,Manual,first,petrol
Hyundai,7,45000.0,Automatic,first,petrol
Honda,6,59000.0,Manual,second,diesel
Maruti Suzuki,7,80000.0,Automatic,second,petrol
Honda,5,124000.0,Automatic,first,petrol
Maruti Suzuki,6,64000.0,Manual,second,petrol
Maruti Suzuki,7,54000.0,Manual,second,hybrid/cng
Hyundai,6,53300.0,Automatic,second,hybrid/cng
Hyundai,8,84000.0,Automatic,second,diesel
Volkswagen,3,50000.0,Automatic,second,petrol
Hyundai,4,62000.0,Manual,first,diesel
Honda,10,153000.0,Manual,first,petrol
Hyundai,14,55000.0,Automatic,second,hybrid/cng
Maruti Suzuki,1,30000.0,Automatic,second,hybrid
Land Rover,6,50000.0,Automatic,second,diesel
Mercedes-Benz,4,51000.0,Automatic,first,petrol
Maruti Suzuki,2,70000.0,Manual,first,hybrid
Honda,7,70000.0,Automatic,second,hybrid
Ford,8,36000.0,Manual,second,petrol
BMW,5,25000.0,Automatic,second,diesel
Hyundai,6,23000.0,Automatic,first,petrol
Tata,11,93000.0,Manual,second,diesel
Mahindra,8,90000.0,Manual,second,diesel
Toyota,2,80000.0,Automatic,first,diesel
Ford,7,65000.0,Manual,first,diesel
Volkswagen,6,65000.0,Automatic,first,petrol
Audi,10,68000.0,Automatic,second,diesel
Renault,4,110000.0,Automatic,first,diesel
Maruti Suzuki,7,109711.0,Manual,second,hybrid/cng
Maruti Suzuki,5,35000.0,Automatic,first,diesel
Renault,2,17000.0,Manual,first,petrol
Hyundai,3,57555.0,Manual,first,petrol
Maruti Suzuki,10,9000.0,Manual,second,diesel
Maruti Suzuki,9,71455.0,Manual,first,hybrid/cng
Tata,4,48000.0,Manual,second,petrol
Toyota,6,75000.0,Automatic,first,diesel
Maruti Suzuki,14,60000.0,Automatic,second,hybrid/cng
Honda,16,98000.0,Manual,second,hybrid
Land Rover,7,90000.0,Automatic,first,diesel
Maruti Suzuki,7,47000.0,Automatic,first,petrol
Mercedes-Benz,7,60000.0,Automatic,first,diesel
Maruti Suzuki,2,32809.0,Automatic,first,petrol
Honda,12,60000.0,Automatic,second,hybrid/cng
Hyundai,6,35000.0,Manual,first,petrol
Volkswagen,13,48231.0,Automatic,second,petrol
Maruti Suzuki,17,142000.0,Manual,second,petrol
Maruti Suzuki,13,72000.0,Manual,second,petrol
Maruti Suzuki,5,42500.0,Manual,second,petrol
Hyundai,9,76000.0,Manual,second,hybrid
Ford,10,90000.0,Manual,second,diesel
Maruti Suzuki,11,94000.0,Manual,second,hybrid/cng
Land Rover,6,51000.0,Automatic,first,petrol
Tata,6,25000.0,Automatic,first,petrol
Honda,12,83000.0,Automatic,second,hybrid
Maruti Suzuki,5,38000.0,Manual,first,petrol
Hyundai,10,80000.0,Manual,second,petrol
Maruti Suzuki,12,28000.0,Manual,second,hybrid/cng
Maruti Suzuki,7,80000.0,Manual,first,hybrid
Audi,6,48000.0,Automatic,second,diesel
Volkswagen,5,48000.0,Automatic,second,petrol
Ford,6,73000.0,Automatic,first,petrol
Skoda,6,65000.0,Automatic,first,diesel
Maruti Suzuki,7,78000.0,Manual,first,hybrid
Hyundai,7,37000.0,Automatic,first,petrol
Mahindra,3,17000.0,Manual,second,petrol
Mahindra,7,118000.0,Automatic,second,diesel
BMW,8,85000.0,Automatic,second,diesel
Maruti Suzuki,9,78000.0,Automatic,second,petrol
Maruti Suzuki,8,79000.0,Manual,first,petrol
Audi,8,100000.0,Automatic,second,diesel
Maruti Suzuki,5,100000.0,Automatic,first,hybrid
Maruti Suzuki,2,25000.0,Manual,second,hybrid/cng
Honda,14,93000.0,Automatic,first,hybrid/cng
Maruti Suzuki,5,90000.0,Automatic,first,hybrid
Honda,13,90000.0,Manual,second,petrol
Toyota,10,78000.0,Automatic,second,hybrid/cng
Mahindra,8,90000.0,Manual,second,petrol
BMW,12,80000.0,Automatic,second,diesel
Hyundai,6,55000.0,Manual,second,petrol
Datsun,7,50000.0,Automatic,first,hybrid/cng
Ford,8,45000.0,Manual,second,petrol
Chevrolet,11,45000.0,Manual,second,diesel
Maruti Suzuki,13,150000.0,Automatic,second,hybrid/cng
Maruti Suzuki,8,135000.0,Manual,second,diesel
Hyundai,13,67000.0,Manual,first,petrol
Maruti Suzuki,6,68364.0,Manual,first,petrol
Maruti Suzuki,1,49000.0,Manual,first,hybrid/cng
BMW,6,55000.0,Automatic,first,diesel
Tata,4,112500.0,Automatic,second,diesel
Hyundai,8,25000.0,Automatic,first,petrol
Maruti Suzuki,5,61000.0,Automatic,first,petrol
Maruti Suzuki,13,65000.0,Manual,first,hybrid/cng
Maruti Suzuki,4,80000.0,Manual,first,hybrid/cng
Maruti Suzuki,5,90000.0,Manual,second,diesel
Toyota,8,68000.0,Automatic,first,hybrid
Hyundai,4,120488.0,Manual,first,petrol
Maruti Suzuki,8,41000.0,Automatic,first,petrol
Maruti Suzuki,6,59445.0,Automatic,first,petrol
Maruti Suzuki,6,18052.0,Manual,second,petrol
Toyota,20,76000.0,Automatic,second,petrol
Maruti Suzuki,6,36000.0,Automatic,second,petrol
Audi,8,100000.0,Automatic,second,diesel
Honda,9,70000.0,Automatic,second,hybrid
Maruti Suzuki,12,68000.0,Manual,second,hybrid
Honda,5,81000.0,Manual,first,diesel
Hyundai,9,52000.0,Automatic,second,hybrid/cng
Volkswagen,13,78000.0,Manual,second,diesel
Mahindra,8,81000.0,Manual,first,diesel
Skoda,10,59000.0,Automatic,second,petrol
Mercedes-Benz,1,7000.0,Automatic,first,diesel
Honda,8,69000.0,Automatic,second,petrol
Maruti Suzuki,7,93000.0,Manual,second,diesel
Tata,2,48123.0,Manual,first,hybrid
Toyota,4,120602.0,Manual,first,diesel
Ford,10,75000.0,Manual,first,petrol
Maruti Suzuki,1,44000.0,Manual,second,hybrid
Ford,6,59460.0,Manual,first,petrol
Land Rover,5,51000.0,Automatic,first,diesel
Maruti Suzuki,5,51569.0,Automatic,second,hybrid
Mercedes-Benz,8,117000.0,Automatic,second,diesel
Mahindra,3,75000.0,Automatic,second,diesel
Maruti Suzuki,9,30000.0,Manual,first,petrol
Maruti Suzuki,6,66000.0,Automatic,second,hybrid/cng
Hyundai,13,55000.0,Manual,second,hybrid
Hyundai,5,57000.0,Manual,first,hybrid
Tata,6,43000.0,Automatic,first,hybrid/cng
Hyundai,16,70000.0,Automatic,second,petrol
Mahindra,1,250950.0,Automatic,first,diesel
Renault,5,34000.0,Automatic,first,petrol
Hyundai,13,50500.0,Manual,first,petrol
Ford,9,68530.0,Manual,second,diesel
Jeep,4,43000.0,Automatic,second,diesel
Ford,5,138000.0,Manual,first,diesel
Honda,10,85000.0,Manual,first,diesel
Maruti Suzuki,12,68000.0,Manual,first,petrol
Toyota,2,16800.0,Automatic,first,diesel
Honda,9,103000.0,Automatic,second,hybrid/cng
Maruti Suzuki,1,200040.0,Automatic,first,petrol
Maruti Suzuki,12,300000.0,Manual,first,hybrid
Renault,5,5800.0,Automatic,first,petrol
Mini,5,24000.0,Automatic,first,petrol
Renault,10,90200.0,Manual,first,diesel
Volkswagen,3,61000.0,Automatic,first,petrol
Toyota,0,16000.0,Automatic,first,hybrid
Maruti Suzuki,6,210000.0,Manual,second,diesel
Maruti Suzuki,20,29000.0,Manual,second,petrol
Mahindra,3,48271.0,Automatic,second,petrol
Mercedes-Benz,11,78000.0,Automatic,second,petrol
Maruti Suzuki,5,53000.0,Automatic,first,diesel
Honda,16,119000.0,Automatic,second,hybrid/cng
Maruti Suzuki,1,3000.0,Automatic,first,hybrid
Maruti Suzuki,0,1750.0,Automatic,first,hybrid
Toyota,10,65000.0,Manual,first,petrol
Mahindra,8,58580.0,Manual,second,diesel
Maruti Suzuki,6,42175.0,Automatic,first,petrol
Maruti Suzuki,10,123000.0,Manual,second,petrol
Maruti Suzuki,3,195000.0,Manual,first,petrol
Maruti Suzuki,4,60000.0,Manual,second,petrol
Hyundai,1,70000.0,Automatic,first,diesel
Hyundai,13,55632.0,Manual,first,diesel
Maruti Suzuki,15,80282.0,Manual,second,petrol
Hyundai,5,65000.0,Automatic,first,hybrid
Maruti Suzuki,1,24853.0,Manual,first,hybrid
Maruti Suzuki,6,91000.0,Automatic,second,hybrid
Mercedes-Benz,2,29000.0,Automatic,first,diesel
Honda,10,61472.0,Manual,second,petrol
Maruti Suzuki,3,86000.0,Automatic,second,hybrid
Maruti Suzuki,8,48000.0,Manual,first,petrol
Mercedes-Benz,9,58000.0,Automatic,first,diesel
Hyundai,7,90000.0,Automatic,second,hybrid
Hyundai,9,58000.0,Automatic,first,hybrid
Hyundai,22,28000.0,Manual,first,petrol
Maruti Suzuki,8,36000.0,Automatic,first,petrol
Hyundai,8,65000.0,Manual,first,hybrid/cng
Hyundai,16,102000.0,Manual,first,petrol
Hyundai,3,29997.0,Manual,first,petrol
BMW,11,57000.0,Automatic,first,diesel
Maruti Suzuki,10,80000.0,Manual,second,petrol
Skoda,9,150000.0,Automatic,first,diesel
Maruti Suzuki,6,29117.0,Manual,first,petrol
Ford,9,80000.0,Automatic,second,petrol
Maruti Suzuki,9,102998.0,Manual,first,petrol
Honda,14,81000.0,Manual,second,petrol
Mercedes-Benz,12,95000.0,Automatic,second,diesel
Hyundai,7,300000.0,Manual,first,petrol
Hyundai,2,24000.0,Manual,first,hybrid/cng
Maruti Suzuki,6,76000.0,Manual,second,hybrid/cng
Maruti Suzuki,4,74552.0,Manual,second,hybrid
Jeep,6,59000.0,Automatic,second,petrol
Mahindra,12,94000.0,Manual,second,diesel
Maruti Suzuki,2,9000.0,Manual,second,petrol
Maruti Suzuki,5,90000.0,Manual,first,diesel
Toyota,11,92000.0,Automatic,second,diesel
Honda,8,150000.0,Automatic,second,diesel
Hyundai,10,100000.0,Manual,first,petrol
Mercedes-Benz,3,31000.0,Automatic,first,petrol
Maruti Suzuki,6,90000.0,Manual,first,diesel
Maruti Suzuki,17,84000.0,Manual,second,hybrid
Chevrolet,13,140000.0,Automatic,first,hybrid/cng
Hyundai,6,52000.0,Manual,first,diesel
Maruti Suzuki,7,24806.0,Automatic,first,petrol
Chevrolet,12,82098.0,Manual,second,diesel
Hyundai,3,32780.0,Automatic,first,petrol
Maruti Suzuki,5,40093.0,Manual,first,hybrid
Jaguar,4,25000.0,Automatic,second,petrol
Audi,12,155000.0,Automatic,second,diesel
Honda,4,69000.0,Manual,first,petrol
Maruti Suzuki,6,65000.0,Automatic,first,hybrid/cng
Honda,6,32000.0,Manual,second,petrol
Renault,6,130000.0,Manual,first,diesel
BMW,4,9000.0,Automatic,first,petrol
Mahindra,12,115000.0,Manual,second,diesel
Hyundai,17,100000.0,Manual,second,petrol
Honda,5,24000.0,Automatic,second,petrol
Tata,7,72000.0,Manual,first,diesel
Mahindra,6,15000.0,Manual,first,diesel
Maruti Suzuki,3,14000.0,Automatic,first,petrol
Mahindra,8,95000.0,Manual,second,diesel
BMW,2,61000.0,Automatic,first,petrol
Hyundai,15,54000.0,Manual,second,petrol
Mercedes-Benz,12,137000.0,Automatic,second,diesel
Maruti Suzuki,15,160000.0,Manual,second,diesel
Maruti Suzuki,10,253000.0,Manual,first,diesel
Maruti Suzuki,17,97000.0,Manual,first,petrol
Maruti Suzuki,6,70000.0,Automatic,second,hybrid
Maruti Suzuki,9,70050.0,Automatic,first,hybrid
Hyundai,3,89500.0,Automatic,second,hybrid
Maruti Suzuki,4,100000.0,Manual,second,hybrid
Tata,2,14000.0,Automatic,first,diesel
Maruti Suzuki,17,100000.0,Manual,second,hybrid/cng
Tata,1,27000.0,Automatic,first,hybrid/cng
Maruti Suzuki,14,143000.0,Manual,second,petrol
Maruti Suzuki,12,127000.0,Manual,first,petrol
Hyundai,10,43000.0,Manual,second,petrol
Toyota,8,110000.0,Automatic,second,diesel
Hyundai,5,42000.0,Manual,first,hybrid
Maruti Suzuki,5,65000.0,Automatic,first,petrol
Hyundai,15,300000.0,Manual,second,petrol
Maruti Suzuki,4,28000.0,Automatic,second,petrol
Volkswagen,8,115000.0,Automatic,second,diesel
Hyundai,7,34901.0,Automatic,second,hybrid
Honda,16,99800.0,Automatic,second,hybrid
Toyota,4,61000.0,Automatic,second,diesel
Nissan,12,114000.0,Manual,second,diesel
Volkswagen,9,69000.0,Automatic,second,petrol
Mercedes-Benz,6,63000.0,Automatic,first,diesel
Hyundai,11,53416.0,Manual,second,petrol
Honda,8,129000.0,Manual,second,diesel
Maruti Suzuki,2,25000.0,Manual,second,petrol
Hyundai,20,85000.0,Manual,second,petrol
Maruti Suzuki,9,35000.0,Automatic,first,hybrid
Mahindra,8,81000.0,Manual,second,diesel
Mahindra,7,50000.0,Automatic,second,diesel
Maruti Suzuki,9,75000.0,Manual,first,hybrid
Mahindra,6,100000.0,Automatic,first,diesel
Hyundai,6,54904.0,Manual,first,diesel
Hyundai,9,76000.0,Manual,second,petrol
Volkswagen,5,40000.0,Automatic,second,petrol
Skoda,12,137000.0,Automatic,second,hybrid/cng
Volkswagen,7,51000.0,Manual,second,petrol
Volkswagen,10,60500.0,Manual,second,petrol
Maruti Suzuki,6,60000.0,Automatic,second,hybrid
Mercedes-Benz,7,75000.0,Automatic,second,diesel
Toyota,10,159000.0,Automatic,second,diesel
Mahindra,6,57000.0,Automatic,second,diesel
Maruti Suzuki,9,63000.0,Automatic,first,diesel
Maruti Suzuki,14,25370.0,Manual,first,petrol
Maruti Suzuki,1,58000.0,Manual,first,hybrid
Toyota,10,135000.0,Manual,second,diesel
Maruti Suzuki,12,59655.0,Automatic,second,hybrid
Maruti Suzuki,6,90000.0,Manual,second,diesel
Hyundai,5,62000.0,Automatic,first,petrol
Hyundai,6,90000.0,Manual,second,diesel
Mercedes-Benz,4,98000.0,Automatic,second,diesel
Renault,6,36000.0,Automatic,second,petrol
Skoda,10,65000.0,Automatic,second,diesel
Volkswagen,9,90000.0,Manual,second,diesel
Volvo,12,138000.0,Automatic,first,diesel
Maruti Suzuki,6,79000.0,Automatic,second,hybrid
Nissan,10,133000.0,Manual,second,diesel
MG,0,2000.0,Manual,first,diesel
Renault,10,85000.0,Manual,first,diesel
Maruti Suzuki,8,172000.0,Manual,first,diesel
Honda,11,107565.0,Manual,second,petrol
Maruti Suzuki,6,86000.0,Manual,first,hybrid
Kia,2,70000.0,Manual,first,diesel
Maruti Suzuki,9,23000.0,Manual,second,petrol
BMW,12,90000.0,Automatic,first,diesel
Maruti Suzuki,13,72000.0,Manual,second,hybrid/cng
Honda,8,111000.0,Automatic,first,petrol
Maruti Suzuki,1,30000.0,Manual,first,petrol
Hyundai,5,26000.0,Automatic,first,petrol
Honda,3,57000.0,Manual,second,petrol
Hyundai,8,300000.0,Manual,first,petrol
Honda,5,70000.0,Automatic,second,petrol
Hyundai,3,35000.0,Manual,second,petrol
Maruti Suzuki,6,105000.0,Manual,first,hybrid
Hyundai,6,80000.0,Automatic,second,petrol
Maruti Suzuki,1,31000.0,Manual,first,petrol
Skoda,7,168877.0,Automatic,first,diesel
Maruti Suzuki,8,110000.0,Automatic,second,hybrid
Maruti Suzuki,13,106000.0,Manual,second,petrol
Maruti Suzuki,8,41000.0,Manual,first,petrol
BMW,7,83000.0,Automatic,first,diesel
Honda,10,133000.0,Manual,second,diesel
Toyota,4,33000.0,Manual,second,diesel
Jaguar,8,100000.0,Automatic,second,diesel
Maruti Suzuki,19,55000.0,Manual,first,petrol
Mahindra,2,14555.0,Automatic,first,diesel
Maruti Suzuki,10,66000.0,Manual,first,petrol
MG,4,90000.0,Manual,first,diesel
Maruti Suzuki,17,75000.0,Manual,second,petrol
Mercedes-Benz,5,58000.0,Automatic,first,diesel
Maruti Suzuki,6,130000.0,Automatic,second,petrol
Maruti Suzuki,6,110000.0,Manual,first,diesel
Hyundai,21,130000.0,Manual,second,petrol
Renault,3,65200.0,Automatic,first,hybrid
Datsun,6,50002.0,Manual,first,petrol
Maruti Suzuki,5,59000.0,Automatic,first,hybrid/cng
Mercedes-Benz,4,19000.0,Automatic,first,diesel
Maruti Suzuki,13,55000.0,Manual,second,petrol
BMW,12,134000.0,Automatic,second,diesel
Maruti Suzuki,9,65000.0,Manual,second,petrol
Honda,17,91000.0,Automatic,first,hybrid/cng
Honda,9,78300.0,Automatic,first,hybrid
Honda,3,58000.0,Automatic,first,petrol
Honda,10,76000.0,Manual,second,hybrid/cng
Honda,5,48000.0,Manual,first,petrol
Mahindra,4,34000.0,Manual,first,diesel
Renault,4,69000.0,Manual,second,hybrid/cng
Volkswagen,7,110000.0,Automatic,first,diesel
Maruti Suzuki,7,75000.0,Manual,second,diesel
Maruti Suzuki,8,25.0,Automatic,second,petrol
Maruti Suzuki,14,58888.0,Manual,second,hybrid/cng
Hyundai,5,65000.0,Manual,first,diesel
Volvo,1,22000.0,Automatic,first,petrol
Hyundai,3,68000.0,Manual,first,hybrid/cng
Maruti Suzuki,6,25193.0,Manual,first,petrol
Tata,6,84000.0,Automatic,first,hybrid
Maruti Suzuki,12,65000.0,Manual,first,petrol
Maruti Suzuki,13,79000.0,Manual,second,diesel
Maruti Suzuki,16,170000.0,Manual,second,diesel
Tata,2,50481.0,Automatic,first,petrol
Jeep,7,78000.0,Automatic,first,petrol
Volkswagen,4,45000.0,Manual,first,petrol
Audi,9,135000.0,Automatic,second,diesel
Maruti Suzuki,11,85360.0,Manual,second,hybrid
Mahindra,3,48000.0,Manual,first,diesel
Volkswagen,12,81000.0,Manual,first,petrol
Volkswagen,11,74000.0,Manual,first,diesel
Kia,4,45000.0,Automatic,second,diesel
Ford,5,126353.0,Manual,second,diesel
MG,3,48000.0,Automatic,second,petrol
Hyundai,8,300000.0,Manual,first,hybrid/cng
Hyundai,8,90020.0,Manual,first,petrol
Hyundai,6,74943.0,Manual,first,petrol
Mitsubishi,12,90000.0,Manual,second,diesel
Toyota,11,52600.0,Manual,first,diesel
Maruti Suzuki,8,11000.0,Manual,second,petrol
Honda,7,68000.0,Manual,first,petrol
Maruti Suzuki,14,35.0,Automatic,first,hybrid
Maruti Suzuki,7,97000.0,Manual,second,diesel
Toyota,1,10000.0,Automatic,first,petrol
Toyota,13,159000.0,Manual,second,diesel
Maruti Suzuki,13,100000.0,Manual,second,hybrid/cng
Maruti Suzuki,12,65500.0,Manual,first,diesel
Honda,8,38000.0,Automatic,second,petrol
Maruti Suzuki,9,87532.0,Manual,first,diesel
MG,2,28000.0,Automatic,first,petrol
Honda,6,62000.0,Manual,second,petrol
Mahindra,3,37000.0,Automatic,first,diesel
Mahindra,6,67000.0,Manual,first,hybrid/cng
Toyota,2,22000.0,Automatic,first,petrol
BMW,9,49000.0,Automatic,second,petrol
Toyota,7,130000.0,Automatic,first,diesel
BMW,4,32000.0,Automatic,first,diesel
Hyundai,3,68000.0,Automatic,second,petrol
Honda,7,34000.0,Manual,first,petrol
Nissan,6,68000.0,Automatic,first,petrol
Maruti Suzuki,9,72500.0,Automatic,second,petrol
Kia,2,17000.0,Automatic,first,petrol
Renault,2,49000.0,Automatic,first,petrol
Mahindra,11,135000.0,Automatic,second,diesel
Mahindra,11,81000.0,Manual,first,diesel
Chevrolet,9,65000.0,Automatic,second,diesel
Maruti Suzuki,10,77000.0,Manual,second,diesel
Hyundai,1,35000.0,Manual,first,petrol
Hyundai,10,71000.0,Manual,second,diesel
Nissan,12,77695.0,Manual,second,diesel
Volkswagen,8,65000.0,Manual,first,diesel
Maruti Suzuki,4,65874.0,Manual,second,hybrid/cng
Jeep,6,300000.0,Automatic,second,petrol
Maruti Suzuki,16,42000.0,Manual,second,petrol
Honda,9,58000.0,Automatic,second,hybrid/cng
Mahindra,8,70000.0,Automatic,second,hybrid
Kia,3,17451.0,Automatic,first,petrol
Hyundai,7,72000.0,Manual,first,hybrid/cng
Renault,7,90000.0,Automatic,first,petrol
Hyundai,11,90000.0,Manual,second,hybrid/cng
Hyundai,7,82000.0,Automatic,first,petrol
Maruti Suzuki,14,85000.0,Manual,second,petrol
Tata,6,95000.0,Manual,second,diesel
Hyundai,1,24600.0,Automatic,first,petrol
Maruti Suzuki,4,109000.0,Automatic,first,hybrid
Skoda,7,65000.0,Automatic,first,petrol
Maruti Suzuki,6,71000.0,Automatic,second,hybrid
Tata,7,51000.0,Automatic,second,hybrid/cng
Maruti Suzuki,8,150000.0,Automatic,first,hybrid/cng
Hyundai,17,115031.0,Manual,second,petrol
BMW,8,48000.0,Automatic,second,diesel
Audi,12,125000.0,Automatic,second,diesel
Toyota,12,56000.0,Automatic,second,hybrid/cng
Honda,15,94000.0,Automatic,first,petrol
Maruti Suzuki,7,56000.0,Manual,second,hybrid
Hyundai,8,45000.0,Manual,second,petrol
Toyota,14,279000.0,Manual,first,diesel
Maruti Suzuki,7,34358.0,Manual,first,petrol
Maruti Suzuki,9,58000.0,Manual,second,hybrid/cng
Fiat,9,86000.0,Manual,second,diesel
Maruti Suzuki,6,31000.0,Manual,first,petrol
Honda,14,105000.0,Automatic,second,hybrid
Maruti Suzuki,13,81000.0,Manual,second,hybrid
Hyundai,15,129000.0,Manual,second,petrol
Maruti Suzuki,8,44000.0,Automatic,first,petrol
Land Rover,13,120000.0,Automatic,second,diesel
Jaguar,8,33000.0,Automatic,second,diesel
Tata,6,65000.0,Automatic,second,hybrid
Hyundai,13,200000.0,Automatic,second,hybrid
Maruti Suzuki,12,148000.0,Manual,second,diesel
Hyundai,2,23500.0,Manual,first,hybrid
Ford,13,175000.0,Manual,second,diesel
Chevrolet,14,72429.0,Manual,second,petrol
Skoda,5,120000.0,Manual,first,diesel
Maruti Suzuki,11,66000.0,Manual,first,petrol
Maruti Suzuki,11,60424.0,Manual,second,hybrid/cng
Toyota,9,160000.0,Manual,second,diesel
Toyota,5,30000.0,Manual,second,hybrid
Maruti Suzuki,8,300000.0,Manual,first,diesel
Maruti Suzuki,6,83000.0,Automatic,first,hybrid
Hyundai,10,300000.0,Manual,first,petrol
Renault,2,25000.0,Manual,first,hybrid/cng
Maruti Suzuki,3,55000.0,Automatic,first,petrol
Toyota,7,97000.0,Manual,second,diesel
Audi,12,90000.0,Automatic,second,diesel
Maruti Suzuki,1,19000.0,Manual,first,hybrid
Mahindra,11,61000.0,Manual,first,diesel
Maruti Suzuki,13,160000.0,Manual,second,petrol
Toyota,2,29000.0,Automatic,first,hybrid
Maruti Suzuki,5,25000.0,Automatic,first,petrol
Hyundai,6,83000.0,Automatic,first,diesel
Toyota,5,65000.0,Automatic,first,hybrid/cng
Maruti Suzuki,15,18000.0,Manual,second,petrol
Maruti Suzuki,14,2010.0,Automatic,first,hybrid
Toyota,10,122000.0,Automatic,second,petrol
Maruti Suzuki,3,48000.0,Automatic,second,hybrid
Honda,9,56000.0,Automatic,second,petrol
Maruti Suzuki,4,26000.0,Manual,first,petrol
Renault,11,72000.0,Manual,first,diesel
Maruti Suzuki,7,55000.0,Manual,first,hybrid/cng
Mercedes-Benz,3,47000.0,Automatic,first,diesel
Nissan,11,300000.0,Manual,first,diesel
Toyota,18,114831.0,Automatic,second,petrol
Kia,1,12000.0,Automatic,first,petrol
Honda,6,85000.0,Manual,second,diesel
Maruti Suzuki,6,72000.0,Automatic,first,hybrid/cng
Mahindra,7,59000.0,Automatic,first,diesel
Jeep,5,113000.0,Automatic,first,diesel
Hyundai,7,62000.0,Manual,second,hybrid/cng
Hyundai,11,63000.0,Manual,first,petrol
Maruti Suzuki,7,52000.0,Manual,second,hybrid/cng
Mahindra,10,74000.0,Manual,second,diesel
Hyundai,5,300000.0,Manual,second,diesel
Mercedes-Benz,11,28000.0,Automatic,second,petrol
Jaguar,10,41000.0,Automatic,second,diesel
Tata,0,3800.0,Automatic,first,hybrid/cng
Maruti Suzuki,6,72386.0,Automatic,first,hybrid/cng
BMW,9,92000.0,Automatic,first,diesel
Mahindra,2,20000.0,Manual,first,diesel
Ford,8,99000.0,Automatic,second,diesel
Skoda,8,80000.0,Automatic,first,diesel
Kia,3,34000.0,Automatic,first,hybrid/cng
Honda,15,120000.0,Manual,second,hybrid/cng
Kia,1,20000.0,Automatic,first,diesel
Maruti Suzuki,10,62700.0,Manual,second,petrol
Honda,9,82000.0,Automatic,first,petrol
Maruti Suzuki,13,100000.0,Automatic,first,hybrid
Maruti Suzuki,7,61230.0,Automatic,second,hybrid
Maruti Suzuki,17,98000.0,Manual,second,diesel
Maruti Suzuki,13,72000.0,Automatic,second,hybrid/cng
Honda,9,72500.0,Automatic,second,petrol
Maruti Suzuki,3,34000.0,Manual,second,petrol
Maruti Suzuki,13,78000.0,Manual,second,petrol
Mini,11,98000.0,Automatic,second,diesel
BMW,4,107001.0,Automatic,first,diesel
Chevrolet,14,65000.0,Manual,first,hybrid
BMW,2,22000.0,Automatic,first,petrol
Hyundai,7,70254.0,Manual,first,hybrid
Maruti Suzuki,13,89000.0,Automatic,second,hybrid
BMW,13,214000.0,Automatic,first,diesel
Mercedes-Benz,0,3500.0,Automatic,first,diesel
Maruti Suzuki,7,60000.0,Manual,first,petrol
Hyundai,13,58000.0,Manual,first,petrol
Mahindra,2,39000.0,Manual,first,diesel
Hyundai,11,68299.0,Manual,second,diesel
Honda,8,120.0,Automatic,first,hybrid
Chevrolet,17,300000.0,Manual,second,diesel
Hyundai,6,76000.0,Automatic,first,diesel
Jeep,7,59000.0,Manual,second,diesel
Honda,3,80100.0,Automatic,first,petrol
Hyundai,11,56000.0,Manual,second,petrol
Honda,2,21000.0,Manual,second,petrol
Hyundai,11,46628.0,Manual,first,petrol
Maruti Suzuki,13,59000.0,Manual,second,hybrid/cng
Toyota,4,99000.0,Automatic,first,diesel
Mercedes-Benz,4,300000.0,Automatic,first,diesel
Volkswagen,3,47000.0,Automatic,second,petrol
Maruti Suzuki,9,94000.0,Manual,first,diesel
Hyundai,3,20000.0,Manual,second,petrol
Audi,2,8000.0,Automatic,first,petrol
Chevrolet,10,75000.0,Manual,second,diesel
Mercedes-Benz,9,300000.0,Automatic,first,diesel
Maruti Suzuki,6,25000.0,Automatic,first,petrol
Maruti Suzuki,5,57000.0,Automatic,first,petrol
Hyundai,8,62000.0,Manual,first,petrol
Hyundai,14,127000.0,Automatic,second,hybrid
Volvo,8,65000.0,Automatic,second,diesel
MG,3,50000.0,Automatic,second,petrol
Ford,10,51000.0,Automatic,second,petrol
Ford,4,51000.0,Automatic,first,petrol
Hyundai,10,82000.0,Automatic,second,hybrid/cng
Hyundai,3,62000.0,Manual,first,diesel
Hyundai,11,100000.0,Manual,second,diesel
BMW,6,70000.0,Automatic,first,diesel
Maruti Suzuki,7,71000.0,Manual,second,hybrid
Mahindra,5,44000.0,Manual,second,diesel
Nissan,10,80000.0,Manual,second,diesel
Maruti Suzuki,7,83500.0,Manual,second,diesel
Nissan,14,64000.0,Manual,second,petrol
Volkswagen,11,87500.0,Manual,second,petrol
Mahindra,12,168000.0,Manual,second,diesel
Mercedes-Benz,9,29000.0,Automatic,second,petrol
Tata,6,300000.0,Manual,first,petrol
Renault,2,10400.0,Automatic,first,petrol
Tata,7,300000.0,Manual,first,hybrid/cng
Fiat,11,140000.0,Manual,second,diesel
Honda,7,52000.0,Automatic,first,hybrid
Maruti Suzuki,1,23000.0,Manual,first,hybrid
Renault,7,51000.0,Automatic,first,petrol
Hyundai,10,113000.0,Manual,first,diesel
Maruti Suzuki,14,141000.0,Automatic,second,petrol
Maruti Suzuki,6,80000.0,Automatic,first,hybrid
Honda,11,55513.0,Manual,first,petrol
BMW,9,68000.0,Automatic,second,diesel
Mahindra,9,92000.0,Manual,second,diesel
Maruti Suzuki,10,41100.0,Manual,first,petrol
Mitsubishi,25,225000.0,Manual,second,diesel
Maruti Suzuki,2,55192.0,Manual,first,hybrid
Renault,8,78000.0,Manual,second,petrol
Mahindra,7,59000.0,Manual,first,diesel
Maruti Suzuki,4,200000.0,Manual,first,hybrid
Volkswagen,7,55000.0,Manual,first,diesel
Mahindra,3,57000.0,Automatic,first,petrol
Maruti Suzuki,7,50000.0,Manual,second,hybrid/cng
Hyundai,7,75000.0,Manual,second,petrol
Hyundai,1,28000.0,Automatic,second,diesel
Mercedes-Benz,6,51000.0,Automatic,second,diesel
Tata,8,70000.0,Manual,second,diesel
Honda,7,113332.0,Automatic,second,petrol
Fiat,8,94000.0,Manual,second,hybrid/cng
Honda,9,50000.0,Manual,first,petrol
Maruti Suzuki,16,107000.0,Manual,second,petrol
Maruti Suzuki,6,91000.0,Automatic,first,diesel
Ford,10,53000.0,Manual,first,diesel
Honda,7,50000.0,Automatic,second,petrol
Hyundai,7,24200.0,Automatic,second,hybrid/cng
Maruti Suzuki,7,72000.0,Manual,second,hybrid
Maruti Suzuki,7,50000.0,Automatic,first,hybrid/cng
Maruti Suzuki,10,19925.0,Manual,first,hybrid
Maruti Suzuki,2,25000.0,Automatic,first,petrol
Maruti Suzuki,6,74000.0,Manual,second,petrol
Audi,8,99000.0,Automatic,first,diesel
Maruti Suzuki,2,49530.0,Manual,first,petrol
Maruti Suzuki,3,15505.0,Manual,second,petrol
Renault,7,54000.0,Automatic,second,petrol
Tata,12,50000.0,Manual,second,petrol
Maruti Suzuki,7,42000.0,Manual,second,petrol
Volkswagen,9,105000.0,Automatic,second,petrol
Maruti Suzuki,2,11000.0,Automatic,first,hybrid/cng
Maruti Suzuki,8,75000.0,Manual,second,petrol
Maruti Suzuki,7,70000.0,Automatic,first,petrol
Mahindra,10,170000.0,Manual,second,diesel
Hyundai,8,45000.0,Manual,second,hybrid/cng
Maruti Suzuki,7,124000.0,Manual,second,diesel
Hyundai,11,54000.0,Manual,second,hybrid/cng
Maruti Suzuki,23,85000.0,Manual,second,petrol
Tata,9,56000.0,Manual,first,petrol
Volkswagen,6,116000.0,Automatic,first,diesel
Maruti Suzuki,5,68000.0,Manual,second,hybrid
Kia,4,50000.0,Automatic,first,diesel
Renault,9,98000.0,Manual,second,diesel
Honda,3,37000.0,Automatic,first,hybrid
Hyundai,6,27000.0,Manual,second,hybrid
Kia,1,19000.0,Automatic,first,diesel
Datsun,8,72142.0,Manual,second,hybrid
Jeep,6,80000.0,Manual,second,diesel
Honda,10,95509.0,Manual,second,hybrid
Hyundai,9,60000.0,Manual,second,hybrid
Honda,9,82670.0,Manual,second,hybrid
Honda,6,300000.0,Manual,first,hybrid/cng
BMW,8,25000.0,Automatic,second,diesel
Volkswagen,7,76000.0,Manual,first,petrol
Ford,9,58000.0,Automatic,second,petrol
Mahindra,7,70000.0,Manual,first,diesel
Mahindra,9,98000.0,Manual,second,diesel
Lexus,1,60000.0,Automatic,first,petrol
Maruti Suzuki,6,44000.0,Manual,first,diesel
Hyundai,14,59000.0,Automatic,second,petrol
Hyundai,10,41453.0,Manual,second,petrol
Toyota,16,210000.0,Manual,second,diesel
Toyota,14,220734.0,Manual,second,diesel
Volkswagen,5,40000.0,Manual,first,petrol
Toyota,3,134000.0,Automatic,first,diesel
Skoda,7,116000.0,Automatic,first,diesel
Hyundai,13,52000.0,Automatic,first,petrol
Ford,10,50000.0,Automatic,second,hybrid
Mercedes-Benz,7,94000.0,Automatic,first,petrol
Maruti Suzuki,8,58000.0,Manual,first,hybrid/cng
Kia,3,29000.0,Automatic,first,petrol
Tata,2,14001.0,Automatic,second,petrol
Mahindra,6,46500.0,Automatic,second,diesel
Renault,7,61000.0,Manual,second,hybrid
Volkswagen,6,56000.0,Automatic,second,petrol
Hyundai,12,57000.0,Manual,second,hybrid
Mahindra,3,5000.0,Manual,second,petrol
Volkswagen,9,74000.0,Automatic,first,diesel
Hyundai,6,73000.0,Automatic,first,diesel
Toyota,7,77000.0,Automatic,first,petrol
Honda,7,74000.0,Automatic,second,petrol
Maruti Suzuki,5,51000.0,Manual,first,petrol
Mahindra,34,9000.0,Manual,second,diesel
Hyundai,15,55000.0,Automatic,second,petrol
Toyota,11,200000.0,Manual,second,diesel
Mercedes-Benz,10,300000.0,Automatic,second,diesel
Hyundai,13,75000.0,Manual,first,petrol
Maruti Suzuki,9,182000.0,Automatic,first,hybrid/cng
Maruti Suzuki,14,23.0,Automatic,second,petrol
Maruti Suzuki,16,100000.0,Manual,second,petrol
Toyota,9,155000.0,Manual,second,diesel
BMW,12,113000.0,Automatic,first,diesel
Maruti Suzuki,3,35.0,Automatic,first,hybrid
Maruti Suzuki,7,145000.0,Automatic,second,diesel
Tata,7,300000.0,Manual,second,diesel
Mercedes-Benz,7,65000.0,Automatic,second,diesel
Volkswagen,6,73961.0,Automatic,second,petrol
Maruti Suzuki,6,59000.0,Manual,first,hybrid/cng
Maruti Suzuki,2,30500.0,Manual,first,hybrid/cng
Mahindra,3,10000.0,Automatic,second,petrol
Maruti Suzuki,2,300000.0,Manual,first,petrol
Datsun,5,112000.0,Manual,first,petrol
Mercedes-Benz,11,124000.0,Automatic,second,diesel
Hyundai,6,71000.0,Manual,first,hybrid
Tata,4,5589.0,Automatic,first,petrol
Maruti Suzuki,1,9000.0,Manual,first,petrol
Maruti Suzuki,10,78000.0,Manual,second,diesel
Land Rover,5,55000.0,Automatic,first,petrol
Maruti Suzuki,7,75000.0,Automatic,second,hybrid/cng
Maruti Suzuki,1,13500.0,Automatic,first,petrol
Maruti Suzuki,6,92000.0,Manual,first,diesel
Mahindra,0,8000.0,Manual,first,diesel
Mahindra,7,48000.0,Automatic,first,diesel
Skoda,9,71000.0,Manual,first,diesel
Maruti Suzuki,11,150000.0,Manual,second,diesel
Tata,10,190555.0,Manual,second,diesel
Tata,3,74000.0,Manual,second,petrol
Maruti Suzuki,6,106000.0,Manual,second,diesel
Maruti Suzuki,18,78500.0,Automatic,second,hybrid
Honda,15,79000.0,Manual,second,hybrid
Mahindra,8,56000.0,Automatic,second,diesel
Hyundai,3,25000.0,Manual,second,petrol
Maruti Suzuki,2,25000.0,Automatic,first,hybrid/cng
Maruti Suzuki,7,80000.0,Manual,second,petrol
Hyundai,17,95000.0,Manual,first,petrol
Maruti Suzuki,3,57000.0,Automatic,first,petrol
Hyundai,7,125000.0,Manual,second,diesel
Mahindra,12,120000.0,Manual,second,diesel
Hyundai,3,20121.0,Manual,second,petrol
Lexus,2,24000.0,Automatic,first,petrol
Maruti Suzuki,10,165000.0,Manual,second,hybrid/cng
Maruti Suzuki,13,88000.0,Manual,second,hybrid/cng
Maruti Suzuki,3,40.0,Automatic,first,hybrid
Mahindra,2,300000.0,Manual,first,diesel
Mahindra,5,60000.0,Automatic,first,diesel
Honda,17,70000.0,Automatic,second,hybrid
Hyundai,10,92000.0,Manual,second,petrol
Mercedes-Benz,6,60000.0,Automatic,second,diesel
Maruti Suzuki,6,17500.0,Automatic,first,hybrid
Volvo,10,87000.0,Automatic,second,diesel
Renault,4,34000.0,Manual,second,petrol
Volkswagen,11,89000.0,Manual,second,diesel
Maruti Suzuki,11,72000.0,Manual,first,petrol
Hyundai,4,30000.0,Automatic,first,petrol
Hyundai,9,53000.0,Automatic,first,hybrid
Maruti Suzuki,14,300000.0,Manual,second,hybrid/cng
Maruti Suzuki,4,300000.0,Automatic,first,hybrid
Maruti Suzuki,4,50000.0,Automatic,first,petrol
Hyundai,15,66000.0,Automatic,second,petrol
Honda,5,49000.0,Manual,first,hybrid
Maruti Suzuki,2,270000.0,Manual,second,petrol
Volkswagen,8,56000.0,Automatic,second,petrol
Chevrolet,8,120000.0,Manual,second,diesel
Maruti Suzuki,10,100000.0,Manual,second,diesel
Tata,6,54750.0,Automatic,first,hybrid/cng
Maruti Suzuki,7,70000.0,Automatic,first,petrol
Maruti Suzuki,5,47000.0,Manual,first,hybrid
BMW,2,110000.0,Automatic,first,diesel
Honda,9,78000.0,Manual,second,hybrid/cng
Jaguar,6,43000.0,Automatic,first,diesel
Maruti Suzuki,12,75211.0,Manual,second,petrol
Honda,11,85000.0,Automatic,second,petrol
Maruti Suzuki,7,52551.0,Manual,second,hybrid
Tata,2,191000.0,Manual,first,petrol
Toyota,3,77000.0,Automatic,first,diesel
Ford,6,93000.0,Automatic,first,diesel
Hyundai,11,52000.0,Manual,first,diesel
Maruti Suzuki,10,48000.0,Automatic,second,petrol
Maruti Suzuki,5,26000.0,Manual,first,petrol
Maruti Suzuki,14,120000.0,Manual,second,hybrid/cng
Honda,5,60000.0,Manual,first,hybrid/cng
Skoda,8,120000.0,Automatic,second,diesel
Fiat,15,80000.0,Manual,first,petrol
Hyundai,12,180000.0,Manual,first,diesel
Mercedes-Benz,13,10010.0,Automatic,second,diesel
Maruti Suzuki,1,52000.0,Manual,first,hybrid
Toyota,16,23000.0,Automatic,first,petrol
Maruti Suzuki,6,52000.0,Automatic,first,petrol
Maruti Suzuki,5,75000.0,Manual,first,hybrid/cng
Mahindra,16,203045.0,Manual,first,diesel
Maruti Suzuki,24,12580.0,Automatic,first,hybrid/cng
Maruti Suzuki,8,125000.0,Automatic,first,petrol
BMW,6,43000.0,Automatic,first,diesel
Skoda,12,96000.0,Manual,first,diesel
Audi,10,85000.0,Automatic,first,diesel
Toyota,6,105000.0,Automatic,second,diesel
Maruti Suzuki,7,119000.0,Manual,first,hybrid
Toyota,1,24000.0,Automatic,first,petrol
Volkswagen,8,75000.0,Automatic,second,petrol
Maruti Suzuki,7,300000.0,Manual,first,hybrid/cng
BMW,3,21000.0,Automatic,first,petrol
Hyundai,9,58000.0,Automatic,first,hybrid/cng
Hyundai,4,30000.0,Automatic,second,diesel
Nissan,6,121000.0,Manual,first,diesel
Toyota,0,6000.0,Manual,first,hybrid
BMW,6,52000.0,Automatic,second,diesel
Hyundai,17,42000.0,Manual,second,petrol
Kia,1,2400.0,Automatic,first,petrol
Hyundai,9,25.0,Automatic,second,diesel
Honda,8,93000.0,Automatic,second,hybrid/cng
Honda,8,71000.0,Manual,first,petrol
Jaguar,5,54944.0,Automatic,second,diesel
Hyundai,14,96000.0,Automatic,first,hybrid
Maruti Suzuki,9,61000.0,Automatic,first,petrol
Hyundai,15,100000.0,Manual,second,petrol
Bajaj,3,70000.0,Manual,first,hybrid
Mahindra,7,3.0,Manual,first,diesel
Hyundai,8,29000.0,Automatic,first,hybrid
Mercedes-Benz,11,68000.0,Automatic,second,diesel
Volkswagen,5,18000.0,Automatic,first,petrol
Skoda,3,41189.0,Automatic,first,petrol
Hyundai,13,149000.0,Automatic,second,hybrid/cng
Hyundai,8,85000.0,Manual,second,diesel
Hyundai,10,300000.0,Automatic,second,hybrid/cng
Mercedes-Benz,7,119000.0,Automatic,second,diesel
Maruti Suzuki,6,51000.0,Automatic,first,hybrid/cng
Chevrolet,11,27000.0,Manual,first,petrol
Maruti Suzuki,6,32000.0,Manual,first,petrol
Maruti Suzuki,8,107000.0,Manual,second,diesel
Volkswagen,12,80000.0,Manual,second,diesel
Maruti Suzuki,5,49000.0,Manual,second,hybrid/cng
Honda,9,71800.0,Manual,second,hybrid/cng
Audi,10,99000.0,Automatic,first,diesel
Maruti Suzuki,12,71393.0,Manual,second,hybrid
Mini,6,39000.0,Automatic,first,petrol
Mercedes-Benz,6,55000.0,Automatic,second,petrol
Honda,7,65000.0,Manual,second,hybrid/cng
Maruti Suzuki,3,26716.0,Manual,first,petrol
Ford,9,76000.0,Manual,second,diesel
Honda,8,78000.0,Manual,first,petrol
Hyundai,2,112000.0,Manual,first,diesel
Mahindra,13,180000.0,Manual,second,diesel
Hyundai,10,94000.0,Automatic,second,petrol
Toyota,13,39000.0,Manual,first,petrol
Maruti Suzuki,6,33000.0,Automatic,first,petrol
Maruti Suzuki,6,66000.0,Automatic,second,hybrid/cng
Tata,5,36788.0,Automatic,second,petrol
Honda,6,66000.0,Automatic,second,hybrid
Mercedes-Benz,8,52000.0,Automatic,second,diesel
Hyundai,9,56000.0,Manual,first,petrol
Tata,0,75.0,Automatic,first,hybrid
Toyota,10,125000.0,Manual,second,diesel
Audi,7,99000.0,Automatic,first,diesel
Renault,8,76000.0,Automatic,first,diesel
Maruti Suzuki,7,63000.0,Automatic,second,hybrid/cng
Maruti Suzuki,1,50000.0,Manual,first,hybrid
Maruti Suzuki,0,31000.0,Automatic,first,hybrid
Toyota Land,16,186740.0,Automatic,second,diesel
BMW,7,55000.0,Automatic,first,diesel
Volvo,15,94000.0,Automatic,second,diesel
BMW,13,85000.0,Automatic,second,diesel
Mercedes-Benz,9,70000.0,Automatic,second,diesel
Maruti Suzuki,7,300000.0,Automatic,first,petrol
Skoda,2,68000.0,Automatic,first,petrol
Volkswagen,8,130000.0,Automatic,second,petrol
Mahindra,4,48155.0,Manual,first,diesel
Jaguar,11,65000.0,Automatic,first,diesel
BMW,11,85000.0,Automatic,second,diesel
Hyundai,8,57101.0,Automatic,second,hybrid/cng
Honda,13,90000.0,Manual,second,hybrid
Hyundai,12,83000.0,Manual,second,petrol
Maruti Suzuki,7,82000.0,Manual,first,hybrid
Maruti Suzuki,12,156874.0,Automatic,second,hybrid
Toyota,14,101412.0,Manual,second,diesel
Skoda,3,8600.0,Automatic,first,petrol
Maruti Suzuki,7,81000.0,Automatic,first,diesel
Hyundai,9,84329.0,Manual,second,diesel
Audi,9,68000.0,Automatic,first,diesel
Maruti Suzuki,3,55650.0,Manual,second,hybrid
Maruti Suzuki,5,68000.0,Manual,second,hybrid
BMW,9,85000.0,Automatic,second,diesel
Hyundai,2,20012.0,Automatic,first,petrol
Toyota,6,69000.0,Automatic,first,diesel
Audi,9,93000.0,Automatic,first,diesel
Honda,10,47000.0,Manual,second,petrol
Hyundai,8,300000.0,Manual,second,hybrid
Hyundai,8,75000.0,Manual,second,diesel
Maruti Suzuki,9,48000.0,Manual,first,hybrid/cng
BMW,12,50000.0,Automatic,first,diesel
Hyundai,4,50000.0,Manual,second,petrol
Maruti Suzuki,3,41000.0,Automatic,second,petrol
Maruti Suzuki,8,65000.0,Automatic,second,hybrid/cng
Hyundai,0,170000.0,Automatic,second,diesel
Hyundai,2,44000.0,Manual,first,petrol
Ford,6,62000.0,Automatic,first,diesel
Mahindra,9,73000.0,Manual,second,diesel
Maruti Suzuki,8,115000.0,Automatic,first,diesel
Volkswagen,12,128000.0,Manual,second,diesel
Hyundai,5,21800.0,Automatic,first,hybrid
Maruti Suzuki,7,170000.0,Automatic,first,hybrid/cng
Maruti Suzuki,8,84500.0,Manual,first,diesel
BMW,9,61000.0,Automatic,second,diesel
Honda,11,109000.0,Automatic,second,hybrid/cng
Toyota,9,54419.0,Manual,second,hybrid/cng
Honda,14,79000.0,Manual,second,petrol
Maruti Suzuki,3,60000.0,Manual,second,petrol
Mercedes-Benz,7,112000.0,Automatic,first,diesel
Hyundai,3,39000.0,Manual,first,diesel
Hyundai,7,300000.0,Manual,second,hybrid/cng
Maruti Suzuki,7,300000.0,Manual,first,diesel
Lexus,5,88000.0,Automatic,second,hybrid/cng
Maruti Suzuki,6,78000.0,Manual,second,petrol
Maruti Suzuki,7,300000.0,Automatic,second,petrol
BMW,6,81000.0,Automatic,second,diesel
Maruti Suzuki,8,55000.0,Manual,second,petrol
Mahindra,1,280000.0,Automatic,first,diesel
Hyundai,25,16000.0,Manual,first,petrol
Maruti Suzuki,2,99999.0,Manual,second,hybrid/cng
Maruti Suzuki,3,49000.0,Manual,first,petrol
Hyundai,4,87500.0,Manual,first,diesel
Audi,10,50000.0,Automatic,second,diesel
Hyundai,6,79879.0,Automatic,second,diesel
Toyota,9,78000.0,Automatic,first,hybrid/cng
Honda,11,99000.0,Manual,first,diesel
Audi,10,66000.0,Automatic,first,diesel
Honda,12,68000.0,Manual,second,petrol
Maruti Suzuki,1,50000.0,Automatic,first,petrol
Maruti Suzuki,8,77000.0,Automatic,second,hybrid/cng
Hyundai,5,99250.0,Manual,second,diesel
Ford,13,110000.0,Manual,second,diesel
Maruti Suzuki,2,50000.0,Automatic,first,hybrid
Maruti Suzuki,13,53750.0,Manual,first,petrol
Mercedes-Benz,13,68000.0,Automatic,second,petrol
Maruti Suzuki,5,72500.0,Manual,first,hybrid/cng
Maruti Suzuki,4,63000.0,Manual,second,hybrid/cng
Hyundai,9,75000.0,Manual,first,petrol
Hyundai,5,123000.0,Automatic,first,hybrid/cng
Mercedes-Benz,8,96000.0,Automatic,second,diesel
Tata,7,73555.0,Manual,second,petrol
Maruti Suzuki,9,80000.0,Manual,first,petrol
Renault,11,73500.0,Manual,second,diesel
Maruti Suzuki,4,59000.0,Manual,second,petrol
Maruti Suzuki,7,300000.0,Automatic,first,petrol
Mercedes-Benz,6,39000.0,Automatic,second,diesel
Maruti Suzuki,9,88000.0,Manual,second,petrol
Toyota,7,90000.0,Manual,second,diesel
Honda,17,56000.0,Manual,second,petrol
Ford,7,119000.0,Automatic,second,diesel
Maruti Suzuki,10,18.0,Automatic,second,hybrid/cng
Renault,9,76000.0,Manual,second,petrol
Honda,5,49500.0,Manual,first,diesel
Mercedes-Benz,6,54855.0,Automatic,first,diesel
Audi,7,65000.0,Automatic,second,diesel
Mini,6,28000.0,Automatic,second,petrol
Toyota,13,90000.0,Manual,second,hybrid/cng
Mercedes-Benz,7,34500.0,Automatic,first,diesel
Mahindra,9,72000.0,Manual,second,diesel
Maruti Suzuki,14,86000.0,Manual,second,petrol
Hyundai,5,60000.0,Manual,first,hybrid/cng
Honda,7,79000.0,Manual,first,diesel
Mercedes-Benz,2,12000.0,Automatic,first,diesel
Skoda,5,60110.0,Automatic,second,petrol
Hyundai,6,46365.0,Manual,second,petrol
Hyundai,5,35000.0,Automatic,second,diesel
Maruti Suzuki,7,58000.0,Automatic,first,hybrid/cng
Mahindra,3,300000.0,Manual,first,petrol
Maruti Suzuki,12,90000.0,Manual,second,hybrid/cng
Hyundai,10,61000.0,Automatic,first,diesel
Toyota,13,78000.0,Manual,second,petrol
Mahindra,8,100000.0,Manual,first,diesel
Maruti Suzuki,6,110000.0,Automatic,second,petrol
Hyundai,5,90208.0,Manual,first,diesel
Hyundai,8,88883.0,Automatic,first,petrol
BMW,13,100000.0,Automatic,first,diesel
Kia,3,41000.0,Automatic,first,petrol
Toyota,12,185000.0,Automatic,second,diesel
Ford,5,115000.0,Manual,first,diesel
Maruti Suzuki,13,98523.0,Manual,second,petrol
Maruti Suzuki,3,42000.0,Automatic,first,petrol
MG,5,45000.0,Automatic,second,petrol
Mahindra,4,47000.0,Manual,second,diesel
Kia,0,800.0,Manual,first,petrol
Jeep,7,115000.0,Manual,second,diesel
Maruti Suzuki,1,21000.0,Manual,first,petrol
Maruti Suzuki,2,12080.0,Automatic,first,petrol
Tata,3,35000.0,Automatic,first,hybrid
Maruti Suzuki,4,66000.0,Automatic,first,hybrid
Maruti Suzuki,17,121000.0,Manual,second,petrol
Tata,6,82532.0,Manual,second,petrol
Toyota,12,30000.0,Automatic,second,diesel
BMW,6,82000.0,Automatic,second,diesel
Maruti Suzuki,13,59000.0,Manual,first,petrol
Hyundai,5,55000.0,Automatic,first,diesel
Volkswagen,5,25000.0,Manual,second,petrol
Maruti Suzuki,6,53000.0,Automatic,second,hybrid
Maruti Suzuki,5,33177.0,Automatic,first,petrol
BMW,12,80000.0,Automatic,second,diesel
Mercedes-Benz,11,100000.0,Automatic,second,diesel
Maruti Suzuki,12,84000.0,Manual,first,hybrid/cng
Maruti Suzuki,7,79062.0,Automatic,second,petrol
Audi,11,102000.0,Automatic,second,diesel
Kia,3,81236.0,Automatic,first,petrol
BMW,2,29000.0,Automatic,first,diesel
BMW,10,12000.0,Automatic,first,diesel
Tata,4,12000.0,Automatic,first,diesel
Skoda,11,79000.0,Manual,second,diesel
Hyundai,3,87500.0,Manual,first,hybrid/cng
Maruti Suzuki,11,100000.0,Manual,second,petrol
Maruti Suzuki,6,130000.0,Automatic,first,hybrid
Maruti Suzuki,8,99000.0,Manual,second,hybrid/cng
BMW,3,80000.0,Automatic,second,diesel
Land Rover,7,65000.0,Automatic,first,diesel
Mahindra,5,10000.0,Manual,first,diesel
Maruti Suzuki,16,69000.0,Manual,second,petrol
Mercedes-Benz,6,88570.0,Automatic,first,diesel
Honda,7,73000.0,Manual,second,hybrid/cng
Volkswagen,8,44000.0,Manual,second,hybrid
BMW,9,74000.0,Automatic,first,diesel
Maruti Suzuki,6,62000.0,Manual,second,petrol
Skoda,8,50000.0,Automatic,first,petrol
Honda,14,103000.0,Automatic,first,hybrid/cng
Datsun,6,45125.0,Manual,first,petrol
Maruti Suzuki,8,68000.0,Manual,first,hybrid/cng
Nissan,14,56000.0,Manual,second,petrol
Hyundai,10,48000.0,Manual,second,petrol
Mercedes-Benz,3,41000.0,Automatic,first,diesel
Honda,11,90000.0,Manual,first,petrol
Honda,8,95000.0,Manual,second,petrol
Mercedes-Benz,3,80000.0,Automatic,second,petrol
Mahindra,11,10.0,Manual,second,diesel
Hyundai,8,114399.0,Manual,second,diesel
Toyota,8,188394.0,Automatic,first,diesel
MG,1,20000.0,Automatic,second,petrol
Mercedes-Benz,8,71000.0,Automatic,second,diesel
Hyundai,12,80444.0,Automatic,first,petrol
Ford,5,43000.0,Automatic,second,petrol
Mini,3,19500.0,Automatic,first,petrol
Honda,14,60000.0,Manual,second,petrol
Honda,7,97000.0,Manual,first,diesel
Maruti Suzuki,13,70680.0,Manual,second,hybrid/cng
Maruti Suzuki,7,99600.0,Manual,first,diesel
Maruti Suzuki,10,100080.0,Automatic,second,hybrid/cng
Hyundai,6,40000.0,Automatic,second,petrol
Hyundai,8,26000.0,Automatic,second,petrol
Maruti Suzuki,14,123000.0,Manual,second,petrol
Maruti Suzuki,3,20850.0,Manual,first,petrol
Toyota,9,140000.0,Manual,second,diesel
Honda,7,60000.0,Manual,first,hybrid
Hyundai,13,71303.0,Automatic,second,petrol
Hyundai,8,72000.0,Automatic,first,diesel
BMW,10,94000.0,Automatic,second,diesel
Maruti Suzuki,5,164681.0,Automatic,second,hybrid/cng
Hyundai,2,19523.0,Automatic,first,petrol
Maruti Suzuki,7,62000.0,Automatic,first,petrol
Toyota,2,28000.0,Automatic,first,hybrid
Mahindra,5,79000.0,Manual,second,diesel
Maruti Suzuki,2,35000.0,Automatic,first,petrol
Maruti Suzuki,8,42000.0,Automatic,first,petrol
Maruti Suzuki,8,95000.0,Manual,second,petrol
Mahindra,12,115000.0,Manual,second,diesel
Maruti Suzuki,17,177500.0,Manual,second,hybrid
Hyundai,16,81000.0,Manual,second,petrol
Maruti Suzuki,3,57000.0,Automatic,second,petrol
Toyota,5,68000.0,Automatic,second,diesel
Skoda,1,11000.0,Automatic,first,petrol
Hyundai,8,43000.0,Manual,second,petrol
Renault,9,55000.0,Manual,second,diesel
Toyota,4,87000.0,Manual,first,petrol
Toyota,1,19000.0,Automatic,first,hybrid/cng
Skoda,8,89000.0,Automatic,second,diesel
Ford,4,60000.0,Automatic,second,diesel
Chevrolet,13,68892.0,Manual,first,petrol
Hyundai,14,85200.0,Manual,second,hybrid/cng
Mini,9,76000.0,Automatic,second,diesel
Chevrolet,14,80000.0,Automatic,second,diesel
Maruti Suzuki,5,61382.0,Automatic,first,petrol
Hyundai,8,88000.0,Manual,second,diesel
Maruti Suzuki,4,72000.0,Automatic,second,hybrid
Maruti Suzuki,2,15899.0,Automatic,second,petrol
Honda,5,44199.0,Automatic,first,petrol
Volkswagen,12,85000.0,Automatic,first,diesel
Hyundai,11,7251.0,Automatic,first,hybrid
Maruti Suzuki,6,80000.0,Automatic,second,petrol
Maruti Suzuki,7,87000.0,Manual,first,petrol
Maruti Suzuki,4,62000.0,Manual,first,petrol
Skoda,7,98500.0,Manual,first,diesel
Honda,10,99000.0,Automatic,second,petrol
BMW,9,70000.0,Automatic,first,diesel
Maruti Suzuki,7,61210.0,Automatic,second,hybrid
Jaguar,12,89000.0,Automatic,second,diesel
Hyundai,2,58000.0,Manual,first,petrol
Datsun,9,90000.0,Manual,second,petrol
Skoda,8,150000.0,Automatic,second,diesel
Hyundai,10,68530.0,Manual,first,petrol
Maruti Suzuki,7,78000.0,Automatic,first,petrol
Maruti Suzuki,5,55846.0,Manual,second,petrol
Maruti Suzuki,6,65000.0,Manual,first,hybrid
Skoda,6,106000.0,Automatic,first,diesel
Maruti Suzuki,6,55000.0,Automatic,first,petrol
Hyundai,12,198.0,Manual,second,petrol
Tata,13,150000.0,Manual,first,diesel
Maruti Suzuki,2,8000.0,Automatic,first,petrol
Maruti Suzuki,3,300000.0,Automatic,first,petrol
Hyundai,10,82310.0,Manual,second,petrol
Toyota,7,146000.0,Automatic,first,diesel
Maruti Suzuki,6,66000.0,Automatic,second,hybrid/cng
Honda,15,88000.0,Manual,second,petrol
Maruti Suzuki,9,68000.0,Manual,first,hybrid/cng
Skoda,8,80000.0,Automatic,second,petrol
Maruti Suzuki,0,35000.0,Automatic,second,hybrid
Maruti Suzuki,19,120000.0,Manual,second,hybrid/cng
Hyundai,9,68000.0,Manual,second,petrol
Mahindra,7,69000.0,Automatic,second,diesel
Porsche,7,62000.0,Automatic,second,diesel
Maruti Suzuki,2,45000.0,Automatic,first,hybrid/cng
Mercedes-Benz,11,22000.0,Automatic,second,petrol
Maruti Suzuki,3,10000.0,Automatic,first,petrol
Mitsubishi,7,79000.0,Automatic,second,diesel
Maruti Suzuki,6,33251.0,Automatic,second,petrol
Renault,0,12000.0,Manual,first,petrol
Maruti Suzuki,2,300000.0,Manual,second,hybrid
Honda,1,16173.0,Automatic,first,petrol
BMW,12,129000.0,Automatic,second,diesel
Maruti Suzuki,3,40022.0,Manual,first,petrol
Toyota,11,105000.0,Automatic,second,diesel
Volkswagen,7,60000.0,Manual,first,petrol
Hyundai,7,42000.0,Manual,first,petrol
Maruti Suzuki,7,65000.0,Automatic,second,hybrid/cng
Maruti Suzuki,8,185000.0,Automatic,first,hybrid/cng
Chevrolet,11,70000.0,Manual,second,hybrid/cng
Chevrolet,7,75000.0,Manual,second,diesel
Hyundai,5,33200.0,Automatic,second,petrol
Volkswagen,3,53000.0,Automatic,first,petrol
BMW,6,20000.0,Automatic,first,diesel
Ford,8,81000.0,Manual,second,diesel
Mercedes-Benz,9,69000.0,Automatic,second,petrol
Maruti Suzuki,3,64000.0,Manual,first,hybrid/cng
Mahindra,12,80000.0,Manual,second,diesel
Maruti Suzuki,3,41069.0,Manual,first,petrol
Hyundai,11,67000.0,Manual,second,petrol
Maruti Suzuki,6,67000.0,Manual,first,hybrid
Hyundai,6,38225.0,Manual,second,petrol
Hyundai,4,300000.0,Manual,second,hybrid/cng
Tata,28,110000.0,Manual,second,diesel
Toyota,12,150000.0,Manual,second,diesel
Volkswagen,10,67000.0,Manual,second,hybrid/cng
Toyota,12,172000.0,Automatic,first,diesel
Maruti Suzuki,6,51000.0,Automatic,first,hybrid/cng
Maruti Suzuki,12,105000.0,Manual,second,hybrid/cng
Hyundai,2,50000.0,Manual,first,hybrid/cng
Honda,14,100000.0,Automatic,second,hybrid/cng
Honda,15,77000.0,Automatic,second,hybrid/cng
Mahindra,5,65000.0,Manual,first,diesel
Maruti Suzuki,13,112000.0,Manual,second,petrol
Hyundai,13,78000.0,Manual,second,petrol
Maruti Suzuki,5,26000.0,Automatic,first,petrol
MG,2,66000.0,Manual,second,diesel
Audi,9,69977.0,Automatic,first,diesel
Maruti Suzuki,7,62000.0,Manual,second,hybrid
Maruti Suzuki,1,27164.0,Automatic,first,hybrid/cng
Maruti Suzuki,5,100000.0,Manual,second,diesel
Maruti Suzuki,8,130000.0,Automatic,second,hybrid
Toyota,15,201000.0,Manual,second,diesel
BMW,10,90000.0,Automatic,second,diesel
Maruti Suzuki,8,48000.0,Manual,first,hybrid
Volkswagen,3,58000.0,Automatic,second,petrol
Maruti Suzuki,7,160000.0,Automatic,first,hybrid
Honda,8,60000.0,Automatic,second,petrol
Maruti Suzuki,4,47000.0,Manual,first,petrol
Honda,16,82000.0,Automatic,first,petrol
Mercedes-Benz,16,84000.0,Automatic,second,diesel
Renault,7,58200.0,Automatic,first,diesel
Mahindra,8,89000.0,Manual,first,diesel
Maruti Suzuki,4,100000.0,Automatic,second,hybrid
Hyundai,1,28000.0,Automatic,first,petrol
Maruti Suzuki,6,89124.0,Automatic,second,petrol
Honda,5,19000.0,Automatic,first,petrol
Hyundai,12,56874.0,Automatic,second,petrol
Tata,2,40000.0,Manual,second,petrol
Maruti Suzuki,5,300000.0,Manual,second,hybrid/cng
Maruti Suzuki,10,71500.0,Manual,second,diesel
Maruti Suzuki,2,30000.0,Manual,first,petrol
Honda,15,40006.0,Manual,second,hybrid
Mahindra,9,76000.0,Manual,second,diesel
Toyota,1,150000.0,Automatic,first,diesel
Ford,10,83000.0,Manual,second,diesel
Maruti Suzuki,8,47000.0,Manual,first,petrol
Tata,5,75000.0,Automatic,second,hybrid
Renault,3,17738.0,Automatic,second,petrol
Maruti Suzuki,6,75000.0,Automatic,second,diesel
Mahindra,13,220000.0,Manual,second,diesel
Maruti Suzuki,9,69000.0,Manual,second,hybrid
Mercedes-Benz,5,30000.0,Automatic,second,diesel
Volvo,7,59000.0,Automatic,second,diesel
Maruti Suzuki,6,78000.0,Manual,second,hybrid/cng
Toyota,10,245822.0,Manual,second,diesel
Volkswagen,14,34000.0,Automatic,second,petrol
Mercedes-Benz,14,77000.0,Automatic,second,petrol
Volvo,9,62000.0,Automatic,first,diesel
Honda,13,52000.0,Automatic,second,petrol
Maruti Suzuki,10,70000.0,Manual,second,diesel
Honda,2,37000.0,Automatic,first,hybrid/cng
Honda,14,74000.0,Manual,second,petrol
Mahindra,2,55800.0,Automatic,second,diesel
Maruti Suzuki,13,117000.0,Manual,first,diesel
Maruti Suzuki,6,82000.0,Automatic,second,petrol
Maruti Suzuki,4,67000.0,Manual,second,hybrid
Mahindra,3,69846.0,Automatic,first,diesel
MG,2,32000.0,Automatic,first,petrol
Skoda,12,67000.0,Manual,first,diesel
Hyundai,7,102000.0,Automatic,first,diesel
Mercedes-Benz,11,89000.0,Automatic,second,diesel
Maruti Suzuki,4,57000.0,Manual,second,hybrid
Tata,5,29000.0,Manual,second,petrol
Maruti Suzuki,3,90000.0,Manual,first,hybrid/cng
Maruti Suzuki,4,65000.0,Manual,first,hybrid/cng
Jaguar,13,98000.0,Automatic,first,diesel
Maruti Suzuki,1,15000.0,Automatic,second,hybrid/cng
Skoda,9,94000.0,Manual,first,petrol
Hyundai,13,98500.0,Manual,second,diesel
Maruti Suzuki,5,60000.0,Automatic,first,petrol
Maruti Suzuki,10,51000.0,Automatic,second,petrol
Renault,7,55000.0,Automatic,second,hybrid/cng
Toyota,3,48500.0,Automatic,first,diesel
Toyota,8,274649.0,Manual,second,diesel
Nissan,5,50000.0,Automatic,second,petrol
Ford,16,89000.0,Manual,second,hybrid
Toyota,7,300000.0,Automatic,second,diesel
Jeep,5,61000.0,Automatic,first,petrol
Maruti Suzuki,3,61.0,Manual,second,hybrid
Honda,3,300000.0,Manual,first,diesel
Maruti Suzuki,6,62000.0,Manual,second,petrol
Maruti Suzuki,9,82000.0,Manual,second,hybrid
Hyundai,10,52000.0,Automatic,first,hybrid
Honda,5,52000.0,Automatic,first,hybrid
Maruti Suzuki,2,89000.0,Manual,second,hybrid
Mini,7,22000.0,Automatic,second,petrol
Mahindra,2,30800.0,Manual,first,diesel
Mercedes-Benz,13,35000.0,Automatic,second,petrol
Hyundai,9,75000.0,Manual,second,diesel
Maruti Suzuki,6,140000.0,Automatic,second,petrol
Maruti Suzuki,9,51000.0,Manual,first,petrol
Maruti Suzuki,5,66000.0,Automatic,first,hybrid
Maruti Suzuki,2,13000.0,Automatic,second,petrol
Audi,8,51001.0,Automatic,second,diesel
Maruti Suzuki,1,35000.0,Manual,second,petrol
Hyundai,4,172000.0,Manual,second,diesel
Volkswagen,7,100000.0,Manual,first,petrol
Tata,4,70716.0,Manual,first,petrol
Toyota,5,97000.0,Manual,first,diesel
Honda,8,40000.0,Manual,first,petrol
Mercedes-Benz,1,60000.0,Automatic,first,diesel
Maruti Suzuki,6,80000.0,Automatic,second,hybrid/cng
Honda,12,65973.0,Manual,second,petrol
Maruti Suzuki,4,150000.0,Automatic,first,hybrid/cng
Honda,10,106000.0,Manual,second,diesel
Mercedes-Benz,7,59000.0,Automatic,second,petrol
Volkswagen,12,73000.0,Automatic,second,petrol
Maruti Suzuki,6,118000.0,Manual,second,diesel
Maruti Suzuki,4,82000.0,Automatic,first,hybrid/cng
Hyundai,1,7000.0,Manual,first,hybrid/cng
Maruti Suzuki,13,103740.0,Automatic,second,hybrid
Maruti Suzuki,4,72500.0,Manual,first,hybrid/cng
Hyundai,7,31000.0,Manual,second,petrol
Jeep,6,68000.0,Automatic,first,petrol
Maruti Suzuki,30,70120.0,Automatic,second,petrol
Volkswagen,6,78000.0,Automatic,second,petrol
Tata,6,137000.0,Automatic,second,hybrid
Renault,11,77000.0,Manual,second,petrol
Hyundai,11,35000.0,Manual,second,petrol
Maruti Suzuki,8,41258.0,Manual,second,hybrid/cng
Maruti Suzuki,6,42000.0,Automatic,second,hybrid/cng
Maruti Suzuki,9,80000.0,Manual,second,petrol
Volkswagen,12,42000.0,Manual,first,petrol
Maruti Suzuki,7,67000.0,Manual,second,hybrid
Renault,7,102500.0,Automatic,second,diesel
Tata,8,15.0,Automatic,first,hybrid/cng
Mini,1,9500.0,Automatic,first,petrol
Honda,2,23000.0,Automatic,first,petrol
Ford,14,48000.0,Manual,second,petrol
Honda,11,45000.0,Manual,first,petrol
Maruti Suzuki,7,80000.0,Manual,first,hybrid/cng
Toyota,5,68000.0,Automatic,first,diesel
Toyota,2,18000.0,Automatic,first,petrol
Maruti Suzuki,12,65000.0,Manual,second,hybrid
Mahindra,9,81000.0,Manual,first,diesel
Maruti Suzuki,9,85000.0,Manual,first,petrol
Maruti Suzuki,4,72000.0,Automatic,second,hybrid/cng
Toyota,9,125000.0,Manual,second,diesel
Maruti Suzuki,3,33000.0,Manual,first,hybrid
Mahindra,6,78000.0,Automatic,second,diesel
BMW,12,53000.0,Automatic,second,diesel
Maruti Suzuki,13,150000.0,Automatic,second,petrol
BMW,10,48000.0,Automatic,first,diesel
Ford,7,82000.0,Automatic,first,petrol
Hyundai,6,56000.0,Manual,first,hybrid/cng
Honda,18,81011.0,Automatic,second,petrol
Audi,9,100000.0,Automatic,second,diesel
Hyundai,2,83000.0,Manual,first,diesel
Honda,16,119000.0,Automatic,second,hybrid/cng
Mahindra,2,14555.0,Automatic,first,diesel
Hyundai,11,120000.0,Manual,second,diesel
Toyota,1,13000.0,Automatic,first,petrol
Toyota,9,250000.0,Manual,second,diesel
Tata,6,61000.0,Manual,first,petrol
Maruti Suzuki,8,20819.0,Automatic,first,petrol
Maruti Suzuki,10,92000.0,Manual,first,hybrid/cng
Hyundai,12,78000.0,Manual,first,hybrid/cng
Tata,8,6000.0,Automatic,first,petrol
Audi,9,82000.0,Automatic,first,diesel
Maruti Suzuki,12,146000.0,Manual,second,hybrid/cng
Maruti Suzuki,14,85000.0,Manual,second,petrol
Kia,3,46000.0,Manual,first,diesel
Hyundai,7,300000.0,Manual,second,petrol
Toyota,11,85000.0,Manual,first,diesel
Hyundai,4,70000.0,Automatic,second,petrol
Ford,11,73000.0,Manual,second,diesel
Honda,18,43519.0,Automatic,first,petrol
Hyundai,5,56000.0,Automatic,first,hybrid/cng
Hyundai,5,57000.0,Automatic,second,hybrid/cng
Maruti Suzuki,3,50000.0,Manual,first,petrol
Honda,2,29000.0,Manual,first,petrol
Hyundai,5,46000.0,Automatic,second,hybrid/cng
Toyota,5,43000.0,Automatic,first,hybrid
Honda,6,25200.0,Automatic,second,petrol
Maruti Suzuki,5,45000.0,Manual,first,petrol
Mahindra,8,110000.0,Automatic,second,diesel
Hyundai,9,82000.0,Automatic,second,diesel
Maruti Suzuki,9,63000.0,Manual,first,diesel
Maruti Suzuki,7,81000.0,Manual,second,diesel
Honda,9,120000.0,Manual,second,petrol
Jeep,5,40500.0,Manual,first,petrol
Hyundai,1,23000.0,Automatic,first,petrol
Ford,8,89000.0,Manual,first,diesel
Maruti Suzuki,15,82000.0,Manual,second,petrol
Tata,3,25945.0,Automatic,first,petrol
Maruti Suzuki,4,92000.0,Manual,first,hybrid
Tata,5,52600.0,Automatic,first,hybrid/cng
Kia,4,76000.0,Automatic,first,petrol
Maruti Suzuki,6,52000.0,Automatic,first,petrol
Hyundai,9,30.0,Automatic,second,hybrid/cng
Maruti Suzuki,8,117592.0,Manual,first,petrol
Maruti Suzuki,8,65000.0,Manual,second,hybrid/cng
Maruti Suzuki,7,63000.0,Automatic,first,petrol
Toyota,8,130000.0,Automatic,second,hybrid/cng
Honda,2,14000.0,Automatic,first,hybrid/cng
Hyundai,12,123500.0,Manual,second,petrol
Maruti Suzuki,10,95000.0,Automatic,second,petrol
Mahindra,2,25000.0,Automatic,first,diesel
Hyundai,3,53000.0,Automatic,first,hybrid
Hyundai,10,54000.0,Automatic,second,petrol
Honda,11,84000.0,Automatic,second,petrol
Toyota,9,68000.0,Automatic,second,hybrid/cng
Volkswagen,6,82886.0,Automatic,first,diesel
Toyota,9,130000.0,Manual,second,diesel
Renault,6,48000.0,Automatic,second,hybrid/cng
Honda,6,65000.0,Manual,first,petrol
Volkswagen,6,300000.0,Manual,second,petrol
Skoda,11,135000.0,Automatic,second,hybrid
Volkswagen,9,300000.0,Automatic,first,petrol
BMW,12,53160.0,Automatic,second,diesel
Volkswagen,13,90000.0,Manual,second,diesel
Maruti Suzuki,4,56000.0,Manual,first,hybrid/cng
Volvo,4,41000.0,Automatic,first,diesel
Renault,6,55156.0,Automatic,second,petrol
Hyundai,16,96000.0,Automatic,second,hybrid
Toyota,1,11000.0,Automatic,first,hybrid/cng
Hyundai,4,53000.0,Manual,first,petrol
Honda,10,79000.0,Manual,second,hybrid/cng
Maruti Suzuki,4,45000.0,Manual,first,petrol
Hyundai,3,34000.0,Automatic,first,petrol
Honda,7,40000.0,Manual,first,petrol
Maruti Suzuki,12,110000.0,Automatic,second,hybrid
Maruti Suzuki,7,58000.0,Automatic,second,hybrid
Hyundai,6,53000.0,Manual,second,petrol
Mahindra,5,85000.0,Manual,second,diesel
Maruti Suzuki,13,117000.0,Manual,first,diesel
Honda,5,69000.0,Manual,first,petrol
Maruti Suzuki,3,300000.0,Manual,first,hybrid/cng
Mercedes-Benz,5,50000.0,Automatic,second,petrol
Volkswagen,3,300000.0,Automatic,second,petrol
Maruti Suzuki,9,119000.0,Automatic,first,hybrid
Hyundai,12,76000.0,Manual,second,hybrid/cng
MG,2,19000.0,Automatic,first,petrol
Maruti Suzuki,7,49000.0,Manual,second,petrol
Maruti Suzuki,11,90000.0,Manual,second,hybrid
Maruti Suzuki,5,54000.0,Manual,first,hybrid/cng
Maruti Suzuki,7,44000.0,Manual,first,hybrid
Audi,9,50000.0,Automatic,second,diesel
Mahindra,6,95000.0,Manual,second,diesel
Maruti Suzuki,1,4000.0,Automatic,first,petrol
Maruti Suzuki,3,55000.0,Manual,first,petrol
Maruti Suzuki,4,6000.0,Manual,first,petrol
Skoda,14,29309.0,Automatic,second,petrol
Hyundai,13,56000.0,Manual,first,petrol
Chevrolet,13,62000.0,Manual,first,diesel
Toyota,15,122000.0,Automatic,second,hybrid
Hyundai,6,134286.0,Manual,second,diesel
Toyota,0,6000.0,Automatic,first,hybrid/cng
Mahindra,6,102100.0,Manual,first,diesel
Hyundai,2,39000.0,Manual,second,petrol
Honda,6,78127.0,Manual,first,diesel
Mahindra,8,54000.0,Manual,second,diesel
Maruti Suzuki,6,22000.0,Manual,second,petrol
Maruti Suzuki,7,54000.0,Manual,first,petrol
Maruti Suzuki,5,300000.0,Manual,first,hybrid
Ford,7,135000.0,Automatic,first,diesel
Hyundai,3,20000.0,Manual,second,petrol
Hyundai,7,72000.0,Manual,first,petrol
Honda,7,29000.0,Automatic,second,petrol
Toyota,6,92000.0,Automatic,first,diesel
Kia,3,34000.0,Automatic,first,hybrid
Volkswagen,6,54000.0,Manual,first,petrol
Maruti Suzuki,6,80000.0,Manual,second,diesel
Volkswagen,11,68000.0,Automatic,first,petrol
Maruti Suzuki,12,60000.0,Manual,first,petrol
Hyundai,7,47827.0,Automatic,second,petrol
Maruti Suzuki,8,36000.0,Automatic,first,petrol
Honda,16,119000.0,Automatic,second,hybrid/cng
Honda,8,115037.0,Automatic,second,hybrid
Maruti Suzuki,6,21000.0,Automatic,second,petrol
Kia,2,25000.0,Automatic,second,diesel
Skoda,2,30000.0,Automatic,first,petrol
Maruti Suzuki,9,49000.0,Manual,second,petrol
Hyundai,6,48000.0,Manual,first,hybrid
Maruti Suzuki,11,86000.0,Manual,second,petrol
Skoda,14,88000.0,Automatic,second,petrol
Maruti Suzuki,10,59000.0,Manual,second,petrol
Hyundai,7,65000.0,Automatic,second,diesel
MG,4,300000.0,Automatic,first,petrol
Volkswagen,1,170000.0,Automatic,first,petrol
Ford,16,300000.0,Manual,second,diesel
Hyundai,5,58000.0,Automatic,first,petrol
Kia,4,49900.0,Manual,first,petrol
Maruti Suzuki,8,300000.0,Manual,first,hybrid/cng
Honda,6,77000.0,Manual,first,diesel
Land Rover,5,87000.0,Automatic,second,diesel
Mahindra,9,93000.0,Manual,first,diesel
Maruti Suzuki,6,102200.0,Manual,first,hybrid/cng
Honda,9,52000.0,Manual,second,petrol
Maruti Suzuki,6,300000.0,Automatic,first,petrol
Honda,9,100000.0,Automatic,second,hybrid/cng
BMW,2,17000.0,Automatic,second,petrol
Maruti Suzuki,10,42000.0,Manual,first,petrol
Toyota,6,130000.0,Automatic,second,diesel
Toyota,2,9000.0,Manual,first,petrol
Honda,5,122000.0,Manual,first,petrol
Kia,4,50200.0,Automatic,first,petrol
Ford,4,39000.0,Automatic,first,hybrid
Mahindra,10,85000.0,Automatic,second,diesel
Skoda,8,55000.0,Automatic,first,petrol
Maruti Suzuki,14,102500.0,Manual,first,petrol
Audi,10,52000.0,Automatic,second,diesel
Hyundai,13,72000.0,Manual,second,petrol
Mercedes-Benz,13,85000.0,Automatic,second,petrol
Maruti Suzuki,12,120000.0,Manual,first,diesel
Tata,2,29000.0,Automatic,first,hybrid/cng
BMW,12,85000.0,Automatic,first,diesel
Honda,10,93000.0,Automatic,first,hybrid/cng
Honda,2,13000.0,Automatic,first,petrol
Maruti Suzuki,1,31000.0,Manual,first,hybrid
Toyota,9,127000.0,Manual,second,diesel
Toyota,2,49900.0,Automatic,first,petrol
Toyota,15,112000.0,Automatic,second,hybrid
Maruti Suzuki,8,102000.0,Manual,second,petrol
Hyundai,14,35000.0,Manual,first,petrol
Ford,6,89000.0,Manual,second,diesel
Maruti Suzuki,1,10500.0,Manual,first,petrol
Honda,5,110000.0,Automatic,first,diesel
Hyundai,0,50000.0,Automatic,first,hybrid
Maruti Suzuki,7,61231.0,Automatic,second,hybrid
Maruti Suzuki,12,70000.0,Manual,second,diesel
Toyota,1,42000.0,Manual,first,petrol
Toyota,6,98000.0,Automatic,second,diesel
Mercedes-Benz,10,80000.0,Automatic,second,diesel
Hyundai,4,37115.0,Manual,second,petrol
Hyundai,12,94000.0,Manual,second,petrol
Hyundai,10,55000.0,Manual,second,petrol
Maruti Suzuki,6,32000.0,Automatic,first,petrol
Tata,2,2000.0,Automatic,first,petrol
Maruti Suzuki,3,40000.0,Automatic,first,hybrid/cng
BMW,6,25000.0,Automatic,second,diesel
Hyundai,9,155000.0,Manual,first,diesel
Mercedes-Benz,14,25000.0,Automatic,second,petrol
Volkswagen,8,65000.0,Automatic,second,diesel
Toyota,7,45669.0,Manual,second,petrol
Land Rover,1,18650.0,Automatic,first,diesel
Honda,8,65000.0,Manual,first,petrol
Toyota,12,98695.0,Manual,first,diesel
Hyundai,9,140000.0,Automatic,first,diesel
Mahindra,7,300000.0,Manual,first,diesel
Renault,4,45011.0,Manual,first,petrol
Honda,8,86000.0,Manual,second,diesel
Ford,13,89000.0,Manual,second,diesel
Honda,9,106999.0,Manual,second,hybrid
Mahindra,6,83000.0,Manual,first,diesel
Renault,8,63000.0,Manual,second,diesel
Maruti Suzuki,11,70000.0,Automatic,first,petrol
Hyundai,2,44000.0,Manual,first,petrol
Honda,3,17000.0,Automatic,first,petrol
Mercedes-Benz,8,57000.0,Automatic,first,diesel
Honda,10,79000.0,Manual,second,hybrid
Maruti Suzuki,6,39505.0,Automatic,first,petrol
Chevrolet,15,99999.0,Automatic,second,petrol
Maruti Suzuki,10,98000.0,Manual,second,hybrid
Toyota,9,150000.0,Manual,first,diesel
Honda,6,32000.0,Manual,second,hybrid/cng
Maruti Suzuki,2,27000.0,Manual,first,petrol
Lexus,6,280000.0,Automatic,first,petrol
Skoda,2,20000.0,Automatic,first,petrol
Hyundai,1,35000.0,Automatic,first,diesel
Maruti Suzuki,12,64000.0,Manual,first,petrol
Hyundai,3,85000.0,Manual,first,diesel
Maruti Suzuki,4,40000.0,Automatic,first,petrol
Maruti Suzuki,5,140.0,Automatic,second,hybrid
Maruti Suzuki,6,64000.0,Manual,first,petrol
Hyundai,3,62000.0,Manual,second,diesel
Maruti Suzuki,17,89800.0,Manual,second,hybrid
Skoda,7,55000.0,Automatic,first,hybrid
Ford,9,69000.0,Automatic,first,petrol
Porsche,7,16800.0,Automatic,second,diesel
Ford,11,78300.0,Manual,first,diesel
Mini,11,23000.0,Automatic,second,petrol
Maruti Suzuki,5,52380.0,Manual,second,petrol
Honda,9,68000.0,Manual,second,diesel
BMW,7,58900.0,Automatic,second,diesel
Honda,12,89620.0,Automatic,first,petrol
Renault,5,60000.0,Automatic,second,petrol
Maruti Suzuki,6,50000.0,Automatic,first,petrol
Nissan,10,57000.0,Manual,second,diesel
Toyota,4,55000.0,Automatic,second,petrol
Maruti Suzuki,14,65000.0,Manual,second,petrol
Hyundai,8,90500.0,Automatic,first,diesel
Skoda,2,39000.0,Automatic,first,petrol
Maruti Suzuki,6,65000.0,Automatic,second,hybrid/cng
Mahindra,7,71000.0,Manual,second,diesel
Maruti Suzuki,2,38000.0,Manual,first,hybrid/cng
Kia,4,50000.0,Manual,first,diesel
Hyundai,15,119725.0,Manual,second,petrol
Hyundai,9,57000.0,Manual,first,petrol
Maruti Suzuki,13,78965.0,Manual,first,petrol
Maruti Suzuki,11,54000.0,Manual,first,petrol
Mercedes-Benz,4,69000.0,Automatic,first,diesel
Volkswagen,9,117000.0,Manual,second,diesel
Land Rover,5,64000.0,Automatic,first,diesel
Mahindra,10,64000.0,Automatic,second,diesel
Tata,6,72000.0,Manual,first,petrol
Mahindra,5,40000.0,Automatic,first,diesel
Mahindra,6,80000.0,Manual,first,diesel
Mahindra,7,81000.0,Manual,second,diesel
Mercedes-Benz,11,129000.0,Automatic,second,diesel
Maruti Suzuki,7,31000.0,Manual,second,hybrid
Honda,13,72000.0,Automatic,second,hybrid/cng
Maruti Suzuki,7,42000.0,Manual,first,diesel
Maruti Suzuki,6,183000.0,Manual,first,diesel
Hyundai,11,68000.0,Manual,first,hybrid/cng
Maruti Suzuki,7,79000.0,Automatic,first,petrol
Maruti Suzuki,10,72000.0,Manual,second,petrol
Toyota,0,1234.0,Manual,first,petrol
Tata,7,80000.0,Manual,second,petrol
Hyundai,1,14800.0,Automatic,first,petrol
Hyundai,15,84000.0,Automatic,second,hybrid
Mahindra,2,45000.0,Manual,first,diesel
Maruti Suzuki,9,70800.0,Manual,second,hybrid
Renault,12,123000.0,Manual,second,diesel
MG,1,42000.0,Manual,first,diesel
BMW,7,90000.0,Automatic,second,diesel
Isuzu,2,15000.0,Automatic,first,diesel
Maruti Suzuki,9,77000.0,Manual,second,hybrid
Maruti Suzuki,8,80000.0,Automatic,first,petrol
Hyundai,12,80000.0,Automatic,first,hybrid
Toyota,20,96000.0,Manual,second,diesel
Maruti Suzuki,12,110000.0,Automatic,second,hybrid/cng
Hyundai,4,47523.0,Manual,first,petrol
Maruti Suzuki,12,118000.0,Manual,second,diesel
Maruti Suzuki,0,2480.0,Manual,first,petrol
Maruti Suzuki,2,32.0,Automatic,first,hybrid
Volkswagen,13,62000.0,Manual,second,diesel
Hyundai,1,4500.0,Manual,first,petrol
Hyundai,10,120000.0,Automatic,second,diesel
Mahindra,6,46850.0,Manual,second,diesel
Jeep,2,51000.0,Automatic,first,diesel
Hyundai,13,72000.0,Manual,second,hybrid
Mercedes-Benz,18,92000.0,Automatic,second,diesel
Skoda,6,57470.0,Automatic,first,petrol
Maruti Suzuki,8,103000.0,Manual,second,petrol
Toyota,1,69000.0,Automatic,first,petrol
Ford,9,93000.0,Manual,first,diesel
Maruti Suzuki,6,49000.0,Automatic,second,petrol
Hyundai,5,38000.0,Automatic,second,petrol
BMW,5,60000.0,Automatic,first,diesel
Tata,2,12000.0,Manual,first,petrol
Hyundai,11,78220.0,Manual,second,petrol
Mercedes-Benz,7,15000.0,Automatic,first,diesel
BMW,9,87000.0,Automatic,second,diesel
Ford,3,55000.0,Automatic,first,diesel
Skoda,11,135000.0,Manual,second,diesel
MG,3,52779.0,Automatic,second,petrol
Hyundai,9,55000.0,Manual,second,petrol
Volkswagen,3,14500.0,Manual,second,petrol
Maruti Suzuki,5,68000.0,Manual,first,hybrid
Maruti Suzuki,10,120000.0,Manual,first,diesel
Hyundai,14,116000.0,Manual,second,hybrid
BMW,6,64000.0,Automatic,second,petrol
Hyundai,7,89000.0,Automatic,first,petrol
Maruti Suzuki,6,57200.0,Manual,first,hybrid/cng
Volkswagen,7,62000.0,Automatic,second,petrol
Hyundai,6,130000.0,Manual,second,hybrid/cng
Tata,3,40000.0,Manual,second,diesel
Maruti Suzuki,1,250000.0,Automatic,first,hybrid/cng
Kia,4,54309.0,Automatic,first,petrol
Force,0,7000.0,Manual,first,diesel
Honda,8,80000.0,Manual,first,diesel
Jeep,6,53213.0,Manual,second,diesel
Tata,14,164000.0,Manual,second,diesel
Toyota,7,163000.0,Manual,first,diesel
Honda,16,125000.0,Manual,second,hybrid/cng
Chevrolet,9,92000.0,Manual,second,diesel
Hyundai,9,68000.0,Manual,second,hybrid/cng
Maruti Suzuki,7,67000.0,Manual,second,diesel
Maruti Suzuki,8,38000.0,Manual,first,petrol
Maruti Suzuki,5,75000.0,Manual,first,hybrid
Mahindra,12,73000.0,Manual,second,diesel
Maruti Suzuki,6,80000.0,Automatic,second,hybrid/cng
Maruti Suzuki,15,76000.0,Manual,second,hybrid/cng
Hyundai,11,60000.0,Manual,second,hybrid
Maruti Suzuki,3,17000.0,Manual,second,petrol
Hyundai,10,53860.0,Manual,second,hybrid
Maruti Suzuki,5,45238.0,Manual,second,petrol
Hyundai,11,51500.0,Automatic,first,petrol
Hyundai,13,68000.0,Manual,second,petrol
Maruti Suzuki,6,62000.0,Automatic,second,petrol
Honda,6,51000.0,Automatic,first,diesel
BMW,8,41000.0,Automatic,first,diesel
Skoda,13,90000.0,Automatic,second,diesel
Hyundai,16,123000.0,Manual,second,petrol
Maruti Suzuki,6,74000.0,Manual,second,hybrid
Jeep,6,55000.0,Manual,second,diesel
Mercedes-Benz,5,300000.0,Automatic,first,diesel
Hyundai,9,59000.0,Manual,first,petrol
Nissan,10,132228.0,Manual,second,diesel
Hyundai,6,70000.0,Manual,first,diesel
Mercedes-Benz,23,95000.0,Automatic,second,petrol
Tata,13,72000.0,Manual,second,diesel
Toyota,9,125000.0,Manual,first,diesel
Chevrolet,13,55155.0,Manual,first,petrol
Maruti Suzuki,3,35000.0,Manual,first,petrol
Maruti Suzuki,9,52000.0,Manual,first,petrol
Ford,11,64000.0,Manual,first,diesel
Toyota,12,115000.0,Manual,second,diesel
Hyundai,1,29000.0,Manual,first,hybrid
Hyundai,11,81000.0,Manual,second,petrol
BMW,8,75000.0,Automatic,second,diesel
Maruti Suzuki,7,164963.0,Automatic,first,hybrid/cng
Maruti Suzuki,5,63000.0,Automatic,first,hybrid
Maruti Suzuki,7,66500.0,Manual,first,petrol
Maruti Suzuki,9,70000.0,Manual,second,hybrid
BMW,5,25000.0,Automatic,second,diesel
Skoda,8,88888.0,Automatic,second,petrol
Hyundai,6,50480.0,Automatic,first,diesel
Maruti Suzuki,15,70326.0,Automatic,first,petrol
Honda,14,300000.0,Manual,second,petrol
Volkswagen,10,114000.0,Manual,second,diesel
Maruti Suzuki,7,82000.0,Manual,second,petrol
Tata,12,100000.0,Manual,second,diesel
Maruti Suzuki,2,8638.0,Manual,first,petrol
Toyota,5,64000.0,Manual,first,petrol
Maruti Suzuki,2,30000.0,Manual,first,petrol
Maruti Suzuki,11,30.0,Automatic,second,hybrid/cng
Jeep,6,46300.0,Manual,second,diesel
Maruti Suzuki,9,28120.0,Manual,first,petrol
Renault,4,17000.0,Manual,first,petrol
Toyota,7,59023.0,Automatic,second,diesel
Toyota,9,125000.0,Manual,second,diesel
Ford,9,89000.0,Automatic,second,hybrid
Maruti Suzuki,5,71000.0,Automatic,first,diesel
Renault,5,42000.0,Automatic,second,hybrid/cng
Hyundai,10,82000.0,Manual,second,petrol
Hyundai,12,50000.0,Automatic,second,petrol
Hyundai,8,64000.0,Manual,second,hybrid/cng
Hyundai,5,68216.0,Manual,second,petrol
Honda,8,93000.0,Automatic,second,hybrid
Hyundai,8,49000.0,Manual,second,diesel
Mercedes-Benz,5,300000.0,Automatic,second,diesel
Maruti Suzuki,11,262630.0,Automatic,first,petrol
Tata,3,49000.0,Manual,second,diesel
Ford,9,57000.0,Automatic,second,petrol
Maruti Suzuki,2,9000.0,Manual,first,hybrid
Toyota,11,76000.0,Automatic,first,hybrid/cng
Hyundai,8,40000.0,Automatic,first,petrol
Volkswagen,5,300000.0,Automatic,second,diesel
Hyundai,12,72000.0,Automatic,second,hybrid/cng
Hyundai,8,32000.0,Manual,second,petrol
Maruti Suzuki,7,23119.0,Automatic,first,hybrid/cng
Hyundai,10,63000.0,Manual,second,diesel
Maruti Suzuki,6,99346.0,Manual,first,petrol
Skoda,7,67000.0,Automatic,first,diesel
Hyundai,14,100000.0,Manual,second,petrol
Ford,4,39001.0,Automatic,first,hybrid
Hyundai,9,85000.0,Manual,first,petrol
Land Rover,4,30000.0,Automatic,first,petrol
Hyundai,7,42000.0,Automatic,second,petrol
Maruti Suzuki,6,60000.0,Manual,second,petrol
Hyundai,8,81982.0,Automatic,first,diesel
Toyota,10,155000.0,Manual,first,diesel
Hyundai,15,85500.0,Manual,first,petrol
Toyota,14,45000.0,Manual,second,petrol
Chevrolet,10,60000.0,Automatic,second,diesel
Toyota,1,500.0,Automatic,first,hybrid
BMW,10,67772.0,Automatic,first,diesel
Maruti Suzuki,13,140000.0,Automatic,second,hybrid
Tata,7,84000.0,Manual,second,petrol
Maruti Suzuki,18,80000.0,Automatic,first,hybrid
BMW,11,120000.0,Automatic,second,diesel
MG,3,39652.0,Manual,first,diesel
Toyota,7,25000.0,Manual,first,diesel
Skoda,8,57000.0,Automatic,second,diesel
Maruti Suzuki,3,17532.0,Manual,first,petrol
Maruti Suzuki,9,65000.0,Automatic,second,petrol
Hyundai,9,28240.0,Manual,first,petrol
Mercedes-Benz,6,65000.0,Automatic,second,diesel
Honda,14,72000.0,Manual,second,petrol
Maruti Suzuki,9,75000.0,Automatic,second,petrol
Maruti Suzuki,7,20300.0,Automatic,first,petrol
Hyundai,6,57000.0,Automatic,first,diesel
Nissan,8,54000.0,Automatic,first,petrol
Hyundai,2,50500.0,Automatic,second,hybrid
Mercedes-Benz,8,51000.0,Automatic,second,diesel
Tata,7,69000.0,Manual,first,hybrid
Hyundai,2,50000.0,Manual,first,diesel
Toyota,4,83000.0,Automatic,first,petrol
Porsche,5,29500.0,Automatic,second,petrol
Mercedes-Benz,7,57000.0,Automatic,second,diesel
Maruti Suzuki,9,64000.0,Manual,second,hybrid
Hyundai,8,89600.0,Automatic,second,petrol
Maruti Suzuki,9,56000.0,Manual,first,hybrid
Maruti Suzuki,7,35140.0,Automatic,first,petrol
Hyundai,3,40000.0,Automatic,first,petrol
Rolls-Royce,9,11500.0,Automatic,second,petrol
Maruti Suzuki,13,52000.0,Manual,second,petrol
Maruti Suzuki,7,23115.0,Automatic,first,hybrid/cng
Maruti Suzuki,4,43000.0,Manual,first,hybrid/cng
Mercedes-Benz,12,59693.0,Automatic,second,diesel
Maruti Suzuki,14,63000.0,Manual,first,petrol
Jaguar,4,65000.0,Automatic,second,petrol
Maruti Suzuki,11,70000.0,Manual,first,hybrid/cng
Maruti Suzuki,7,81000.0,Manual,first,diesel
Land Rover,11,92000.0,Automatic,second,diesel
Maruti Suzuki,6,180000.0,Automatic,first,hybrid
Honda,10,69000.0,Automatic,second,petrol
Hyundai,10,106985.0,Manual,second,diesel
Ford,12,118000.0,Manual,second,diesel
Renault,11,113000.0,Manual,second,diesel
Skoda,9,68000.0,Manual,second,petrol
Maruti Suzuki,4,95000.0,Automatic,first,petrol
Hyundai,2,14112.0,Manual,first,petrol
Maruti Suzuki,8,125000.0,Automatic,first,hybrid/cng
Ford,8,110000.0,Manual,second,diesel
Hyundai,11,18000.0,Manual,first,diesel
Maruti Suzuki,8,55000.0,Automatic,second,petrol
Honda,12,72000.0,Manual,first,petrol
Mercedes-Benz,1,6000.0,Automatic,first,petrol
Maruti Suzuki,10,95000.0,Manual,second,hybrid
Hyundai,4,30000.0,Manual,first,petrol
Hyundai,10,121000.0,Manual,second,diesel
Maruti Suzuki,11,120000.0,Manual,second,hybrid/cng
Maruti Suzuki,6,68000.0,Manual,second,hybrid
Hyundai,10,68000.0,Manual,first,diesel
Nissan,10,26300.0,Manual,second,petrol
Hyundai,2,59000.0,Automatic,second,hybrid/cng
Audi,8,95000.0,Automatic,first,diesel
Maruti Suzuki,9,74000.0,Manual,first,diesel
Honda,14,80000.0,Automatic,second,petrol
Tata,0,5000.0,Automatic,first,diesel
Maruti Suzuki,9,51700.0,Manual,second,petrol
Kia,2,30000.0,Automatic,first,diesel
Hyundai,4,86000.0,Manual,first,diesel
Honda,13,110000.0,Manual,first,petrol
Maruti Suzuki,2,49000.0,Manual,first,hybrid
Volkswagen,8,92000.0,Automatic,second,diesel
Mahindra,12,75000.0,Manual,second,diesel
Hyundai,13,300000.0,Automatic,second,petrol
Hyundai,1,8000.0,Automatic,first,petrol
Mahindra,9,78000.0,Manual,second,diesel
BMW,10,50000.0,Automatic,first,diesel
Hyundai,7,96000.0,Manual,second,diesel
Maruti Suzuki,13,118000.0,Manual,second,hybrid
BMW,7,77000.0,Automatic,first,diesel
Maruti Suzuki,7,84240.0,Automatic,second,hybrid/cng
Chevrolet,14,27000.0,Manual,second,petrol
Toyota,11,119000.0,Automatic,first,diesel
Ford,7,83000.0,Manual,first,petrol
Ford,6,49000.0,Automatic,first,diesel
Toyota,0,9000.0,Automatic,first,hybrid
Maruti Suzuki,0,29000.0,Manual,first,hybrid/cng
Toyota,6,60000.0,Automatic,second,diesel
Hyundai,4,60000.0,Manual,first,petrol
Tata,12,22.0,Manual,second,diesel
Maruti Suzuki,13,78000.0,Manual,first,hybrid/cng
Hyundai,4,86000.0,Manual,second,hybrid
Maruti Suzuki,5,120000.0,Automatic,second,hybrid/cng
Maruti Suzuki,6,130000.0,Manual,first,diesel
Toyota,4,36000.0,Automatic,second,diesel
Maruti Suzuki,9,73000.0,Manual,second,petrol
Maruti Suzuki,7,72300.0,Manual,first,hybrid
Hyundai,10,86130.0,Automatic,second,petrol
Maruti Suzuki,4,31000.0,Manual,first,petrol
Hyundai,7,69000.0,Automatic,second,petrol
Maruti Suzuki,4,52450.0,Manual,first,petrol
Maruti Suzuki,26,80000.0,Manual,second,petrol
Maruti Suzuki,6,42000.0,Manual,second,hybrid
Land Rover,8,43000.0,Automatic,second,petrol
Maruti Suzuki,18,300000.0,Manual,second,petrol
Hyundai,7,33000.0,Manual,first,petrol
Maruti Suzuki,9,80000.0,Manual,second,diesel
Force,8,70000.0,Automatic,first,hybrid/cng
Maruti Suzuki,6,29000.0,Manual,first,petrol
Honda,10,99939.0,Manual,second,petrol
Ford,13,30000.0,Manual,second,petrol
Hyundai,10,64000.0,Manual,first,hybrid
Ford,8,9000.0,Automatic,first,petrol
Maruti Suzuki,5,72000.0,Automatic,second,hybrid
Hyundai,6,195000.0,Manual,second,hybrid
Maruti Suzuki,12,125000.0,Manual,first,diesel
Maruti Suzuki,8,300000.0,Manual,first,diesel
Maruti Suzuki,3,63000.0,Manual,first,petrol
Hyundai,8,36000.0,Manual,second,petrol
Maruti Suzuki,1,28.0,Manual,first,hybrid/cng
Ford,8,180000.0,Automatic,first,diesel
Volkswagen,6,64400.0,Automatic,first,petrol
Hyundai,1,12000.0,Manual,first,petrol
Hyundai,6,46000.0,Manual,first,hybrid
Toyota,5,116250.0,Automatic,second,diesel
Maruti Suzuki,17,102910.0,Automatic,second,petrol
Mahindra,6,89000.0,Automatic,first,diesel
Honda,6,29295.0,Automatic,second,petrol
Chevrolet,13,97000.0,Automatic,second,diesel
Maruti Suzuki,8,69000.0,Manual,second,diesel
Maruti Suzuki,3,52329.0,Manual,first,hybrid
Toyota,11,174500.0,Automatic,second,diesel
Skoda,7,82500.0,Automatic,second,petrol
Maruti Suzuki,12,165000.0,Manual,second,diesel
BMW,3,25000.0,Automatic,second,diesel
Maruti Suzuki,7,52000.0,Automatic,first,hybrid
Maruti Suzuki,13,67000.0,Manual,second,petrol
BMW,10,69000.0,Automatic,second,diesel
Hyundai,7,54000.0,Manual,second,petrol
Honda,9,67000.0,Automatic,second,hybrid
Honda,11,110000.0,Manual,first,petrol
Maruti Suzuki,6,62000.0,Manual,second,hybrid
Maruti Suzuki,13,130000.0,Automatic,second,hybrid
Maruti Suzuki,10,300000.0,Manual,first,hybrid/cng
Chevrolet,9,57000.0,Automatic,first,diesel
BMW,7,55000.0,Automatic,first,diesel
Maruti Suzuki,0,25000.0,Automatic,first,hybrid
Volkswagen,5,78000.0,Automatic,first,diesel
Hyundai,7,69000.0,Manual,first,petrol
Skoda,7,94000.0,Automatic,first,diesel
Volkswagen,6,86000.0,Automatic,second,petrol
Audi,12,90000.0,Automatic,second,diesel
Maruti Suzuki,6,32000.0,Manual,first,hybrid
Renault,8,72000.0,Automatic,second,diesel
Hyundai,13,79000.0,Manual,second,petrol
Tata,3,10500.0,Manual,first,petrol
Chevrolet,14,77000.0,Manual,second,petrol
Maruti Suzuki,6,60000.0,Manual,second,hybrid
Hyundai,8,80000.0,Manual,second,hybrid
Mahindra,7,189000.0,Manual,second,diesel
Renault,3,63000.0,Manual,first,petrol
Maruti Suzuki,16,89000.0,Automatic,first,hybrid/cng
Maruti Suzuki,6,200000.0,Automatic,second,hybrid
Hyundai,15,100000.0,Manual,second,hybrid
Fiat,12,90000.0,Manual,second,petrol
Toyota,3,300000.0,Automatic,first,diesel
Maruti Suzuki,5,82453.0,Automatic,second,hybrid/cng
Maruti Suzuki,4,38000.0,Manual,first,petrol
BMW,9,27189.0,Automatic,first,diesel
Hyundai,5,46000.0,Automatic,second,hybrid
Hyundai,11,300000.0,Automatic,first,petrol
Skoda,1,18500.0,Automatic,first,petrol
Toyota,5,28000.0,Automatic,first,petrol
MG,3,300000.0,Automatic,first,petrol
Hyundai,15,73000.0,Automatic,second,hybrid
Honda,9,56000.0,Automatic,second,petrol
Maruti Suzuki,12,88000.0,Manual,second,diesel
Hyundai,21,65804.0,Manual,second,hybrid/cng
Hyundai,3,96000.0,Automatic,first,diesel
Maruti Suzuki,17,165320.0,Manual,second,diesel
Honda,7,74000.0,Automatic,second,petrol
Toyota,2,60000.0,Automatic,first,diesel
Toyota,7,121000.0,Manual,second,diesel
Maruti Suzuki,23,25.0,Automatic,second,diesel
Maruti Suzuki,3,29500.0,Manual,first,hybrid/cng
Hyundai,13,64000.0,Manual,second,hybrid
Toyota,6,148000.0,Automatic,first,diesel
Nissan,9,78000.0,Manual,first,diesel
Maruti Suzuki,15,56328.0,Manual,first,petrol
Ford,10,75000.0,Manual,first,diesel
BMW,4,65000.0,Automatic,second,diesel
Hyundai,7,50000.0,Manual,first,petrol
Toyota,4,300000.0,Manual,second,petrol
Maruti Suzuki,0,2100.0,Manual,first,hybrid
Hyundai,4,7000.0,Automatic,first,petrol
Mahindra,4,85000.0,Manual,first,diesel
Ford,8,76000.0,Manual,second,diesel
Maruti Suzuki,5,155000.0,Manual,second,hybrid/cng
Mercedes-Benz,7,32600.0,Automatic,second,petrol
Toyota,14,288000.0,Manual,second,diesel
Maruti Suzuki,14,75200.0,Manual,second,petrol
Tata,6,92568.0,Automatic,second,hybrid
Maruti Suzuki,14,110000.0,Automatic,second,petrol
Maruti Suzuki,8,111000.0,Automatic,second,hybrid/cng
Toyota,3,63000.0,Automatic,first,diesel
Hyundai,11,65891.0,Automatic,first,petrol
Toyota,8,50000.0,Manual,first,hybrid/cng
Audi,9,52500.0,Automatic,first,petrol
Skoda,2,30000.0,Automatic,first,petrol
Mercedes-Benz,9,53000.0,Automatic,second,diesel
Ford,7,105000.0,Manual,second,petrol
BMW,2,11000.0,Automatic,first,petrol
Ford,3,38000.0,Automatic,first,diesel
Maruti Suzuki,7,83000.0,Manual,first,hybrid/cng
Ford,8,86000.0,Automatic,first,diesel
Maruti Suzuki,7,85000.0,Automatic,second,diesel
Tata,2,50000.0,Manual,first,hybrid
Nissan,11,75000.0,Manual,first,petrol
Mercedes-Benz,9,122000.0,Automatic,second,diesel
Kia,5,35200.0,Automatic,second,diesel
Tata,1,20000.0,Manual,second,hybrid/cng
Maruti Suzuki,3,42000.0,Automatic,first,hybrid
Maruti Suzuki,8,75000.0,Manual,first,hybrid/cng
Maruti Suzuki,11,100000.0,Manual,second,hybrid
Maruti Suzuki,2,90000.0,Automatic,first,petrol
Tata,8,39000.0,Automatic,first,petrol
Honda,7,79000.0,Automatic,second,hybrid
Skoda,7,70000.0,Automatic,first,diesel
Honda,9,72000.0,Automatic,first,hybrid
Hyundai,7,300000.0,Manual,first,diesel
Toyota,2,21000.0,Automatic,first,diesel
Volkswagen,1,11021.0,Manual,first,petrol
Toyota,13,75000.0,Manual,second,diesel
Tata,8,71000.0,Manual,first,diesel
Maruti Suzuki,3,64852.0,Automatic,first,hybrid/cng
Maruti Suzuki,8,14352.0,Automatic,second,petrol
Audi,12,68000.0,Automatic,second,diesel
Mini,9,47000.0,Automatic,second,diesel
Toyota,10,89000.0,Automatic,first,diesel
Maruti Suzuki,16,80000.0,Manual,first,hybrid
Land Rover,3,41788.0,Automatic,second,diesel
Tata,0,3500.0,Automatic,first,hybrid/cng
Maruti Suzuki,17,97000.0,Manual,second,petrol
Maruti Suzuki,14,19800.0,Manual,second,petrol
Honda,12,60000.0,Automatic,second,hybrid/cng
Maruti Suzuki,6,82758.0,Manual,second,diesel
Maruti Suzuki,5,61000.0,Automatic,second,hybrid
Honda,11,95000.0,Manual,second,diesel
Honda,15,101000.0,Automatic,second,hybrid/cng
Maruti Suzuki,6,56000.0,Manual,first,hybrid
Maruti Suzuki,5,45640.0,Manual,second,petrol
Ford,12,83000.0,Automatic,second,petrol
Tata,4,48000.0,Manual,first,diesel
Hyundai,10,50000.0,Manual,first,petrol
Volvo,7,80000.0,Automatic,second,diesel
Honda,6,40000.0,Automatic,first,petrol
Maruti Suzuki,15,85000.0,Manual,second,petrol
Maruti Suzuki,8,75000.0,Manual,second,hybrid
Maruti Suzuki,14,83000.0,Manual,second,petrol
Hyundai,14,43000.0,Automatic,first,petrol
Mercedes-Benz,1,16000.0,Automatic,first,diesel
Tata,3,69250.0,Automatic,first,diesel
Mahindra,3,74250.0,Manual,first,diesel
Mahindra,5,99000.0,Manual,first,diesel
Kia,3,46000.0,Automatic,second,diesel
BMW,8,65000.0,Automatic,second,diesel
Jeep,5,16000.0,Automatic,first,petrol
Honda,9,90200.0,Automatic,second,hybrid/cng
Audi,10,99000.0,Automatic,second,diesel
Hyundai,14,100000.0,Automatic,first,hybrid
Maruti Suzuki,4,70000.0,Manual,second,petrol
Hyundai,10,52000.0,Manual,second,petrol
Mitsubishi,14,80000.0,Automatic,second,petrol
Maruti Suzuki,7,45000.0,Automatic,first,petrol
Maruti Suzuki,10,140000.0,Manual,second,petrol
Toyota,1,20000.0,Automatic,first,hybrid/cng
Maruti Suzuki,3,210000.0,Manual,first,petrol
Maruti Suzuki,9,41000.0,Manual,first,petrol
Mahindra,9,35000.0,Manual,second,diesel
Maruti Suzuki,8,118000.0,Manual,second,hybrid
Hyundai,2,33000.0,Automatic,first,diesel
Mercedes-Benz,10,78000.0,Automatic,first,diesel
Mercedes-Benz,7,60000.0,Automatic,first,diesel
Maruti Suzuki,6,110000.0,Automatic,first,petrol
Hyundai,11,68000.0,Manual,second,petrol
Maruti Suzuki,1,16700.0,Manual,second,petrol
Maruti Suzuki,6,26000.0,Manual,first,hybrid/cng
Maruti Suzuki,6,39815.0,Automatic,first,petrol
Hyundai,5,87000.0,Manual,first,hybrid
Hyundai,14,300000.0,Manual,second,hybrid/cng
Maruti Suzuki,9,60000.0,Automatic,second,hybrid/cng
Chevrolet,12,45000.0,Automatic,second,diesel
Renault,6,21378.0,Automatic,second,petrol
Maruti Suzuki,6,74000.0,Automatic,first,petrol
Toyota,10,96760.0,Manual,second,diesel
Nissan,10,150000.0,Manual,second,diesel
Mahindra,9,55000.0,Manual,first,diesel
Jeep,2,49000.0,Automatic,first,diesel
Toyota,5,81000.0,Automatic,first,diesel
Maruti Suzuki,9,57000.0,Manual,first,petrol
Hyundai,3,67777.0,Automatic,first,petrol
Maruti Suzuki,6,62000.0,Automatic,second,petrol
Maruti Suzuki,12,85000.0,Manual,second,hybrid
Honda,7,300000.0,Automatic,second,petrol
Mahindra,2,72000.0,Automatic,first,diesel
Hyundai,18,20.0,Automatic,second,hybrid/cng
Toyota,11,143000.0,Automatic,first,diesel
BMW,6,52000.0,Automatic,first,diesel
Mini,11,53000.0,Automatic,second,petrol
Honda,8,77000.0,Automatic,first,petrol
Honda,6,49000.0,Manual,first,petrol
Hyundai,5,41000.0,Manual,first,petrol
Maruti Suzuki,18,72000.0,Manual,second,petrol
Hyundai,10,70000.0,Manual,second,petrol
Hyundai,9,54000.0,Manual,second,petrol
Hyundai,16,63900.0,Manual,second,petrol
Hyundai,7,66000.0,Manual,second,petrol
Hyundai,9,58124.0,Manual,second,petrol
Maruti Suzuki,6,50450.0,Manual,first,hybrid/cng
Tata,2,30618.0,Manual,first,diesel
Maruti Suzuki,6,72000.0,Manual,first,hybrid/cng
Maruti Suzuki,8,90000.0,Manual,second,diesel
Maruti Suzuki,6,69000.0,Automatic,first,diesel
Maruti Suzuki,8,61000.0,Manual,second,hybrid
Mahindra,46,100000.0,Manual,second,diesel
Maruti Suzuki,6,41000.0,Automatic,first,petrol
Honda,7,28000.0,Automatic,first,petrol
Skoda,9,142000.0,Automatic,first,diesel
Hyundai,4,50000.0,Manual,first,hybrid/cng
Maruti Suzuki,4,33759.0,Manual,second,petrol
Ford,15,86861.0,Manual,second,hybrid/cng
Hyundai,19,130000.0,Manual,second,petrol
Maruti Suzuki,5,192927.0,Automatic,first,hybrid
Jeep,1,10000.0,Automatic,first,petrol
MG,5,72000.0,Automatic,first,petrol
Maruti Suzuki,3,64000.0,Manual,first,hybrid/cng
Maruti Suzuki,5,62000.0,Automatic,second,hybrid
Hyundai,15,91000.0,Manual,second,hybrid
Honda,3,78000.0,Automatic,second,diesel
BMW,8,55231.0,Automatic,second,diesel
Tata,7,71352.0,Manual,second,petrol
Toyota,10,90220.0,Automatic,first,diesel
Mercedes-Benz,13,300000.0,Automatic,second,petrol
Maruti Suzuki,2,27000.0,Automatic,first,hybrid
Maruti Suzuki,5,110000.0,Automatic,first,petrol
Tata,2,62000.0,Automatic,first,hybrid/cng
Maruti Suzuki,6,50000.0,Manual,first,petrol
Honda,9,90000.0,Automatic,second,petrol
Maruti Suzuki,13,20.0,Automatic,second,petrol
Toyota,4,75000.0,Automatic,first,diesel
Hyundai,8,95000.0,Manual,second,hybrid
Maruti Suzuki,3,56000.0,Manual,first,petrol
Tata,5,41000.0,Automatic,second,petrol
Hyundai,0,3200.0,Manual,first,petrol
Hyundai,9,114000.0,Automatic,second,petrol
Maruti Suzuki,9,62000.0,Manual,second,hybrid/cng
Jeep,6,39000.0,Manual,second,diesel
Hyundai,2,41000.0,Manual,first,petrol
Hyundai,8,210000.0,Automatic,second,hybrid
Maruti Suzuki,7,80160.0,Manual,second,diesel
Tata,1,17840.0,Manual,first,hybrid
Volvo,6,43000.0,Automatic,first,diesel
Hyundai,3,68000.0,Manual,second,hybrid
Toyota,1,29000.0,Automatic,first,hybrid
Nissan,8,98000.0,Manual,first,diesel
Toyota,9,125000.0,Automatic,first,diesel
Hyundai,8,73000.0,Manual,second,hybrid/cng
Hyundai,1,6000.0,Automatic,first,diesel
Tata,4,26000.0,Manual,second,petrol
Hyundai,11,63000.0,Manual,second,hybrid/cng
Renault,10,72000.0,Manual,first,diesel
Ford,5,300000.0,Manual,first,diesel
Tata,6,95000.0,Automatic,second,petrol
Hyundai,9,58122.0,Manual,second,petrol
Honda,15,110000.0,Automatic,second,petrol
Maruti Suzuki,8,55000.0,Manual,first,diesel
Maruti Suzuki,1,20000.0,Automatic,first,hybrid/cng
Tata,7,39065.0,Manual,first,petrol
Mahindra,9,93000.0,Manual,second,diesel
Hyundai,3,24000.0,Automatic,first,petrol
BMW,2,17000.0,Automatic,first,diesel
Ford,9,72000.0,Automatic,second,diesel
Honda,6,52000.0,Automatic,second,hybrid/cng
Hyundai,4,300000.0,Manual,first,hybrid/cng
Maruti Suzuki,8,70000.0,Manual,first,hybrid/cng
MG,5,17000.0,Automatic,first,petrol
Maruti Suzuki,2,70000.0,Automatic,first,hybrid
Porsche,2,9000.0,Automatic,first,petrol
Mercedes-Benz,5,63000.0,Automatic,second,diesel
Maruti Suzuki,8,83214.0,Manual,second,diesel
Maruti Suzuki,15,40.0,Automatic,first,petrol
Mercedes-Benz,12,75000.0,Automatic,second,diesel
Toyota,9,177000.0,Manual,first,diesel
Hyundai,5,75000.0,Manual,first,hybrid/cng
Hyundai,10,89084.0,Manual,first,petrol
Hyundai,10,95000.0,Manual,second,hybrid
Renault,9,76000.0,Manual,second,petrol
Maruti Suzuki,6,37000.0,Automatic,second,petrol
Skoda,2,16000.0,Automatic,second,petrol
Renault,8,80000.0,Manual,first,diesel
Hyundai,10,62394.0,Automatic,second,diesel
Ford,3,71000.0,Automatic,second,diesel
Maruti Suzuki,5,22600.0,Manual,second,hybrid/cng
Hyundai,5,68000.0,Manual,second,petrol
Mahindra,2,27000.0,Automatic,first,diesel
Mercedes-Benz,10,80000.0,Automatic,second,diesel
Volkswagen,8,300000.0,Automatic,first,diesel
Datsun,6,45213.0,Manual,first,petrol
Mini,11,65000.0,Automatic,second,diesel
Tata,2,46000.0,Automatic,first,diesel
Maruti Suzuki,7,66000.0,Automatic,first,petrol
MG,4,50365.0,Automatic,second,petrol
Hyundai,8,72000.0,Manual,first,hybrid
Toyota,18,78374.0,Manual,second,hybrid
Maruti Suzuki,9,59880.0,Automatic,first,petrol
Maruti Suzuki,6,122289.0,Automatic,second,petrol
Maruti Suzuki,7,44000.0,Automatic,second,petrol
Maruti Suzuki,12,82000.0,Manual,second,hybrid/cng
Maruti Suzuki,2,7000.0,Manual,first,petrol
Tata,4,38000.0,Manual,first,hybrid
BMW,7,54500.0,Automatic,second,petrol
Maruti Suzuki,7,82631.0,Automatic,first,hybrid
Maruti Suzuki,7,29.0,Automatic,first,hybrid
Mahindra,8,64525.0,Manual,first,diesel
Hyundai,8,300000.0,Manual,first,petrol
Hyundai,6,43085.0,Manual,first,hybrid
Hyundai,7,79000.0,Manual,second,diesel
Datsun,7,60000.0,Automatic,first,hybrid
Hyundai,12,57765.0,Automatic,first,petrol
Tata,6,80000.0,Automatic,first,diesel
Maruti Suzuki,12,45000.0,Automatic,second,hybrid
Honda,9,38000.0,Manual,first,petrol
BMW,5,50000.0,Automatic,second,diesel
Maruti Suzuki,2,8000.0,Automatic,second,petrol
Hyundai,2,36380.0,Automatic,first,petrol
Honda,8,90500.0,Manual,second,diesel
Toyota,6,74000.0,Automatic,second,diesel
Mahindra,5,68000.0,Manual,first,diesel
Maruti Suzuki,2,40000.0,Automatic,first,hybrid/cng
BMW,3,14000.0,Automatic,first,petrol
Mercedes-Benz,6,60000.0,Automatic,second,diesel
BMW,6,24000.0,Automatic,first,petrol
Maruti Suzuki,2,170000.0,Automatic,first,hybrid/cng
Honda,8,90000.0,Automatic,second,petrol
Tata,14,100000.0,Automatic,second,diesel
Maruti Suzuki,11,78000.0,Manual,second,hybrid
Maruti Suzuki,8,78000.0,Manual,second,diesel
Hyundai,14,150000.0,Manual,second,hybrid
BMW,13,115000.0,Automatic,second,diesel
Jeep,6,40000.0,Automatic,second,petrol
Hyundai,11,89000.0,Manual,first,hybrid
Toyota,7,300000.0,Automatic,second,diesel
Audi,9,44000.0,Automatic,first,diesel
Honda,9,121000.0,Manual,second,diesel
Mercedes-Benz,8,95000.0,Automatic,first,diesel
Hyundai,9,32162.0,Manual,second,petrol
Hyundai,7,98000.0,Manual,first,hybrid
Honda,1,28756.0,Automatic,first,petrol
Renault,7,74800.0,Automatic,second,petrol
Audi,11,98000.0,Automatic,second,diesel
Maruti Suzuki,1,500.0,Manual,second,diesel
Mahindra,5,42000.0,Manual,second,diesel
Jaguar,8,22500.0,Automatic,first,petrol
Jeep,6,36000.0,Automatic,second,petrol
Maruti Suzuki,6,96000.0,Manual,second,petrol
Hyundai,10,90000.0,Manual,second,diesel
Maruti Suzuki,11,106000.0,Manual,second,hybrid
Hyundai,9,68500.0,Manual,first,diesel
Kia,1,14000.0,Automatic,first,diesel
Maruti Suzuki,3,45000.0,Manual,first,petrol
Maruti Suzuki,5,84000.0,Manual,second,hybrid/cng
Hyundai,1,83940.0,Manual,first,petrol
Volkswagen,9,83600.0,Automatic,second,petrol
Tata,9,132000.0,Manual,second,diesel
Maruti Suzuki,11,150000.0,Manual,second,petrol
Hyundai,10,71000.0,Manual,second,diesel
Toyota,6,53000.0,Automatic,second,diesel
Honda,1,11293.0,Automatic,first,petrol
Hyundai,7,37638.0,Manual,first,diesel
Tata,4,44118.0,Manual,first,petrol
Audi,8,45000.0,Automatic,first,diesel
Mahindra,5,55000.0,Automatic,second,diesel
Maruti Suzuki,7,88000.0,Manual,second,diesel
MG,0,15000.0,Automatic,first,petrol
Toyota,0,3500.0,Automatic,first,diesel
Mahindra,5,59000.0,Automatic,second,diesel
Hyundai,8,97400.0,Manual,second,petrol
Toyota,11,195000.0,Manual,second,diesel
Hyundai,7,98000.0,Automatic,first,diesel
Maruti Suzuki,7,25000.0,Automatic,second,hybrid/cng
Maruti Suzuki,6,300000.0,Automatic,first,petrol
Hyundai,2,68000.0,Manual,first,hybrid
Maruti Suzuki,6,46000.0,Automatic,first,petrol
Kia,1,12000.0,Manual,first,petrol
Maruti Suzuki,7,95000.0,Manual,second,petrol
Hyundai,10,85600.0,Automatic,first,hybrid
Toyota,2,27000.0,Automatic,first,diesel
Hyundai,7,41000.0,Automatic,first,hybrid
Hyundai,14,45000.0,Manual,second,petrol
Maruti Suzuki,5,30.0,Automatic,first,hybrid
Maruti Suzuki,9,71000.0,Manual,second,diesel
Maruti Suzuki,5,69000.0,Manual,first,hybrid
Maruti Suzuki,5,114300.0,Automatic,second,hybrid
Tata,7,89000.0,Automatic,second,diesel
Maruti Suzuki,13,120000.0,Manual,first,hybrid
Maruti Suzuki,5,38500.0,Manual,second,petrol
Maruti Suzuki,12,71000.0,Manual,first,hybrid
Toyota,10,168000.0,Automatic,first,diesel
Volkswagen,6,25000.0,Automatic,second,petrol
Mahindra,6,81000.0,Manual,second,diesel
Hyundai,13,40000.0,Automatic,second,petrol
Mercedes-Benz,8,56000.0,Automatic,second,diesel
Tata,6,65000.0,Automatic,second,diesel
Hyundai,7,67000.0,Automatic,second,hybrid
Mercedes-Benz,10,51447.0,Automatic,first,diesel
Mercedes-Benz,4,40000.0,Automatic,first,petrol
Honda,9,126000.0,Manual,second,diesel
Audi,8,99000.0,Automatic,second,diesel
Tata,1,27000.0,Manual,first,hybrid
Hyundai,11,65900.0,Manual,first,hybrid
Renault,7,49600.0,Manual,second,petrol
Hyundai,15,72000.0,Manual,second,hybrid
Mahindra,11,101000.0,Manual,second,diesel
Hyundai,1,19632.0,Automatic,first,petrol
Maruti Suzuki,2,65000.0,Automatic,first,petrol
Maruti Suzuki,8,25000.0,Manual,first,petrol
Kia,2,48000.0,Manual,second,diesel
Datsun,8,53000.0,Manual,second,hybrid/cng
Hyundai,14,72000.0,Manual,second,hybrid
Honda,9,95000.0,Automatic,first,hybrid/cng
Honda,12,90000.0,Manual,first,petrol
Fiat,12,123600.0,Manual,second,diesel
Renault,9,65000.0,Manual,first,petrol
Hyundai,8,82000.0,Manual,second,petrol
Maruti Suzuki,5,35000.0,Automatic,second,diesel
Mercedes-Benz,8,64998.0,Automatic,second,diesel
Toyota,12,200000.0,Manual,second,diesel
Maruti Suzuki,17,155000.0,Manual,second,petrol
Toyota,10,89000.0,Manual,first,diesel
Hyundai,4,50400.0,Manual,second,petrol
Maruti Suzuki,1,55000.0,Automatic,first,hybrid
Honda,16,50000.0,Automatic,first,hybrid/cng
Audi,9,75000.0,Automatic,second,diesel
Maruti Suzuki,8,59521.0,Manual,first,petrol
Skoda,9,82000.0,Automatic,second,diesel
Renault,2,39000.0,Automatic,first,diesel
MG,1,7600.0,Automatic,first,petrol
Maruti Suzuki,5,22513.0,Manual,first,petrol
MG,4,40000.0,Manual,second,diesel
Maruti Suzuki,5,45000.0,Manual,second,hybrid
Maruti Suzuki,8,158000.0,Manual,second,diesel
Maruti Suzuki,6,71000.0,Manual,second,diesel
Audi,10,50000.0,Automatic,second,diesel
Maruti Suzuki,4,65846.0,Manual,first,hybrid/cng
Maruti Suzuki,14,86000.0,Manual,first,petrol
Maruti Suzuki,2,33.0,Manual,first,hybrid/cng
Hyundai,13,20198.0,Manual,first,petrol
Ford,13,96000.0,Manual,second,diesel
Maruti Suzuki,15,78000.0,Manual,second,diesel
Hyundai,0,1500.0,Manual,first,petrol
Maruti Suzuki,13,72000.0,Manual,second,hybrid/cng
Toyota,7,100000.0,Automatic,second,petrol
Hyundai,4,29000.0,Manual,first,hybrid/cng
Toyota,5,55000.0,Automatic,second,diesel
Lexus,2,32000.0,Automatic,first,hybrid
Maruti Suzuki,11,61060.0,Manual,first,hybrid
Volvo,4,300000.0,Automatic,first,diesel
Toyota,3,43000.0,Automatic,first,diesel
Maruti Suzuki,2,66861.0,Manual,first,hybrid
Mercedes-Benz,7,69000.0,Automatic,first,diesel
Maruti Suzuki,8,45000.0,Manual,first,petrol
Mahindra,7,71000.0,Automatic,first,diesel
Honda,2,16000.0,Manual,first,petrol
Maruti Suzuki,1,44000.0,Manual,first,hybrid
Volkswagen,10,82000.0,Manual,second,petrol
Hyundai,9,53000.0,Automatic,first,hybrid/cng
Mercedes-Benz,3,160000.0,Automatic,first,petrol
Maruti Suzuki,8,82305.0,Manual,second,diesel
Hyundai,5,300000.0,Automatic,second,petrol
Toyota,7,90000.0,Automatic,first,petrol
Chevrolet,8,84231.0,Automatic,second,diesel
Nissan,13,69000.0,Automatic,second,petrol
Maruti Suzuki,14,86500.0,Manual,second,hybrid
Hyundai,8,64200.0,Automatic,first,diesel
Maruti Suzuki,7,85000.0,Automatic,first,petrol
Hyundai,5,96000.0,Automatic,second,petrol
Kia,2,220000.0,Automatic,first,petrol
Maruti Suzuki,5,27000.0,Automatic,first,petrol
Renault,8,83409.0,Automatic,second,diesel
Audi,11,125000.0,Automatic,second,diesel
Maruti Suzuki,4,42554.0,Manual,first,petrol
Datsun,4,54000.0,Manual,second,hybrid/cng
Maruti Suzuki,0,55500.0,Manual,first,hybrid
Tata,14,82000.0,Manual,first,diesel
Tata,4,58000.0,Automatic,first,hybrid
Volkswagen,3,43000.0,Automatic,second,petrol
Tata,0,40000.0,Manual,first,hybrid/cng
Hyundai,10,86123.0,Manual,second,diesel
Renault,5,48073.0,Automatic,second,petrol
Hyundai,4,100000.0,Manual,first,petrol
Hyundai,6,43000.0,Manual,second,petrol
Ford,9,82000.0,Automatic,second,petrol
BMW,8,100000.0,Automatic,first,diesel
Audi,7,73000.0,Automatic,second,diesel
Mahindra,3,78000.0,Automatic,first,diesel
Maruti Suzuki,11,82000.0,Manual,first,hybrid
Hyundai,11,100000.0,Manual,second,diesel
BMW,6,62000.0,Automatic,second,petrol
Hyundai,12,107000.0,Manual,first,hybrid
Hyundai,4,300000.0,Automatic,first,hybrid/cng
Maruti Suzuki,5,86000.0,Manual,first,hybrid/cng
Hyundai,0,2300.0,Automatic,first,petrol
Fiat,5,135000.0,Manual,second,diesel
Maruti Suzuki,14,74000.0,Manual,first,hybrid/cng
Mercedes-Benz,15,85000.0,Automatic,second,diesel
Toyota,5,59000.0,Automatic,first,petrol
Hyundai,18,50000.0,Manual,second,petrol
Maruti Suzuki,2,25000.0,Automatic,first,hybrid
Maruti Suzuki,13,68538.0,Manual,second,hybrid
Hyundai,15,63000.0,Automatic,second,petrol
BMW,7,33500.0,Automatic,second,diesel
Maruti Suzuki,5,63000.0,Manual,second,hybrid
Hyundai,12,85000.0,Automatic,second,hybrid
Maruti Suzuki,17,82038.0,Manual,second,petrol
Audi,7,65000.0,Automatic,first,diesel
Maruti Suzuki,13,33600.0,Manual,second,petrol
Maruti Suzuki,9,100000.0,Automatic,first,hybrid
Toyota,7,46868.0,Automatic,second,petrol
Mahindra,9,174000.0,Manual,second,diesel
Ford,8,69000.0,Manual,first,diesel
Maruti Suzuki,12,78000.0,Manual,second,petrol
Ford,7,99000.0,Manual,first,diesel
Mahindra,2,38500.0,Automatic,second,diesel
Ford,5,123000.0,Automatic,first,diesel
Maruti Suzuki,2,10000.0,Automatic,first,petrol
Maruti Suzuki,9,62535.0,Manual,second,hybrid
Tata,10,85000.0,Automatic,second,petrol
Toyota,3,36000.0,Automatic,first,diesel
Land Rover,0,9600.0,Automatic,first,diesel
Volkswagen,11,61000.0,Automatic,first,petrol
Maruti Suzuki,9,68000.0,Manual,second,hybrid/cng
Toyota,7,115000.0,Automatic,first,diesel
Mahindra,8,76000.0,Manual,first,diesel
Honda,7,110000.0,Manual,second,diesel
Maruti Suzuki,7,23111.0,Automatic,first,hybrid/cng
Maruti Suzuki,0,8000.0,Manual,first,petrol
Honda,12,85000.0,Automatic,second,hybrid
Hyundai,9,43000.0,Manual,second,petrol
Maruti Suzuki,0,1234.0,Automatic,first,hybrid
Hyundai,4,45000.0,Manual,first,petrol
Mercedes-Benz,3,14000.0,Automatic,first,diesel
Volkswagen,9,103000.0,Automatic,first,diesel
Honda,19,115000.0,Automatic,first,hybrid
Honda,12,96266.0,Manual,first,petrol
Maruti Suzuki,13,60000.0,Manual,second,hybrid
Toyota,7,112000.0,Automatic,second,diesel
Mahindra,3,300000.0,Automatic,first,diesel
Tata,10,24000.0,Manual,second,petrol
Mercedes-Benz,6,5800.0,Automatic,first,diesel
Maruti Suzuki,13,19000.0,Manual,first,petrol
Hyundai,12,96000.0,Automatic,first,hybrid/cng
Hyundai,15,86000.0,Manual,second,hybrid
Maruti Suzuki,4,28000.0,Automatic,first,hybrid/cng
Maruti Suzuki,6,300000.0,Automatic,second,petrol
Maruti Suzuki,14,112000.0,Manual,first,petrol
Maruti Suzuki,18,85000.0,Automatic,second,hybrid
Maruti Suzuki,5,94000.0,Manual,second,petrol
Hyundai,14,25.0,Automatic,second,hybrid/cng
Ford,9,80000.0,Automatic,second,hybrid
Hyundai,10,60142.0,Manual,second,petrol
Renault,6,70000.0,Manual,first,diesel
Volvo,6,226350.0,Automatic,first,diesel
Hyundai,4,67000.0,Automatic,first,petrol
Maruti Suzuki,14,77000.0,Manual,second,petrol
Maruti Suzuki,9,26.0,Automatic,second,hybrid
Renault,9,52000.0,Manual,first,diesel
Maruti Suzuki,7,53000.0,Automatic,first,hybrid/cng
Honda,10,87000.0,Manual,first,diesel
Land Rover,9,64000.0,Automatic,second,diesel
Mahindra,18,132884.0,Manual,second,diesel
Tata,7,52000.0,Automatic,second,petrol
Tata,9,16000.0,Automatic,first,petrol
Maruti Suzuki,3,92000.0,Manual,first,hybrid/cng
Skoda,12,140000.0,Manual,second,diesel
BMW,4,37000.0,Automatic,first,diesel
Hyundai,6,32000.0,Automatic,second,petrol
Honda,10,70000.0,Automatic,first,petrol
Maruti Suzuki,0,13000.0,Automatic,first,hybrid
Tata,8,84648.0,Manual,first,petrol
Maruti Suzuki,6,70000.0,Automatic,first,hybrid
Hyundai,17,51000.0,Manual,second,petrol
Hyundai,5,31000.0,Automatic,first,petrol
Renault,4,42000.0,Manual,second,petrol
Mercedes-Benz,5,58000.0,Automatic,first,diesel
Hyundai,1,15120.0,Automatic,first,petrol
Hyundai,7,46000.0,Automatic,first,petrol
Renault,5,44000.0,Automatic,second,hybrid
Tata,3,33000.0,Manual,first,petrol
Land Rover,13,73000.0,Automatic,second,diesel
Honda,11,69000.0,Manual,second,hybrid
Maruti Suzuki,13,55000.0,Manual,second,petrol
Hyundai,3,83228.0,Manual,second,petrol
Ford,7,79840.0,Manual,first,diesel
Toyota,10,177000.0,Manual,second,diesel
MG,3,61000.0,Automatic,first,petrol
Maruti Suzuki,9,125000.0,Automatic,second,hybrid/cng
Force,6,270000.0,Manual,second,diesel
Mahindra,12,100000.0,Manual,second,diesel
Honda,10,65000.0,Automatic,second,petrol
Mercedes-Benz,12,98000.0,Automatic,first,petrol
Hyundai,10,50000.0,Automatic,first,hybrid
Maruti Suzuki,9,60000.0,Manual,first,petrol
Renault,8,64000.0,Manual,second,diesel
MG,4,24500.0,Automatic,second,petrol
Maruti Suzuki,9,111000.0,Manual,second,hybrid/cng
Mahindra,1,15905.0,Automatic,first,diesel
Toyota,4,22000.0,Manual,second,diesel
Maruti Suzuki,3,81000.0,Manual,first,petrol
Maruti Suzuki,9,32.0,Automatic,second,hybrid
Maruti Suzuki,6,88000.0,Manual,first,hybrid
Ford,8,84000.0,Manual,second,diesel
Volkswagen,11,61000.0,Automatic,first,petrol
Maruti Suzuki,7,1930.0,Automatic,second,hybrid
Mercedes-Benz,4,38000.0,Automatic,second,diesel
Maruti Suzuki,17,100000.0,Manual,second,petrol
Maruti Suzuki,5,76000.0,Manual,first,hybrid/cng
Maruti Suzuki,8,80000.0,Manual,second,diesel
Jaguar,10,74000.0,Automatic,first,diesel
Honda,19,122000.0,Automatic,second,petrol
Toyota,9,89000.0,Manual,second,diesel
MG,3,32000.0,Automatic,second,petrol
Toyota,14,81000.0,Manual,second,hybrid
Maruti Suzuki,21,85000.0,Manual,second,hybrid/cng
Maruti Suzuki,19,60000.0,Automatic,second,hybrid
BMW,8,53000.0,Automatic,second,diesel
Kia,3,70000.0,Manual,first,diesel
Maruti Suzuki,8,65000.0,Manual,second,diesel
Maruti Suzuki,11,107968.0,Manual,second,hybrid/cng
Maruti Suzuki,9,59200.0,Manual,second,petrol
Maruti Suzuki,5,52000.0,Automatic,second,petrol
Mercedes-Benz,10,35000.0,Automatic,second,diesel
Volkswagen,6,86580.0,Manual,second,diesel
Maruti Suzuki,9,72000.0,Manual,first,hybrid/cng
Maruti Suzuki,1,32000.0,Manual,first,hybrid
Renault,4,52000.0,Automatic,first,hybrid/cng
Mercedes-Benz,6,63000.0,Automatic,second,diesel
Hyundai,8,68000.0,Automatic,second,diesel
Maruti Suzuki,6,101915.0,Manual,second,petrol
Tata,8,55000.0,Manual,first,hybrid
Volkswagen,3,35000.0,Automatic,second,petrol
Renault,8,80000.0,Manual,second,petrol
Nissan,6,300000.0,Manual,first,petrol
Volkswagen,11,300000.0,Manual,second,diesel
Maruti Suzuki,10,96000.0,Manual,second,petrol
Hyundai,8,56000.0,Manual,first,diesel
Maruti Suzuki,10,70000.0,Manual,first,hybrid/cng
Maruti Suzuki,8,89000.0,Automatic,first,hybrid
Toyota,7,137000.0,Automatic,second,diesel
Maruti Suzuki,4,45000.0,Automatic,second,hybrid/cng
Maruti Suzuki,10,79000.0,Manual,second,petrol
Toyota,9,160000.0,Automatic,second,diesel
Hyundai,16,89000.0,Manual,second,petrol
Maruti Suzuki,2,25000.0,Automatic,first,hybrid
Maruti Suzuki,6,38000.0,Automatic,second,petrol
Maruti Suzuki,7,35000.0,Automatic,first,hybrid/cng
Hyundai,3,53000.0,Automatic,first,hybrid
Maruti Suzuki,13,90000.0,Automatic,second,hybrid
Maruti Suzuki,5,47000.0,Manual,first,petrol
Honda,12,81859.0,Manual,second,petrol
Maruti Suzuki,11,78000.0,Manual,second,hybrid/cng
Maruti Suzuki,12,65000.0,Manual,second,petrol
Hyundai,12,98000.0,Manual,second,hybrid/cng
Ford,9,68530.0,Manual,second,diesel
Maruti Suzuki,13,68000.0,Manual,second,hybrid/cng
Ford,5,65000.0,Manual,second,diesel
Maruti Suzuki,7,76000.0,Automatic,second,petrol
Toyota,9,81000.0,Manual,first,diesel
Renault,7,62000.0,Automatic,first,petrol
Maruti Suzuki,8,61000.0,Manual,second,diesel
Hyundai,19,50000.0,Manual,second,petrol
Maruti Suzuki,2,26600.0,Manual,second,petrol
MG,3,23000.0,Automatic,first,petrol
Maruti Suzuki,8,120000.0,Manual,first,hybrid
Toyota,3,75000.0,Automatic,first,diesel
Maruti Suzuki,9,60000.0,Automatic,first,hybrid
Maruti Suzuki,10,34500.0,Manual,second,petrol
Maruti Suzuki,7,85000.0,Manual,second,hybrid
Honda,18,92000.0,Manual,second,petrol
Mahindra,8,300000.0,Manual,second,diesel
Renault,7,30877.0,Automatic,second,hybrid/cng
Maruti Suzuki,12,58500.0,Manual,second,hybrid/cng
Maruti Suzuki,5,35000.0,Automatic,first,hybrid
Tata,14,9167.0,Manual,first,petrol
Mahindra,12,76269.0,Manual,second,diesel
Maruti Suzuki,3,73000.0,Manual,first,hybrid/cng
Tata,2,44000.0,Automatic,first,diesel
Hyundai,5,75320.0,Manual,first,hybrid
Honda,7,81000.0,Automatic,second,petrol
Hyundai,12,88000.0,Automatic,first,hybrid
Mahindra,2,44000.0,Manual,first,diesel
Maruti Suzuki,13,300000.0,Manual,second,petrol
Hyundai,7,69870.0,Manual,second,petrol
Mahindra,8,78000.0,Automatic,second,diesel
Hyundai,4,45000.0,Automatic,second,diesel
Maruti Suzuki,13,78000.0,Manual,second,petrol
Maruti Suzuki,11,98000.0,Manual,second,hybrid
Volkswagen,3,19000.0,Automatic,second,petrol
Toyota,7,82000.0,Manual,second,petrol
Hyundai,2,71000.0,Manual,first,diesel
Ford,6,33650.0,Automatic,first,hybrid
Hyundai,11,51000.0,Manual,second,petrol
Toyota,1,12000.0,Automatic,first,hybrid/cng
Mercedes-Benz,8,31000.0,Automatic,first,diesel
BMW,2,500.0,Automatic,first,petrol
Hyundai,8,90000.0,Manual,first,hybrid
Toyota,8,100906.0,Automatic,first,petrol
Audi,9,92000.0,Automatic,second,diesel
Toyota,5,125000.0,Automatic,second,diesel
Toyota,7,70000.0,Automatic,second,diesel
Mercedes-Benz,8,50000.0,Automatic,second,petrol
Hyundai,15,50000.0,Manual,second,hybrid
Honda,8,36000.0,Automatic,second,petrol
Volkswagen,5,48000.0,Manual,first,petrol
Toyota,10,175000.0,Automatic,second,diesel
Mercedes-Benz,9,45000.0,Automatic,first,diesel
BMW,5,85000.0,Automatic,first,petrol
Maruti Suzuki,6,90000.0,Automatic,first,hybrid
Maruti Suzuki,9,115000.0,Manual,second,hybrid
Maruti Suzuki,4,70000.0,Manual,first,hybrid/cng
Volkswagen,3,30000.0,Automatic,first,petrol
Maruti Suzuki,1,150000.0,Automatic,first,petrol
Hyundai,5,21000.0,Manual,first,petrol
Honda,8,80000.0,Automatic,second,petrol
Renault,9,70000.0,Manual,first,diesel
Maruti Suzuki,8,42000.0,Manual,second,hybrid/cng
Honda,8,29000.0,Automatic,first,petrol
Maruti Suzuki,5,50000.0,Manual,first,hybrid
Hyundai,3,28987.0,Automatic,first,diesel
Honda,7,27000.0,Automatic,first,petrol
Maruti Suzuki,3,42000.0,Manual,first,hybrid/cng
Tata,3,18200.0,Automatic,first,petrol
Hyundai,10,56000.0,Manual,second,petrol
BMW,12,100000.0,Automatic,second,diesel
Chevrolet,13,57400.0,Manual,second,petrol
BMW,5,80000.0,Automatic,second,diesel
Mahindra,8,240000.0,Manual,second,diesel
Audi,9,85000.0,Automatic,second,diesel
Hyundai,8,44103.0,Automatic,second,petrol
Mini,5,25000.0,Automatic,second,petrol
Tata,13,285000.0,Automatic,second,diesel
Mahindra,5,43000.0,Manual,first,diesel
Maruti Suzuki,6,114000.0,Manual,second,hybrid/cng
Maruti Suzuki,6,90000.0,Manual,first,hybrid
Maruti Suzuki,9,300000.0,Manual,second,hybrid/cng
Maruti Suzuki,3,51600.0,Manual,first,petrol
Toyota,9,200000.0,Manual,second,diesel
Mahindra,0,2500.0,Automatic,first,petrol
Maruti Suzuki,10,77000.0,Manual,first,petrol
Chevrolet,11,82000.0,Manual,second,petrol
Maruti Suzuki,1,41000.0,Manual,first,hybrid/cng
Maruti Suzuki,9,40000.0,Automatic,second,hybrid/cng
Maruti Suzuki,5,71000.0,Manual,second,hybrid/cng
Honda,2,38000.0,Automatic,second,petrol
Maruti Suzuki,2,4.0,Automatic,first,hybrid
Honda,7,123000.0,Manual,first,hybrid
Maruti Suzuki,6,108000.0,Manual,second,diesel
Volkswagen,14,65000.0,Manual,second,hybrid/cng
Honda,5,50000.0,Manual,second,hybrid/cng
Maruti Suzuki,6,243000.0,Manual,second,hybrid
Volkswagen,10,92100.0,Automatic,first,petrol
Ford,5,40868.0,Automatic,first,hybrid/cng
Toyota,1,22000.0,Manual,first,hybrid
Maruti Suzuki,7,25000.0,Manual,second,petrol
Maruti Suzuki,2,16000.0,Manual,first,hybrid/cng
BMW,9,50000.0,Automatic,second,diesel
Hyundai,11,57000.0,Manual,second,petrol
Hyundai,7,30300.0,Manual,first,petrol
Hyundai,3,30294.0,Automatic,second,petrol
Mahindra,3,61105.0,Manual,second,diesel
Audi,13,100000.0,Automatic,first,diesel
Maruti Suzuki,6,62000.0,Manual,second,hybrid/cng
Maruti Suzuki,7,56700.0,Automatic,second,petrol
Maruti Suzuki,11,92000.0,Manual,first,diesel
Hyundai,12,62000.0,Manual,first,petrol
Tata,5,33000.0,Automatic,first,hybrid/cng
Maruti Suzuki,6,47500.0,Automatic,second,petrol
Maruti Suzuki,0,31000.0,Automatic,first,hybrid
Mercedes-Benz,15,60000.0,Automatic,second,petrol
Skoda,6,140000.0,Manual,second,diesel
Mini,5,55000.0,Automatic,second,diesel
Maruti Suzuki,7,69000.0,Automatic,second,petrol
Tata,4,33500.0,Automatic,first,hybrid/cng
Audi,6,69000.0,Automatic,second,diesel
Honda,13,89000.0,Automatic,second,hybrid
Toyota,7,34000.0,Manual,first,diesel
Maruti Suzuki,4,34000.0,Manual,second,petrol
Kia,5,47000.0,Manual,second,petrol
Mercedes-Benz,8,83000.0,Automatic,second,diesel
Maruti Suzuki,0,1300.0,Automatic,first,hybrid/cng
Maruti Suzuki,0,19000.0,Automatic,first,petrol
Maruti Suzuki,3,62000.0,Manual,second,hybrid/cng
Honda,9,115000.0,Manual,second,diesel
Maruti Suzuki,18,65789.0,Manual,first,petrol
Honda,6,52000.0,Automatic,first,petrol
Honda,7,80000.0,Manual,first,petrol
Honda,14,29000.0,Automatic,second,petrol
BMW,14,65000.0,Automatic,first,diesel
Hyundai,14,76000.0,Manual,second,hybrid/cng
Hyundai,7,63441.0,Automatic,first,petrol
BMW,11,75000.0,Automatic,second,diesel
Maruti Suzuki,14,100000.0,Manual,second,petrol
Maruti Suzuki,7,72000.0,Manual,second,petrol
Honda,5,78000.0,Automatic,second,hybrid/cng
Maruti Suzuki,6,37000.0,Automatic,second,petrol
Mercedes-Benz,8,20800.0,Automatic,second,petrol
Honda,8,100000.0,Automatic,first,petrol
Hyundai,9,47000.0,Manual,first,diesel
Kia,2,25000.0,Manual,second,diesel
Hyundai,1,38053.0,Manual,first,hybrid
Hyundai,7,39510.0,Automatic,second,petrol
Maruti Suzuki,10,70000.0,Manual,second,petrol
Tata,5,47000.0,Manual,first,petrol
Toyota,2,25000.0,Automatic,first,diesel
Volkswagen,2,46969.0,Automatic,first,petrol
Maruti Suzuki,5,28848.0,Manual,second,petrol
Nissan,11,111519.0,Manual,second,diesel
Hyundai,6,27000.0,Manual,second,petrol
Honda,9,69000.0,Automatic,first,hybrid
Renault,5,89000.0,Manual,first,petrol
Toyota,10,142000.0,Automatic,second,petrol
Hyundai,3,58000.0,Manual,second,petrol
Renault,9,58000.0,Manual,first,diesel
Hyundai,12,65606.0,Manual,second,hybrid/cng
Tata,15,23000.0,Manual,second,petrol
Hyundai,14,78000.0,Manual,second,petrol
Maruti Suzuki,8,44000.0,Manual,second,hybrid
Honda,8,68000.0,Manual,second,petrol
Mahindra,9,92000.0,Manual,second,diesel
Mahindra,7,80695.0,Automatic,second,diesel
Hyundai,6,75000.0,Manual,second,diesel
Hyundai,15,34500.0,Manual,second,petrol
Tata,3,33000.0,Manual,first,diesel
Kia,4,55090.0,Automatic,first,petrol
Honda,9,75000.0,Manual,second,hybrid
Skoda,3,34000.0,Manual,first,petrol
Renault,11,119000.0,Manual,second,diesel
Maruti Suzuki,14,140000.0,Automatic,second,hybrid
Toyota,11,169000.0,Automatic,first,diesel
Honda,14,140000.0,Manual,second,hybrid
Maruti Suzuki,8,48000.0,Manual,second,petrol
Hyundai,13,82467.0,Automatic,second,petrol
Toyota,12,70000.0,Manual,first,diesel
Volkswagen,7,55200.0,Automatic,first,petrol
Kia,2,23289.0,Manual,first,petrol
Maruti Suzuki,14,62411.0,Manual,second,hybrid
Renault,12,85000.0,Automatic,first,hybrid
Hyundai,4,69045.0,Automatic,first,petrol
Mercedes-Benz,4,50000.0,Automatic,second,petrol
Maruti Suzuki,7,75000.0,Manual,first,hybrid/cng
Hyundai,13,91703.0,Automatic,second,hybrid
Honda,8,60000.0,Manual,second,diesel
Maruti Suzuki,11,76000.0,Manual,second,diesel
Renault,7,300000.0,Manual,second,diesel
Toyota,1,12000.0,Automatic,first,hybrid
Renault,2,4000.0,Automatic,first,petrol
Maruti Suzuki,13,96369.0,Manual,second,hybrid/cng
Maruti Suzuki,7,79000.0,Manual,first,petrol
Hyundai,10,78000.0,Automatic,second,petrol
Maruti Suzuki,2,54252.0,Automatic,first,petrol
Ford,7,130000.0,Automatic,first,hybrid
Maruti Suzuki,3,300000.0,Manual,first,hybrid/cng
Honda,6,88435.0,Automatic,first,petrol
MG,4,29000.0,Automatic,first,petrol
Toyota,7,300000.0,Automatic,second,diesel
Maruti Suzuki,10,100000.0,Automatic,first,hybrid/cng
Toyota,4,40000.0,Automatic,first,diesel
Kia,2,39000.0,Automatic,first,diesel
Mahindra,9,100000.0,Automatic,second,diesel
Maruti Suzuki,6,42000.0,Automatic,second,hybrid
Maruti Suzuki,6,31000.0,Manual,first,petrol
Porsche,8,80400.0,Automatic,second,diesel
Toyota,6,110000.0,Automatic,second,diesel
Hyundai,3,40000.0,Manual,first,petrol
Maruti Suzuki,11,72000.0,Manual,second,hybrid/cng
Maruti Suzuki,7,48125.0,Manual,first,petrol
Maruti Suzuki,2,45000.0,Automatic,first,hybrid
Hyundai,3,68500.0,Manual,first,diesel
Maruti Suzuki,9,54000.0,Manual,second,petrol
Maruti Suzuki,2,70000.0,Manual,first,hybrid
Hyundai,10,48000.0,Manual,second,hybrid
Volkswagen,5,127000.0,Automatic,second,diesel
Toyota,4,68000.0,Automatic,first,diesel
Hyundai,5,54252.0,Automatic,first,petrol
Skoda,0,13000.0,Automatic,first,petrol
Hyundai,3,23451.0,Manual,second,diesel
Maruti Suzuki,7,63000.0,Automatic,second,hybrid
Maruti Suzuki,9,67266.0,Manual,second,hybrid
Maruti Suzuki,7,97000.0,Automatic,second,hybrid
Maruti Suzuki,7,59000.0,Manual,second,hybrid/cng
Maruti Suzuki,6,54553.0,Manual,second,petrol
MG,4,65000.0,Manual,second,petrol
Maruti Suzuki,13,70895.0,Automatic,second,hybrid
Maruti Suzuki,17,202000.0,Manual,second,petrol
BMW,9,69000.0,Automatic,second,diesel
Hyundai,2,24000.0,Automatic,first,diesel
Maruti Suzuki,5,47110.0,Manual,second,petrol
Maruti Suzuki,5,300000.0,Manual,first,petrol
Audi,10,57000.0,Automatic,first,diesel
Maruti Suzuki,10,73000.0,Manual,first,hybrid
Maruti Suzuki,18,89000.0,Manual,second,petrol
Audi,10,99000.0,Automatic,first,diesel
Honda,9,102000.0,Automatic,first,hybrid/cng
Maruti Suzuki,8,94000.0,Automatic,second,hybrid
Hyundai,14,77000.0,Manual,second,hybrid/cng
Chevrolet,11,75000.0,Automatic,second,diesel
Hyundai,8,59000.0,Automatic,second,petrol
Hyundai,8,95000.0,Manual,second,diesel
BMW,4,45000.0,Automatic,first,petrol
Volvo,6,300000.0,Automatic,first,diesel
Audi,8,75000.0,Automatic,second,diesel
Toyota,11,180000.0,Manual,second,diesel
Lexus,13,45000.0,Automatic,second,petrol
Maruti Suzuki,1,8500.0,Automatic,first,petrol
Mercedes-Benz,10,300000.0,Automatic,second,diesel
Mahindra,3,45000.0,Automatic,first,diesel
Mahindra,16,120000.0,Automatic,second,hybrid
Maruti Suzuki,8,16491.0,Automatic,first,petrol
Maruti Suzuki,5,48055.0,Manual,first,petrol
Volkswagen,7,66000.0,Automatic,first,diesel
Maruti Suzuki,4,85000.0,Manual,first,petrol
Maruti Suzuki,12,73523.0,Automatic,second,hybrid/cng
Maruti Suzuki,5,82000.0,Automatic,first,petrol
Renault,10,77000.0,Manual,second,diesel
Hyundai,6,88250.0,Manual,first,diesel
Hyundai,1,46000.0,Manual,first,petrol
Maruti Suzuki,1,35000.0,Automatic,second,hybrid/cng
Maruti Suzuki,10,65000.0,Automatic,second,hybrid/cng
Tata,6,54750.0,Automatic,first,hybrid
Datsun,6,9700.0,Manual,first,petrol
Maruti Suzuki,2,15000.0,Automatic,first,petrol
Mercedes-Benz,14,81000.0,Automatic,first,diesel
Maruti Suzuki,3,51000.0,Manual,first,hybrid
Maruti Suzuki,5,95000.0,Automatic,first,hybrid
Toyota,2,15000.0,Manual,first,diesel
Land Rover,11,113400.0,Automatic,second,diesel
Toyota,10,225000.0,Manual,second,diesel
BMW,2,20000.0,Automatic,first,petrol
Toyota,10,110000.0,Automatic,first,hybrid/cng
Maruti Suzuki,7,80000.0,Manual,first,hybrid/cng
Toyota,7,108476.0,Automatic,first,diesel
Mercedes-Benz,8,130000.0,Automatic,first,diesel
Honda,13,77000.0,Automatic,second,petrol
BMW,11,85000.0,Automatic,second,diesel
Land Rover,9,65000.0,Automatic,first,diesel
Maruti Suzuki,14,36836.0,Automatic,first,petrol
Honda,10,68569.0,Automatic,first,petrol
Ford,11,45200.0,Manual,second,petrol
Maruti Suzuki,7,81000.0,Automatic,second,diesel
Renault,8,119000.0,Manual,first,diesel
Hyundai,6,300000.0,Manual,first,petrol
Chevrolet,14,69000.0,Manual,first,petrol
Maruti Suzuki,3,52428.0,Manual,first,hybrid
Maruti Suzuki,12,125000.0,Automatic,second,hybrid
Hyundai,7,84258.0,Manual,second,diesel
Maruti Suzuki,2,8500.0,Manual,first,petrol
Maruti Suzuki,12,156300.0,Manual,second,petrol
Maruti Suzuki,7,62000.0,Automatic,second,hybrid
BMW,8,45000.0,Automatic,second,diesel
Honda,15,90000.0,Automatic,second,hybrid
Hyundai,7,120000.0,Automatic,second,diesel
Maruti Suzuki,14,99000.0,Manual,second,diesel
Maruti Suzuki,4,105000.0,Manual,second,petrol
Hyundai,8,44000.0,Automatic,first,petrol
Maruti Suzuki,4,37800.0,Manual,first,petrol
Mahindra,11,99000.0,Manual,second,diesel
Mercedes-Benz,8,93000.0,Automatic,second,diesel
Mercedes-Benz,7,68000.0,Automatic,second,diesel
Maruti Suzuki,16,82000.0,Automatic,second,petrol
Maruti Suzuki,3,28000.0,Manual,first,hybrid/cng
Maruti Suzuki,4,114000.0,Manual,second,hybrid/cng
Maruti Suzuki,7,34000.0,Manual,second,hybrid
Hyundai,7,63000.0,Automatic,first,hybrid/cng
BMW,7,100000.0,Automatic,second,diesel
Hyundai,4,33145.0,Manual,first,petrol
Honda,7,55000.0,Automatic,second,petrol
Toyota,10,78000.0,Automatic,second,hybrid
Honda,8,88000.0,Automatic,second,petrol
Maruti Suzuki,8,200000.0,Automatic,first,hybrid
Mercedes-Benz,9,49900.0,Automatic,second,petrol
Maruti Suzuki,3,55000.0,Manual,first,hybrid
Hyundai,4,20000.0,Manual,second,petrol
Maruti Suzuki,13,60500.0,Manual,second,diesel
Ford,12,129000.0,Manual,second,diesel
BMW,7,60000.0,Automatic,second,diesel
Hyundai,9,82000.0,Manual,second,diesel
Maruti Suzuki,2,32000.0,Automatic,second,petrol
Maruti Suzuki,11,90000.0,Manual,first,petrol
Maruti Suzuki,12,72700.0,Manual,second,petrol
Chevrolet,14,112329.0,Manual,second,hybrid/cng
Maruti Suzuki,8,93000.0,Manual,first,diesel
MG,3,29000.0,Automatic,second,petrol
Nissan,12,130000.0,Manual,second,diesel
Mahindra,3,300000.0,Manual,first,petrol
Audi,9,59000.0,Automatic,first,diesel
Maruti Suzuki,5,29770.0,Automatic,second,petrol
Hyundai,17,102820.0,Manual,second,petrol
Porsche,7,49650.0,Automatic,second,petrol
Hyundai,13,46000.0,Manual,second,petrol
Hyundai,5,80000.0,Manual,first,hybrid
Maruti Suzuki,5,300000.0,Manual,first,hybrid/cng
Toyota,8,87500.0,Automatic,second,diesel
BMW,12,35000.0,Automatic,second,diesel
Maruti Suzuki,4,70000.0,Manual,second,hybrid
Hyundai,5,62000.0,Manual,first,hybrid
Maruti Suzuki,7,46000.0,Manual,first,petrol
Maruti Suzuki,2,65300.0,Automatic,first,hybrid
MG,5,23000.0,Automatic,first,petrol
Hyundai,4,25000.0,Automatic,first,petrol
Maruti Suzuki,14,86000.0,Manual,second,diesel
Maruti Suzuki,2,300000.0,Manual,first,hybrid
Maruti Suzuki,1,48000.0,Automatic,first,hybrid
Toyota,15,75000.0,Automatic,second,hybrid/cng
Maruti Suzuki,9,90000.0,Manual,second,hybrid/cng
Hyundai,4,55000.0,Automatic,second,petrol
Tata,5,72000.0,Manual,first,petrol
Maruti Suzuki,14,88000.0,Manual,second,petrol
Hyundai,3,28000.0,Automatic,first,petrol
Maruti Suzuki,4,52000.0,Manual,first,hybrid/cng
Mercedes-Benz,9,91540.0,Automatic,first,diesel
Audi,8,120000.0,Automatic,second,diesel
Maruti Suzuki,5,110000.0,Manual,first,hybrid
Maruti Suzuki,4,40000.0,Automatic,first,petrol
Hyundai,2,73000.0,Manual,first,petrol
Mini,5,31900.0,Automatic,second,petrol
Maruti Suzuki,3,14607.0,Automatic,first,petrol
Honda,4,68000.0,Automatic,first,petrol
Hyundai,9,59000.0,Automatic,second,hybrid/cng
Maruti Suzuki,9,91500.0,Manual,first,petrol
Maruti Suzuki,1,1800.0,Automatic,first,petrol
Tata,2,21000.0,Manual,first,diesel
Maruti Suzuki,4,155000.0,Manual,second,diesel
Maruti Suzuki,6,68000.0,Manual,first,hybrid
Maruti Suzuki,9,18000.0,Automatic,second,petrol
MG,3,20530.0,Automatic,first,petrol
Mahindra,3,51000.0,Automatic,second,diesel
Maruti Suzuki,14,98000.0,Manual,second,hybrid
Hyundai,6,80000.0,Automatic,first,hybrid
Maruti Suzuki,7,58680.0,Manual,second,hybrid/cng
BMW,8,97000.0,Automatic,first,diesel
Maruti Suzuki,8,62000.0,Automatic,second,petrol
Toyota,7,183000.0,Automatic,second,diesel
Honda,9,58000.0,Automatic,first,petrol
Honda,7,44000.0,Manual,first,petrol
Mercedes-Benz,6,78900.0,Automatic,first,diesel
Hyundai,8,42000.0,Manual,first,hybrid
Mitsubishi,7,125000.0,Automatic,second,diesel
Maruti Suzuki,0,36.0,Automatic,first,hybrid/cng
Maruti Suzuki,6,66000.0,Automatic,second,hybrid
Maruti Suzuki,14,50000.0,Automatic,second,hybrid
Maruti Suzuki,7,125000.0,Manual,first,hybrid
Hyundai,10,79000.0,Automatic,second,petrol
Maruti Suzuki,9,39000.0,Manual,first,petrol
Maruti Suzuki,10,56000.0,Manual,second,petrol
Maruti Suzuki,11,62000.0,Manual,second,hybrid
Hyundai,5,51000.0,Manual,first,petrol
Renault,6,55000.0,Manual,second,petrol
Ford,10,66000.0,Manual,second,petrol
Maruti Suzuki,7,57500.0,Automatic,first,hybrid/cng
Toyota,10,127000.0,Manual,second,diesel
Hyundai,8,65000.0,Manual,second,petrol
Tata,6,53840.0,Manual,first,petrol
Skoda,8,40000.0,Manual,first,petrol
Tata,6,300000.0,Automatic,second,petrol
Maruti Suzuki,7,50000.0,Manual,first,petrol
Hyundai,8,87000.0,Automatic,second,hybrid
Hyundai,5,66651.0,Automatic,second,diesel
Audi,8,37909.0,Automatic,second,petrol
Toyota,1,14500.0,Automatic,second,hybrid
Tata,9,30000.0,Manual,second,petrol
Chevrolet,8,100000.0,Manual,second,diesel
Skoda,7,39000.0,Automatic,second,petrol
Toyota,8,150000.0,Manual,second,diesel
Tata,4,69000.0,Manual,first,hybrid/cng
Hyundai,6,32000.0,Automatic,first,petrol
Maruti Suzuki,8,63200.0,Automatic,second,petrol
Maruti Suzuki,7,34000.0,Automatic,first,petrol
Maruti Suzuki,8,44000.0,Automatic,second,petrol
Maruti Suzuki,8,65000.0,Manual,first,diesel
Maruti Suzuki,8,60837.0,Manual,first,petrol
Tata,8,140990.0,Automatic,second,diesel
Honda,3,52689.0,Automatic,first,petrol
Skoda,7,125300.0,Automatic,first,diesel
Mercedes-Benz,5,30000.0,Automatic,first,petrol
Maruti Suzuki,12,85000.0,Manual,second,hybrid/cng
Mercedes-Benz,4,190000.0,Automatic,first,diesel
Jeep,6,300000.0,Manual,first,diesel
Maruti Suzuki,3,13000.0,Automatic,first,petrol
Honda,15,83000.0,Manual,second,petrol
Maruti Suzuki,4,40000.0,Manual,first,petrol
Skoda,9,52000.0,Automatic,second,petrol
Maruti Suzuki,4,33000.0,Manual,second,hybrid
Toyota,10,250000.0,Manual,second,diesel
Maruti Suzuki,4,64000.0,Manual,first,diesel
Renault,7,65563.0,Automatic,second,petrol
Hyundai,14,140000.0,Manual,second,petrol
Mercedes-Benz,9,300000.0,Automatic,first,diesel
Toyota,9,105000.0,Manual,second,diesel
Tata,5,39000.0,Manual,first,diesel
Land Rover,6,86008.0,Automatic,first,diesel
Chevrolet,11,21000.0,Manual,first,petrol
Maruti Suzuki,4,68000.0,Manual,second,petrol
Honda,14,93000.0,Automatic,first,hybrid
Maruti Suzuki,5,48000.0,Automatic,second,petrol
Maruti Suzuki,7,129000.0,Manual,first,diesel
Maruti Suzuki,7,65000.0,Manual,second,petrol
Hyundai,7,99000.0,Automatic,first,petrol
BMW,10,72000.0,Automatic,second,diesel
Volvo,10,116000.0,Automatic,second,diesel
Tata,9,148000.0,Manual,second,diesel
Renault,6,83000.0,Automatic,second,diesel
Ssangyong,11,65000.0,Automatic,first,diesel
Maruti Suzuki,5,64000.0,Automatic,second,hybrid/cng
Mahindra,8,95000.0,Manual,first,diesel
Maruti Suzuki,7,130000.0,Automatic,first,hybrid
Toyota,5,300000.0,Automatic,first,diesel
Hyundai,7,63000.0,Manual,second,petrol
Maruti Suzuki,9,58000.0,Automatic,first,hybrid
Ford,7,57000.0,Manual,first,diesel
Honda,7,78000.0,Automatic,second,petrol
Kia,4,20200.0,Automatic,first,petrol
Hyundai,4,48000.0,Manual,first,hybrid
Toyota,12,175000.0,Manual,second,diesel
Skoda,7,55000.0,Automatic,second,hybrid/cng
Toyota,14,150000.0,Manual,first,petrol
Maruti Suzuki,6,85269.0,Manual,second,hybrid
Hyundai,12,55000.0,Manual,second,hybrid/cng
Maruti Suzuki,2,52000.0,Manual,second,hybrid
Volkswagen,8,90000.0,Automatic,first,diesel
Mercedes-Benz,12,76000.0,Automatic,first,petrol
Mercedes-Benz,8,58400.0,Automatic,second,diesel
Honda,8,101000.0,Automatic,second,hybrid
Hyundai,10,87000.0,Manual,second,hybrid/cng
Hyundai,10,80000.0,Automatic,second,petrol
Maruti Suzuki,7,62000.0,Manual,first,diesel
Tata,2,35000.0,Automatic,first,petrol
Maruti Suzuki,6,50000.0,Automatic,first,hybrid/cng
Kia,3,16.0,Manual,first,petrol
Kia,4,60000.0,Automatic,first,petrol
Mahindra,3,65000.0,Automatic,second,diesel
Jeep,2,18000.0,Automatic,first,petrol
Maruti Suzuki,7,75000.0,Manual,second,diesel
Land Rover,5,36864.0,Automatic,first,petrol
Maruti Suzuki,8,300000.0,Manual,second,petrol
Hyundai,2,64000.0,Manual,first,hybrid/cng
Mercedes-Benz,7,106000.0,Automatic,second,diesel
Maruti Suzuki,5,133000.0,Automatic,first,hybrid
Maruti Suzuki,1,21209.0,Manual,first,petrol
Volvo,6,54000.0,Automatic,first,diesel
Toyota,2,6100.0,Manual,first,diesel
Renault,9,48000.0,Manual,second,diesel
Maruti Suzuki,5,78000.0,Automatic,first,petrol
Chevrolet,7,44500.0,Manual,first,petrol
Hyundai,10,80000.0,Automatic,second,petrol
Toyota,9,57000.0,Manual,first,petrol
Renault,7,58097.0,Manual,first,petrol
Honda,15,77000.0,Automatic,second,hybrid
Honda,10,71000.0,Manual,second,petrol
Maruti Suzuki,6,68650.0,Automatic,first,hybrid
Maruti Suzuki,5,58900.0,Automatic,first,petrol
Renault,9,94000.0,Manual,second,diesel
Maruti Suzuki,6,22000.0,Automatic,second,petrol
Honda,9,100000.0,Automatic,second,hybrid
Kia,4,50693.0,Automatic,first,petrol
Mercedes-Benz,12,129000.0,Automatic,first,diesel
Hyundai,1,12000.0,Automatic,first,petrol
Honda,14,64000.0,Manual,second,hybrid
Maruti Suzuki,5,40000.0,Automatic,first,petrol
Maruti Suzuki,4,181000.0,Manual,second,hybrid/cng
Mercedes-Benz,3,32000.0,Automatic,second,petrol
Tata,3,49900.0,Automatic,second,diesel
Maruti Suzuki,7,57000.0,Automatic,second,petrol
Maruti Suzuki,8,100000.0,Manual,second,diesel
Maruti Suzuki,6,60000.0,Manual,first,hybrid/cng
Hyundai,9,48000.0,Automatic,first,petrol
Hyundai,6,73000.0,Automatic,first,petrol
Maruti Suzuki,6,38000.0,Manual,second,petrol
Volvo,1,9700.0,Automatic,first,petrol
Honda,6,85000.0,Automatic,first,hybrid/cng
Maruti Suzuki,5,47000.0,Manual,first,diesel
BMW,2,43000.0,Automatic,first,petrol
Mercedes-Benz,3,6000.0,Automatic,first,diesel
Honda,17,61000.0,Automatic,second,hybrid
Hyundai,7,48000.0,Manual,first,hybrid/cng
Maruti Suzuki,9,78000.0,Manual,first,hybrid
Ford,8,44000.0,Automatic,second,petrol
Maruti Suzuki,7,50000.0,Manual,first,diesel
Maruti Suzuki,6,45000.0,Manual,second,petrol
Hyundai,13,62000.0,Automatic,first,petrol
Maruti Suzuki,4,30000.0,Manual,first,petrol
Maruti Suzuki,2,34000.0,Manual,second,hybrid
Renault,3,12300.0,Manual,second,petrol
Hyundai,13,78000.0,Manual,second,hybrid
Audi,9,145248.0,Automatic,second,diesel
Hyundai,13,300000.0,Manual,second,hybrid
Maruti Suzuki,10,157920.0,Manual,second,diesel
Honda,17,94000.0,Automatic,second,petrol
Honda,3,3900.0,Manual,second,petrol
Mahindra,7,55000.0,Manual,second,hybrid
Toyota,10,50999.0,Manual,second,diesel
Maruti Suzuki,13,77211.0,Manual,second,petrol
Hyundai,10,62500.0,Manual,second,petrol
Hyundai,8,52000.0,Manual,second,hybrid
Maruti Suzuki,5,21000.0,Manual,first,petrol
Hyundai,6,76500.0,Manual,first,diesel
Honda,7,81000.0,Automatic,second,petrol
Maruti Suzuki,6,86000.0,Manual,first,petrol
Honda,6,84000.0,Automatic,first,petrol
Skoda,10,105904.0,Automatic,second,diesel
Maruti Suzuki,8,87880.0,Automatic,first,diesel
Maruti Suzuki,5,34000.0,Manual,first,hybrid
Honda,19,11800.0,Automatic,first,hybrid
Mercedes-Benz,12,74000.0,Automatic,second,diesel
Tata,5,55000.0,Manual,second,hybrid/cng
Toyota,8,161000.0,Automatic,second,diesel
BMW,5,50000.0,Automatic,second,diesel
Maruti Suzuki,10,58000.0,Manual,first,hybrid/cng
Maruti Suzuki,3,25000.0,Manual,first,petrol
Maruti Suzuki,9,62000.0,Manual,second,hybrid
Volkswagen,12,104236.0,Manual,first,diesel
BMW,12,50000.0,Automatic,second,diesel
Hyundai,6,300000.0,Manual,first,petrol
Maruti Suzuki,6,85000.0,Automatic,first,hybrid/cng
Honda,10,90000.0,Manual,first,diesel
Mahindra,6,140000.0,Manual,first,diesel
Maruti Suzuki,5,42000.0,Automatic,first,hybrid/cng
Volkswagen,12,95000.0,Manual,second,diesel
Maruti Suzuki,12,58000.0,Automatic,first,hybrid/cng
Maruti Suzuki,0,35.0,Manual,first,hybrid/cng
Toyota,5,69000.0,Automatic,first,diesel
Hyundai,4,37000.0,Manual,first,petrol
Toyota,4,36000.0,Automatic,first,hybrid/cng
Maruti Suzuki,4,20000.0,Manual,first,petrol
Datsun,5,15698.0,Automatic,second,petrol
Toyota,12,230000.0,Automatic,first,diesel
Maruti Suzuki,12,70000.0,Manual,second,petrol
Volkswagen,8,118000.0,Manual,first,petrol
Maruti Suzuki,8,62000.0,Automatic,second,petrol
Maruti Suzuki,2,12000.0,Automatic,first,hybrid
Mercedes-Benz,12,76294.0,Automatic,first,petrol
Mercedes-Benz,9,300000.0,Automatic,second,diesel
Maruti Suzuki,11,95000.0,Manual,first,hybrid
Maruti Suzuki,6,49191.0,Manual,second,diesel
Toyota,9,111000.0,Manual,second,diesel
Honda,10,58000.0,Automatic,first,hybrid/cng
Toyota,0,3600.0,Automatic,first,hybrid/cng
Hyundai,10,80000.0,Manual,first,diesel
Maruti Suzuki,9,72000.0,Automatic,second,petrol
Tata,11,100000.0,Manual,second,diesel
Kia,1,43000.0,Manual,first,diesel
Maruti Suzuki,10,71000.0,Automatic,first,hybrid
Audi,9,42000.0,Automatic,second,diesel
Chevrolet,10,35000.0,Automatic,second,diesel
Honda,19,60000.0,Manual,second,petrol
Mahindra,11,60000.0,Manual,second,diesel
Mahindra,2,6789.0,Automatic,first,diesel
Hyundai,14,97000.0,Manual,first,hybrid
Hyundai,6,23000.0,Automatic,first,petrol
Hyundai,12,1.0,Manual,second,diesel
Maruti Suzuki,0,15000.0,Automatic,first,hybrid
Mercedes-Benz,8,96000.0,Automatic,first,diesel
Mahindra,8,50000.0,Manual,first,hybrid
Skoda,11,75000.0,Automatic,first,hybrid/cng
Maruti Suzuki,9,42045.0,Automatic,first,hybrid/cng
Hyundai,11,64205.0,Automatic,second,hybrid
Ford,8,95000.0,Manual,first,diesel
Hyundai,11,67000.0,Automatic,first,petrol
Hyundai,8,91000.0,Manual,second,diesel
MG,2,11001.0,Automatic,first,petrol
Maruti Suzuki,9,64000.0,Manual,first,hybrid/cng
BMW,2,2000.0,Automatic,first,petrol
Volkswagen,7,56300.0,Manual,second,petrol
Toyota,7,71000.0,Automatic,second,diesel
Toyota,1,10000.0,Automatic,first,petrol
Maruti Suzuki,6,93000.0,Manual,first,hybrid/cng
Maruti Suzuki,7,68000.0,Manual,first,hybrid
Hyundai,9,82000.0,Manual,second,hybrid
Maruti Suzuki,5,86000.0,Automatic,first,hybrid
Hyundai,5,57000.0,Manual,first,petrol
Honda,12,68000.0,Manual,first,petrol
BMW,10,70000.0,Automatic,second,diesel
Maruti Suzuki,6,61000.0,Automatic,second,hybrid
Mercedes-Benz,4,60000.0,Automatic,first,diesel
Volkswagen,3,18000.0,Automatic,first,petrol
Hyundai,7,130000.0,Automatic,second,diesel
Toyota,6,33000.0,Automatic,first,hybrid
Hyundai,12,83000.0,Manual,second,petrol
BMW,12,86000.0,Automatic,second,diesel
Hyundai,11,75000.0,Automatic,second,hybrid/cng
Honda,3,20000.0,Automatic,second,petrol
Ford,7,78000.0,Automatic,first,diesel
Hyundai,5,36100.0,Manual,second,hybrid
Hyundai,11,65000.0,Manual,second,petrol
Volkswagen,14,77246.0,Manual,first,diesel
Maruti Suzuki,14,89000.0,Manual,second,petrol
Mercedes-Benz,4,24000.0,Automatic,second,diesel
Maruti Suzuki,10,34260.0,Manual,second,diesel
Toyota,9,175000.0,Automatic,second,diesel
Maruti Suzuki,19,7.0,Manual,second,petrol
Maruti Suzuki,6,42000.0,Manual,second,hybrid
Maruti Suzuki,11,94000.0,Manual,second,hybrid
Hyundai,3,50000.0,Manual,first,diesel
Mahindra,1,11000.0,Automatic,second,hybrid
Maruti Suzuki,10,130000.0,Manual,second,petrol
Maruti Suzuki,8,64000.0,Automatic,first,petrol
Honda,10,76000.0,Manual,second,diesel
Maruti Suzuki,0,5500.0,Automatic,first,hybrid/cng
Maruti Suzuki,2,300000.0,Automatic,first,petrol
BMW,11,57000.0,Automatic,first,diesel
Mercedes-Benz,9,105000.0,Automatic,second,petrol
Hyundai,1,35000.0,Automatic,first,diesel
Audi,8,63000.0,Automatic,first,diesel
Hyundai,8,106000.0,Automatic,second,diesel
Audi,8,118000.0,Automatic,first,diesel
Toyota,1,25000.0,Automatic,first,hybrid/cng
Maruti Suzuki,20,65238.0,Manual,first,petrol
Tata,12,150000.0,Manual,first,diesel
Maruti Suzuki,8,73000.0,Manual,second,diesel
Maruti Suzuki,8,70000.0,Manual,first,hybrid
Hyundai,13,102500.0,Manual,second,diesel
Honda,7,300000.0,Manual,second,petrol
Hyundai,13,105000.0,Manual,second,petrol
Honda,8,86000.0,Manual,second,hybrid/cng
Toyota,6,86000.0,Automatic,first,diesel
Volkswagen,5,68000.0,Manual,first,petrol
Mercedes-Benz,8,78000.0,Automatic,first,diesel
Maruti Suzuki,3,90000.0,Automatic,first,hybrid
Maruti Suzuki,10,38000.0,Manual,first,petrol
Mahindra,2,69120.0,Manual,first,diesel
Maruti Suzuki,9,49000.0,Automatic,first,petrol
Maruti Suzuki,1,50000.0,Automatic,first,hybrid
Maruti Suzuki,13,200900.0,Manual,first,petrol
Toyota,6,78000.0,Automatic,second,diesel
Mercedes-Benz,10,115000.0,Automatic,first,diesel
Mercedes-Benz,2,28000.0,Automatic,first,petrol
Volkswagen,8,65000.0,Automatic,second,petrol
Maruti Suzuki,12,95000.0,Automatic,second,hybrid
Toyota,9,95000.0,Automatic,second,hybrid
Tata,6,85000.0,Automatic,second,diesel
Hyundai,4,86000.0,Automatic,first,diesel
Hyundai,4,75000.0,Automatic,second,diesel
Porsche,3,19000.0,Automatic,second,petrol
Mahindra,9,75000.0,Manual,first,diesel
Maruti Suzuki,9,90590.0,Manual,first,petrol
Mitsubishi,10,89000.0,Manual,second,diesel
Renault,6,300000.0,Manual,first,diesel
Honda,7,73000.0,Automatic,first,petrol
Maruti Suzuki,8,86000.0,Manual,first,hybrid/cng
Land Rover,12,145000.0,Automatic,second,diesel
Maruti Suzuki,6,65000.0,Manual,first,diesel
Maruti Suzuki,7,62800.0,Manual,second,hybrid
Honda,9,55000.0,Automatic,first,hybrid
Tata,4,90000.0,Manual,first,petrol
Toyota,13,160000.0,Manual,second,petrol
Kia,3,300000.0,Automatic,first,hybrid/cng
BMW,7,300000.0,Automatic,second,diesel
Maruti Suzuki,3,110000.0,Manual,first,hybrid/cng
BMW,8,78000.0,Automatic,second,diesel
Tata,2,5000.0,Automatic,first,petrol
Honda,16,119000.0,Automatic,second,hybrid/cng
Hyundai,6,87000.0,Manual,second,diesel
Hyundai,7,82000.0,Automatic,first,hybrid/cng
Maruti Suzuki,13,60000.0,Automatic,second,diesel
Maruti Suzuki,7,300000.0,Automatic,first,hybrid
Volkswagen,4,35000.0,Automatic,first,petrol
Hyundai,6,63000.0,Manual,first,petrol
Honda,8,37000.0,Automatic,first,petrol
Renault,4,18047.0,Automatic,second,petrol
Maruti Suzuki,6,117000.0,Automatic,second,diesel
Mercedes-Benz,5,80000.0,Automatic,second,petrol
Honda,17,85000.0,Automatic,second,hybrid/cng
BMW,10,90000.0,Automatic,second,diesel
Land Rover,3,37000.0,Automatic,first,petrol
Maruti Suzuki,13,59000.0,Manual,second,hybrid/cng
Maruti Suzuki,7,72000.0,Manual,first,diesel
Maruti Suzuki,8,95000.0,Automatic,second,hybrid/cng
Honda,5,61000.0,Manual,second,hybrid/cng
Maruti Suzuki,1,51000.0,Manual,first,hybrid/cng
Skoda,7,49600.0,Manual,first,petrol
Hyundai,6,37000.0,Manual,first,petrol
Maruti Suzuki,7,70600.0,Manual,second,hybrid
Volkswagen,3,20000.0,Automatic,first,petrol
Maruti Suzuki,1,53000.0,Automatic,first,hybrid/cng
Mahindra,10,78525.0,Manual,first,diesel
Honda,6,32000.0,Manual,first,petrol
Maruti Suzuki,8,38000.0,Automatic,second,petrol
Hyundai,6,62853.0,Automatic,first,hybrid
Skoda,12,76000.0,Manual,second,diesel
Hyundai,5,36639.0,Automatic,second,petrol
Maruti Suzuki,7,155000.0,Manual,second,diesel
Mercedes-Benz,8,68000.0,Automatic,second,diesel
Jeep,7,300000.0,Manual,first,diesel
Honda,16,87000.0,Automatic,second,petrol
Hyundai,6,50000.0,Manual,second,petrol
Maruti Suzuki,6,30000.0,Manual,second,petrol
Nissan,13,52000.0,Manual,first,petrol
Maruti Suzuki,6,170000.0,Automatic,second,hybrid
Maruti Suzuki,6,43394.0,Manual,first,hybrid
Hyundai,5,53000.0,Manual,second,petrol
Maruti Suzuki,5,230000.0,Automatic,first,hybrid
Volkswagen,6,122000.0,Automatic,first,hybrid
Ford,12,64000.0,Manual,second,diesel
Mercedes-Benz,7,43000.0,Automatic,first,diesel
Maruti Suzuki,8,85000.0,Automatic,first,hybrid
Maruti Suzuki,12,93000.0,Manual,first,hybrid
Hyundai,12,85000.0,Automatic,first,hybrid/cng
Mahindra,12,120000.0,Automatic,second,diesel
Kia,2,68000.0,Manual,first,diesel
Volvo,8,56000.0,Automatic,second,diesel
Hyundai,8,135000.0,Manual,first,diesel
Maruti Suzuki,5,300000.0,Manual,first,petrol
Hyundai,6,68000.0,Manual,first,hybrid
Maruti Suzuki,4,50000.0,Manual,second,petrol
Maruti Suzuki,9,51133.0,Manual,first,hybrid/cng
Renault,2,36000.0,Automatic,first,petrol
Hyundai,5,40000.0,Manual,first,hybrid/cng
Toyota,7,115000.0,Automatic,second,diesel
Skoda,6,135000.0,Manual,first,diesel
Maruti Suzuki,9,73000.0,Automatic,first,hybrid/cng
Hyundai,7,51000.0,Manual,second,petrol
Skoda,7,36000.0,Automatic,first,petrol
Maruti Suzuki,7,3240.0,Manual,second,petrol
Toyota,3,42000.0,Automatic,first,petrol
Hyundai,4,71000.0,Manual,first,hybrid
Maruti Suzuki,6,53000.0,Automatic,second,hybrid/cng
Hyundai,16,68000.0,Manual,first,petrol
Maruti Suzuki,4,45124.0,Manual,first,petrol
Hyundai,14,66000.0,Automatic,second,petrol
Hyundai,4,40000.0,Manual,second,petrol
Audi,10,103232.0,Automatic,second,diesel
Maruti Suzuki,10,85000.0,Manual,first,diesel
Volkswagen,9,102000.0,Automatic,second,petrol
Maruti Suzuki,12,62816.0,Automatic,first,petrol
Maruti Suzuki,3,21000.0,Manual,first,petrol
Land Rover,9,82000.0,Automatic,second,diesel
Honda,1,10000.0,Manual,first,petrol
Audi,8,135000.0,Automatic,first,diesel
Audi,10,44000.0,Automatic,first,diesel
Hyundai,12,94000.0,Manual,second,diesel
Audi,9,71000.0,Automatic,first,diesel
Renault,10,90000.0,Manual,second,hybrid
Maruti Suzuki,19,75000.0,Manual,second,petrol
Maruti Suzuki,11,100250.0,Manual,second,hybrid/cng
Honda,9,65000.0,Manual,first,petrol
Maruti Suzuki,6,61585.0,Automatic,first,petrol
Maruti Suzuki,12,90000.0,Automatic,second,hybrid
Hyundai,12,53750.0,Automatic,second,petrol
Toyota,18,170000.0,Manual,second,diesel
BMW,13,80594.0,Automatic,second,diesel
Audi,11,44699.0,Automatic,second,diesel
BMW,7,89000.0,Automatic,second,diesel
Maruti Suzuki,8,58000.0,Manual,first,hybrid
Toyota,7,300000.0,Manual,first,petrol
Hyundai,1,8000.0,Manual,first,petrol
Porsche,6,89000.0,Automatic,second,diesel
Tata,8,20.0,Manual,second,diesel
Maruti Suzuki,5,250000.0,Automatic,first,hybrid
Volkswagen,11,85000.0,Manual,second,diesel
Tata,2,36000.0,Manual,first,petrol
Maruti Suzuki,11,56000.0,Manual,second,hybrid/cng
Volkswagen,5,61000.0,Automatic,first,diesel
Mahindra,2,19000.0,Manual,first,diesel
Hyundai,10,89000.0,Automatic,second,petrol
Maruti Suzuki,7,45000.0,Automatic,first,petrol
Toyota,7,83000.0,Automatic,first,diesel
Hyundai,9,74230.0,Manual,second,diesel
Skoda,3,300000.0,Automatic,first,petrol
Maruti Suzuki,5,50000.0,Automatic,second,petrol
Ford,10,105000.0,Manual,second,diesel
Mercedes-Benz,10,77600.0,Automatic,second,diesel
Hyundai,8,67750.0,Automatic,second,hybrid
Jeep,6,113000.0,Manual,second,diesel
BMW,7,56000.0,Automatic,second,diesel
Hyundai,4,44681.0,Manual,first,petrol
Hyundai,10,90000.0,Manual,first,petrol
Hyundai,6,71422.0,Automatic,first,diesel
Ford,9,52000.0,Manual,first,petrol
Honda,10,86131.0,Manual,second,diesel
Toyota,9,145500.0,Manual,first,diesel
Toyota,2,69000.0,Automatic,first,diesel
Toyota,4,54000.0,Automatic,first,diesel
Hyundai,5,54000.0,Manual,second,petrol
Hyundai,5,61000.0,Manual,first,petrol
Maruti Suzuki,3,50000.0,Automatic,second,petrol
Toyota,4,45000.0,Automatic,first,diesel
Hyundai,9,53000.0,Automatic,first,hybrid
Honda,5,120000.0,Manual,second,diesel
Hyundai,7,25000.0,Automatic,first,petrol
Volkswagen,0,1.0,Automatic,first,petrol
Maruti Suzuki,4,80000.0,Manual,first,hybrid/cng
Toyota,6,25000.0,Automatic,first,petrol
Hyundai,3,65000.0,Manual,second,petrol
Hyundai,10,70000.0,Automatic,first,hybrid
Toyota,8,174000.0,Automatic,second,diesel
Maruti Suzuki,9,76000.0,Automatic,first,petrol
Honda,3,125000.0,Manual,first,diesel
Hyundai,4,55000.0,Automatic,second,hybrid
Maruti Suzuki,6,33946.0,Manual,first,petrol
Mahindra,3,65000.0,Automatic,second,diesel
Tata,15,120000.0,Manual,second,diesel
Maruti Suzuki,9,32000.0,Manual,first,petrol
Maruti Suzuki,9,79000.0,Automatic,second,petrol
Kia,4,60000.0,Manual,first,diesel
Hyundai,3,62250.0,Automatic,first,hybrid
Maruti Suzuki,12,120000.0,Automatic,first,hybrid
Honda,9,80000.0,Manual,second,diesel
Toyota,7,188000.0,Manual,second,diesel
Maruti Suzuki,10,147000.0,Manual,second,hybrid/cng
Maruti Suzuki,10,75871.0,Manual,second,hybrid/cng
Mercedes-Benz,14,125000.0,Automatic,second,diesel
Maruti Suzuki,9,52000.0,Automatic,second,hybrid/cng
Mercedes-Benz,9,85000.0,Automatic,first,petrol
Maruti Suzuki,22,51000.0,Manual,first,petrol
Mahindra,4,53000.0,Automatic,second,diesel
Tata,5,140000.0,Manual,first,diesel
Datsun,6,28.0,Automatic,first,hybrid
Maruti Suzuki,6,110000.0,Manual,second,diesel
Maruti Suzuki,13,53646.0,Manual,second,petrol
Honda,2,27000.0,Manual,first,petrol
Honda,5,30500.0,Automatic,second,petrol
Maruti Suzuki,13,82000.0,Manual,first,petrol
Maruti Suzuki,5,39000.0,Manual,first,petrol
Maruti Suzuki,8,79000.0,Manual,first,hybrid
Hyundai,5,90000.0,Manual,first,diesel
Tata,7,120000.0,Manual,first,diesel
Maruti Suzuki,9,63000.0,Manual,first,diesel
Maruti Suzuki,2,27000.0,Manual,first,petrol
Jeep,1,16000.0,Automatic,first,diesel
Honda,5,300000.0,Manual,second,diesel
Maruti Suzuki,8,68000.0,Manual,first,petrol
Honda,11,65000.0,Manual,second,hybrid
Toyota,0,5000.0,Automatic,first,diesel
Hyundai,6,53000.0,Manual,second,petrol
Honda,5,37000.0,Automatic,second,petrol
Mahindra,7,82000.0,Manual,first,diesel
Toyota,10,225000.0,Manual,second,diesel
Maruti Suzuki,9,60000.0,Automatic,second,hybrid/cng
Maruti Suzuki,11,90000.0,Manual,second,hybrid
Honda,6,56000.0,Manual,first,hybrid
Maruti Suzuki,4,42214.0,Manual,first,hybrid
Mahindra,7,57000.0,Automatic,second,petrol
Hyundai,9,62000.0,Manual,second,diesel
Kia,3,43123.0,Automatic,first,petrol
Maruti Suzuki,5,300000.0,Manual,first,petrol
Skoda,14,81000.0,Automatic,second,diesel
Hyundai,18,32950.0,Manual,second,petrol
Honda,5,47000.0,Automatic,first,petrol
BMW,5,98000.0,Automatic,first,diesel
Hyundai,8,68712.0,Manual,second,petrol
Hyundai,1,21000.0,Automatic,first,petrol
Mahindra,2,22000.0,Automatic,first,diesel
Honda,9,41000.0,Automatic,second,petrol
Jeep,7,80000.0,Manual,first,diesel
Toyota,7,80000.0,Automatic,second,hybrid/cng
Ford,14,85000.0,Manual,second,diesel
Hyundai,3,28000.0,Automatic,first,petrol
Hyundai,3,25000.0,Manual,first,petrol
Mercedes-Benz,11,78000.0,Automatic,first,petrol
Honda,6,48000.0,Manual,second,petrol
Volkswagen,12,90000.0,Manual,first,petrol
Honda,6,51000.0,Automatic,first,petrol
Maruti Suzuki,7,77500.0,Manual,second,diesel
Mercedes-Benz,3,100000.0,Automatic,first,diesel
Renault,7,79000.0,Manual,second,petrol
Audi,9,70000.0,Automatic,first,diesel
Mercedes-Benz,2,14000.0,Automatic,second,petrol
Maruti Suzuki,8,63000.0,Manual,first,hybrid/cng
Skoda,1,15000.0,Automatic,first,petrol
Hyundai,6,55000.0,Manual,second,petrol
Toyota,12,81000.0,Manual,second,hybrid/cng
Volkswagen,13,130000.0,Automatic,second,hybrid
Toyota,10,174000.0,Manual,second,diesel
Maruti Suzuki,7,58000.0,Manual,first,hybrid
Audi,13,150000.0,Automatic,second,diesel
Maruti Suzuki,5,60000.0,Automatic,first,hybrid/cng
Mercedes-Benz,6,35000.0,Automatic,second,diesel
Mahindra,2,11492.0,Automatic,first,petrol
Hyundai,3,60000.0,Manual,first,petrol
Hyundai,5,27000.0,Manual,second,petrol
Hyundai,9,111939.0,Manual,second,petrol
Hyundai,11,64000.0,Manual,second,hybrid
Maruti Suzuki,8,74000.0,Automatic,second,hybrid/cng
Maruti Suzuki,4,18100.0,Manual,first,petrol
Maruti Suzuki,3,80000.0,Automatic,first,petrol
Hyundai,7,39000.0,Automatic,second,petrol
Hyundai,6,180000.0,Manual,first,petrol
Maruti Suzuki,14,90000.0,Manual,second,hybrid
Chevrolet,8,84231.0,Automatic,second,diesel
Toyota,5,55000.0,Automatic,first,diesel
Toyota,1,39500.0,Automatic,first,hybrid/cng
Ford,7,70000.0,Automatic,second,diesel
MG,3,9000.0,Automatic,first,petrol
Mercedes-Benz,9,34000.0,Automatic,first,diesel
Mercedes-Benz,7,60000.0,Automatic,second,diesel
Tata,5,120000.0,Manual,first,diesel
Renault,9,82000.0,Manual,second,diesel
Hyundai,14,74000.0,Manual,second,petrol
Volkswagen,6,23000.0,Manual,second,diesel
BMW,0,20000.0,Automatic,first,petrol
Toyota,5,90000.0,Automatic,first,petrol
Maruti Suzuki,12,69321.0,Automatic,second,petrol
Maruti Suzuki,4,300000.0,Manual,second,petrol
Kia,4,39000.0,Automatic,second,petrol
Maruti Suzuki,7,59968.0,Manual,first,petrol
Maruti Suzuki,5,62000.0,Automatic,second,hybrid/cng
Honda,3,74000.0,Manual,first,hybrid
Maruti Suzuki,7,11035.0,Manual,first,petrol
Maruti Suzuki,9,148000.0,Manual,second,diesel
Hyundai,13,108000.0,Automatic,second,hybrid/cng
Renault,8,130000.0,Manual,second,diesel
Maruti Suzuki,7,73000.0,Manual,first,hybrid/cng
Maruti Suzuki,8,199600.0,Manual,second,diesel
Chevrolet,10,95000.0,Manual,second,diesel
Honda,14,80000.0,Automatic,second,petrol
Maruti Suzuki,9,60000.0,Manual,first,diesel
Maruti Suzuki,1,35000.0,Automatic,second,hybrid
Fiat,13,85000.0,Manual,second,diesel
Maruti Suzuki,2,31000.0,Manual,first,hybrid/cng
Maruti Suzuki,6,7554.0,Automatic,first,petrol
Maruti Suzuki,5,146000.0,Manual,second,diesel
Maruti Suzuki,7,55000.0,Manual,first,petrol
Maruti Suzuki,16,20000.0,Automatic,second,hybrid
Nissan,12,75000.0,Manual,second,petrol
Honda,14,107000.0,Manual,second,petrol
Hyundai,5,72000.0,Manual,first,petrol
Honda,3,30500.0,Manual,first,petrol
Maruti Suzuki,8,22.0,Automatic,second,hybrid
Maruti Suzuki,9,100000.0,Automatic,second,hybrid/cng
BMW,7,100000.0,Automatic,first,diesel
Honda,11,85000.0,Automatic,second,hybrid
Maruti Suzuki,6,48757.0,Manual,first,petrol
Volvo,1,9700.0,Automatic,first,petrol
Audi,3,8000.0,Automatic,first,petrol
Maruti Suzuki,16,69000.0,Manual,second,petrol
Maruti Suzuki,5,82123.0,Automatic,first,hybrid/cng
Hyundai,8,51200.0,Automatic,second,petrol
Hyundai,6,250000.0,Manual,first,petrol
Maruti Suzuki,6,65000.0,Automatic,second,petrol
Maruti Suzuki,6,85000.0,Manual,second,petrol
Renault,6,83000.0,Automatic,second,diesel
Mahindra,11,16.0,Manual,first,diesel
Skoda,9,151000.0,Automatic,second,diesel
Maruti Suzuki,2,80000.0,Automatic,first,petrol
Maruti Suzuki,15,90000.0,Manual,second,petrol
Hyundai,13,75000.0,Automatic,second,petrol
Hyundai,11,69000.0,Manual,first,petrol
Maruti Suzuki,2,27000.0,Manual,first,petrol
Hyundai,6,40000.0,Automatic,first,diesel
Maruti Suzuki,1,62000.0,Manual,first,hybrid/cng
Maruti Suzuki,13,71500.0,Automatic,second,petrol
Hyundai,0,10000.0,Automatic,first,hybrid
Mini,9,72000.0,Automatic,second,petrol
Mahindra,1,40000.0,Manual,first,diesel
Maruti Suzuki,4,56000.0,Manual,second,petrol
Maruti Suzuki,5,1.0,Manual,second,diesel
Maruti Suzuki,21,33000.0,Manual,second,petrol
Skoda,5,35000.0,Automatic,second,petrol
Toyota,2,32500.0,Manual,first,diesel
Maruti Suzuki,7,76391.0,Manual,first,hybrid
Mercedes-Benz,10,120000.0,Automatic,first,diesel
Ford,7,19000.0,Automatic,first,petrol
Toyota,3,31500.0,Automatic,first,diesel
Hyundai,15,136000.0,Manual,second,hybrid
BMW,10,64000.0,Automatic,second,diesel
Maruti Suzuki,3,300000.0,Automatic,first,petrol
Maruti Suzuki,12,124000.0,Manual,first,petrol
Maruti Suzuki,2,42000.0,Manual,first,hybrid/cng
Toyota,11,126870.0,Automatic,first,diesel
Audi,12,160000.0,Automatic,second,diesel
Tata,4,58000.0,Automatic,first,hybrid/cng
Maruti Suzuki,6,69433.0,Automatic,second,diesel
Mercedes-Benz,4,51111.0,Automatic,second,diesel
Mahindra,7,70000.0,Automatic,first,diesel
Maruti Suzuki,7,94000.0,Manual,second,hybrid/cng
Maruti Suzuki,14,90000.0,Manual,second,hybrid
BMW,5,49000.0,Automatic,first,diesel
Maruti Suzuki,10,80000.0,Automatic,first,hybrid
Chevrolet,15,103979.0,Manual,first,petrol
Volkswagen,6,48000.0,Manual,first,petrol
Maruti Suzuki,12,90000.0,Manual,second,hybrid/cng
Hyundai,14,63000.0,Manual,second,hybrid/cng
Mercedes-Benz,6,25000.0,Automatic,second,petrol
Mahindra,5,30700.0,Automatic,first,diesel
Ford,13,115000.0,Manual,second,diesel
Honda,6,44902.0,Automatic,second,petrol
Hyundai,0,3100.0,Automatic,first,petrol
Hyundai,10,69000.0,Automatic,first,petrol
Volkswagen,11,97000.0,Automatic,first,petrol
Honda,13,30.0,Automatic,first,hybrid
Hyundai,2,55000.0,Manual,first,diesel
Maruti Suzuki,8,58000.0,Automatic,second,petrol
Hyundai,8,30000.0,Manual,second,petrol
Maruti Suzuki,2,26000.0,Manual,first,petrol
Mahindra,5,115000.0,Manual,second,diesel
Maruti Suzuki,1,58094.0,Automatic,first,hybrid/cng
Maruti Suzuki,5,53110.0,Automatic,second,petrol
MG,5,71000.0,Manual,first,diesel
Datsun,8,72111.0,Manual,second,hybrid
Maruti Suzuki,8,70000.0,Manual,second,diesel
Tata,15,31000.0,Automatic,second,diesel
Maruti Suzuki,12,60000.0,Manual,second,diesel
Tata,5,48000.0,Automatic,second,petrol
Maruti Suzuki,7,44708.0,Manual,second,petrol
BMW,8,300000.0,Automatic,second,diesel
Renault,6,100000.0,Manual,first,diesel
Skoda,12,80000.0,Manual,first,diesel
Hyundai,1,27000.0,Automatic,first,petrol
Maruti Suzuki,19,135000.0,Automatic,second,petrol
Kia,0,20000.0,Automatic,first,diesel
Hyundai,12,78000.0,Manual,first,hybrid/cng
Maruti Suzuki,2,20000.0,Manual,first,petrol
Hyundai,9,60000.0,Manual,second,petrol
Maruti Suzuki,8,45000.0,Automatic,first,petrol
Maruti Suzuki,2,22000.0,Automatic,second,hybrid
Maruti Suzuki,2,29000.0,Automatic,first,hybrid/cng
Volkswagen,12,65000.0,Manual,first,diesel
Maruti Suzuki,5,73000.0,Manual,first,hybrid
Mercedes-Benz,10,86000.0,Automatic,first,diesel
Hyundai,7,86000.0,Manual,second,diesel
Toyota,14,154000.0,Manual,second,diesel
Audi,8,42000.0,Automatic,first,petrol
Maruti Suzuki,9,82000.0,Manual,second,petrol
Maruti Suzuki,9,81000.0,Manual,second,diesel
Honda,10,65374.0,Automatic,second,petrol
Maruti Suzuki,7,72000.0,Manual,second,petrol
Hyundai,5,48000.0,Manual,first,diesel
Maruti Suzuki,7,65000.0,Automatic,first,petrol
Hyundai,13,90000.0,Manual,first,hybrid/cng
Toyota,15,75000.0,Manual,second,hybrid/cng
Honda,9,83000.0,Automatic,second,petrol
Toyota,12,200000.0,Manual,second,diesel
Maruti Suzuki,9,74000.0,Manual,first,diesel
Hyundai,6,57000.0,Automatic,first,petrol
Honda,3,15000.0,Manual,first,petrol
Jaguar,5,48000.0,Automatic,second,diesel
Kia,3,80500.0,Automatic,first,diesel
Mercedes-Benz,1,16600.0,Automatic,first,diesel
Maruti Suzuki,3,52000.0,Automatic,first,hybrid/cng
Maruti Suzuki,6,60000.0,Automatic,second,petrol
Maruti Suzuki,5,43000.0,Automatic,second,hybrid/cng
Skoda,6,19788.0,Automatic,second,petrol
Hyundai,11,60000.0,Automatic,first,petrol
Tata,0,140.0,Automatic,first,petrol
Skoda,9,90000.0,Automatic,second,petrol
BMW,11,69000.0,Automatic,second,diesel
Skoda,4,41000.0,Automatic,first,petrol
Audi,9,77000.0,Automatic,second,diesel
Maruti Suzuki,11,140000.0,Manual,second,diesel
Maruti Suzuki,12,59350.0,Manual,second,petrol
Audi,1,35000.0,Automatic,first,petrol
Tata,6,42000.0,Automatic,first,hybrid/cng
Toyota,17,50000.0,Manual,first,diesel
Maruti Suzuki,10,90000.0,Manual,second,diesel
Hyundai,14,63000.0,Manual,second,hybrid
Hyundai,13,78000.0,Manual,first,hybrid
Maruti Suzuki,3,49780.0,Manual,first,petrol
Mahindra,9,119860.0,Manual,second,diesel
Maruti Suzuki,17,46000.0,Manual,second,petrol
Nissan,7,76000.0,Automatic,second,petrol
Volkswagen,13,300000.0,Manual,first,diesel
Honda,6,59000.0,Automatic,second,petrol
Hyundai,12,64000.0,Automatic,second,petrol
Maruti Suzuki,7,96000.0,Automatic,first,hybrid/cng
Maruti Suzuki,12,84000.0,Manual,second,petrol
Maruti Suzuki,5,68404.0,Automatic,second,petrol
Honda,8,44000.0,Manual,second,petrol
Nissan,10,90000.0,Manual,first,diesel
Honda,14,65000.0,Manual,second,petrol
Honda,5,17000.0,Automatic,first,petrol
Maruti Suzuki,6,116520.0,Automatic,second,hybrid
Hyundai,8,85000.0,Manual,first,petrol
Honda,13,61000.0,Automatic,first,hybrid/cng
Honda,15,85000.0,Automatic,first,hybrid
Hyundai,8,100000.0,Automatic,second,hybrid/cng
Honda,7,300000.0,Manual,second,petrol
Maruti Suzuki,7,67000.0,Manual,second,hybrid
Renault,8,23.0,Manual,second,petrol
Jeep,7,49000.0,Automatic,first,petrol
Toyota,9,132000.0,Manual,second,diesel
Mahindra,12,138500.0,Manual,second,diesel
Renault,7,100000.0,Manual,first,petrol
Maruti Suzuki,13,110000.0,Manual,second,diesel
Honda,3,31000.0,Automatic,second,petrol
Maruti Suzuki,2,23000.0,Manual,first,petrol
Toyota,2,47448.0,Automatic,first,petrol
Ford,7,55000.0,Automatic,second,hybrid/cng
Toyota,8,35000.0,Manual,second,petrol
Maruti Suzuki,9,65510.0,Manual,second,hybrid
Honda,10,64000.0,Automatic,second,petrol
Maruti Suzuki,6,45000.0,Automatic,first,petrol
Hyundai,9,76000.0,Automatic,second,diesel
Maruti Suzuki,3,32000.0,Manual,first,hybrid
Maruti Suzuki,10,88500.0,Automatic,first,hybrid
Maruti Suzuki,8,69000.0,Manual,second,hybrid
Hyundai,12,76610.0,Manual,first,petrol
Maruti Suzuki,2,42000.0,Manual,first,petrol
Maruti Suzuki,7,300000.0,Automatic,first,hybrid
Maruti Suzuki,7,300000.0,Manual,first,petrol
Audi,10,113000.0,Automatic,first,diesel
Maruti Suzuki,10,80000.0,Manual,second,diesel
Maruti Suzuki,27,28000.0,Manual,first,petrol
Maruti Suzuki,10,52000.0,Manual,second,petrol
Volkswagen,6,93173.0,Automatic,first,diesel
Hyundai,4,72800.0,Automatic,first,hybrid
Maruti Suzuki,8,26000.0,Manual,second,petrol
Hyundai,8,76000.0,Manual,first,hybrid/cng
Toyota,5,50125.0,Automatic,first,petrol
Toyota,8,160000.0,Manual,second,diesel
Skoda,9,68000.0,Manual,second,petrol
Tata,14,147689.0,Manual,second,diesel
Maruti Suzuki,15,125000.0,Manual,first,diesel
Mahindra,15,98000.0,Manual,second,diesel
Maruti Suzuki,12,86239.0,Manual,second,petrol
Hyundai,12,77000.0,Automatic,second,hybrid/cng
Maruti Suzuki,6,54000.0,Manual,first,petrol
Citroen,3,54384.0,Automatic,first,diesel
Hyundai,5,64000.0,Automatic,first,petrol
Toyota,5,65000.0,Automatic,first,diesel
Toyota,8,151000.0,Automatic,first,diesel
Audi,8,139000.0,Automatic,first,diesel
Hyundai,9,65000.0,Manual,first,petrol
Honda,17,64000.0,Manual,second,hybrid
Maruti Suzuki,6,88000.0,Manual,first,hybrid
Lexus,5,26000.0,Automatic,first,hybrid
MG,2,52000.0,Automatic,second,diesel
Ford,6,75000.0,Automatic,first,petrol
Maruti Suzuki,11,135000.0,Manual,second,diesel
Hyundai,6,75000.0,Manual,second,diesel
Maruti Suzuki,6,7503.0,Automatic,first,petrol
MG,3,19000.0,Automatic,second,petrol
Toyota,3,44000.0,Automatic,first,diesel
Maruti Suzuki,0,1800.0,Manual,first,petrol
Maruti Suzuki,6,68000.0,Manual,first,diesel
Tata,7,97000.0,Automatic,first,diesel
Maruti Suzuki,15,99000.0,Manual,second,hybrid/cng
Maruti Suzuki,5,53000.0,Automatic,first,hybrid/cng
Kia,2,15000.0,Automatic,first,petrol
Maruti Suzuki,5,70000.0,Manual,second,diesel
Maruti Suzuki,16,1.0,Manual,second,hybrid/cng
Toyota,7,177000.0,Manual,first,diesel
Hyundai,10,63000.0,Automatic,second,petrol
Mahindra,13,110000.0,Manual,second,diesel
Maruti Suzuki,4,55000.0,Automatic,first,petrol
Toyota,5,94000.0,Manual,first,diesel
Maruti Suzuki,10,70500.0,Manual,second,diesel
Mahindra,8,24000.0,Manual,second,diesel
Mini,5,41400.0,Automatic,second,petrol
Maruti Suzuki,1,50000.0,Manual,second,hybrid/cng
Mercedes-Benz,14,300000.0,Automatic,second,petrol
Volkswagen,7,76654.0,Automatic,first,petrol
Maruti Suzuki,4,65000.0,Manual,first,petrol
Maruti Suzuki,4,48963.0,Manual,first,hybrid/cng
Mahindra,2,98000.0,Automatic,first,diesel
Mahindra,5,83000.0,Automatic,first,diesel
Honda,7,61000.0,Manual,first,petrol
Maruti Suzuki,7,52358.0,Automatic,first,hybrid/cng
Maruti Suzuki,9,80000.0,Automatic,first,hybrid
Volkswagen,14,90000.0,Manual,first,petrol
Maruti Suzuki,11,223000.0,Manual,second,diesel
Maruti Suzuki,8,74000.0,Manual,first,hybrid
Hyundai,17,50000.0,Automatic,first,hybrid/cng
Hyundai,5,41000.0,Automatic,first,petrol
Tata,10,70000.0,Manual,second,petrol
Fiat,14,117500.0,Manual,second,diesel
Mahindra,9,65000.0,Automatic,second,diesel
Maruti Suzuki,11,300000.0,Manual,second,hybrid/cng
Maruti Suzuki,4,62000.0,Manual,first,hybrid/cng
Maruti Suzuki,38,68000.0,Manual,second,petrol
Toyota,12,67000.0,Manual,first,petrol
Porsche,11,66000.0,Automatic,first,petrol
Mahindra,7,300000.0,Manual,first,diesel
Renault,5,78000.0,Manual,first,petrol
Maruti Suzuki,10,70000.0,Manual,second,hybrid
Ford,3,300000.0,Automatic,first,diesel
Maruti Suzuki,2,43268.0,Manual,second,petrol
Maruti Suzuki,13,53000.0,Manual,second,petrol
Mercedes-Benz,7,106207.0,Automatic,first,diesel
Hyundai,12,130000.0,Manual,second,diesel
Hyundai,14,70000.0,Automatic,second,hybrid
Porsche,4,20000.0,Automatic,first,petrol
Toyota,7,115000.0,Automatic,second,diesel
Volkswagen,6,44000.0,Automatic,second,petrol
Land Rover,8,38000.0,Automatic,first,diesel
Maruti Suzuki,4,14796.0,Manual,first,petrol
Datsun,6,300000.0,Manual,second,petrol
Audi,10,300000.0,Automatic,first,diesel
Maruti Suzuki,12,78850.0,Automatic,second,hybrid/cng
Jeep,7,60000.0,Manual,first,diesel
Maruti Suzuki,8,92000.0,Manual,first,hybrid/cng
Hyundai,14,105000.0,Manual,second,petrol
Hyundai,5,57000.0,Manual,first,petrol
Ford,7,55000.0,Automatic,second,hybrid/cng
Renault,6,95000.0,Manual,second,diesel
Maruti Suzuki,9,52000.0,Manual,first,hybrid
Maruti Suzuki,5,60000.0,Automatic,first,hybrid
Maruti Suzuki,9,51000.0,Manual,first,petrol
Hyundai,5,29000.0,Automatic,second,petrol
Hyundai,2,41000.0,Manual,first,hybrid
Skoda,7,96000.0,Manual,second,diesel
Toyota,1,125000.0,Manual,first,diesel
Toyota,7,171000.0,Manual,first,diesel
Toyota,5,87695.0,Automatic,first,diesel
Maruti Suzuki,4,49000.0,Automatic,first,petrol
Honda,7,45000.0,Automatic,second,petrol
Honda,9,57000.0,Manual,second,petrol
Renault,11,119000.0,Manual,second,diesel
Toyota,2,45000.0,Automatic,first,hybrid/cng
Mahindra,6,166000.0,Manual,first,diesel
Chevrolet,12,100000.0,Automatic,second,hybrid
Maruti Suzuki,6,34184.0,Automatic,second,petrol
Mahindra,2,29000.0,Automatic,first,diesel
Kia,1,11000.0,Manual,first,petrol
Renault,4,110000.0,Automatic,first,diesel
Jaguar,11,35000.0,Automatic,second,diesel
Mahindra,9,74749.0,Manual,first,diesel
Maruti Suzuki,8,59000.0,Automatic,first,petrol
Maruti Suzuki,6,56000.0,Automatic,second,hybrid
Tata,2,9100.0,Automatic,first,petrol
Hyundai,10,132000.0,Manual,first,petrol
Tata,9,300000.0,Automatic,second,petrol
Honda,17,75000.0,Automatic,second,hybrid
Ford,5,55000.0,Manual,first,diesel
Maruti Suzuki,0,8000.0,Manual,first,petrol
Ford,14,75000.0,Manual,second,diesel
Maruti Suzuki,7,77000.0,Manual,first,hybrid/cng
Audi,7,52000.0,Automatic,first,petrol
Maruti Suzuki,14,80000.0,Manual,second,petrol
Maruti Suzuki,8,72000.0,Manual,second,petrol
Hyundai,3,53000.0,Manual,first,diesel
Hyundai,10,71000.0,Manual,first,petrol
Porsche,10,7000.0,Automatic,first,petrol
Honda,7,81000.0,Automatic,first,petrol
Volkswagen,5,92000.0,Automatic,second,diesel
Maruti Suzuki,5,33000.0,Manual,first,hybrid
Kia,2,43000.0,Automatic,first,diesel
Toyota,5,64000.0,Automatic,first,diesel
Volkswagen,9,77200.0,Automatic,second,petrol
Mercedes-Benz,2,38000.0,Automatic,second,diesel
Honda,9,55000.0,Automatic,second,hybrid/cng
Maruti Suzuki,7,107000.0,Manual,first,hybrid/cng
Maruti Suzuki,10,91440.0,Manual,second,hybrid/cng
Tata,2,65550.0,Manual,first,diesel
Tata,5,73000.0,Manual,first,diesel
Hyundai,9,75000.0,Automatic,second,diesel
Mercedes-Benz,9,82000.0,Automatic,second,diesel
Honda,7,74000.0,Manual,second,diesel
Toyota,6,99500.0,Automatic,second,diesel
Honda,12,56320.0,Automatic,second,hybrid/cng
Hyundai,2,45000.0,Manual,first,petrol
Maruti Suzuki,2,300000.0,Manual,second,hybrid
Mahindra,2,21000.0,Automatic,first,petrol
Maruti Suzuki,6,62000.0,Manual,first,hybrid
Maruti Suzuki,5,37000.0,Automatic,second,petrol
Maruti Suzuki,12,71000.0,Manual,first,hybrid/cng
Maruti Suzuki,7,79000.0,Manual,second,hybrid/cng
Mercedes-Benz,7,61000.0,Automatic,second,diesel
Kia,2,29000.0,Automatic,first,diesel
Audi,9,89000.0,Automatic,first,diesel
Maruti Suzuki,6,70000.0,Automatic,first,hybrid
Hyundai,7,64000.0,Manual,first,hybrid/cng
Maruti Suzuki,5,60000.0,Automatic,first,hybrid/cng
Tata,16,24000.0,Manual,first,petrol
Land Rover,5,53546.0,Automatic,first,diesel
Mercedes-Benz,19,158000.0,Automatic,second,diesel
Datsun,5,47000.0,Automatic,first,petrol
Tata,6,80000.0,Automatic,second,diesel
Honda,9,116000.0,Manual,first,petrol
Mercedes-Benz,0,4700.0,Automatic,first,petrol
Renault,4,68000.0,Automatic,first,hybrid/cng
Maruti Suzuki,3,75000.0,Manual,first,hybrid/cng
Hyundai,7,45000.0,Manual,first,petrol
Hyundai,5,39000.0,Automatic,first,hybrid/cng
Honda,9,65000.0,Manual,first,petrol
Ford,4,89000.0,Automatic,first,diesel
Hyundai,9,80000.0,Manual,second,petrol
Maruti Suzuki,6,68000.0,Manual,first,diesel
Hyundai,6,46000.0,Manual,first,hybrid
Honda,21,70000.0,Manual,second,petrol
Maruti Suzuki,7,85100.0,Manual,first,diesel
Mahindra,3,18000.0,Automatic,first,diesel
Maruti Suzuki,1,12000.0,Automatic,second,petrol
Honda,6,45000.0,Automatic,second,petrol
Maruti Suzuki,11,90000.0,Manual,second,petrol
Audi,5,44000.0,Automatic,first,diesel
Maruti Suzuki,11,75893.0,Manual,second,petrol
Hyundai,4,62370.0,Automatic,second,hybrid
Maruti Suzuki,13,71000.0,Automatic,second,hybrid
Maruti Suzuki,4,80000.0,Automatic,first,hybrid/cng
Tata,7,79000.0,Manual,first,petrol
Maruti Suzuki,12,121981.0,Automatic,second,hybrid/cng
Maruti Suzuki,3,72782.0,Manual,first,petrol
Maruti Suzuki,5,86954.0,Manual,first,hybrid
BMW,9,48000.0,Automatic,second,diesel
Hyundai,7,90000.0,Automatic,first,diesel
Maruti Suzuki,7,82000.0,Automatic,second,hybrid
Hyundai,14,46000.0,Manual,second,petrol
Skoda,6,90000.0,Automatic,first,diesel
Audi,10,92000.0,Automatic,second,diesel
Maruti Suzuki,9,65000.0,Manual,second,hybrid
Toyota,11,170000.0,Manual,second,diesel
Maruti Suzuki,7,33555.0,Automatic,first,hybrid/cng
Datsun,5,42849.0,Manual,first,petrol
Maruti Suzuki,9,86000.0,Manual,second,hybrid
Mahindra,5,97333.0,Manual,first,diesel
Maruti Suzuki,4,65000.0,Manual,first,hybrid
Tata,0,4700.0,Automatic,first,hybrid/cng
Hyundai,6,54000.0,Manual,second,petrol
Kia,3,42000.0,Automatic,second,petrol
Honda,3,17000.0,Manual,first,petrol
Maruti Suzuki,12,129698.0,Manual,second,hybrid/cng
Maruti Suzuki,3,24000.0,Manual,first,hybrid
Honda,8,44300.0,Automatic,first,petrol
Toyota,3,67000.0,Automatic,first,diesel
Volvo,1,6200.0,Automatic,first,petrol
Mercedes-Benz,8,58000.0,Automatic,first,diesel
Honda,9,160000.0,Manual,second,diesel
Maruti Suzuki,9,73000.0,Automatic,first,petrol
BMW,10,68000.0,Automatic,second,diesel
Maruti Suzuki,8,74000.0,Manual,second,diesel
Maruti Suzuki,5,38516.0,Automatic,second,petrol
Skoda,4,30000.0,Automatic,second,petrol
Hyundai,12,87000.0,Automatic,first,hybrid
Maruti Suzuki,8,65000.0,Manual,first,hybrid
Honda,12,85380.0,Automatic,second,hybrid/cng
Honda,3,43000.0,Automatic,first,petrol
Maruti Suzuki,4,46000.0,Automatic,second,hybrid
Kia,3,100000.0,Automatic,first,diesel
Maruti Suzuki,15,76000.0,Manual,second,petrol
Honda,9,61000.0,Automatic,first,hybrid/cng
Honda,9,53370.0,Automatic,first,petrol
Toyota,12,132000.0,Manual,first,diesel
Skoda,6,54000.0,Automatic,first,diesel
Maruti Suzuki,5,81000.0,Manual,first,hybrid/cng
Hyundai,10,55000.0,Manual,second,petrol
BMW,11,57000.0,Automatic,first,diesel
Honda,10,102000.0,Automatic,second,petrol
Maruti Suzuki,9,70000.0,Manual,second,hybrid
Fiat,6,300000.0,Manual,first,diesel
Ford,5,300000.0,Automatic,first,hybrid/cng
Hyundai,14,150000.0,Manual,second,petrol
Skoda,8,74000.0,Automatic,second,petrol
Hyundai,7,58212.0,Automatic,first,diesel
Maruti Suzuki,5,56000.0,Manual,first,hybrid/cng
Ford,11,100000.0,Manual,second,diesel
Mahindra,9,93000.0,Manual,second,diesel
Audi,8,98000.0,Automatic,second,diesel
Hyundai,2,6000.0,Manual,first,petrol
Maruti Suzuki,1,19155.0,Manual,first,hybrid
Skoda,6,62000.0,Automatic,first,diesel
Mahindra,2,39000.0,Automatic,first,petrol
Datsun,6,43000.0,Manual,first,petrol
Toyota,7,69000.0,Automatic,first,diesel
Hyundai,4,54000.0,Manual,first,petrol
Hyundai,2,50000.0,Automatic,first,petrol
Volkswagen,6,126000.0,Manual,first,diesel
Ford,7,49000.0,Manual,second,petrol
Toyota,6,162000.0,Automatic,second,diesel
Honda,1,9500.0,Automatic,first,petrol
Maruti Suzuki,6,67000.0,Manual,first,diesel
Maruti Suzuki,8,10099.0,Automatic,second,hybrid
Hyundai,13,42300.0,Automatic,second,hybrid
Hyundai,16,89000.0,Automatic,second,hybrid
Hyundai,13,86000.0,Manual,second,petrol
Maruti Suzuki,5,65000.0,Manual,first,diesel
Mahindra,1,18000.0,Automatic,first,diesel
Maruti Suzuki,2,23000.0,Manual,first,hybrid/cng
Mahindra,9,89000.0,Manual,second,diesel
Nissan,5,70000.0,Manual,first,diesel
Maruti Suzuki,6,110000.0,Manual,first,petrol
Chevrolet,15,104000.0,Manual,second,petrol
Maruti Suzuki,6,74000.0,Automatic,second,hybrid/cng
Mahindra,3,48000.0,Manual,first,petrol
Volkswagen,11,163000.0,Manual,first,diesel
Maruti Suzuki,3,88000.0,Manual,second,hybrid
Tata,9,76000.0,Manual,first,diesel
Hyundai,3,51000.0,Manual,first,hybrid
Mahindra,1,32000.0,Automatic,first,diesel
Tata,9,34000.0,Manual,first,petrol
Maruti Suzuki,8,72000.0,Manual,second,hybrid/cng
Hyundai,8,36000.0,Manual,second,petrol
Honda,9,175000.0,Automatic,second,petrol
Honda,16,145000.0,Manual,second,petrol
Maruti Suzuki,7,120000.0,Manual,first,petrol
Maruti Suzuki,4,42000.0,Automatic,first,hybrid
Maruti Suzuki,1,84000.0,Manual,first,petrol
Honda,9,65000.0,Manual,second,hybrid/cng
Maruti Suzuki,4,65000.0,Automatic,first,hybrid/cng
Maruti Suzuki,2,38000.0,Manual,first,hybrid/cng
Hyundai,6,63000.0,Manual,first,diesel
Ford,11,108000.0,Manual,second,diesel
Honda,7,80000.0,Automatic,second,hybrid
Hyundai,10,76000.0,Automatic,second,diesel
Hyundai,12,300000.0,Manual,first,hybrid
Maruti Suzuki,17,75000.0,Manual,second,petrol
Renault,7,91715.0,Automatic,first,hybrid
Hyundai,10,58000.0,Manual,first,hybrid
Mahindra,11,65000.0,Automatic,second,diesel
Mercedes-Benz,15,21000.0,Automatic,second,diesel
Kia,3,35213.0,Automatic,first,petrol
Maruti Suzuki,9,91000.0,Manual,second,petrol
Mercedes-Benz,8,85000.0,Automatic,second,diesel
Mahindra,2,11000.0,Automatic,second,petrol
Hyundai,5,34000.0,Manual,first,hybrid/cng
Mercedes-Benz,2,20000.0,Automatic,first,diesel
Mahindra,3,64000.0,Manual,second,diesel
Hyundai,7,83000.0,Manual,first,diesel
Hyundai,10,88000.0,Manual,second,hybrid/cng
Maruti Suzuki,14,105000.0,Manual,second,hybrid
Hyundai,13,195000.0,Manual,second,diesel
Skoda,10,59779.0,Automatic,second,petrol
Volkswagen,9,37000.0,Automatic,first,petrol
Maruti Suzuki,11,70000.0,Manual,second,hybrid
Mahindra,8,73000.0,Automatic,first,diesel
Volkswagen,11,44000.0,Automatic,first,petrol
Mercedes-Benz,6,65000.0,Automatic,first,diesel
Maruti Suzuki,3,37000.0,Manual,second,petrol
Maruti Suzuki,5,27817.0,Manual,second,hybrid
Maruti Suzuki,0,12000.0,Automatic,first,hybrid
Volkswagen,4,30000.0,Automatic,second,petrol
Mahindra,3,41000.0,Manual,first,diesel
Maruti Suzuki,5,49805.0,Manual,first,petrol
Tata,8,72000.0,Manual,second,diesel
Maruti Suzuki,3,80000.0,Manual,first,hybrid/cng
Honda,6,76000.0,Automatic,second,petrol
MG,1,10500.0,Automatic,first,petrol
Toyota,11,150000.0,Manual,second,diesel
Maruti Suzuki,7,42000.0,Automatic,first,hybrid/cng
Toyota,1,6400.0,Automatic,first,diesel
Maruti Suzuki,4,95000.0,Automatic,first,hybrid
Maruti Suzuki,4,300000.0,Manual,first,petrol
Maruti Suzuki,6,66722.0,Manual,second,diesel
Volkswagen,5,47000.0,Manual,second,diesel
Honda,13,78000.0,Manual,second,petrol
Maruti Suzuki,6,55000.0,Automatic,first,hybrid
Maruti Suzuki,14,85600.0,Automatic,second,hybrid
Maruti Suzuki,8,82000.0,Automatic,first,petrol
Hyundai,7,90000.0,Automatic,second,diesel
Volkswagen,2,31000.0,Automatic,second,petrol
Hyundai,6,70111.0,Manual,first,diesel
Jaguar,6,75000.0,Automatic,first,diesel
Maruti Suzuki,3,12.0,Automatic,first,hybrid
Maruti Suzuki,13,90000.0,Manual,second,hybrid
Land Rover,9,82000.0,Automatic,first,diesel
Maruti Suzuki,6,62000.0,Manual,first,diesel
Honda,6,38000.0,Automatic,second,petrol
Maruti Suzuki,14,85448.0,Manual,second,hybrid
Honda,11,300000.0,Manual,first,petrol
Hyundai,10,41500.0,Manual,first,petrol
Maruti Suzuki,17,112085.0,Manual,second,petrol
Mahindra,13,165786.0,Manual,second,diesel
Maruti Suzuki,8,72000.0,Manual,second,hybrid
Hyundai,8,26000.0,Automatic,second,petrol
Ford,7,110000.0,Manual,first,diesel
Honda,9,52000.0,Manual,first,petrol
Ford,9,41000.0,Automatic,second,petrol
Toyota,1,300000.0,Automatic,first,hybrid
Maruti Suzuki,9,52000.0,Manual,first,petrol
Jaguar,6,28650.0,Automatic,second,petrol
Maruti Suzuki,6,51000.0,Manual,second,hybrid/cng
Maruti Suzuki,8,60000.0,Manual,second,hybrid/cng
MG,4,45000.0,Automatic,second,petrol
Honda,9,85000.0,Manual,second,diesel
Toyota,10,127000.0,Manual,second,diesel
Honda,7,24000.0,Automatic,second,petrol
Maruti Suzuki,9,300000.0,Manual,second,diesel
Hyundai,10,54000.0,Manual,second,petrol
Maruti Suzuki,7,55125.0,Manual,first,petrol
Maruti Suzuki,16,111400.0,Manual,second,petrol
Audi,9,89000.0,Automatic,second,diesel
Maruti Suzuki,2,27000.0,Manual,first,hybrid
Maruti Suzuki,0,22000.0,Automatic,first,hybrid
Hyundai,13,67000.0,Manual,first,petrol
Toyota,11,77000.0,Automatic,second,hybrid
Hyundai,5,19000.0,Automatic,first,hybrid
Hyundai,7,49700.0,Manual,first,petrol
Maruti Suzuki,9,81000.0,Manual,first,diesel
Maruti Suzuki,9,61000.0,Manual,second,diesel
Maruti Suzuki,7,43400.0,Automatic,first,petrol
Maruti Suzuki,8,90000.0,Manual,second,hybrid
Hyundai,4,105000.0,Manual,first,diesel
Maruti Suzuki,7,89000.0,Manual,second,petrol
Audi,2,28000.0,Automatic,first,petrol
Maruti Suzuki,14,300000.0,Manual,second,petrol
Maruti Suzuki,5,84999.0,Manual,second,hybrid
Maruti Suzuki,3,73000.0,Automatic,first,hybrid
Renault,10,100000.0,Manual,second,diesel
Toyota,10,168000.0,Manual,second,diesel
Hyundai,2,24512.0,Manual,first,petrol
Mercedes-Benz,8,28000.0,Automatic,first,diesel
Maruti Suzuki,8,104230.0,Automatic,second,hybrid
Skoda,7,87000.0,Automatic,second,diesel
Tata,7,49000.0,Automatic,second,petrol
Mercedes-Benz,6,38000.0,Automatic,second,diesel
Hyundai,2,49596.0,Manual,first,diesel
Maruti Suzuki,14,83.0,Automatic,second,hybrid
Honda,9,60000.0,Manual,second,petrol
Hyundai,13,70000.0,Automatic,first,hybrid/cng
Hyundai,8,35000.0,Manual,second,petrol
Toyota,0,18000.0,Automatic,first,hybrid/cng
Skoda,2,23000.0,Automatic,second,petrol
Maruti Suzuki,12,10000.0,Automatic,second,hybrid
Volkswagen,11,94685.0,Manual,second,diesel
Tata,13,138000.0,Manual,first,diesel
Toyota,10,125000.0,Manual,second,diesel
Audi,14,57000.0,Automatic,second,petrol
Honda,7,91000.0,Automatic,first,petrol
Maruti Suzuki,1,56000.0,Manual,first,petrol
Hyundai,1,19000.0,Manual,first,petrol
Maruti Suzuki,5,28000.0,Manual,first,hybrid
Maruti Suzuki,7,57500.0,Automatic,first,petrol
Maruti Suzuki,3,45000.0,Manual,second,hybrid
Maruti Suzuki,4,35000.0,Manual,first,petrol
Ford,6,90231.0,Automatic,second,petrol
Hyundai,11,72000.0,Automatic,second,petrol
Maruti Suzuki,5,58735.0,Automatic,first,hybrid
Maruti Suzuki,9,50000.0,Automatic,first,hybrid
Chevrolet,10,150000.0,Manual,second,diesel
Maruti Suzuki,1,31500.0,Manual,first,hybrid/cng
Mercedes-Benz,11,92000.0,Automatic,second,diesel
Maruti Suzuki,13,70000.0,Manual,second,diesel
Toyota,12,250000.0,Manual,second,diesel
Audi,11,250000.0,Manual,first,diesel
Renault,6,53000.0,Automatic,second,hybrid/cng
Toyota,2,5000.0,Automatic,first,petrol
Honda,12,60000.0,Manual,second,petrol
Hyundai,8,39451.0,Automatic,second,petrol
Hyundai,11,96000.0,Manual,first,diesel
Honda,2,9000.0,Automatic,first,hybrid/cng
Hyundai,0,3500.0,Automatic,first,petrol
Mahindra,5,99000.0,Automatic,first,diesel
Toyota,7,58000.0,Automatic,second,diesel
Honda,9,64000.0,Manual,first,petrol
Maruti Suzuki,6,44700.0,Automatic,second,petrol
Audi,7,29600.0,Automatic,second,diesel
Nissan,8,78000.0,Automatic,second,hybrid
Toyota,3,35000.0,Automatic,second,diesel
Renault,7,39000.0,Automatic,second,petrol
Honda,7,76000.0,Manual,first,hybrid/cng
Toyota,6,250000.0,Automatic,first,diesel
Honda,8,68000.0,Automatic,first,hybrid/cng
Maruti Suzuki,12,155000.0,Manual,second,diesel
Honda,11,66000.0,Manual,second,hybrid/cng
Maruti Suzuki,2,130000.0,Automatic,first,hybrid/cng
Tata,9,82000.0,Manual,first,diesel
Hyundai,2,18400.0,Automatic,first,petrol
Maruti Suzuki,11,78000.0,Manual,second,hybrid
Skoda,12,74000.0,Automatic,second,diesel
Maruti Suzuki,9,83000.0,Manual,second,diesel
Toyota,1,18500.0,Automatic,first,diesel
Maruti Suzuki,3,63000.0,Manual,first,hybrid/cng
Maruti Suzuki,14,78000.0,Manual,second,petrol
Maruti Suzuki,12,40000.0,Automatic,second,hybrid
Maruti Suzuki,15,72000.0,Manual,second,petrol
Hyundai,10,72000.0,Manual,first,petrol
Maruti Suzuki,6,72000.0,Manual,first,diesel
Skoda,11,300000.0,Manual,second,petrol
Maruti Suzuki,6,22595.0,Manual,first,petrol
Toyota,10,144500.0,Automatic,second,diesel
Audi,11,79000.0,Automatic,second,diesel
BMW,7,57000.0,Automatic,second,diesel
Honda,9,72500.0,Automatic,second,petrol
Honda,9,51000.0,Manual,second,petrol
Maruti Suzuki,9,300000.0,Automatic,first,petrol
Toyota,6,67000.0,Manual,first,hybrid/cng
Maruti Suzuki,9,80000.0,Manual,second,hybrid/cng
Honda,9,69000.0,Manual,first,diesel
Maruti Suzuki,4,36000.0,Automatic,first,hybrid/cng
MG,0,260.0,Manual,first,petrol
Tata,9,215000.0,Automatic,second,diesel
Hyundai,6,74000.0,Automatic,first,petrol
Maruti Suzuki,9,44000.0,Manual,first,hybrid/cng
Datsun,6,170000.0,Automatic,first,petrol
Hyundai,8,140000.0,Manual,second,hybrid
Mahindra,7,160000.0,Manual,second,diesel
Skoda,16,140000.0,Manual,second,diesel
Hyundai,11,80000.0,Automatic,second,petrol
Maruti Suzuki,6,48000.0,Automatic,first,hybrid
Maruti Suzuki,16,135000.0,Manual,second,hybrid/cng
Jaguar,11,50000.0,Automatic,second,diesel
Renault,8,77000.0,Manual,second,diesel
Maruti Suzuki,10,84000.0,Manual,second,petrol
Tata,4,39000.0,Manual,first,petrol
Porsche,13,60000.0,Automatic,second,petrol
Maruti Suzuki,6,140000.0,Manual,second,diesel
BMW,2,36000.0,Automatic,first,diesel
Skoda,2,48000.0,Manual,first,petrol
Maruti Suzuki,9,75000.0,Manual,second,hybrid
Maruti Suzuki,15,25.0,Automatic,second,hybrid
Toyota,3,57000.0,Automatic,first,diesel
Hyundai,6,30000.0,Manual,first,petrol
Maruti Suzuki,8,71200.0,Manual,second,hybrid
Tata,3,67000.0,Manual,first,diesel
Maruti Suzuki,2,80000.0,Automatic,second,hybrid/cng
Maruti Suzuki,8,148000.0,Automatic,first,hybrid
Maruti Suzuki,5,88000.0,Manual,first,hybrid
Toyota,2,51321.0,Manual,first,petrol
Maruti Suzuki,2,62001.0,Manual,first,hybrid
Honda,2,25000.0,Manual,first,petrol
Toyota,13,99000.0,Manual,second,diesel
Maruti Suzuki,6,76000.0,Automatic,second,hybrid/cng
Honda,6,82502.0,Manual,first,petrol
Mahindra,2,12000.0,Manual,first,petrol
Maruti Suzuki,6,150000.0,Manual,first,diesel
Tata,2,36000.0,Automatic,first,petrol
Tata,10,131000.0,Automatic,first,diesel
Maruti Suzuki,10,74000.0,Manual,second,petrol
Mercedes-Benz,9,73000.0,Automatic,second,diesel
Hyundai,2,170000.0,Manual,first,petrol
Hyundai,1,10000.0,Manual,first,petrol
Toyota,6,38000.0,Automatic,first,diesel
Honda,5,54057.0,Automatic,second,hybrid
Hyundai,6,49001.0,Automatic,second,petrol
BMW,8,5300.0,Automatic,first,petrol
Tata,3,129000.0,Automatic,first,diesel
Maruti Suzuki,6,72000.0,Automatic,first,petrol
Renault,11,95000.0,Manual,first,diesel
Toyota,9,198000.0,Manual,first,diesel
Maruti Suzuki,6,38000.0,Automatic,second,petrol
Hyundai,2,42000.0,Manual,first,petrol
Toyota,5,40000.0,Automatic,first,petrol
Maruti Suzuki,5,63000.0,Automatic,first,hybrid
Hyundai,6,67000.0,Manual,first,hybrid
Hyundai,4,75000.0,Automatic,second,hybrid
Maruti Suzuki,3,75000.0,Manual,first,hybrid/cng
Toyota,11,250000.0,Manual,second,diesel
Maruti Suzuki,0,8000.0,Manual,first,hybrid
Maruti Suzuki,16,54000.0,Manual,first,hybrid/cng
BMW,10,89000.0,Automatic,first,diesel
Hyundai,14,18.0,Automatic,second,hybrid/cng
Chevrolet,14,70000.0,Automatic,second,diesel
BMW,5,35833.0,Automatic,first,diesel
Hyundai,5,71000.0,Manual,first,hybrid/cng
Renault,5,79200.0,Automatic,first,diesel
Honda,8,71000.0,Automatic,second,hybrid
Maruti Suzuki,5,48000.0,Automatic,first,petrol
Hyundai,11,44000.0,Automatic,second,hybrid
Hyundai,11,56000.0,Manual,second,petrol
Maruti Suzuki,9,61000.0,Automatic,second,hybrid/cng
Maruti Suzuki,15,95334.0,Manual,first,hybrid/cng
Maruti Suzuki,1,19500.0,Automatic,first,petrol
Maruti Suzuki,8,300000.0,Automatic,second,petrol
Toyota,10,195000.0,Automatic,second,diesel
Hyundai,5,40000.0,Automatic,second,hybrid/cng
Maruti Suzuki,5,58100.0,Automatic,first,hybrid
Mahindra,8,56000.0,Manual,second,diesel
Chevrolet,9,116000.0,Manual,second,diesel
Maruti Suzuki,7,65000.0,Manual,first,petrol
Toyota,10,190000.0,Automatic,first,hybrid/cng
Jeep,7,82000.0,Manual,second,diesel
Renault,5,71000.0,Automatic,first,diesel
Ford,5,60000.0,Automatic,first,diesel
Maruti Suzuki,6,90000.0,Manual,second,hybrid/cng
Maruti Suzuki,3,53000.0,Automatic,second,hybrid/cng
Maruti Suzuki,11,70000.0,Manual,second,diesel
Hyundai,7,52582.0,Manual,first,hybrid
Hyundai,15,103000.0,Manual,second,hybrid/cng
Hyundai,5,300000.0,Manual,first,diesel
BMW,12,75000.0,Automatic,second,diesel
Tata,5,86094.0,Manual,first,diesel
Renault,10,1520.0,Manual,second,diesel
Maruti Suzuki,7,40500.0,Manual,second,petrol
Mahindra,8,80000.0,Manual,second,diesel
Hyundai,11,50000.0,Manual,first,hybrid/cng
Hyundai,9,100900.0,Automatic,second,diesel
Land Rover,9,110000.0,Automatic,second,diesel
Tata,6,65000.0,Automatic,first,hybrid
Hyundai,11,90000.0,Manual,second,diesel
Toyota,11,132000.0,Manual,second,diesel
Hyundai,10,85000.0,Manual,second,hybrid
Maruti Suzuki,9,85000.0,Manual,first,petrol
Hyundai,10,70900.0,Manual,first,hybrid/cng
Maruti Suzuki,9,83500.0,Manual,first,hybrid/cng
Hyundai,10,300000.0,Manual,second,hybrid
Toyota,7,87050.0,Automatic,second,hybrid
Isuzu,4,300000.0,Manual,first,diesel
Maruti Suzuki,7,11050.0,Manual,second,petrol
Honda,10,68000.0,Manual,second,hybrid/cng
Tata,5,26000.0,Automatic,first,petrol
Maruti Suzuki,14,70000.0,Manual,second,petrol
Maruti Suzuki,12,252000.0,Automatic,first,hybrid
Kia,2,23000.0,Automatic,first,petrol
Porsche,3,39000.0,Automatic,second,petrol
Chevrolet,8,78000.0,Automatic,second,diesel
Hyundai,6,79200.0,Manual,first,diesel
Maruti Suzuki,12,97000.0,Manual,second,diesel
Maruti Suzuki,5,61000.0,Automatic,first,petrol
Fiat,14,112000.0,Manual,second,diesel
Honda,10,69700.0,Manual,second,petrol
Maruti Suzuki,17,75000.0,Manual,second,hybrid/cng
Maruti Suzuki,8,72500.0,Automatic,first,hybrid/cng
Hyundai,11,96849.0,Manual,second,petrol
Maruti Suzuki,12,243000.0,Manual,second,diesel
Honda,16,114000.0,Automatic,second,hybrid/cng
Toyota,8,148000.0,Manual,first,diesel
Honda,14,109000.0,Automatic,second,hybrid
Honda,7,100000.0,Automatic,second,hybrid/cng
Hyundai,17,52000.0,Manual,first,petrol
Honda,10,95000.0,Manual,first,diesel
Tata,5,40000.0,Automatic,second,petrol
Ford,7,89560.0,Automatic,second,diesel
Renault,7,60000.0,Manual,second,hybrid
Maruti Suzuki,5,91000.0,Manual,first,diesel
BMW,6,62000.0,Automatic,first,petrol
Jeep,2,39000.0,Automatic,first,petrol
Mercedes-Benz,5,32354.0,Automatic,first,petrol
Maruti Suzuki,8,71000.0,Manual,second,petrol
Chevrolet,13,34000.0,Manual,first,hybrid
Maruti Suzuki,2,26000.0,Automatic,second,petrol
Maruti Suzuki,3,29000.0,Manual,first,hybrid/cng
Maruti Suzuki,11,80000.0,Manual,first,hybrid/cng
Ford,7,24000.0,Automatic,first,petrol
Mercedes-Benz,0,15000.0,Automatic,first,diesel
Mercedes-Benz,16,140000.0,Automatic,second,petrol
Mahindra,10,10.0,Automatic,second,diesel
Renault,4,260000.0,Automatic,first,petrol
Maruti Suzuki,17,60000.0,Manual,second,hybrid/cng
Maruti Suzuki,8,128000.0,Manual,first,diesel
Maruti Suzuki,10,106000.0,Manual,second,hybrid/cng
Maruti Suzuki,5,49000.0,Automatic,first,petrol
Maruti Suzuki,4,70000.0,Manual,first,hybrid/cng
Maruti Suzuki,17,103300.0,Manual,second,petrol
Maruti Suzuki,2,25200.0,Automatic,first,petrol
Maruti Suzuki,0,10000.0,Automatic,first,hybrid/cng
Hyundai,3,55000.0,Manual,first,hybrid/cng
Maruti Suzuki,7,81000.0,Manual,second,petrol
BMW,12,65000.0,Automatic,second,diesel
Hyundai,2,31000.0,Automatic,first,petrol
Maruti Suzuki,6,86000.0,Manual,second,petrol
Volkswagen,12,47000.0,Manual,first,diesel
Skoda,14,81000.0,Automatic,second,diesel
Mahindra,3,14000.0,Automatic,first,diesel
Hyundai,11,88000.0,Manual,first,diesel
Maruti Suzuki,2,76000.0,Manual,first,petrol
Maruti Suzuki,14,75000.0,Manual,second,hybrid
Hyundai,9,73000.0,Manual,second,petrol
Maruti Suzuki,10,70000.0,Automatic,second,petrol
Honda,12,66147.0,Automatic,second,petrol
Mahindra,3,2500.0,Automatic,first,diesel
Maruti Suzuki,1,40000.0,Manual,second,hybrid/cng
Maruti Suzuki,13,78000.0,Manual,second,hybrid
Maruti Suzuki,4,93000.0,Manual,first,hybrid/cng
Audi,12,119812.0,Automatic,second,diesel
Maruti Suzuki,9,46545.0,Manual,first,petrol
Renault,5,36000.0,Manual,second,petrol
Honda,11,56000.0,Manual,second,hybrid/cng
Volkswagen,4,87244.0,Manual,first,petrol
Kia,4,33000.0,Manual,first,petrol
Nissan,13,88000.0,Automatic,second,hybrid
Maruti Suzuki,7,70000.0,Automatic,first,hybrid
Hyundai,7,67000.0,Automatic,first,petrol
Toyota,2,11500.0,Automatic,first,petrol
Tata,12,98000.0,Manual,second,petrol
Renault,8,82000.0,Manual,first,diesel
Mahindra,13,95000.0,Manual,second,diesel
Honda,7,59000.0,Automatic,first,petrol
Maruti Suzuki,6,70000.0,Automatic,first,petrol
Maruti Suzuki,8,74000.0,Manual,second,hybrid
Maruti Suzuki,17,111702.0,Manual,second,petrol
Chevrolet,14,25000.0,Manual,second,petrol
Maruti Suzuki,18,20024.0,Manual,first,petrol
Maruti Suzuki,10,97694.0,Manual,second,hybrid/cng
Maruti Suzuki,9,87000.0,Manual,first,diesel
Maruti Suzuki,20,59000.0,Manual,second,petrol
Mercedes-Benz,8,95000.0,Automatic,first,diesel
Hyundai,5,42000.0,Manual,first,hybrid/cng
Mahindra,11,95000.0,Manual,second,diesel
Hyundai,6,300000.0,Manual,first,petrol
Mahindra,9,71000.0,Manual,second,diesel
Maruti Suzuki,1,52895.0,Manual,first,petrol
Honda,16,99800.0,Automatic,second,hybrid
Honda,8,71000.0,Automatic,second,petrol
Maruti Suzuki,8,80000.0,Automatic,second,hybrid/cng
Maruti Suzuki,7,62000.0,Automatic,second,petrol
Maruti Suzuki,9,45000.0,Manual,first,hybrid/cng
Maruti Suzuki,10,17000.0,Automatic,second,petrol
Maruti Suzuki,2,40000.0,Manual,first,hybrid/cng
Hyundai,12,68000.0,Automatic,second,petrol
Renault,5,160000.0,Automatic,first,petrol
Maruti Suzuki,1,47000.0,Automatic,first,hybrid
Honda,11,46000.0,Automatic,second,petrol
Maruti Suzuki,6,75046.0,Manual,first,hybrid
Audi,11,102000.0,Automatic,second,diesel
BMW,3,18800.0,Automatic,first,petrol
Nissan,10,50000.0,Manual,first,diesel
Ford,5,85000.0,Automatic,second,diesel
Ford,5,15000.0,Manual,second,petrol
Maruti Suzuki,2,40000.0,Automatic,first,petrol
Hyundai,11,68000.0,Automatic,first,petrol
Tata,6,61000.0,Automatic,first,hybrid/cng
Ford,10,102000.0,Manual,second,diesel
Tata,3,71000.0,Automatic,first,diesel
Hyundai,0,4000.0,Automatic,first,petrol
Hyundai,8,24500.0,Automatic,second,hybrid/cng
Maruti Suzuki,2,52000.0,Manual,first,petrol
Mercedes-Benz,7,52000.0,Automatic,second,diesel
Toyota,10,75000.0,Manual,second,diesel
Maruti Suzuki,8,81000.0,Automatic,second,petrol
Maruti Suzuki,7,43000.0,Manual,first,hybrid/cng
Maruti Suzuki,2,290000.0,Manual,first,hybrid
Maruti Suzuki,14,76926.0,Manual,first,petrol
Skoda,10,92000.0,Automatic,second,petrol
Maruti Suzuki,15,150.0,Manual,second,petrol
Maruti Suzuki,13,45000.0,Manual,first,diesel
Honda,5,13151.0,Automatic,first,petrol
Nissan,7,70805.0,Automatic,second,petrol
Honda,13,77000.0,Automatic,second,hybrid/cng
Volkswagen,13,110000.0,Manual,second,diesel
Maruti Suzuki,17,85000.0,Manual,second,petrol
Toyota,2,40000.0,Automatic,second,petrol
Maruti Suzuki,15,95000.0,Manual,second,petrol
Mahindra,2,20545.0,Manual,second,diesel
Hyundai,14,100000.0,Automatic,second,hybrid
Maruti Suzuki,17,77000.0,Manual,second,hybrid
Kia,3,34500.0,Automatic,second,diesel
Honda,14,62000.0,Automatic,second,petrol
Maruti Suzuki,21,58000.0,Manual,second,hybrid
Jaguar,8,24000.0,Automatic,first,petrol
Maruti Suzuki,4,41000.0,Manual,first,hybrid
Hyundai,3,34500.0,Automatic,first,petrol
Kia,4,45759.0,Automatic,first,petrol
Honda,9,35000.0,Manual,first,petrol
Toyota,1,30000.0,Automatic,second,petrol
Hyundai,14,100000.0,Automatic,second,hybrid
Hyundai,9,57000.0,Manual,second,petrol
Maruti Suzuki,19,98000.0,Manual,second,petrol
Hyundai,10,62000.0,Manual,second,petrol
Maruti Suzuki,2,33000.0,Automatic,first,petrol
Volkswagen,9,103000.0,Automatic,first,diesel
Chevrolet,14,93000.0,Manual,second,petrol
Maruti Suzuki,6,41243.0,Automatic,first,petrol
BMW,2,140000.0,Automatic,first,diesel
Mahindra,9,68000.0,Manual,first,diesel
Hyundai,8,72000.0,Automatic,first,diesel
Maruti Suzuki,0,1100.0,Manual,first,hybrid
Hyundai,7,89000.0,Automatic,first,diesel
Tata,10,74000.0,Manual,first,hybrid/cng
Honda,10,70000.0,Automatic,second,petrol
Mahindra,16,78000.0,Manual,second,diesel
Maruti Suzuki,10,60000.0,Automatic,second,hybrid
Mitsubishi,14,100000.0,Automatic,second,petrol
Maruti Suzuki,1,53000.0,Manual,first,hybrid
Honda,8,66000.0,Automatic,second,petrol
Maruti Suzuki,1,4900.0,Automatic,first,petrol
Ford,5,41868.0,Automatic,first,hybrid/cng
Volkswagen,9,57000.0,Manual,first,diesel
Hyundai,10,52000.0,Manual,first,petrol
Maruti Suzuki,6,19000.0,Automatic,first,petrol
Maruti Suzuki,8,77000.0,Automatic,second,hybrid/cng
Skoda,11,151000.0,Manual,second,diesel
Maruti Suzuki,6,75000.0,Manual,second,diesel
Maruti Suzuki,11,42000.0,Manual,second,petrol
Hyundai,12,72000.0,Manual,second,hybrid
Maruti Suzuki,12,200000.0,Manual,second,diesel
Toyota,5,28146.0,Manual,first,petrol
Maruti Suzuki,7,42000.0,Automatic,first,hybrid
Maruti Suzuki,3,88000.0,Automatic,first,petrol
Mercedes-Benz,2,220000.0,Automatic,first,diesel
Honda,9,82000.0,Manual,second,hybrid/cng
Honda,7,55000.0,Automatic,second,petrol
Hyundai,8,68000.0,Manual,first,petrol
Mercedes-Benz,6,70000.0,Automatic,first,diesel
Maruti Suzuki,8,54615.0,Manual,first,petrol
Maruti Suzuki,7,54000.0,Automatic,first,diesel
Ford,4,46000.0,Automatic,second,diesel
BMW,7,65000.0,Automatic,second,diesel
Maruti Suzuki,2,40000.0,Automatic,first,petrol
Maruti Suzuki,8,160000.0,Manual,second,diesel
Maruti Suzuki,7,31000.0,Manual,first,hybrid
Hyundai,3,11000.0,Manual,first,petrol
Maruti Suzuki,6,40500.0,Manual,second,petrol
Maruti Suzuki,8,52000.0,Automatic,second,hybrid
Kia,3,37000.0,Automatic,first,petrol
Maruti Suzuki,9,45000.0,Manual,second,petrol
BMW,9,105000.0,Automatic,second,diesel
Hyundai,11,104283.0,Manual,second,diesel
Toyota,5,150000.0,Automatic,first,diesel
Honda,12,47000.0,Automatic,second,petrol
Hyundai,5,47000.0,Automatic,second,hybrid/cng
Maruti Suzuki,2,9850.0,Manual,first,petrol
Audi,11,99990.0,Automatic,second,diesel
Maruti Suzuki,14,100000.0,Manual,second,diesel
Honda,12,75000.0,Manual,second,hybrid
Maruti Suzuki,13,110000.0,Automatic,second,hybrid
Hyundai,13,82000.0,Manual,second,hybrid/cng
MG,1,24000.0,Automatic,first,petrol
Hyundai,4,95000.0,Manual,first,diesel
Mercedes-Benz,2,20400.0,Automatic,first,diesel
Kia,3,49000.0,Automatic,first,petrol
Maruti Suzuki,12,75000.0,Manual,second,hybrid
Mahindra,9,267000.0,Manual,second,diesel
Hyundai,11,78000.0,Manual,second,petrol
Hyundai,3,29168.0,Automatic,first,diesel
Mahindra,4,76108.0,Automatic,first,diesel
Maruti Suzuki,4,37000.0,Manual,first,petrol
Mini,9,300000.0,Automatic,first,diesel
Hyundai,7,300000.0,Manual,first,hybrid/cng
Maruti Suzuki,6,94000.0,Automatic,first,hybrid/cng
Honda,13,120000.0,Manual,first,petrol
Maruti Suzuki,6,70000.0,Manual,first,petrol
Maruti Suzuki,10,124000.0,Manual,second,diesel
Tata,2,43000.0,Manual,first,hybrid/cng
Hyundai,15,140000.0,Automatic,second,hybrid
Maruti Suzuki,6,46000.0,Automatic,second,petrol
Maruti Suzuki,19,20000.0,Automatic,first,hybrid
Toyota,6,90000.0,Automatic,second,diesel
Tata,4,61000.0,Automatic,first,hybrid
Hyundai,3,14125.0,Manual,first,petrol
Mahindra,2,21700.0,Automatic,second,diesel
Ford,8,88500.0,Automatic,second,diesel
Skoda,8,60000.0,Automatic,second,petrol
Tata,12,190000.0,Manual,first,diesel
Mercedes-Benz,8,39000.0,Automatic,second,diesel
Maruti Suzuki,1,13000.0,Automatic,first,petrol
Kia,3,45500.0,Automatic,second,diesel
Land Rover,3,37000.0,Automatic,second,diesel
Tata,6,98000.0,Manual,first,diesel
Skoda,8,99000.0,Automatic,first,petrol
Maruti Suzuki,6,62000.0,Automatic,second,petrol
Hyundai,15,50000.0,Automatic,first,hybrid/cng
Hyundai,13,51000.0,Manual,second,petrol
Maruti Suzuki,13,106000.0,Automatic,first,hybrid/cng
Maruti Suzuki,9,81000.0,Automatic,second,hybrid
Volvo,2,20591.0,Automatic,first,hybrid/cng
Toyota,9,139000.0,Manual,first,diesel
Maruti Suzuki,2,40600.0,Manual,first,hybrid
Hyundai,12,98000.0,Manual,second,diesel
Maruti Suzuki,3,31000.0,Manual,first,petrol
Maruti Suzuki,0,9000.0,Manual,first,petrol
Mercedes-Benz,8,73000.0,Automatic,first,diesel
Toyota,15,92000.0,Automatic,second,hybrid
Tata,10,112000.0,Automatic,second,diesel
Maruti Suzuki,4,138000.0,Automatic,first,hybrid/cng
Mercedes-Benz,8,80000.0,Automatic,second,diesel
Hyundai,5,56000.0,Automatic,first,hybrid/cng
Hyundai,10,58000.0,Manual,first,hybrid
Hyundai,6,51000.0,Manual,first,petrol
Maruti Suzuki,4,120000.0,Manual,second,hybrid/cng
Maruti Suzuki,10,84000.0,Manual,second,petrol
Maruti Suzuki,7,78647.0,Manual,second,hybrid/cng
Mercedes-Benz,11,52000.0,Automatic,first,petrol
Maruti Suzuki,9,113000.0,Manual,second,diesel
Hyundai,7,56000.0,Manual,second,petrol
Toyota,0,500.0,Automatic,first,hybrid
Maruti Suzuki,5,63000.0,Manual,second,hybrid/cng
Toyota,11,180555.0,Manual,second,diesel
Maruti Suzuki,7,62000.0,Automatic,first,petrol
Maruti Suzuki,5,27000.0,Automatic,first,petrol
Land Rover,6,28847.0,Automatic,first,diesel
Maruti Suzuki,4,78000.0,Automatic,first,petrol
Hyundai,9,96000.0,Manual,second,diesel
Jaguar,9,53000.0,Manual,second,diesel
Maruti Suzuki,7,87000.0,Automatic,first,petrol
Land Rover,5,97000.0,Automatic,second,diesel
Toyota,3,90000.0,Automatic,first,diesel
Maruti Suzuki,4,90000.0,Manual,second,hybrid
Tata,4,290000.0,Manual,first,diesel
Ford,13,70000.0,Manual,second,diesel
Maruti Suzuki,3,170000.0,Automatic,first,hybrid/cng
Renault,10,105000.0,Manual,second,diesel
Volkswagen,6,141000.0,Automatic,second,diesel
Renault,4,23000.0,Automatic,first,petrol
Mahindra,9,290000.0,Manual,second,diesel
Tata,1,41000.0,Manual,first,diesel
Maruti Suzuki,6,45617.0,Automatic,first,petrol
Mercedes-Benz,5,300000.0,Automatic,first,diesel
Maruti Suzuki,1,19000.0,Manual,first,petrol
Maruti Suzuki,10,120000.0,Automatic,first,hybrid
Hyundai,9,75000.0,Automatic,second,diesel
Maruti Suzuki,8,91000.0,Manual,second,hybrid/cng
Hyundai,4,72000.0,Automatic,second,petrol
Kia,4,77000.0,Automatic,first,diesel
Skoda,9,39500.0,Manual,second,petrol
Tata,7,81000.0,Manual,second,diesel
Jeep,7,55000.0,Automatic,second,petrol
Kia,4,80000.0,Manual,second,diesel
Renault,5,65142.0,Manual,second,petrol
Ford,9,112000.0,Manual,first,diesel
Maruti Suzuki,0,5000.0,Manual,first,hybrid/cng
Honda,17,95000.0,Manual,second,petrol
Mahindra,3,20000.0,Automatic,second,petrol
Hyundai,8,62000.0,Manual,second,petrol
Honda,9,72000.0,Manual,second,diesel
Maruti Suzuki,1,42000.0,Automatic,first,hybrid/cng
Mercedes-Benz,4,49000.0,Automatic,first,petrol
Mahindra,8,90000.0,Automatic,first,diesel
Toyota,8,39000.0,Automatic,first,petrol
Hyundai,12,120000.0,Automatic,second,diesel
Honda,5,129000.0,Automatic,second,petrol
Fiat,10,90000.0,Manual,first,hybrid
Maruti Suzuki,19,52000.0,Manual,first,petrol
Honda,9,71000.0,Automatic,first,hybrid
MG,2,47200.0,Automatic,first,petrol
Honda,6,58000.0,Automatic,first,petrol
Maruti Suzuki,4,22000.0,Manual,second,petrol
Skoda,14,125000.0,Automatic,second,petrol
Ford,5,45000.0,Manual,second,petrol
Maruti Suzuki,7,140000.0,Manual,first,hybrid/cng
BMW,5,90000.0,Automatic,second,diesel
BMW,6,80000.0,Automatic,second,diesel
Hyundai,9,60000.0,Manual,second,hybrid/cng
Hyundai,5,82000.0,Manual,first,hybrid/cng
Mercedes-Benz,12,59695.0,Automatic,second,diesel
Hyundai,11,66500.0,Manual,first,petrol
Maruti Suzuki,10,82000.0,Manual,first,diesel
Mercedes-Benz,6,39507.0,Automatic,first,petrol
Maruti Suzuki,10,60000.0,Manual,first,diesel
Maruti Suzuki,4,52300.0,Manual,first,hybrid/cng
Maruti Suzuki,7,90000.0,Automatic,second,hybrid
Jeep,6,300000.0,Automatic,first,petrol
Renault,9,78000.0,Manual,first,diesel
Maruti Suzuki,5,82000.0,Manual,first,diesel
Honda,6,46000.0,Manual,first,hybrid
Mercedes-Benz,5,51000.0,Automatic,second,petrol
Maruti Suzuki,9,97856.0,Automatic,first,petrol
Maruti Suzuki,7,78000.0,Automatic,first,hybrid/cng
Hyundai,14,85000.0,Manual,first,petrol
Honda,10,110000.0,Manual,first,petrol
Maruti Suzuki,4,300000.0,Manual,first,petrol
Honda,10,40000.0,Manual,second,petrol
Volvo,4,36000.0,Automatic,first,diesel
Maruti Suzuki,5,25000.0,Automatic,first,petrol
Maruti Suzuki,1,37000.0,Automatic,second,petrol
Maruti Suzuki,4,63500.0,Manual,first,hybrid/cng
Honda,13,100000.0,Manual,second,petrol
Honda,16,71500.0,Manual,second,petrol
Hyundai,3,20000.0,Manual,first,petrol
Hyundai,4,43772.0,Automatic,first,petrol
Chevrolet,12,65000.0,Manual,first,diesel
Maruti Suzuki,7,78412.0,Automatic,first,petrol
Maruti Suzuki,7,93000.0,Manual,second,petrol
Honda,4,11000.0,Manual,first,petrol
Tata,5,48000.0,Manual,first,diesel
Maruti Suzuki,15,115000.0,Manual,first,hybrid
Maruti Suzuki,4,75000.0,Manual,second,hybrid/cng
Honda,10,67000.0,Automatic,first,petrol
Maruti Suzuki,10,31000.0,Automatic,second,petrol
Ford,13,120000.0,Manual,second,diesel
Renault,6,60000.0,Automatic,first,petrol
Maruti Suzuki,10,168000.0,Manual,second,diesel
Maruti Suzuki,11,73000.0,Manual,second,diesel
Ford,6,40230.0,Automatic,first,hybrid/cng
Chevrolet,10,72400.0,Automatic,first,diesel
Maruti Suzuki,8,65000.0,Manual,second,hybrid/cng
Tata,6,103000.0,Automatic,second,diesel
Maruti Suzuki,11,44000.0,Automatic,first,hybrid
Skoda,7,85000.0,Automatic,first,petrol
Maruti Suzuki,3,19000.0,Automatic,second,petrol
Maruti Suzuki,5,88000.0,Automatic,first,hybrid/cng
Maruti Suzuki,5,30.0,Automatic,second,hybrid
Mahindra,5,68000.0,Manual,first,hybrid
Honda,3,7500.0,Manual,second,petrol
Renault,8,53805.0,Manual,second,petrol
Mahindra,2,32500.0,Automatic,first,diesel
Maruti Suzuki,0,12000.0,Automatic,first,hybrid
Toyota,13,70000.0,Manual,second,hybrid/cng
Hyundai,9,122000.0,Manual,second,petrol
Maruti Suzuki,10,113000.0,Manual,first,hybrid
Maruti Suzuki,6,87000.0,Automatic,second,diesel
Hyundai,9,27.0,Manual,second,diesel
Tata,7,82010.0,Manual,second,hybrid/cng
Toyota,3,33000.0,Automatic,first,diesel
Maruti Suzuki,9,82000.0,Manual,second,diesel
Maruti Suzuki,5,300000.0,Automatic,first,petrol
Hyundai,8,65000.0,Manual,second,petrol
Renault,7,57990.0,Automatic,first,diesel
Maruti Suzuki,11,98000.0,Manual,second,diesel
Volkswagen,8,144.0,Manual,second,diesel
Honda,10,75000.0,Automatic,first,petrol
Hyundai,8,101724.0,Manual,second,diesel
Maruti Suzuki,3,47000.0,Manual,first,hybrid
Toyota,16,300000.0,Manual,second,diesel
Hyundai,7,72400.0,Automatic,second,diesel
Hyundai,8,63000.0,Manual,second,hybrid/cng
Toyota,15,75000.0,Manual,second,hybrid
Hyundai,7,42000.0,Manual,first,hybrid/cng
Toyota,7,145000.0,Manual,second,diesel
Maruti Suzuki,10,52000.0,Manual,second,petrol
Hyundai,14,25.0,Automatic,first,hybrid/cng
BMW,12,87585.0,Automatic,first,diesel
Toyota,18,190000.0,Manual,second,diesel
Maruti Suzuki,6,40000.0,Automatic,first,hybrid
MG,1,27002.0,Automatic,first,petrol
Maruti Suzuki,15,69000.0,Manual,second,petrol
Maruti Suzuki,2,47000.0,Manual,first,hybrid
Mercedes-Benz,2,16500.0,Automatic,first,diesel
Maruti Suzuki,3,32000.0,Manual,first,hybrid
Maruti Suzuki,3,35000.0,Manual,first,petrol
Hyundai,14,32308.0,Manual,first,petrol
Maruti Suzuki,7,134000.0,Manual,second,diesel
Hyundai,7,41435.0,Manual,first,petrol
Hyundai,5,69000.0,Automatic,first,petrol
Maruti Suzuki,5,62000.0,Manual,first,petrol
Toyota,3,16500.0,Automatic,second,petrol
Hyundai,9,57000.0,Manual,second,hybrid
Maruti Suzuki,6,34000.0,Automatic,first,petrol
Volkswagen,14,70000.0,Manual,second,hybrid/cng
Ford,5,41538.0,Automatic,first,hybrid/cng
Hyundai,11,70922.0,Manual,second,petrol
Skoda,9,140000.0,Manual,second,diesel
Hyundai,4,51500.0,Automatic,second,petrol
Bajaj,5,31000.0,Manual,second,hybrid/cng
Hyundai,4,45000.0,Automatic,first,hybrid
MG,1,10300.0,Automatic,second,petrol
Maruti Suzuki,8,300000.0,Manual,second,hybrid/cng
Ford,15,95000.0,Manual,second,diesel
Chevrolet,13,90450.0,Automatic,second,hybrid/cng
Honda,6,61000.0,Manual,first,diesel
Toyota,25,30000.0,Automatic,first,petrol
Renault,5,30000.0,Automatic,first,hybrid
Mahindra,0,1450.0,Automatic,first,diesel
Hyundai,10,102000.0,Automatic,second,petrol
BMW,2,26000.0,Automatic,first,petrol
Hyundai,2,59000.0,Automatic,first,hybrid/cng
BMW,10,83000.0,Automatic,first,diesel
Maruti Suzuki,4,33000.0,Manual,first,petrol
Mahindra,1,4400.0,Automatic,second,petrol
Honda,14,86000.0,Automatic,second,petrol
Audi,12,85000.0,Automatic,second,diesel
Mahindra,9,92000.0,Manual,second,diesel
Mahindra,8,67000.0,Manual,second,diesel
BMW,10,60000.0,Automatic,second,diesel
Maruti Suzuki,7,22270.0,Manual,first,petrol
Volkswagen,6,48000.0,Automatic,first,petrol
Toyota,18,200000.0,Manual,second,diesel
Honda,8,62000.0,Automatic,second,petrol
Maruti Suzuki,7,69053.0,Manual,second,petrol
Hyundai,8,95000.0,Manual,second,diesel
Hyundai,12,73000.0,Manual,second,diesel
Mercedes-Benz,5,32000.0,Automatic,first,diesel
Mahindra,12,175000.0,Manual,first,diesel
Hyundai,2,27000.0,Automatic,second,petrol
Hyundai,11,300000.0,Manual,first,petrol
Jeep,4,300000.0,Automatic,first,petrol
Maruti Suzuki,6,80000.0,Automatic,first,petrol
Maruti Suzuki,10,45000.0,Manual,second,hybrid
Ford,3,78000.0,Automatic,first,diesel
Maruti Suzuki,8,96000.0,Manual,second,diesel
Maruti Suzuki,1,34000.0,Automatic,first,hybrid
Hyundai,5,48000.0,Manual,first,hybrid/cng
Ford,7,51421.0,Manual,first,diesel
Maruti Suzuki,16,89000.0,Manual,second,diesel
Mahindra,4,78000.0,Manual,first,diesel
Mahindra,7,75000.0,Manual,first,diesel
Mercedes-Benz,9,82000.0,Automatic,second,diesel
Mercedes-Benz,13,60000.0,Automatic,first,petrol
Tata,3,30000.0,Manual,second,diesel
Honda,7,64100.0,Automatic,first,petrol
Hyundai,11,75000.0,Automatic,second,hybrid
Maruti Suzuki,7,85000.0,Automatic,second,hybrid/cng
Maruti Suzuki,8,300000.0,Manual,first,hybrid
Maruti Suzuki,8,300000.0,Automatic,second,petrol
Toyota,9,85000.0,Automatic,first,diesel
Maruti Suzuki,3,52000.0,Manual,second,petrol
Toyota,5,53000.0,Manual,first,diesel
Honda,12,60000.0,Automatic,second,hybrid
Hyundai,10,75000.0,Manual,first,hybrid
Renault,7,63663.0,Automatic,second,petrol
Maruti Suzuki,9,300000.0,Automatic,first,petrol
Maruti Suzuki,6,108000.0,Manual,first,petrol
BMW,5,300000.0,Automatic,first,petrol
Hyundai,7,82000.0,Automatic,second,hybrid/cng
Honda,6,93000.0,Automatic,first,hybrid/cng
Honda,14,96000.0,Automatic,second,hybrid/cng
Hyundai,12,77000.0,Manual,first,petrol
Tata,6,98000.0,Automatic,first,diesel
Chevrolet,14,56700.0,Automatic,second,petrol
Maruti Suzuki,4,41000.0,Automatic,second,hybrid/cng
Hyundai,9,83000.0,Manual,second,hybrid
Kia,1,2400.0,Automatic,first,diesel
Hyundai,5,76000.0,Automatic,first,hybrid
Hyundai,9,54000.0,Manual,first,petrol
Honda,8,93000.0,Automatic,second,hybrid
BMW,8,63000.0,Automatic,second,diesel
Toyota,2,29000.0,Automatic,first,hybrid/cng
Toyota,10,70000.0,Automatic,second,petrol
Mahindra,6,84000.0,Manual,first,diesel
Honda,14,97000.0,Automatic,second,hybrid
Maruti Suzuki,13,78000.0,Automatic,first,hybrid/cng
Maruti Suzuki,5,34000.0,Manual,first,hybrid/cng
Maruti Suzuki,4,36232.0,Automatic,first,petrol
Renault,7,22000.0,Manual,second,petrol
Mercedes-Benz,7,36250.0,Automatic,second,petrol
Maruti Suzuki,1,11000.0,Automatic,first,petrol
Hyundai,7,40000.0,Automatic,first,petrol
Audi,6,35000.0,Automatic,first,diesel
Toyota,11,110000.0,Manual,second,diesel
Honda,16,98000.0,Automatic,second,hybrid/cng
Toyota,13,128000.0,Manual,first,diesel
Mahindra,4,70000.0,Manual,second,diesel
Hyundai,8,64000.0,Automatic,second,petrol
Toyota,8,95000.0,Manual,first,diesel
Tata,8,110818.0,Manual,second,petrol
BMW,3,32000.0,Automatic,second,petrol
Hyundai,5,59000.0,Manual,first,petrol
Ford,16,122000.0,Manual,second,petrol
Maruti Suzuki,7,75000.0,Automatic,second,petrol
Ford,8,71000.0,Manual,second,diesel
Maruti Suzuki,14,8000.0,Automatic,second,petrol
Mahindra,4,93000.0,Manual,second,diesel
Maruti Suzuki,10,72000.0,Automatic,first,petrol
Hyundai,10,72000.0,Manual,second,diesel
Audi,10,79000.0,Automatic,second,diesel
Honda,10,68700.0,Manual,second,petrol
Mercedes-Benz,9,77000.0,Automatic,second,diesel
Maruti Suzuki,6,55000.0,Manual,first,petrol
Hyundai,19,90000.0,Manual,second,petrol
Tata,14,58000.0,Manual,second,petrol
Maruti Suzuki,12,100000.0,Manual,second,petrol
Volkswagen,2,30000.0,Automatic,first,petrol
Mahindra,1,25000.0,Manual,first,petrol
Tata,4,30000.0,Manual,first,petrol
Honda,8,70000.0,Automatic,second,hybrid
Volkswagen,3,73000.0,Automatic,first,petrol
Audi,11,90000.0,Automatic,first,diesel
Maruti Suzuki,1,32000.0,Manual,first,hybrid/cng
Toyota,9,91000.0,Automatic,first,diesel
Renault,8,17000.0,Manual,second,petrol
Mercedes-Benz,5,56300.0,Automatic,second,diesel
Maruti Suzuki,1,7706.0,Manual,first,hybrid/cng
Maruti Suzuki,8,47884.0,Manual,first,petrol
Mahindra,14,20.0,Automatic,second,diesel
Honda,6,35234.0,Automatic,second,petrol
Hyundai,7,15000.0,Automatic,first,petrol
Maruti Suzuki,8,21000.0,Manual,second,petrol
Ford,5,62000.0,Automatic,first,diesel
Maruti Suzuki,3,32.0,Automatic,first,hybrid/cng
Maruti Suzuki,7,78250.0,Manual,second,hybrid
Tata,2,33000.0,Manual,first,diesel
Hyundai,5,47500.0,Automatic,second,hybrid/cng
Toyota,7,30000.0,Automatic,second,diesel
Maruti Suzuki,8,99000.0,Automatic,second,petrol
Maruti Suzuki,6,300000.0,Manual,first,hybrid/cng
Toyota,10,85000.0,Automatic,second,hybrid
Ford,6,140000.0,Manual,first,diesel
Toyota,5,53000.0,Manual,first,diesel
Mahindra,6,75000.0,Manual,second,diesel
Maruti Suzuki,14,87000.0,Manual,second,hybrid/cng
Maruti Suzuki,12,63000.0,Manual,first,petrol
Hyundai,3,36000.0,Manual,first,petrol
Maruti Suzuki,8,56000.0,Automatic,first,hybrid
Mahindra,12,88500.0,Manual,second,diesel
Audi,10,72000.0,Automatic,second,diesel
Maruti Suzuki,6,30000.0,Automatic,second,hybrid
Maruti Suzuki,14,93704.0,Manual,first,hybrid
Mercedes-Benz,8,59000.0,Automatic,first,diesel
Maruti Suzuki,8,117000.0,Manual,second,diesel
Mahindra,9,88000.0,Manual,second,diesel
Maruti Suzuki,5,52468.0,Manual,first,petrol
Hyundai,6,80000.0,Automatic,second,diesel
Volkswagen,8,82000.0,Manual,second,petrol
Hyundai,14,76000.0,Manual,first,petrol
Hyundai,11,300000.0,Manual,second,petrol
Tata,1,8000.0,Manual,first,petrol
Maruti Suzuki,5,35000.0,Automatic,first,diesel
Tata,2,193000.0,Manual,first,hybrid/cng
Hyundai,14,60000.0,Manual,first,petrol
Ford,5,41256.0,Automatic,first,hybrid/cng
Mahindra,14,187000.0,Manual,second,diesel
Hyundai,11,56000.0,Manual,second,petrol
Renault,5,25000.0,Automatic,first,hybrid
Maruti Suzuki,9,200000.0,Automatic,second,hybrid
Tata,4,300000.0,Automatic,second,petrol
Volkswagen,6,55000.0,Automatic,second,petrol
Mahindra,12,80000.0,Automatic,second,diesel
Maruti Suzuki,8,41000.0,Manual,second,petrol
Toyota,4,300000.0,Automatic,first,diesel
Tata,4,300000.0,Automatic,first,petrol
Tata,8,115000.0,Manual,second,diesel
Honda,13,81000.0,Manual,first,petrol
Hyundai,18,58645.0,Manual,second,petrol
BMW,11,89000.0,Automatic,second,diesel
Maruti Suzuki,5,300000.0,Manual,first,petrol
Toyota,8,45000.0,Manual,first,hybrid
Maruti Suzuki,10,300000.0,Manual,first,diesel
Maruti Suzuki,7,122000.0,Automatic,second,hybrid
Maruti Suzuki,3,63900.0,Automatic,first,petrol
BMW,14,91000.0,Automatic,first,diesel
Maruti Suzuki,7,26.0,Manual,second,hybrid
Skoda,8,116850.0,Automatic,second,diesel
Honda,2,34000.0,Automatic,first,petrol
Hyundai,8,78000.0,Manual,second,hybrid
Honda,15,115000.0,Manual,first,petrol
Renault,6,28000.0,Manual,first,petrol
Hyundai,4,67000.0,Manual,first,diesel
Audi,10,50000.0,Automatic,first,diesel
Skoda,2,40400.0,Automatic,first,petrol
Maruti Suzuki,9,68000.0,Manual,first,diesel
Maruti Suzuki,4,42126.0,Manual,first,hybrid
Ford,6,47000.0,Manual,first,diesel
Lexus,8,109000.0,Automatic,second,hybrid/cng
Maruti Suzuki,12,52000.0,Automatic,second,petrol
Maruti Suzuki,10,61000.0,Automatic,first,petrol
Hyundai,11,103000.0,Manual,second,diesel
Hyundai,6,63000.0,Manual,first,petrol
Tata,0,3000.0,Automatic,first,hybrid/cng
Honda,9,53000.0,Automatic,second,petrol
Maruti Suzuki,21,64500.0,Manual,second,petrol
Hyundai,10,29000.0,Manual,second,petrol
Skoda,7,123000.0,Automatic,first,diesel
Honda,11,110000.0,Manual,second,hybrid
Skoda,9,97852.0,Manual,second,hybrid
Volkswagen,10,64000.0,Manual,second,petrol
Jeep,5,48000.0,Manual,second,diesel
Volkswagen,6,52000.0,Automatic,first,diesel
Mahindra,13,115000.0,Manual,second,diesel
Hyundai,15,170000.0,Manual,second,petrol
Maruti Suzuki,5,46000.0,Manual,second,petrol
Maruti Suzuki,4,300000.0,Automatic,first,hybrid/cng
Maruti Suzuki,14,72000.0,Manual,first,hybrid/cng
Hyundai,14,71000.0,Manual,second,hybrid/cng
Mahindra,5,87000.0,Manual,first,diesel
Maruti Suzuki,1,8235.0,Manual,first,petrol
Hyundai,6,122222.0,Automatic,second,hybrid
Skoda,8,80000.0,Automatic,first,diesel
Maruti Suzuki,12,67000.0,Manual,second,hybrid/cng
Tata,3,46000.0,Manual,first,petrol
Maruti Suzuki,9,102000.0,Manual,second,diesel
Hyundai,13,114032.0,Manual,second,petrol
Volkswagen,13,77900.0,Manual,second,petrol
Hyundai,13,36300.0,Manual,second,petrol
Mercedes-Benz,8,300000.0,Automatic,first,petrol
Hyundai,5,83300.0,Manual,first,diesel
Honda,7,69000.0,Automatic,second,petrol
Hyundai,15,72386.0,Manual,second,petrol
Audi,6,57000.0,Automatic,first,petrol
Ford,6,78083.0,Automatic,first,diesel
Volkswagen,6,74656.0,Automatic,first,diesel
Honda,4,64000.0,Automatic,second,hybrid/cng
Toyota,6,75000.0,Manual,second,diesel
Jeep,5,73000.0,Manual,first,diesel
Hyundai,8,36000.0,Manual,second,petrol
Renault,5,300000.0,Manual,first,petrol
Maruti Suzuki,2,13000.0,Automatic,first,petrol
Maruti Suzuki,6,90000.0,Automatic,first,diesel
Hyundai,11,90000.0,Manual,second,diesel
Hyundai,8,62000.0,Automatic,second,petrol
Maruti Suzuki,6,95000.0,Automatic,second,hybrid
Mercedes-Benz,10,190000.0,Automatic,second,diesel
Maruti Suzuki,6,105000.0,Manual,first,hybrid
Maruti Suzuki,19,60000.0,Manual,second,petrol
Hyundai,3,83000.0,Manual,first,diesel
Hyundai,8,63000.0,Manual,second,petrol
Maruti Suzuki,7,57000.0,Manual,first,hybrid/cng
Mahindra,10,80879.0,Manual,second,diesel
Jeep,3,300000.0,Automatic,first,diesel
Maruti Suzuki,4,78000.0,Manual,first,petrol
Maruti Suzuki,1,25000.0,Manual,first,hybrid/cng
Toyota,16,75000.0,Manual,first,diesel
Volkswagen,12,89000.0,Manual,second,diesel
Maruti Suzuki,11,73000.0,Manual,second,petrol
Hyundai,6,54000.0,Automatic,second,petrol
Honda,9,68001.0,Manual,second,petrol
Honda,12,90000.0,Manual,second,hybrid/cng
Hyundai,6,66200.0,Manual,second,hybrid/cng
Maruti Suzuki,10,80000.0,Manual,second,diesel
Maruti Suzuki,3,57510.0,Manual,first,hybrid
Audi,6,55100.0,Automatic,second,diesel
BMW,6,40000.0,Automatic,first,diesel
Tata,7,29000.0,Manual,first,petrol
Maruti Suzuki,5,60000.0,Automatic,first,petrol
Maruti Suzuki,5,35000.0,Automatic,second,petrol
Hyundai,6,49882.0,Manual,first,petrol
Maruti Suzuki,10,60000.0,Automatic,first,petrol
Maruti Suzuki,1,73222.0,Manual,first,hybrid
Hyundai,10,73000.0,Manual,second,petrol
Nissan,8,92000.0,Manual,first,diesel
Audi,11,16250.0,Automatic,first,petrol
Hyundai,14,90000.0,Automatic,second,petrol
Maruti Suzuki,19,91000.0,Manual,second,petrol
Maruti Suzuki,13,70000.0,Manual,second,petrol
Volkswagen,9,59312.0,Manual,second,petrol
Hyundai,8,52000.0,Manual,second,diesel
Maruti Suzuki,6,61000.0,Manual,second,hybrid
Audi,5,22000.0,Automatic,first,petrol
Ford,7,91535.0,Automatic,second,diesel
Maruti Suzuki,1,30000.0,Manual,first,hybrid/cng
Honda,6,80000.0,Manual,second,diesel
Audi,10,94000.0,Automatic,second,diesel
Hyundai,1,27500.0,Manual,first,petrol
Honda,6,300000.0,Manual,first,diesel
Maruti Suzuki,12,300000.0,Automatic,second,petrol
Audi,9,76000.0,Automatic,second,petrol
Maruti Suzuki,4,39800.0,Manual,first,petrol
BMW,10,55468.0,Automatic,first,diesel
Hyundai,8,62000.0,Automatic,second,hybrid/cng
Ford,13,88000.0,Manual,second,diesel
Audi,10,11000.0,Automatic,first,diesel
Maruti Suzuki,1,43000.0,Manual,first,hybrid
BMW,12,130000.0,Automatic,second,diesel
Hyundai,4,46462.0,Manual,first,petrol
Honda,10,170000.0,Manual,second,diesel
Tata,9,47000.0,Automatic,second,petrol
Maruti Suzuki,2,34000.0,Manual,first,petrol
Honda,9,104000.0,Automatic,first,hybrid/cng
Toyota,5,59000.0,Manual,first,petrol
Volkswagen,9,94000.0,Manual,second,diesel
Hyundai,5,71000.0,Manual,first,diesel
Volkswagen,8,76000.0,Manual,second,diesel
Maruti Suzuki,5,68000.0,Manual,second,hybrid
Honda,8,125000.0,Manual,second,hybrid/cng
Renault,0,29000.0,Manual,first,hybrid
Maruti Suzuki,5,5500.0,Automatic,first,hybrid/cng
Kia,3,34000.0,Automatic,first,hybrid
Toyota,10,125000.0,Manual,second,diesel
Honda,7,85500.0,Manual,second,hybrid/cng
Volkswagen,9,86000.0,Manual,second,diesel
Maruti Suzuki,16,88000.0,Manual,second,petrol
Mahindra,3,70000.0,Manual,first,diesel
Maruti Suzuki,7,63000.0,Automatic,first,hybrid
Mercedes-Benz,9,47500.0,Automatic,second,diesel
Skoda,3,19121.0,Automatic,first,petrol
Honda,16,75000.0,Automatic,first,hybrid
Hyundai,5,22000.0,Manual,first,petrol
Hyundai,13,132000.0,Automatic,second,petrol
Hyundai,7,190000.0,Automatic,first,hybrid/cng
Honda,5,68000.0,Automatic,first,petrol
Mercedes-Benz,12,75000.0,Automatic,second,diesel
Volkswagen,13,53000.0,Manual,second,diesel
Tata,3,42000.0,Automatic,first,petrol
Skoda,2,24000.0,Automatic,first,petrol
Maruti Suzuki,13,67000.0,Manual,second,petrol
Hyundai,11,50000.0,Manual,first,petrol
Maruti Suzuki,4,28500.0,Manual,first,petrol
Hyundai,9,91200.0,Manual,first,hybrid
Maruti Suzuki,6,33000.0,Automatic,second,petrol
Maruti Suzuki,4,98000.0,Manual,first,petrol
Toyota,6,70000.0,Automatic,first,diesel
Hyundai,0,1900.0,Manual,first,hybrid
Renault,6,67000.0,Manual,second,petrol
Hyundai,5,72000.0,Manual,second,diesel
Toyota,1,19500.0,Automatic,second,diesel
Kia,2,68000.0,Manual,first,diesel
Mahindra,5,300000.0,Manual,first,petrol
Toyota,11,146000.0,Manual,second,diesel
Skoda,9,72000.0,Automatic,second,diesel
Honda,7,250000.0,Automatic,first,hybrid/cng
Honda,3,32000.0,Automatic,first,petrol
Hyundai,2,13262.0,Automatic,first,petrol
Honda,19,105000.0,Manual,second,petrol
Volkswagen,4,39000.0,Manual,first,hybrid
BMW,13,79000.0,Automatic,first,diesel
Maruti Suzuki,4,90000.0,Automatic,second,hybrid
Hyundai,3,22000.0,Manual,first,petrol
Mercedes-Benz,9,69000.0,Automatic,second,diesel
Maruti Suzuki,7,68000.0,Manual,second,petrol
Maruti Suzuki,12,78000.0,Manual,second,hybrid/cng
Mercedes-Benz,13,46000.0,Automatic,second,diesel
Ssangyong,11,120000.0,Automatic,second,diesel
Chevrolet,18,90000.0,Manual,second,petrol
Hyundai,11,75000.0,Automatic,second,hybrid/cng
Tata,15,113000.0,Manual,second,diesel
Maruti Suzuki,3,39000.0,Automatic,first,petrol
Maruti Suzuki,12,97000.0,Manual,second,hybrid/cng
Maruti Suzuki,6,50000.0,Automatic,first,hybrid/cng
Honda,15,100502.0,Automatic,second,hybrid
Ford,7,65045.0,Manual,first,petrol
Audi,10,84000.0,Automatic,second,diesel
Ford,3,23000.0,Automatic,second,diesel
Maruti Suzuki,2,40000.0,Automatic,first,petrol
Hyundai,7,77000.0,Manual,first,petrol
Hyundai,7,67879.0,Manual,first,diesel
Mercedes-Benz,11,60000.0,Automatic,first,diesel
Volkswagen,6,85000.0,Manual,first,diesel
Maruti Suzuki,13,80000.0,Manual,second,diesel
Honda,13,70000.0,Manual,second,petrol
Maruti Suzuki,18,25000.0,Manual,second,petrol
Maruti Suzuki,3,26300.0,Manual,first,hybrid
Tata,3,62000.0,Manual,first,petrol
Maruti Suzuki,9,55000.0,Manual,second,diesel
Renault,5,71000.0,Automatic,first,diesel
Hyundai,5,300000.0,Automatic,second,diesel
Hyundai,0,30000.0,Automatic,first,hybrid
Toyota,14,140000.0,Manual,second,diesel
Tata,4,30500.0,Automatic,second,petrol
Maruti Suzuki,6,54000.0,Manual,first,hybrid
Toyota,8,110000.0,Automatic,second,diesel
Maruti Suzuki,7,68558.0,Manual,first,hybrid/cng
Maruti Suzuki,8,39000.0,Automatic,second,petrol
Hyundai,10,46052.0,Automatic,second,petrol
Maruti Suzuki,15,110000.0,Manual,second,petrol
Mahindra,4,120000.0,Manual,first,diesel
Maruti Suzuki,7,57000.0,Manual,first,diesel
Maruti Suzuki,11,75000.0,Automatic,second,hybrid
Chevrolet,15,65000.0,Manual,second,petrol
Maruti Suzuki,0,6000.0,Automatic,first,petrol
Mercedes-Benz,21,87000.0,Automatic,second,petrol
Honda,8,55000.0,Automatic,second,petrol
Chevrolet,10,62000.0,Automatic,first,diesel
Maruti Suzuki,8,105000.0,Automatic,first,hybrid
Maruti Suzuki,2,40000.0,Manual,second,petrol
Renault,4,267000.0,Automatic,first,petrol
Maruti Suzuki,8,44700.0,Manual,first,petrol
Maruti Suzuki,4,43369.0,Automatic,first,petrol
MG,2,160000.0,Automatic,first,petrol
Maruti Suzuki,8,61620.0,Manual,first,diesel
Toyota,13,100231.0,Manual,second,diesel
Land Rover,6,78000.0,Automatic,second,petrol
Mercedes-Benz,5,70000.0,Automatic,first,diesel
Hyundai,11,79000.0,Manual,second,diesel
Hyundai,10,107000.0,Manual,second,diesel
Renault,6,50000.0,Automatic,first,petrol
Hyundai,4,22000.0,Automatic,first,petrol
Tata,2,17200.0,Manual,first,petrol
Maruti Suzuki,8,300000.0,Manual,first,diesel
Volkswagen,1,25000.0,Manual,first,petrol
Mahindra,12,142000.0,Manual,second,diesel
Maruti Suzuki,6,16500.0,Automatic,second,diesel
Mini,5,39000.0,Automatic,second,petrol
Maruti Suzuki,12,130000.0,Automatic,second,hybrid/cng
Tata,1,10000.0,Automatic,first,diesel
Toyota,7,95000.0,Automatic,second,diesel
Maruti Suzuki,2,80000.0,Manual,first,hybrid/cng
Toyota,5,40000.0,Automatic,first,diesel
Skoda,11,69000.0,Manual,first,diesel
BMW,11,57000.0,Automatic,first,diesel
Maruti Suzuki,0,4500.0,Automatic,first,hybrid
Toyota,6,72000.0,Manual,first,petrol
Maruti Suzuki,8,114000.0,Manual,first,petrol
Maruti Suzuki,4,37000.0,Automatic,first,petrol
Tata,0,225.0,Automatic,first,hybrid
Honda,7,79000.0,Automatic,first,petrol
Honda,8,63210.0,Manual,first,petrol
Mahindra,10,150000.0,Manual,first,diesel
Maruti Suzuki,8,58000.0,Manual,first,hybrid/cng
Renault,7,65663.0,Automatic,second,petrol
Ford,6,86000.0,Manual,second,diesel
Maruti Suzuki,2,38000.0,Manual,first,petrol
Tata,5,50000.0,Automatic,first,hybrid
Toyota,12,160059.0,Manual,second,diesel
Maruti Suzuki,14,45078.0,Manual,first,petrol
Honda,9,104000.0,Automatic,second,hybrid/cng
Hyundai,2,23000.0,Manual,first,petrol
Honda,13,74000.0,Automatic,second,petrol
Audi,10,38000.0,Automatic,second,diesel
Mahindra,12,95000.0,Manual,first,diesel
Hyundai,7,67000.0,Automatic,first,diesel
Maruti Suzuki,3,64000.0,Manual,first,petrol
Maruti Suzuki,8,152000.0,Automatic,second,hybrid/cng
Honda,6,15000.0,Manual,first,petrol
Maruti Suzuki,8,97000.0,Automatic,second,diesel
Toyota,7,86100.0,Automatic,first,diesel
Honda,15,108000.0,Automatic,second,hybrid/cng
Honda,7,88000.0,Manual,second,diesel
Tata,15,80000.0,Manual,second,petrol
Hyundai,13,50000.0,Automatic,second,petrol
BMW,9,53000.0,Automatic,second,diesel
Maruti Suzuki,7,300000.0,Automatic,first,hybrid/cng
Maruti Suzuki,8,55000.0,Automatic,second,petrol
Maruti Suzuki,9,103000.0,Manual,second,diesel
Hyundai,7,53000.0,Automatic,second,petrol
Maruti Suzuki,12,134000.0,Manual,first,petrol
Mercedes-Benz,12,74000.0,Automatic,first,diesel
Maruti Suzuki,11,130000.0,Manual,second,petrol
Toyota,13,75000.0,Manual,first,petrol
Tata,7,95000.0,Manual,second,diesel
Maruti Suzuki,11,96000.0,Manual,first,diesel
Nissan,7,78000.0,Automatic,first,petrol
Honda,11,50000.0,Manual,first,petrol
Maruti Suzuki,2,75000.0,Manual,first,petrol
Mahindra,10,51222.0,Manual,second,diesel
Maruti Suzuki,9,61000.0,Manual,second,hybrid/cng
Volvo,4,35000.0,Automatic,second,petrol
Maruti Suzuki,13,112000.0,Automatic,second,hybrid
Maruti Suzuki,17,25.0,Automatic,first,hybrid/cng
Toyota,12,116000.0,Manual,second,petrol
Hyundai,13,59000.0,Automatic,first,petrol
Toyota,12,117000.0,Manual,second,petrol
Mercedes-Benz,14,85000.0,Automatic,second,petrol
Mahindra,2,13000.0,Automatic,first,petrol
Toyota,6,80000.0,Manual,first,diesel
Ford,6,55000.0,Manual,first,diesel
Mahindra,1,5500.0,Manual,first,diesel
Maruti Suzuki,7,100000.0,Manual,second,diesel
Honda,13,59600.0,Manual,second,petrol
Toyota,6,86000.0,Manual,first,petrol
Maruti Suzuki,4,42132.0,Manual,first,hybrid
Hyundai,7,78000.0,Manual,second,diesel
Hyundai,15,58496.0,Manual,second,petrol
Honda,9,46000.0,Automatic,second,petrol
Hyundai,7,80000.0,Manual,first,diesel
Chevrolet,9,118182.0,Automatic,second,diesel
Hyundai,15,130000.0,Manual,second,hybrid
MG,4,40000.0,Manual,second,diesel
Maruti Suzuki,6,42000.0,Automatic,second,hybrid
Hyundai,5,82000.0,Manual,second,diesel
Toyota,9,104000.0,Automatic,second,hybrid
Maruti Suzuki,4,72000.0,Manual,first,petrol
Maruti Suzuki,1,25230.0,Manual,first,hybrid/cng
Skoda,8,120000.0,Automatic,first,diesel
Opel,22,45000.0,Manual,second,petrol
Maruti Suzuki,7,35866.0,Automatic,first,hybrid/cng
Mini,2,25000.0,Automatic,first,petrol
Tata,5,49000.0,Manual,first,petrol
Maruti Suzuki,14,210000.0,Manual,second,hybrid/cng
Hyundai,6,170000.0,Manual,second,petrol
Hyundai,7,38000.0,Automatic,second,petrol
Honda,8,59000.0,Automatic,second,petrol
Maruti Suzuki,5,100000.0,Manual,second,hybrid/cng
Maruti Suzuki,7,14000.0,Automatic,first,petrol
Maruti Suzuki,14,52000.0,Manual,first,hybrid
Maruti Suzuki,2,120000.0,Automatic,second,hybrid
MG,4,46450.0,Automatic,first,petrol
Maruti Suzuki,7,62500.0,Automatic,second,hybrid/cng
Tata,1,8530.0,Automatic,first,petrol
Toyota,10,130000.0,Manual,first,diesel
Hyundai,3,27531.0,Manual,first,petrol
Honda,15,102000.0,Automatic,second,hybrid/cng
Kia,2,22042.0,Manual,first,petrol
Hyundai,12,95000.0,Automatic,second,hybrid
Honda,7,81000.0,Manual,first,hybrid/cng
Maruti Suzuki,4,42541.0,Manual,first,hybrid
Maruti Suzuki,5,85000.0,Automatic,first,petrol
BMW,6,51000.0,Automatic,second,diesel
Maruti Suzuki,16,86000.0,Manual,second,hybrid/cng
