Brand,Age,kmDriven,Transmission,Owner,FuelType,AskPrice,AskPrice_Log
Honda,23,98000.0,Manual,second,petrol,195000,12.180759965737863
Volkswagen,14,77246.0,Manual,first,diesel,184999,12.128111104060462
Maruti Suzuki,7,83500.0,Manual,second,diesel,565000,13.244582780038517
Maruti Suzuki,5,45000.0,Automatic,first,petrol,685000,13.437175577097312
BMW,10,83000.0,Automatic,first,diesel,1350000,14.115615891155079
Toyota,10,168000.0,Manual,second,diesel,1025000,13.840204146163925
BMW,5,25000.0,Automatic,second,diesel,5950000,15.598901945589025
Maruti Suzuki,4,33759.0,Manual,second,petrol,622000,13.340696979437066
Ford,7,69713.0,Manual,second,petrol,649000,13.38318953651709
Maruti Suzuki,6,70000.0,Automatic,first,petrol,395000,12.886643575525625
Kia,3,25000.0,Automatic,first,diesel,2900000,14.88022163978423
Maruti Suzuki,12,72700.0,Manual,second,petrol,240000,12.388398368982115
Toyota,17,121931.0,Automatic,second,petrol,201350,12.212804932743552
Mercedes-Benz,3,32000.0,Automatic,second,petrol,11800000,16.283610174181653
Hyundai,6,130000.0,Manual,second,diesel,330000,12.706850963741102
Kia,4,68000.0,Manual,first,diesel,1045000,13.85952840031839
Maruti Suzuki,8,65000.0,Manual,second,diesel,785000,13.573440270649085
Maruti Suzuki,7,59000.0,Automatic,second,petrol,555000,13.22672519452875
BMW,9,61000.0,Automatic,second,diesel,1500000,14.220976332738882
Ford,5,77000.0,Automatic,second,diesel,2399000,14.690562958662095
Toyota,7,107000.0,Automatic,first,diesel,1325000,14.096923772119156
Audi,9,42000.0,Automatic,second,diesel,1050000,13.864301674514206
Renault,5,48073.0,Automatic,second,petrol,355000,12.779875885354993
MG,5,32618.0,Automatic,first,petrol,1250000,14.038654909278163
Maruti Suzuki,12,70000.0,Manual,second,diesel,315000,12.660331092405906
Maruti Suzuki,10,51000.0,Automatic,second,petrol,345000,12.75130259456002
Maruti Suzuki,6,137000.0,Manual,first,diesel,845000,13.647093089770562
Toyota,1,1996.0,Automatic,first,diesel,4195000,15.249404136262438
Toyota,7,90000.0,Manual,second,diesel,1950000,14.48334044336031
Toyota,13,84000.0,Manual,second,diesel,490000,13.102162710901053
Volvo,6,53000.0,Automatic,first,diesel,2950000,14.897316067298997
Hyundai,3,17000.0,Manual,first,petrol,685000,13.437175577097312
Maruti Suzuki,6,70000.0,Manual,second,petrol,749000,13.52649559761195
Hyundai,1,5000.0,Automatic,first,petrol,1600000,14.285514812209815
Hyundai,2,47110.0,Manual,second,diesel,1695000,14.343193888767015
Hyundai,5,35000.0,Manual,first,petrol,585000,13.279368835614243
Mercedes-Benz,5,101570.0,Automatic,first,diesel,4200000,15.250595321348806
Volkswagen,3,42000.0,Manual,second,petrol,675000,13.42246945133505
Maruti Suzuki,6,30000.0,Manual,second,petrol,630000,13.353476685668044
Hyundai,8,82100.0,Manual,second,diesel,465000,13.049794835104816
Audi,12,90000.0,Automatic,second,diesel,899000,13.70903942580019
Toyota,13,193000.0,Manual,second,diesel,1125000,13.933294482509151
Mercedes-Benz,9,300000.0,Automatic,first,diesel,1750000,14.375126917328105
Hyundai,2,300000.0,Automatic,second,petrol,1690000,14.340239678615058
Maruti Suzuki,4,94856.0,Manual,first,petrol,690000,13.444448325847754
Skoda,1,12000.0,Automatic,first,petrol,1800000,14.403297778421795
Tata,14,300000.0,Manual,first,diesel,800000,13.592368256649284
Toyota,6,118000.0,Automatic,first,diesel,1795000,14.400516137007425
Mercedes-Benz,8,41000.0,Automatic,second,petrol,2000000,14.508658238524095
Honda,14,79000.0,Manual,second,petrol,290000,12.577639650232573
Honda,8,103001.0,Manual,second,diesel,555555,13.227724693061836
Hyundai,7,70000.0,Manual,second,petrol,765000,13.547632419997361
Renault,6,130000.0,Manual,first,diesel,690000,13.444448325847754
Maruti Suzuki,13,78000.0,Manual,second,petrol,225000,12.323860125621126
Toyota,7,115000.0,Automatic,second,diesel,2390000,14.686804342317648
Mahindra,7,160000.0,Manual,second,diesel,550000,13.217675375388819
Hyundai,7,27000.0,Manual,second,petrol,300000,12.611541086966115
MG,4,81600.0,Automatic,first,petrol,1021000,13.836294076578252
Hyundai,7,54000.0,Automatic,first,petrol,811000,13.606024566142413
Mahindra,6,76000.0,Manual,first,diesel,1125000,13.933294482509151
Mercedes-Benz,10,86000.0,Automatic,first,diesel,3000000,14.914123179965662
Hyundai,13,65000.0,Manual,second,petrol,115000,11.652696102959753
Mercedes-Benz,6,60000.0,Automatic,second,diesel,1450000,14.187074804051692
Kia,1,24000.0,Manual,first,petrol,1225000,14.018452218287162
Toyota,13,100231.0,Manual,second,diesel,429101,12.969449931886954
Maruti Suzuki,1,13000.0,Manual,second,petrol,610000,13.321215875492413
Hyundai,7,47000.0,Manual,first,petrol,519999,13.16158409055761
Hyundai,17,115031.0,Manual,second,petrol,140000,11.849404844423074
Maruti Suzuki,10,67000.0,Manual,first,petrol,280000,12.54254845357358
Hyundai,8,74500.0,Manual,first,diesel,425000,12.959846800844963
Honda,8,93000.0,Automatic,second,petrol,575000,13.26212705890841
Maruti Suzuki,9,59000.0,Manual,first,petrol,295000,12.59473402514672
Toyota,7,300000.0,Automatic,second,diesel,1725000,14.360738188157574
Hyundai,2,69000.0,Automatic,first,diesel,1250000,14.038654909278163
Hyundai,9,76000.0,Automatic,second,diesel,650000,13.384729180332174
Kia,4,34500.0,Automatic,first,petrol,935000,13.74830287778897
Ford,8,130000.0,Manual,second,diesel,400000,12.899222326086994
Mercedes-Benz,2,20000.0,Automatic,first,diesel,7500000,15.830413711839864
Mahindra,1,15905.0,Automatic,first,diesel,2350000,14.669926311652166
Toyota,3,21000.0,Manual,first,diesel,2125000,14.56928283092878
Mini,5,13000.0,Automatic,first,petrol,3950000,15.18922639004183
Maruti Suzuki,9,75000.0,Manual,first,diesel,435000,12.983103608918753
Volkswagen,12,80000.0,Manual,second,diesel,300000,12.611541086966115
Maruti Suzuki,8,50000.0,Manual,first,petrol,245000,12.409017571151187
Tata,2,40000.0,Automatic,second,petrol,680000,13.429849547739444
Maruti Suzuki,11,87000.0,Manual,first,diesel,385000,12.861001210669146
Toyota,9,155000.0,Manual,second,diesel,589000,13.286183160425152
Volkswagen,10,80000.0,Manual,second,diesel,425000,12.959846800844963
Maruti Suzuki,10,84000.0,Manual,second,petrol,265000,12.487488878546145
Volkswagen,3,18000.0,Automatic,first,petrol,850000,13.652992804936396
Maruti Suzuki,7,47000.0,Automatic,first,petrol,575000,13.26212705890841
Maruti Suzuki,13,82000.0,Manual,first,petrol,180000,12.100717685412471
Maruti Suzuki,9,35000.0,Automatic,first,petrol,425000,12.959846800844963
Renault,9,150000.0,Automatic,second,diesel,450000,13.017005083966255
Toyota,12,132000.0,Manual,first,diesel,1095000,13.90626583447433
Land Rover,7,130000.0,Automatic,second,petrol,2500000,14.731801689838349
Maruti Suzuki,4,59000.0,Automatic,first,petrol,980000,13.795308871054397
Tata,6,95000.0,Automatic,second,petrol,575000,13.26212705890841
Tata,8,115000.0,Manual,second,diesel,110000,11.608244735642321
Mahindra,2,110000.0,Manual,first,diesel,1675000,14.331324320256051
Toyota,9,68000.0,Automatic,second,petrol,1185000,13.98525417643287
Skoda,3,74000.0,Automatic,first,petrol,1199000,13.99699926803766
Maruti Suzuki,12,88000.0,Manual,first,petrol,385000,12.861001210669146
Hyundai,10,47000.0,Automatic,second,petrol,455000,13.02805489573287
Mahindra,9,16.0,Manual,first,diesel,390000,12.873904582205107
Honda,12,68000.0,Manual,first,petrol,235000,12.367345048436391
Honda,17,115000.0,Manual,second,petrol,265000,12.487488878546145
Hyundai,13,50000.0,Manual,second,petrol,150000,11.918397239722838
Honda,7,98000.0,Manual,first,diesel,600000,13.304686600863562
Land Rover,5,62000.0,Automatic,first,diesel,3099000,14.94659035945457
Tata,5,67000.0,Manual,second,diesel,899000,13.70903942580019
Tata,9,69000.0,Manual,second,petrol,340000,12.73670383776449
Maruti Suzuki,3,49000.0,Manual,first,petrol,540000,13.199326270390594
Maruti Suzuki,11,162000.0,Manual,second,diesel,390000,12.873904582205107
Toyota,6,86000.0,Manual,first,diesel,2499000,14.731401609977073
Hyundai,1,35000.0,Automatic,first,diesel,2025000,14.521080752349816
Maruti Suzuki,10,38000.0,Manual,first,petrol,370000,12.821260987319457
Hyundai,4,105000.0,Manual,first,diesel,1050000,13.864301674514206
Toyota,2,25500.0,Automatic,first,diesel,4199999,15.250595083253597
Maruti Suzuki,9,300000.0,Manual,first,petrol,450000,13.017005083966255
Volkswagen,8,78000.0,Automatic,first,petrol,555000,13.22672519452875
Toyota,18,191000.0,Manual,first,diesel,295000,12.59473402514672
Hyundai,6,66000.0,Automatic,second,petrol,1075000,13.887832149776026
Toyota,8,75000.0,Manual,first,diesel,1480000,14.207553321415745
Maruti Suzuki,6,85600.0,Manual,first,diesel,750000,13.527829818844937
Maruti Suzuki,12,155000.0,Manual,second,diesel,650000,13.384729180332174
Hyundai,14,46000.0,Manual,second,petrol,78000,11.264476926102367
Maruti Suzuki,9,68000.0,Manual,first,petrol,330000,12.706850963741102
Ford,6,73000.0,Automatic,first,petrol,590000,13.28787951079572
Honda,13,74000.0,Automatic,second,petrol,375000,12.834683971615659
Maruti Suzuki,6,65000.0,Automatic,second,petrol,590000,13.28787951079572
Audi,3,50000.0,Automatic,first,petrol,3250000,14.99416586199818
Honda,10,61000.0,Automatic,first,petrol,685000,13.437175577097312
Maruti Suzuki,19,98000.0,Manual,second,petrol,160000,11.982935344196433
Mahindra,7,76000.0,Automatic,second,diesel,760000,13.541075028051122
Mahindra,8,89100.0,Manual,second,diesel,760000,13.541075028051122
Volkswagen,6,73961.0,Automatic,second,petrol,935000,13.74830287778897
Ford,5,60000.0,Automatic,first,diesel,2740000,14.82346884332769
Mahindra,6,46850.0,Manual,second,diesel,880000,13.68767832281738
Mahindra,1,280000.0,Automatic,first,diesel,1785000,14.394929533419809
Mahindra,11,99000.0,Manual,second,diesel,470000,13.060490101343552
Maruti Suzuki,15,56328.0,Manual,first,petrol,265000,12.487488878546145
Mercedes-Benz,11,78000.0,Automatic,second,petrol,790000,13.579789490265188
Toyota,2,31000.0,Automatic,first,diesel,2700000,14.80876270134486
Skoda,4,57000.0,Automatic,first,diesel,3045000,14.929011787533305
Ford,7,70000.0,Automatic,second,diesel,2650000,14.790070575320824
Hyundai,10,41453.0,Manual,second,petrol,220000,12.301387370778713
Tata,3,33000.0,Manual,first,petrol,545000,13.208542908506082
Maruti Suzuki,6,37000.0,Automatic,second,petrol,460000,13.038983942375959
Volkswagen,9,65000.0,Manual,first,petrol,375000,12.834683971615659
Hyundai,2,36000.0,Automatic,first,petrol,690000,13.444448325847754
Toyota,8,130000.0,Automatic,second,petrol,1399999,14.151982794585487
Maruti Suzuki,11,100000.0,Manual,second,petrol,160000,11.982935344196433
Hyundai,5,48000.0,Manual,first,diesel,1065000,13.878486296092358
BMW,8,63000.0,Automatic,second,diesel,2290000,14.64406281221155
Skoda,7,70000.0,Automatic,first,diesel,750000,13.527829818844937
Hyundai,11,59000.0,Manual,second,petrol,425000,12.959846800844963
Mahindra,9,72000.0,Automatic,second,diesel,390000,12.873904582205107
Mercedes-Benz,12,74000.0,Automatic,second,diesel,1295000,14.07402202531625
Honda,6,78127.0,Manual,first,diesel,785000,13.573440270649085
Maruti Suzuki,4,26000.0,Manual,first,petrol,775000,13.560619598657233
Renault,7,65663.0,Automatic,second,petrol,325000,12.691583538230217
BMW,6,24000.0,Automatic,first,petrol,4199000,15.250357197818243
Toyota,9,160000.0,Automatic,second,diesel,1250000,14.038654909278163
Volkswagen,4,300000.0,Manual,second,petrol,725000,13.493928313146206
Maruti Suzuki,6,31000.0,Manual,first,petrol,549000,13.215855541983634
Hyundai,5,55000.0,Automatic,first,diesel,1299999,14.077874822431765
Hyundai,2,37000.0,Automatic,first,diesel,1820000,14.414347608503377
Maruti Suzuki,8,300000.0,Manual,first,petrol,275000,12.524530013005734
Mercedes-Benz,9,75000.0,Automatic,first,diesel,2450000,14.711598990684092
Honda,10,32001.0,Manual,second,petrol,295000,12.59473402514672
Maruti Suzuki,0,22000.0,Manual,first,petrol,260000,12.468440756144114
Hyundai,14,45000.0,Manual,second,petrol,150000,11.918397239722838
Toyota,3,60000.0,Automatic,first,petrol,3200000,14.978661680269907
Kia,3,41000.0,Automatic,first,petrol,1390000,14.144815024531075
Volkswagen,9,51000.0,Manual,second,petrol,499999,13.122363377404328
Toyota,3,28000.0,Automatic,second,petrol,750000,13.527829818844937
BMW,5,38000.0,Automatic,first,diesel,4450000,15.308414878861498
Skoda,5,64800.0,Automatic,first,diesel,799000,13.591117476312084
Jeep,2,17300.0,Automatic,first,petrol,1995000,14.506155109559108
Volkswagen,11,38000.0,Manual,first,petrol,292000,12.584512505902088
Honda,13,95000.0,Automatic,second,petrol,280000,12.54254845357358
Honda,12,72000.0,Manual,first,petrol,165000,12.013706813470414
Maruti Suzuki,8,135000.0,Manual,second,diesel,875000,13.681980308196241
Toyota,12,135000.0,Manual,second,diesel,395000,12.886643575525625
Volkswagen,5,160000.0,Manual,first,diesel,695000,13.451668563394815
Tata,2,14000.0,Automatic,first,diesel,1875000,14.444119750719839
Kia,4,50200.0,Automatic,first,petrol,1300000,14.077875591662238
Maruti Suzuki,10,47000.0,Manual,first,petrol,255000,12.449022745701502
Honda,13,59600.0,Manual,second,petrol,210000,12.25486757159303
Maruti Suzuki,14,8000.0,Automatic,second,petrol,185000,12.128116509451258
Maruti Suzuki,1,30000.0,Manual,first,petrol,675000,13.42246945133505
Renault,7,54000.0,Automatic,second,petrol,365000,12.807655372286902
Maruti Suzuki,26,80000.0,Manual,second,petrol,75000,11.225256725762893
Chevrolet,13,100000.0,Automatic,second,diesel,295000,12.59473402514672
Mahindra,7,48000.0,Automatic,first,diesel,1199999,13.997832114758229
Hyundai,11,150000.0,Automatic,second,diesel,410000,12.923914877701906
Hyundai,8,63000.0,Manual,second,petrol,650000,13.384729180332174
Toyota,10,300000.0,Automatic,second,diesel,1445000,14.183620571569953
Honda,6,300000.0,Manual,first,petrol,695000,13.451668563394815
Honda,3,56001.0,Automatic,first,diesel,1125000,13.933294482509151
Toyota,7,25000.0,Manual,first,diesel,1565000,14.263397020933823
Honda,9,68001.0,Manual,second,petrol,444000,13.003582093664077
Renault,11,72000.0,Manual,first,diesel,345000,12.75130259456002
BMW,5,50000.0,Automatic,second,diesel,2675000,14.79946031214395
Honda,8,95000.0,Manual,second,petrol,535000,13.190023895035274
Maruti Suzuki,3,39000.0,Automatic,first,petrol,465000,13.049794835104816
Mahindra,11,60000.0,Manual,second,diesel,695000,13.451668563394815
Hyundai,7,72315.0,Automatic,second,diesel,1035000,13.849912950864715
Hyundai,10,82000.0,Automatic,second,petrol,390000,12.873904582205107
Maruti Suzuki,5,85000.0,Automatic,second,petrol,280000,12.54254845357358
Hyundai,8,64000.0,Automatic,first,diesel,1245000,14.034646891093473
Hyundai,8,68500.0,Manual,second,petrol,440000,12.994532278619134
Maruti Suzuki,2,300000.0,Automatic,first,petrol,780000,13.567050480716235
Maruti Suzuki,5,300000.0,Manual,first,petrol,540000,13.199326270390594
MG,2,32000.0,Automatic,first,petrol,1275000,14.058457520888082
Audi,10,45000.0,Automatic,second,diesel,1200000,13.997832948091215
Volkswagen,8,130000.0,Automatic,second,petrol,525000,13.171155446333852
Toyota,7,112000.0,Automatic,first,diesel,1551111,14.25448265102802
Mini,10,32000.0,Automatic,second,diesel,1900000,14.45736497045232
Renault,7,300000.0,Automatic,first,petrol,375000,12.834683971615659
Volkswagen,6,70673.0,Automatic,first,diesel,775000,13.560619598657233
Maruti Suzuki,6,39848.0,Manual,first,petrol,479931,13.081399706181736
Audi,8,77000.0,Automatic,first,diesel,1500000,14.220976332738882
Maruti Suzuki,16,111400.0,Manual,second,petrol,150000,11.918397239722838
Toyota,7,30000.0,Automatic,second,diesel,3495000,15.06684421977304
Skoda,9,82000.0,Automatic,second,diesel,325000,12.691583538230217
Maruti Suzuki,11,89000.0,Manual,second,diesel,361000,12.796636007394284
Toyota,9,195000.0,Automatic,first,diesel,1550000,14.253766134056512
Tata,7,65110.0,Manual,first,diesel,695000,13.451668563394815
Hyundai,2,25000.0,Manual,first,petrol,1375000,14.13396501635527
BMW,10,115000.0,Automatic,first,diesel,1500000,14.220976332738882
Honda,9,64000.0,Manual,first,petrol,574999,13.262125319779487
Volkswagen,11,61000.0,Automatic,first,petrol,415000,12.936036208848487
Hyundai,10,54000.0,Automatic,second,petrol,479000,13.079457964073546
Maruti Suzuki,4,300000.0,Manual,first,petrol,840000,13.641158361294979
Toyota,2,25000.0,Automatic,first,diesel,2600000,14.77102238760702
Mahindra,2,14000.0,Automatic,first,petrol,1550000,14.253766134056512
Tata,9,56000.0,Manual,first,petrol,235000,12.367345048436391
BMW,8,47000.0,Automatic,second,diesel,2500000,14.731801689838349
Jaguar,11,97763.0,Automatic,second,diesel,1550000,14.253766134056512
Tata,3,74000.0,Manual,second,petrol,515000,13.151924121391561
Honda,9,300000.0,Manual,second,petrol,385000,12.861001210669146
Toyota,3,300000.0,Manual,second,diesel,2550000,14.751604309291395
Skoda,10,71000.0,Automatic,second,petrol,395000,12.886643575525625
Mahindra,4,40000.0,Manual,first,diesel,1195000,13.993657580167481
Hyundai,14,83000.0,Manual,second,petrol,235000,12.367345048436391
Toyota,12,166000.0,Manual,second,diesel,1650000,14.316286451937186
Tata,20,300000.0,Manual,second,petrol,98000,11.49273296168228
Maruti Suzuki,5,91000.0,Manual,first,diesel,1149000,13.954403427152533
Tata,2,27000.0,Manual,first,diesel,1865000,14.438772147252939
Hyundai,6,77620.0,Automatic,first,diesel,1350000,14.115615891155079
Ford,7,85000.0,Manual,second,diesel,649999,13.38472764187182
Tata,8,58.0,Automatic,second,petrol,186000,12.133507329024972
Maruti Suzuki,8,25.0,Manual,second,diesel,420000,12.948012371209098
Maruti Suzuki,18,20024.0,Manual,first,petrol,20000,9.90353755128617
Hyundai,10,80000.0,Manual,second,petrol,375556,12.836165536269432
Volkswagen,5,300000.0,Automatic,second,petrol,1185000,13.98525417643287
Honda,8,77000.0,Automatic,first,petrol,575000,13.26212705890841
Maruti Suzuki,6,63259.0,Automatic,second,diesel,520000,13.161586013632684
Ford,7,110000.0,Manual,first,diesel,449999,13.017002861746503
Hyundai,1,14000.0,Automatic,first,petrol,925000,13.73755009757506
Volkswagen,6,52000.0,Automatic,first,diesel,1915000,14.46522870278996
Mercedes-Benz,13,300000.0,Automatic,second,diesel,7500000,15.830413711839864
BMW,8,65000.0,Automatic,second,diesel,1325000,14.096923772119156
Renault,8,75000.0,Automatic,second,diesel,595000,13.296318365198623
Maruti Suzuki,17,135000.0,Manual,second,diesel,165000,12.013706813470414
Toyota,10,105000.0,Manual,second,diesel,780000,13.567050480716235
BMW,11,61000.0,Automatic,second,diesel,851000,13.654168582642953
Maruti Suzuki,1,21209.0,Manual,first,petrol,1290000,14.070153551531353
Toyota,4,87000.0,Manual,first,petrol,733000,13.504902345124338
Renault,8,130000.0,Manual,second,diesel,599000,13.303018546545275
Volvo,9,125000.0,Automatic,second,diesel,1075000,13.887832149776026
Tata,6,30000.0,Automatic,first,petrol,355000,12.779875885354993
Audi,9,78561.0,Automatic,first,diesel,898970,13.709006054868938
Honda,8,63000.0,Manual,second,petrol,600000,13.304686600863562
Honda,8,65000.0,Manual,first,petrol,410000,12.923914877701906
Volkswagen,9,102000.0,Automatic,second,petrol,450000,13.017005083966255
Maruti Suzuki,2,35000.0,Automatic,first,petrol,745000,13.521140839642674
Volkswagen,2,50000.0,Automatic,first,petrol,1299000,14.07710606547538
Maruti Suzuki,11,60000.0,Automatic,second,petrol,299000,12.608202196848836
BMW,10,72000.0,Automatic,second,diesel,1599000,14.284889617206765
Mini,11,53000.0,Automatic,second,petrol,1600000,14.285514812209815
Toyota,6,74000.0,Manual,second,diesel,850000,13.652992804936396
MG,1,29000.0,Automatic,first,petrol,2295000,14.646243837206535
Mercedes-Benz,8,20800.0,Automatic,second,petrol,1700000,14.346139397261565
Hyundai,7,95000.0,Manual,second,petrol,565000,13.244582780038517
Mahindra,3,13000.0,Automatic,first,diesel,1700000,14.346139397261565
Mahindra,1,4000.0,Manual,first,petrol,2100000,14.557448378884015
Maruti Suzuki,3,57000.0,Automatic,second,petrol,685000,13.437175577097312
Mahindra,2,25000.0,Automatic,first,diesel,2725000,14.817979353051891
Mahindra,7,92000.0,Manual,first,diesel,1050000,13.864301674514206
MG,3,12110.0,Automatic,first,petrol,1295000,14.07402202531625
Hyundai,2,13162.0,Automatic,first,petrol,975000,13.790193775620484
Toyota,7,300000.0,Manual,first,petrol,599000,13.303018546545275
Maruti Suzuki,8,300000.0,Manual,second,petrol,265000,12.487488878546145
Audi,11,110000.0,Automatic,second,diesel,1150000,13.955273369904273
Hyundai,7,52355.0,Manual,first,petrol,499555,13.121474982898764
Hyundai,11,40595.0,Automatic,second,petrol,310000,12.644330802262578
Mahindra,3,41000.0,Manual,second,diesel,1450000,14.187074804051692
Maruti Suzuki,10,77500.0,Automatic,second,petrol,1010000,13.825461878915961
Maruti Suzuki,6,55000.0,Manual,first,petrol,595000,13.296318365198623
Hyundai,11,80000.0,Automatic,second,petrol,145000,11.884495917930655
Land Rover,0,7000.0,Automatic,first,petrol,12700000,16.357112630168974
Mercedes-Benz,8,71000.0,Automatic,second,petrol,1990000,14.503645699213111
Hyundai,17,65000.0,Manual,second,petrol,185000,12.128116509451258
Toyota,5,69000.0,Automatic,first,diesel,2699000,14.808392262507668
Maruti Suzuki,5,90000.0,Manual,first,diesel,900000,13.710151153416941
Fiat,15,79742.0,Manual,second,petrol,165000,12.013706813470414
Audi,7,45000.0,Automatic,second,diesel,1690000,14.340239678615058
Toyota,2,80000.0,Automatic,first,diesel,3375000,15.03190617858502
Toyota,12,51000.0,Automatic,second,petrol,260000,12.468440756144114
BMW,5,300000.0,Automatic,first,diesel,2550000,14.751604309291395
Aston Martin,8,257000.0,Automatic,first,petrol,26400000,17.088874605995333
Mercedes-Benz,9,58000.0,Automatic,first,diesel,2149999,14.580978400103845
Toyota,0,2596.0,Manual,first,diesel,3899999,15.176487111099874
Mahindra,1,24500.0,Automatic,first,petrol,1410000,14.159100971573958
Honda,3,125000.0,Manual,first,diesel,1075000,13.887832149776026
Maruti Suzuki,7,300000.0,Automatic,second,petrol,600000,13.304686600863562
Toyota,5,118000.0,Automatic,second,diesel,1999000,14.508158113732536
BMW,7,75000.0,Automatic,first,diesel,4000000,15.201805169084134
Mahindra,7,105000.0,Manual,second,diesel,620000,13.3374763699232
Maruti Suzuki,3,35000.0,Manual,first,petrol,851000,13.654168582642953
Audi,7,300000.0,Automatic,first,diesel,3500000,15.068273812173887
Kia,2,30891.0,Automatic,first,diesel,1875000,14.444119750719839
Hyundai,1,2500.0,Automatic,first,petrol,1800000,14.403297778421795
Maruti Suzuki,5,32000.0,Manual,second,petrol,575000,13.26212705890841
Mahindra,3,300000.0,Manual,first,diesel,1425000,14.169683073439028
Volvo,8,75000.0,Automatic,first,petrol,1375000,14.13396501635527
MG,5,71000.0,Manual,first,diesel,1275000,14.058457520888082
Audi,13,51000.0,Automatic,second,petrol,1350000,14.115615891155079
Maruti Suzuki,9,75000.0,Automatic,second,petrol,310000,12.644330802262578
Hyundai,6,39500.0,Manual,first,petrol,545000,13.208542908506082
Renault,6,120000.0,Manual,first,diesel,800000,13.592368256649284
Volkswagen,12,68900.0,Automatic,second,diesel,555000,13.22672519452875
Mercedes-Benz,7,68000.0,Automatic,first,diesel,3090000,14.94368197249847
Ford,9,80000.0,Automatic,second,petrol,465000,13.049794835104816
Maruti Suzuki,5,62000.0,Manual,first,petrol,360000,12.793862088206213
Hyundai,2,55000.0,Manual,first,diesel,1250000,14.038654909278163
Volkswagen,9,60000.0,Manual,second,petrol,460000,13.038983942375959
Toyota,7,34000.0,Manual,first,diesel,1395000,14.148405690083225
Jeep,7,49000.0,Automatic,first,petrol,1151111,13.956238989659866
Hyundai,8,36000.0,Manual,second,petrol,450000,13.017005083966255
Mahindra,8,85000.0,Manual,second,diesel,320000,12.676079399771027
Mahindra,1,35000.0,Automatic,second,diesel,1050000,13.864301674514206
Honda,9,160000.0,Manual,second,diesel,275000,12.524530013005734
Maruti Suzuki,14,141000.0,Manual,second,diesel,330000,12.706850963741102
Land Rover,12,23100.0,Automatic,second,diesel,4795000,15.383084474850227
Hyundai,10,100000.0,Manual,first,petrol,950000,13.76421831620775
Hyundai,8,88000.0,Manual,second,diesel,860000,13.664688831019712
Porsche,1,51000.0,Automatic,first,petrol,8900000,16.001561947061912
Maruti Suzuki,7,76000.0,Manual,second,petrol,480000,13.081543466215237
BMW,5,50000.0,Automatic,second,diesel,4000000,15.201805169084134
Mercedes-Benz,10,48000.0,Automatic,first,diesel,1745000,14.372265686684402
Mahindra,0,16666.0,Automatic,first,diesel,2599999,14.77102200299171
Skoda,2,38917.0,Manual,first,petrol,1225000,14.018452218287162
Maruti Suzuki,8,55000.0,Automatic,first,petrol,655000,13.39239204133378
Nissan,9,84000.0,Manual,second,diesel,500000,13.122365377402328
Hyundai,10,120000.0,Automatic,second,diesel,550000,13.217675375388819
Maruti Suzuki,2,8638.0,Manual,first,petrol,1150000,13.955273369904273
Maruti Suzuki,11,62000.0,Manual,second,petrol,350000,12.765691290604371
Maruti Suzuki,11,300000.0,Manual,second,petrol,350000,12.765691290604371
Honda,10,86131.0,Manual,second,diesel,300000,12.611541086966115
Maruti Suzuki,3,29000.0,Automatic,first,petrol,765000,13.547632419997361
MG,0,260.0,Manual,first,petrol,1495000,14.217637433703022
Hyundai,1,15120.0,Automatic,first,petrol,1550000,14.253766134056512
Tata,3,210000.0,Manual,second,petrol,535000,13.190023895035274
MG,2,11000.0,Automatic,first,petrol,1850000,14.430696737594902
Maruti Suzuki,7,63000.0,Manual,first,petrol,750000,13.527829818844937
Skoda,3,41189.0,Automatic,first,petrol,1225000,14.018452218287162
Mahindra,2,20000.0,Manual,first,diesel,1945000,14.480773049173369
Mercedes-Benz,13,64000.0,Automatic,second,diesel,975000,13.790193775620484
Kia,4,62500.0,Manual,first,diesel,945000,13.758941264676379
Toyota,12,121000.0,Manual,first,diesel,400000,12.899222326086994
Maruti Suzuki,6,38000.0,Manual,second,petrol,480000,13.081543466215237
Mahindra,3,30000.0,Automatic,first,diesel,1540000,14.24729362374025
Maruti Suzuki,14,130000.0,Manual,second,diesel,260000,12.468440756144114
Maruti Suzuki,3,71000.0,Manual,first,petrol,475000,13.07107218827772
Hyundai,1,4800.0,Automatic,second,diesel,1950000,14.48334044336031
Maruti Suzuki,7,59000.0,Manual,first,petrol,515000,13.151924121391561
Honda,13,75875.0,Automatic,second,petrol,295000,12.59473402514672
Kia,4,109000.0,Manual,first,diesel,975000,13.790193775620484
Mercedes-Benz,18,92000.0,Automatic,second,diesel,500000,13.122365377402328
Jaguar,10,41000.0,Automatic,second,diesel,2525000,14.741752016731123
Maruti Suzuki,2,76000.0,Manual,first,petrol,1000000,13.815511557963774
Mini,4,120000.0,Automatic,first,petrol,4450000,15.308414878861498
Hyundai,8,81982.0,Automatic,first,diesel,695000,13.451668563394815
Mahindra,14,300000.0,Manual,first,diesel,199000,12.201065128819632
Mahindra,7,59000.0,Manual,first,diesel,850000,13.652992804936396
Mercedes-Benz,6,39000.0,Automatic,second,diesel,5950000,15.598901945589025
Maruti Suzuki,3,300000.0,Automatic,first,petrol,1155000,13.959611767738522
Maruti Suzuki,0,6000.0,Automatic,first,petrol,1150000,13.955273369904273
BMW,8,53000.0,Automatic,second,diesel,1399000,14.151268968443645
BMW,10,99000.0,Automatic,second,diesel,1750000,14.375126917328105
Mercedes-Benz,12,73595.0,Automatic,second,petrol,699000,13.457407451830088
Hyundai,6,51000.0,Manual,first,petrol,475000,13.07107218827772
Hyundai,6,57546.0,Automatic,first,petrol,849999,13.652991628466498
Mercedes-Benz,8,96000.0,Automatic,second,diesel,2300000,14.648420115681892
BMW,6,21000.0,Automatic,second,petrol,4500000,15.319588176962746
Maruti Suzuki,6,48000.0,Automatic,second,petrol,535000,13.190023895035274
Volkswagen,13,22000.0,Manual,first,petrol,299999,12.611537753638338
Toyota,3,40000.0,Automatic,first,diesel,4100000,15.226497775576945
Maruti Suzuki,3,22864.0,Automatic,first,petrol,1095000,13.90626583447433
Maruti Suzuki,7,64000.0,Manual,first,diesel,585000,13.279368835614243
Hyundai,11,88000.0,Manual,first,diesel,410000,12.923914877701906
Ford,13,30000.0,Manual,second,petrol,149000,11.91170829631447
Hyundai,4,33145.0,Manual,first,petrol,600000,13.304686600863562
Skoda,13,60000.0,Manual,first,petrol,220000,12.301387370778713
Jeep,7,61000.0,Manual,second,diesel,1150000,13.955273369904273
Maruti Suzuki,10,120000.0,Automatic,second,diesel,425000,12.959846800844963
Mahindra,8,87000.0,Manual,first,diesel,1050000,13.864301674514206
Hyundai,2,38000.0,Manual,first,petrol,1040000,13.854732232655556
Jeep,7,55000.0,Automatic,second,petrol,1011000,13.826451487121803
Hyundai,5,35000.0,Manual,first,diesel,1145000,13.95091606833254
Honda,13,82000.0,Automatic,second,petrol,299000,12.608202196848836
Toyota,5,65000.0,Automatic,first,diesel,1400000,14.151983508870947
Renault,9,90000.0,Manual,first,diesel,575000,13.26212705890841
Mercedes-Benz,4,49000.0,Automatic,first,petrol,4800000,15.38412668421143
Mercedes-Benz,5,290000.0,Automatic,second,diesel,9500000,16.066802461833923
Honda,1,9500.0,Automatic,first,petrol,1475000,14.204169225721929
Renault,11,86250.0,Manual,first,diesel,290000,12.577639650232573
Toyota,8,190000.0,Manual,first,diesel,1650000,14.316286451937186
Volkswagen,7,80000.0,Manual,first,diesel,475000,13.07107218827772
Hyundai,3,96000.0,Automatic,first,diesel,1700000,14.346139397261565
BMW,8,40000.0,Automatic,first,diesel,2150000,14.580978865220017
Maruti Suzuki,5,65000.0,Manual,first,petrol,925000,13.73755009757506
Maruti Suzuki,14,29000.0,Manual,first,petrol,150000,11.918397239722838
Hyundai,11,40000.0,Automatic,second,petrol,200000,12.206077645517674
Mahindra,14,65000.0,Manual,second,diesel,290000,12.577639650232573
Maruti Suzuki,6,38000.0,Automatic,second,petrol,380000,12.847929163278053
Maruti Suzuki,9,66000.0,Automatic,second,petrol,260000,12.468440756144114
Maruti Suzuki,5,29000.0,Manual,first,petrol,850000,13.652992804936396
Toyota,8,90000.0,Manual,second,diesel,1545000,14.250535115562965
Toyota,1,14100.0,Automatic,first,petrol,2844000,14.860722421522647
Hyundai,9,88000.0,Manual,second,diesel,750000,13.527829818844937
Maruti Suzuki,8,49000.0,Automatic,second,petrol,599000,13.303018546545275
Maruti Suzuki,8,36000.0,Automatic,first,petrol,399999,12.89921982609012
Honda,13,61000.0,Manual,second,petrol,225000,12.323860125621126
Hyundai,6,62000.0,Manual,second,petrol,375000,12.834683971615659
Hyundai,2,190000.0,Automatic,first,diesel,2290000,14.64406281221155
Mercedes-Benz,5,28370.0,Automatic,first,diesel,1999999,14.508657738524219
Ford,8,86000.0,Automatic,first,diesel,1825000,14.417091092943783
Hyundai,13,68000.0,Manual,second,petrol,230000,12.345838935721968
Ford,5,54000.0,Manual,first,diesel,810000,13.60479076121576
Hyundai,14,72000.0,Automatic,second,petrol,275000,12.524530013005734
Renault,4,59000.0,Manual,first,petrol,675000,13.42246945133505
Hyundai,15,300000.0,Manual,second,petrol,160000,11.982935344196433
Skoda,9,59000.0,Automatic,second,petrol,550000,13.217675375388819
Hyundai,8,64200.0,Automatic,first,diesel,1175000,13.976779556623864
Audi,9,53000.0,Automatic,second,diesel,1750000,14.375126917328105
Audi,8,40000.0,Automatic,first,diesel,1595000,14.282384921160133
Maruti Suzuki,13,53750.0,Manual,first,petrol,155000,11.951186847493476
Kia,2,15000.0,Automatic,first,petrol,1800000,14.403297778421795
Maruti Suzuki,13,75000.0,Manual,second,petrol,245000,12.409017571151187
Maruti Suzuki,14,88000.0,Manual,second,petrol,95000,11.461642696843066
Audi,6,110000.0,Automatic,first,diesel,2299000,14.64798523871695
BMW,11,76064.0,Automatic,second,diesel,1425000,14.169683073439028
BMW,6,41000.0,Automatic,second,diesel,2990000,14.910784279814974
Mahindra,2,6789.0,Automatic,first,diesel,2000000,14.508658238524095
Toyota,3,63000.0,Automatic,first,diesel,4250000,15.26242977619469
Hyundai,7,50523.0,Manual,second,petrol,370000,12.821260987319457
Mercedes-Benz,10,74000.0,Automatic,first,diesel,1384999,14.141210697603576
Mercedes-Benz,2,25000.0,Automatic,first,diesel,6500000,15.687312888712007
Toyota,4,38000.0,Automatic,first,petrol,574000,13.260386417460465
Maruti Suzuki,13,55000.0,Manual,second,petrol,115000,11.652696102959753
Toyota,0,6110.0,Manual,first,diesel,2785000,14.839758790409885
Toyota,10,130000.0,Manual,first,diesel,1360000,14.122995993006082
Toyota,10,108000.0,Automatic,first,petrol,1400000,14.151983508870947
Honda,6,58000.0,Manual,first,petrol,574000,13.260386417460465
Maruti Suzuki,3,300000.0,Manual,first,petrol,679000,13.428377879293798
Tata,4,49000.0,Manual,first,diesel,450000,13.017005083966255
Force,1,9900.0,Manual,first,diesel,1550000,14.253766134056512
Renault,7,67000.0,Manual,second,petrol,250000,12.429220196836383
Maruti Suzuki,1,11000.0,Automatic,first,petrol,725000,13.493928313146206
Volkswagen,4,35000.0,Automatic,first,petrol,1170000,13.972515161474428
Honda,7,28000.0,Automatic,first,petrol,685000,13.437175577097312
Maruti Suzuki,7,142000.0,Automatic,first,petrol,345000,12.75130259456002
Hyundai,10,62000.0,Manual,first,petrol,421000,12.95039048795861
Renault,5,18000.0,Manual,first,petrol,325000,12.691583538230217
Maruti Suzuki,9,300000.0,Manual,first,diesel,450000,13.017005083966255
Hyundai,5,48000.0,Manual,first,petrol,525000,13.171155446333852
Maruti Suzuki,7,65000.0,Automatic,first,petrol,300000,12.611541086966115
Audi,10,57000.0,Automatic,first,diesel,1285000,14.06627005452127
Maruti Suzuki,5,73000.0,Automatic,second,petrol,695000,13.451668563394815
Jaguar,10,78000.0,Automatic,first,diesel,995000,13.81049902116535
BMW,14,130000.0,Automatic,second,petrol,280000,12.54254845357358
Hyundai,12,74000.0,Manual,second,petrol,250000,12.429220196836383
Porsche,6,15000.0,Automatic,second,petrol,8000000,15.894952224644102
Maruti Suzuki,9,18000.0,Automatic,second,petrol,350000,12.765691290604371
Honda,11,85000.0,Automatic,second,petrol,400000,12.899222326086994
Maruti Suzuki,7,67000.0,Automatic,second,petrol,450000,13.017005083966255
Maruti Suzuki,1,9000.0,Manual,first,petrol,490000,13.102162710901053
Mahindra,9,76000.0,Manual,second,diesel,850000,13.652992804936396
Maruti Suzuki,5,7000.0,Automatic,second,petrol,650000,13.384729180332174
Maruti Suzuki,0,1600.0,Manual,first,petrol,1350000,14.115615891155079
Hyundai,12,71000.0,Automatic,second,petrol,445000,13.005831808336863
Honda,7,50000.0,Manual,second,diesel,725000,13.493928313146206
Maruti Suzuki,6,42175.0,Automatic,first,petrol,429000,12.969214528909768
Toyota,12,115000.0,Manual,second,diesel,325000,12.691583538230217
Honda,8,300000.0,Automatic,second,petrol,450000,13.017005083966255
Fiat,12,160000.0,Manual,first,diesel,260000,12.468440756144114
Maruti Suzuki,9,110000.0,Manual,second,diesel,530000,13.180634172318978
Ford,3,23000.0,Automatic,second,diesel,3150000,14.962913328262083
Hyundai,12,79000.0,Manual,first,diesel,220000,12.301387370778713
Hyundai,8,72000.0,Automatic,first,diesel,685000,13.437175577097312
Toyota,8,61000.0,Automatic,second,petrol,845000,13.647093089770562
Kia,1,27000.0,Automatic,first,diesel,1775000,14.389311544271775
Toyota,9,98525.0,Manual,second,diesel,695000,13.451668563394815
Maruti Suzuki,13,59000.0,Manual,first,petrol,260000,12.468440756144114
Volkswagen,7,99000.0,Manual,first,diesel,649000,13.38318953651709
Mitsubishi,7,68000.0,Manual,second,diesel,1195000,13.993657580167481
Skoda,2,10000.0,Automatic,first,petrol,1361000,14.123731016387191
Toyota,18,190000.0,Manual,second,diesel,410000,12.923914877701906
Hyundai,11,80000.0,Manual,second,petrol,195000,12.180759965737863
Tata,11,100000.0,Manual,second,diesel,150000,11.918397239722838
Maruti Suzuki,10,78000.0,Manual,second,petrol,175000,12.07254696717504
Ford,11,46200.0,Manual,first,petrol,159000,11.976665770490767
Maruti Suzuki,7,81000.0,Automatic,first,diesel,650000,13.384729180332174
Maruti Suzuki,6,30000.0,Manual,first,diesel,965000,13.779884416590017
Mini,12,28000.0,Automatic,second,petrol,1990000,14.503645699213111
Hyundai,1,12700.0,Manual,first,petrol,1575000,14.269766465162304
Mercedes-Benz,3,14000.0,Automatic,first,diesel,5250000,15.473738825043979
Hyundai,12,123500.0,Manual,second,petrol,285000,12.560247968016562
Toyota,13,99000.0,Manual,second,diesel,325000,12.691583538230217
Honda,4,41000.0,Manual,second,petrol,575000,13.26212705890841
Maruti Suzuki,5,47000.0,Manual,first,diesel,875000,13.681980308196241
Hyundai,4,86000.0,Automatic,first,diesel,899000,13.70903942580019
Mahindra,0,33000.0,Manual,first,diesel,1850000,14.430696737594902
BMW,3,74000.0,Automatic,first,diesel,6650000,15.710127563007966
Maruti Suzuki,6,45000.0,Manual,second,petrol,510000,13.1421679654829
Tata,7,135000.0,Manual,second,diesel,775000,13.560619598657233
Mahindra,12,168000.0,Manual,second,diesel,500000,13.122365377402328
Mahindra,7,129124.0,Manual,first,diesel,1095000,13.90626583447433
Maruti Suzuki,7,92000.0,Automatic,first,diesel,645000,13.377007146164305
Hyundai,4,42000.0,Manual,second,diesel,1225000,14.018452218287162
Maruti Suzuki,5,53000.0,Manual,second,petrol,635000,13.361381852676738
Audi,9,89000.0,Automatic,first,diesel,890000,13.698977865303197
Maruti Suzuki,6,108000.0,Manual,first,petrol,320000,12.676079399771027
Volkswagen,3,250000.0,Automatic,first,petrol,1245000,14.034646891093473
Audi,11,102000.0,Automatic,second,diesel,1020000,13.83531416565213
Maruti Suzuki,13,75000.0,Automatic,second,petrol,350000,12.765691290604371
Audi,8,99000.0,Automatic,second,diesel,949000,13.76316513133229
Renault,5,18000.0,Manual,first,petrol,324000,12.688501881189456
Honda,14,70343.0,Automatic,second,petrol,650000,13.384729180332174
Mahindra,7,90000.0,Automatic,second,diesel,1100000,13.910821646859095
Maruti Suzuki,5,146000.0,Manual,second,diesel,690000,13.444448325847754
Renault,6,37000.0,Automatic,second,petrol,325000,12.691583538230217
Honda,6,103000.0,Manual,first,diesel,780000,13.567050480716235
Lexus,2,17000.0,Automatic,first,petrol,5600000,15.53827733427679
Tata,10,80000.0,Manual,second,diesel,120000,11.695255355062795
Hyundai,5,80000.0,Manual,second,diesel,825000,13.623139877437296
Ford,12,104000.0,Manual,second,diesel,234000,12.36308066783498
Ford,8,95000.0,Manual,first,diesel,750000,13.527829818844937
Ford,4,83700.0,Automatic,first,diesel,2951000,14.8976549927932
Maruti Suzuki,10,106000.0,Manual,second,petrol,275000,12.524530013005734
Audi,9,64000.0,Automatic,second,diesel,850000,13.652992804936396
Mercedes-Benz,10,77600.0,Automatic,second,diesel,2799999,14.845129975145433
Maruti Suzuki,13,78965.0,Manual,first,petrol,135000,11.813037464800539
Tata,6,300000.0,Manual,second,petrol,485000,13.091906231773164
Toyota,7,145000.0,Manual,second,diesel,2800000,14.845130332288226
Hyundai,7,30300.0,Manual,first,petrol,550000,13.217675375388819
Maruti Suzuki,6,74000.0,Manual,first,diesel,785000,13.573440270649085
Toyota,4,300000.0,Automatic,first,diesel,1960000,14.488455541410652
Maruti Suzuki,5,38032.0,Automatic,second,petrol,690000,13.444448325847754
Honda,9,69000.0,Automatic,second,petrol,500000,13.122365377402328
Mahindra,5,85000.0,Manual,first,diesel,1050000,13.864301674514206
Tata,14,78960.0,Manual,first,petrol,95000,11.461642696843066
BMW,7,92000.0,Automatic,second,diesel,2999999,14.914122846632385
Maruti Suzuki,9,55049.0,Manual,first,petrol,317000,12.666660207428574
Audi,6,35000.0,Automatic,first,diesel,3350000,15.024471202308668
BMW,4,32000.0,Automatic,first,diesel,9800000,16.097893045681612
Audi,8,135000.0,Automatic,first,diesel,1651000,14.316892328595602
MG,5,17000.0,Automatic,first,petrol,1390000,14.144815024531075
Honda,7,69000.0,Manual,second,petrol,610000,13.321215875492413
Mercedes-Benz,5,32000.0,Automatic,first,diesel,4980000,15.42094064980403
Maruti Suzuki,7,62000.0,Manual,first,diesel,750000,13.527829818844937
Skoda,10,116000.0,Automatic,second,petrol,740000,13.51440681653079
Ford,9,55000.0,Automatic,second,petrol,449000,13.014780393893403
Toyota,7,69000.0,Automatic,second,diesel,2099000,14.556972075219997
Volkswagen,8,110000.0,Automatic,second,diesel,649999,13.38472764187182
Honda,10,75000.0,Automatic,first,petrol,525000,13.171155446333852
Honda,9,38000.0,Manual,first,petrol,450000,13.017005083966255
Mercedes-Benz,11,83000.0,Automatic,second,diesel,1629000,14.303477501457536
Volkswagen,5,68000.0,Manual,first,petrol,575000,13.26212705890841
BMW,5,25000.0,Automatic,second,diesel,3975000,15.195535557642865
Maruti Suzuki,5,15000.0,Automatic,second,petrol,1055000,13.869052272759154
Hyundai,1,11800.0,Automatic,second,petrol,950000,13.76421831620775
Maruti Suzuki,15,85000.0,Manual,second,petrol,155000,11.951186847493476
Mahindra,8,87000.0,Automatic,first,diesel,750000,13.527829818844937
Land Rover,12,89000.0,Manual,second,diesel,1600000,14.285514812209815
Honda,12,70000.0,Manual,second,petrol,265000,12.487488878546145
Maruti Suzuki,13,45000.0,Manual,second,petrol,195000,12.180759965737863
Maruti Suzuki,9,38482.0,Manual,first,petrol,310000,12.644330802262578
Hyundai,8,68000.0,Automatic,second,diesel,1050000,13.864301674514206
Maruti Suzuki,8,300000.0,Automatic,second,petrol,460000,13.038983942375959
Renault,9,300000.0,Manual,first,diesel,155000,11.951186847493476
Volkswagen,9,74000.0,Automatic,first,diesel,545000,13.208542908506082
Maruti Suzuki,8,83214.0,Manual,second,diesel,390000,12.873904582205107
Toyota,7,158000.0,Manual,first,diesel,1575000,14.269766465162304
Maruti Suzuki,7,108000.0,Manual,first,diesel,775000,13.560619598657233
Maruti Suzuki,9,91000.0,Manual,second,petrol,205000,12.230770136157428
Maruti Suzuki,14,65000.0,Manual,first,petrol,225000,12.323860125621126
Toyota,3,77000.0,Automatic,first,diesel,3890000,15.173919972664004
Maruti Suzuki,8,80000.0,Manual,second,diesel,545000,13.208542908506082
Mercedes-Benz,10,87000.0,Automatic,second,diesel,1545000,14.250535115562965
Maruti Suzuki,19,10000.0,Automatic,second,diesel,390000,12.873904582205107
Honda,10,68700.0,Manual,second,petrol,525000,13.171155446333852
Toyota,9,220000.0,Manual,second,diesel,990000,13.805461232211272
Hyundai,12,53000.0,Automatic,second,petrol,285000,12.560247968016562
Volkswagen,10,41500.0,Manual,second,petrol,360000,12.793862088206213
Toyota,9,125000.0,Automatic,first,diesel,1598000,14.28426403109039
Tata,3,50000.0,Automatic,first,diesel,1699000,14.345550989235415
Hyundai,3,67777.0,Automatic,first,petrol,1333333,14.10319313041593
Mahindra,17,170000.0,Manual,second,diesel,148000,11.904974309480183
Hyundai,11,69000.0,Manual,first,petrol,199000,12.201065128819632
Honda,9,72500.0,Automatic,second,petrol,450000,13.017005083966255
Porsche,5,140000.0,Automatic,first,petrol,10900000,16.204273438942487
Tata,15,155888.0,Manual,second,diesel,120000,11.695255355062795
Hyundai,10,60000.0,Manual,second,petrol,198000,12.19602736016897
Hyundai,7,63000.0,Manual,second,petrol,240000,12.388398368982115
Hyundai,2,13000.0,Manual,first,petrol,825000,13.623139877437296
Maruti Suzuki,10,32117.0,Automatic,first,petrol,395000,12.886643575525625
Land Rover,6,62000.0,Automatic,first,diesel,3300000,15.009433329466965
Maruti Suzuki,9,70000.0,Manual,first,diesel,900000,13.710151153416941
Ford,8,91000.0,Automatic,first,petrol,675000,13.42246945133505
Ford,7,75000.0,Automatic,second,diesel,1900000,14.45736497045232
Maruti Suzuki,7,47231.0,Manual,first,petrol,535101,13.190212661911549
Maruti Suzuki,5,38000.0,Manual,first,petrol,410000,12.923914877701906
Hyundai,9,68000.0,Manual,second,petrol,225000,12.323860125621126
Volvo,6,54000.0,Automatic,first,diesel,2290000,14.64406281221155
Hyundai,2,24000.0,Automatic,first,diesel,1875000,14.444119750719839
Mahindra,5,68000.0,Manual,first,diesel,875000,13.681980308196241
Renault,9,58000.0,Manual,first,diesel,500000,13.122365377402328
Honda,19,65460.0,Manual,second,petrol,150000,11.918397239722838
Toyota,7,71000.0,Automatic,second,diesel,1725000,14.360738188157574
Hyundai,4,51500.0,Automatic,second,petrol,499999,13.122363377404328
Renault,7,105000.0,Manual,first,diesel,645000,13.377007146164305
Toyota,13,250000.0,Manual,second,diesel,799999,13.592367006650065
Skoda,16,140000.0,Manual,second,diesel,260000,12.468440756144114
Tata,14,90000.0,Manual,first,diesel,120000,11.695255355062795
Toyota,12,250000.0,Manual,second,diesel,775000,13.560619598657233
Mahindra,8,85000.0,Manual,second,diesel,500000,13.122365377402328
Land Rover,4,53500.0,Automatic,second,diesel,5575000,15.533803054682638
Renault,6,67000.0,Manual,second,petrol,299000,12.608202196848836
Mahindra,8,56000.0,Automatic,second,diesel,695000,13.451668563394815
Honda,7,300000.0,Manual,second,petrol,460000,13.038983942375959
Maruti Suzuki,17,82038.0,Manual,second,petrol,150000,11.918397239722838
Mercedes-Benz,3,27000.0,Automatic,first,diesel,6250000,15.648092181712572
Hyundai,1,10110.0,Manual,first,petrol,1095000,13.90626583447433
BMW,12,90000.0,Automatic,first,diesel,1850000,14.430696737594902
Renault,7,90000.0,Automatic,first,petrol,290000,12.577639650232573
Maruti Suzuki,4,70000.0,Manual,first,petrol,1100000,13.910821646859095
Volkswagen,13,66000.0,Automatic,first,petrol,299000,12.608202196848836
Maruti Suzuki,2,21260.0,Manual,first,petrol,535000,13.190023895035274
Honda,11,28500.0,Automatic,second,petrol,560000,13.235693848424024
Maruti Suzuki,5,80000.0,Automatic,second,petrol,280000,12.54254845357358
Maruti Suzuki,5,300000.0,Manual,first,petrol,630000,13.353476685668044
Maruti Suzuki,12,90000.0,Manual,first,diesel,325000,12.691583538230217
Mercedes-Benz,6,51000.0,Automatic,second,diesel,2850000,14.862829903121964
Jeep,5,73000.0,Manual,first,diesel,1175000,13.976779556623864
Skoda,7,82500.0,Automatic,second,petrol,695000,13.451668563394815
Mahindra,6,140000.0,Manual,first,diesel,630000,13.353476685668044
Hyundai,7,120000.0,Automatic,first,diesel,975000,13.790193775620484
Tata,9,47000.0,Automatic,second,petrol,265000,12.487488878546145
Kia,4,42000.0,Manual,first,petrol,1080000,13.8924725250259
Hyundai,7,78000.0,Manual,second,diesel,689000,13.442998001373553
Maruti Suzuki,6,72000.0,Automatic,first,petrol,400000,12.899222326086994
Ford,10,102000.0,Manual,second,diesel,225000,12.323860125621126
Volvo,4,63333.0,Automatic,second,diesel,3444444,15.05227334640351
Hyundai,11,68000.0,Manual,second,petrol,379000,12.84529412258351
Volvo,8,65000.0,Automatic,second,diesel,1575000,14.269766465162304
BMW,8,5300.0,Automatic,first,petrol,6500000,15.687312888712007
Toyota,2,61000.0,Manual,first,diesel,2450000,14.711598990684092
Honda,5,20000.0,Automatic,second,petrol,1773000,14.388184149071979
Toyota,2,18000.0,Automatic,first,petrol,865000,13.670485941982712
Toyota,1,35000.0,Manual,first,diesel,4000000,15.201805169084134
Maruti Suzuki,9,35000.0,Manual,first,diesel,475000,13.07107218827772
Hyundai,7,82000.0,Manual,first,petrol,649999,13.38472764187182
Toyota,4,79000.0,Automatic,first,petrol,650000,13.384729180332174
Maruti Suzuki,11,72000.0,Manual,first,petrol,290000,12.577639650232573
Maruti Suzuki,17,121000.0,Manual,second,petrol,125000,11.736077016252437
Hyundai,2,239500.0,Automatic,first,diesel,2075000,14.54547219357453
Hyundai,8,90000.0,Manual,first,petrol,425000,12.959846800844963
Hyundai,8,58000.0,Automatic,second,petrol,745000,13.521140839642674
Maruti Suzuki,0,20000.0,Manual,first,petrol,1100000,13.910821646859095
Land Rover,0,9600.0,Automatic,first,diesel,12000000,16.300417291085605
Renault,2,36000.0,Automatic,first,petrol,485000,13.091906231773164
Maruti Suzuki,9,57000.0,Manual,first,petrol,430000,12.971542813248437
Hyundai,3,53000.0,Manual,first,diesel,785000,13.573440270649085
Toyota,5,125000.0,Automatic,second,diesel,1685000,14.337276715240233
Tata,2,191000.0,Manual,first,petrol,651000,13.386266457287837
Hyundai,5,26000.0,Automatic,second,petrol,550000,13.217675375388819
Maruti Suzuki,3,300000.0,Automatic,first,petrol,1095000,13.90626583447433
Tata,15,13000.0,Manual,second,petrol,60000,11.002116507732017
Hyundai,13,131000.0,Manual,second,diesel,3300000,15.009433329466965
Hyundai,9,155000.0,Manual,first,diesel,800000,13.592368256649284
Maruti Suzuki,14,101325.0,Manual,second,petrol,140000,11.849404844423074
Maruti Suzuki,6,71000.0,Manual,second,diesel,585000,13.279368835614243
Volkswagen,9,59312.0,Manual,second,petrol,345000,12.75130259456002
Hyundai,10,72000.0,Manual,second,diesel,455000,13.02805489573287
Hyundai,4,38000.0,Manual,first,petrol,595000,13.296318365198623
Mahindra,2,49000.0,Manual,first,diesel,1599000,14.284889617206765
Hyundai,5,110000.0,Automatic,first,diesel,890000,13.698977865303197
Honda,7,44000.0,Manual,first,petrol,651000,13.386266457287837
Mercedes-Benz,6,55000.0,Automatic,second,petrol,4050000,15.214227685996272
Mercedes-Benz,10,78000.0,Automatic,second,petrol,1250000,14.038654909278163
Mahindra,8,44000.0,Manual,second,diesel,850000,13.652992804936396
Maruti Suzuki,2,54252.0,Automatic,first,petrol,850000,13.652992804936396
Hyundai,10,300000.0,Manual,second,diesel,481000,13.083624628087817
Hyundai,6,48000.0,Manual,second,petrol,765000,13.547632419997361
Ford,8,134000.0,Automatic,first,diesel,2299000,14.64798523871695
Toyota,5,88000.0,Automatic,first,diesel,1750000,14.375126917328105
Ford,11,80000.0,Manual,second,diesel,385000,12.861001210669146
Mercedes-Benz,5,32000.0,Automatic,first,diesel,1850000,14.430696737594902
Honda,13,82000.0,Manual,first,petrol,230000,12.345838935721968
Mitsubishi,18,96000.0,Manual,second,petrol,275000,12.524530013005734
Mercedes-Benz,0,15000.0,Automatic,first,diesel,8000000,15.894952224644102
Mercedes-Benz,8,73000.0,Automatic,first,diesel,1711111,14.352654009528022
BMW,6,41000.0,Automatic,first,diesel,2049000,14.532862915263866
Honda,12,65973.0,Manual,second,petrol,408000,12.919024904363686
Audi,6,58000.0,Automatic,second,diesel,2375000,14.680508416503422
Hyundai,13,55632.0,Manual,first,diesel,275000,12.524530013005734
Honda,11,97000.0,Automatic,first,petrol,925000,13.73755009757506
Ford,7,87000.0,Automatic,second,diesel,1600000,14.285514812209815
Kia,4,42000.0,Automatic,first,petrol,785000,13.573440270649085
Maruti Suzuki,11,65000.0,Manual,first,petrol,360000,12.793862088206213
Hyundai,8,68712.0,Manual,second,petrol,490000,13.102162710901053
Ford,8,180000.0,Automatic,first,diesel,1475000,14.204169225721929
Kia,4,77000.0,Automatic,first,diesel,1475000,14.204169225721929
Kia,3,260000.0,Manual,first,petrol,875000,13.681980308196241
Renault,4,31000.0,Automatic,first,petrol,390000,12.873904582205107
Toyota,5,300000.0,Manual,first,diesel,2345000,14.667796386301658
Audi,10,62000.0,Automatic,second,diesel,3500000,15.068273812173887
Ford,8,75000.0,Automatic,first,petrol,485000,13.091906231773164
Skoda,11,75000.0,Automatic,second,petrol,565000,13.244582780038517
Ford,7,300000.0,Manual,second,petrol,590000,13.28787951079572
Hyundai,7,93000.0,Manual,first,diesel,390000,12.873904582205107
Hyundai,12,125000.0,Manual,first,diesel,275000,12.524530013005734
Maruti Suzuki,7,156500.0,Manual,second,diesel,675000,13.42246945133505
Hyundai,6,64000.0,Manual,second,diesel,720000,13.487007879880162
Mahindra,1,7300.0,Automatic,first,diesel,1571000,14.267223553774793
Mahindra,2,41000.0,Manual,first,diesel,950000,13.76421831620775
Hyundai,11,34000.0,Manual,first,petrol,255000,12.449022745701502
Maruti Suzuki,2,25772.0,Manual,first,petrol,699999,13.458835614025542
Ford,6,62000.0,Automatic,second,diesel,2299999,14.648419680899378
Toyota,3,300000.0,Automatic,first,diesel,2590000,14.767168819776032
Toyota,1,32000.0,Automatic,first,petrol,2799000,14.844773125767981
Honda,10,103000.0,Manual,second,diesel,525000,13.171155446333852
Hyundai,5,49000.0,Automatic,first,petrol,995000,13.81049902116535
Hyundai,12,78000.0,Automatic,second,petrol,445000,13.005831808336863
Volkswagen,10,121000.0,Manual,second,diesel,465000,13.049794835104816
Mini,9,300000.0,Automatic,first,diesel,2000000,14.508658238524095
Isuzu,3,110000.0,Manual,first,diesel,890000,13.698977865303197
Maruti Suzuki,5,115000.0,Automatic,second,diesel,840000,13.641158361294979
Maruti Suzuki,9,83000.0,Manual,first,diesel,275000,12.524530013005734
Mahindra,14,300000.0,Manual,second,diesel,365000,12.807655372286902
Mahindra,3,80000.0,Manual,second,diesel,925000,13.73755009757506
Mercedes-Benz,8,59500.0,Automatic,first,petrol,5000000,15.424948670398354
Toyota,7,175000.0,Manual,first,diesel,1250000,14.038654909278163
Tata,4,28300.0,Manual,second,petrol,495000,13.112315061750808
BMW,5,35833.0,Automatic,first,diesel,4100000,15.226497775576945
Mercedes-Benz,5,59000.0,Automatic,first,petrol,26000000,17.073607134447293
Mercedes-Benz,2,9426.0,Automatic,first,diesel,5390000,15.50005612841392
Renault,3,55000.0,Manual,first,petrol,350000,12.765691290604371
Toyota,2,35000.0,Automatic,first,diesel,2695000,14.80690913338268
Kia,2,77000.0,Automatic,first,diesel,1725000,14.360738188157574
Maruti Suzuki,17,84000.0,Manual,second,petrol,200000,12.206077645517674
Mahindra,8,300000.0,Manual,second,diesel,975000,13.790193775620484
Toyota,1,125000.0,Manual,first,diesel,2425000,14.70134249472477
Hyundai,7,38000.0,Automatic,second,petrol,825000,13.623139877437296
Honda,10,95000.0,Manual,first,diesel,585000,13.279368835614243
Maruti Suzuki,18,300000.0,Manual,second,petrol,125000,11.736077016252437
Hyundai,16,140000.0,Manual,second,diesel,88000,11.385103457032141
Tata,5,300000.0,Manual,first,petrol,410000,12.923914877701906
Toyota,8,61000.0,Automatic,second,petrol,845000,13.647093089770562
Tata,15,80000.0,Manual,second,petrol,100000,11.51293546492023
Hyundai,6,54904.0,Manual,first,diesel,969000,13.784020922864116
Hyundai,0,4700.0,Manual,first,diesel,2100000,14.557448378884015
BMW,11,57000.0,Automatic,first,diesel,1200000,13.997832948091215
Mahindra,7,52000.0,Automatic,first,diesel,1200000,13.997832948091215
Mahindra,3,300000.0,Automatic,first,diesel,1600000,14.285514812209815
Hyundai,0,3200.0,Manual,first,petrol,1500000,14.220976332738882
Mahindra,3,46000.0,Automatic,first,diesel,1620000,14.297937324492327
Maruti Suzuki,15,70000.0,Manual,second,petrol,161000,11.989165855127435
Kia,1,2400.0,Automatic,first,diesel,1325000,14.096923772119156
Volkswagen,7,62000.0,Automatic,second,petrol,490000,13.102162710901053
Mercedes-Benz,10,119000.0,Automatic,first,diesel,899000,13.70903942580019
Honda,5,300000.0,Automatic,second,petrol,575000,13.26212705890841
Skoda,9,124006.0,Manual,second,diesel,595000,13.296318365198623
Maruti Suzuki,8,55000.0,Manual,second,petrol,530000,13.180634172318978
Hyundai,11,24500.0,Manual,second,petrol,285000,12.560247968016562
Volkswagen,4,35000.0,Automatic,first,petrol,1180000,13.981025843899115
Jeep,7,51600.0,Manual,first,diesel,695000,13.451668563394815
Kia,3,100000.0,Automatic,first,diesel,1350000,14.115615891155079
Hyundai,12,110000.0,Manual,second,petrol,239000,12.384223015005313
Hyundai,5,52000.0,Manual,second,petrol,725000,13.493928313146206
Honda,2,21000.0,Automatic,first,petrol,795000,13.586098651497313
Mercedes-Benz,9,57000.0,Automatic,first,diesel,1750000,14.375126917328105
Honda,9,70000.0,Automatic,first,petrol,575000,13.26212705890841
Volkswagen,9,78000.0,Manual,second,diesel,595000,13.296318365198623
Toyota,8,103000.0,Manual,second,diesel,1350000,14.115615891155079
Hyundai,12,120000.0,Manual,second,diesel,236000,12.371591321286905
Maruti Suzuki,11,150000.0,Manual,second,diesel,500000,13.122365377402328
Hyundai,6,68000.0,Automatic,first,diesel,1175000,13.976779556623864
Maruti Suzuki,11,135000.0,Manual,second,diesel,160000,11.982935344196433
Datsun,6,38000.0,Automatic,first,petrol,280000,12.54254845357358
Audi,13,150000.0,Automatic,second,diesel,960000,13.774689605110144
Maruti Suzuki,5,48000.0,Manual,first,petrol,525000,13.171155446333852
Mercedes-Benz,7,72000.0,Automatic,second,diesel,4525111,15.325152886191068
Mercedes-Benz,7,32600.0,Automatic,second,petrol,1750000,14.375126917328105
Maruti Suzuki,2,19245.0,Automatic,first,petrol,690000,13.444448325847754
Mahindra,6,244000.0,Manual,second,diesel,309000,12.6410997921206
Toyota,2,30000.0,Automatic,first,petrol,11500000,16.257857680289998
Mahindra,10,88500.0,Manual,first,diesel,589000,13.286183160425152
Maruti Suzuki,9,73000.0,Automatic,first,petrol,269000,12.502470376049185
Audi,5,23400.0,Automatic,second,petrol,2475000,14.72175135802525
Audi,10,99000.0,Automatic,first,diesel,850000,13.652992804936396
Audi,7,116000.0,Automatic,second,diesel,2090000,14.55267510240978
Honda,3,150000.0,Automatic,first,petrol,1425000,14.169683073439028
Audi,8,50000.0,Automatic,second,diesel,1400000,14.151983508870947
Mercedes-Benz,5,29000.0,Automatic,first,petrol,8200000,15.919644834185693
Hyundai,10,70000.0,Manual,second,diesel,445000,13.005831808336863
Maruti Suzuki,4,65000.0,Manual,first,petrol,600000,13.304686600863562
Volkswagen,9,103000.0,Automatic,first,diesel,655000,13.39239204133378
Honda,6,48000.0,Manual,second,petrol,575000,13.26212705890841
Honda,17,95000.0,Manual,second,petrol,220000,12.301387370778713
Honda,10,90000.0,Manual,second,diesel,381999,12.853175887588712
Mahindra,5,97333.0,Manual,first,diesel,645000,13.377007146164305
Hyundai,12,100000.0,Automatic,second,petrol,320000,12.676079399771027
Renault,8,300000.0,Manual,second,petrol,145000,11.884495917930655
Maruti Suzuki,6,34000.0,Automatic,first,petrol,711000,13.47442911525415
Honda,7,28305.0,Automatic,first,petrol,681000,13.431319053559353
Maruti Suzuki,13,53000.0,Manual,second,petrol,170000,12.04355959836804
Toyota,8,175000.0,Automatic,first,petrol,1180000,13.981025843899115
Honda,10,87000.0,Manual,first,diesel,450000,13.017005083966255
Jaguar,5,17500.0,Automatic,first,petrol,3750000,15.137266664613225
Toyota,4,180000.0,Manual,first,diesel,1900000,14.45736497045232
Maruti Suzuki,7,56000.0,Manual,second,diesel,630000,13.353476685668044
Maruti Suzuki,7,300000.0,Automatic,second,petrol,725000,13.493928313146206
Maruti Suzuki,3,25000.0,Automatic,second,petrol,450000,13.017005083966255
Skoda,9,59000.0,Automatic,second,petrol,715000,13.480039220276565
Ford,8,300000.0,Manual,first,diesel,490000,13.102162710901053
Hyundai,8,78000.0,Automatic,second,diesel,1025000,13.840204146163925
Audi,7,120000.0,Automatic,second,diesel,1950000,14.48334044336031
Maruti Suzuki,4,28000.0,Automatic,second,petrol,649999,13.38472764187182
Honda,8,29000.0,Automatic,first,petrol,675000,13.42246945133505
Hyundai,7,49700.0,Manual,first,petrol,571000,13.255146239950099
Audi,13,51000.0,Automatic,second,petrol,1350000,14.115615891155079
Mahindra,5,19300.0,Manual,second,diesel,995000,13.81049902116535
Volkswagen,3,170000.0,Automatic,first,petrol,1249000,14.037854589747907
Toyota,11,95013.0,Automatic,first,diesel,1050000,13.864301674514206
Maruti Suzuki,4,300000.0,Manual,first,petrol,415000,12.936036208848487
Hyundai,2,9000.0,Manual,first,petrol,1495000,14.217637433703022
Jeep,4,300000.0,Automatic,first,petrol,1575000,14.269766465162304
Audi,11,16250.0,Automatic,first,petrol,1350000,14.115615891155079
Hyundai,4,30000.0,Manual,first,petrol,705000,13.465954500233115
Tata,2,18000.0,Manual,first,petrol,800000,13.592368256649284
BMW,9,92000.0,Automatic,first,diesel,1450000,14.187074804051692
Tata,10,48000.0,Manual,second,petrol,180000,12.100717685412471
Kia,1,2400.0,Automatic,first,petrol,1325000,14.096923772119156
BMW,6,51000.0,Automatic,second,diesel,4675000,15.357739934608645
Honda,8,111000.0,Automatic,first,petrol,450000,13.017005083966255
Chevrolet,11,90000.0,Automatic,first,diesel,440000,12.994532278619134
Maruti Suzuki,7,68000.0,Manual,second,petrol,500000,13.122365377402328
Maruti Suzuki,7,51000.0,Manual,first,petrol,485000,13.091906231773164
Skoda,11,72000.0,Automatic,first,petrol,400000,12.899222326086994
Honda,14,79000.0,Manual,second,petrol,205000,12.230770136157428
Mercedes-Benz,10,51447.0,Automatic,first,diesel,1475001,14.204169903687342
Mahindra,1,15903.0,Automatic,first,diesel,2350001,14.66992673718381
Hyundai,11,52000.0,Manual,first,diesel,262000,12.476103599529843
Maruti Suzuki,3,195000.0,Manual,first,petrol,1100000,13.910821646859095
Honda,8,56000.0,Automatic,second,petrol,625000,13.345508528717259
Honda,20,80000.0,Manual,second,petrol,60000,11.002116507732017
Toyota,11,180000.0,Manual,second,diesel,1750000,14.375126917328105
Mahindra,8,64525.0,Manual,first,diesel,445000,13.005831808336863
Toyota,2,7000.0,Automatic,first,petrol,2250000,14.626441218624949
Mahindra,0,1450.0,Automatic,first,diesel,2727000,14.818713028530995
Maruti Suzuki,19,85000.0,Automatic,second,petrol,54000,10.896757843893464
Mini,5,39000.0,Automatic,second,petrol,3900000,15.176487367510099
Honda,3,31986.0,Manual,first,petrol,675000,13.42246945133505
Tata,1,29000.0,Manual,first,diesel,1795000,14.400516137007425
Maruti Suzuki,19,74000.0,Manual,second,petrol,38000,10.545367754151743
Hyundai,9,57000.0,Manual,first,petrol,455000,13.02805489573287
Mini,6,12923.0,Automatic,first,petrol,3560000,15.08527138372705
Hyundai,4,130000.0,Automatic,second,diesel,1100000,13.910821646859095
Honda,4,25000.0,Manual,first,petrol,655000,13.39239204133378
Maruti Suzuki,15,80282.0,Manual,second,petrol,275000,12.524530013005734
Mercedes-Benz,7,112000.0,Automatic,first,diesel,2650000,14.790070575320824
Hyundai,15,69000.0,Automatic,first,petrol,230000,12.345838935721968
Maruti Suzuki,16,83481.0,Manual,second,petrol,175000,12.07254696717504
Volkswagen,3,50000.0,Automatic,second,petrol,950000,13.76421831620775
Maruti Suzuki,8,63200.0,Automatic,second,petrol,585000,13.279368835614243
Hyundai,6,53000.0,Manual,second,petrol,399000,12.896719202134523
Hyundai,15,15.0,Manual,second,petrol,80000,11.289794413577894
Kia,1,43000.0,Manual,first,diesel,1090000,13.901689171636098
BMW,2,9000.0,Automatic,second,petrol,7200000,15.789591722875162
Hyundai,13,58000.0,Automatic,first,petrol,375000,12.834683971615659
MG,3,50000.0,Automatic,second,petrol,1399000,14.151268968443645
Maruti Suzuki,5,49000.0,Automatic,second,petrol,695000,13.451668563394815
Honda,19,60000.0,Manual,second,petrol,90000,11.407576060361786
Chevrolet,11,70000.0,Automatic,first,diesel,421000,12.95039048795861
Volkswagen,5,48000.0,Manual,first,petrol,650000,13.384729180332174
Tata,6,38000.0,Manual,first,petrol,595000,13.296318365198623
Maruti Suzuki,3,19500.0,Manual,second,petrol,360000,12.793862088206213
Mahindra,10,99000.0,Manual,second,diesel,510000,13.1421679654829
Toyota,6,74000.0,Automatic,second,diesel,1850000,14.430696737594902
Maruti Suzuki,7,113000.0,Manual,second,diesel,595000,13.296318365198623
Lexus,0,24000.0,Automatic,first,diesel,27750000,17.138746434192754
Hyundai,7,90709.0,Automatic,first,diesel,1325000,14.096923772119156
Toyota,8,99584.0,Automatic,first,diesel,1890000,14.452087916136215
Chevrolet,9,92000.0,Manual,second,diesel,395000,12.886643575525625
Maruti Suzuki,1,20000.0,Automatic,first,petrol,1795000,14.400516137007425
Maruti Suzuki,5,80000.0,Manual,first,diesel,775000,13.560619598657233
Ford,11,64000.0,Manual,first,diesel,239000,12.384223015005313
Hyundai,9,78000.0,Manual,first,diesel,585000,13.279368835614243
Audi,14,98000.0,Automatic,second,diesel,1075000,13.887832149776026
Kia,2,18000.0,Automatic,first,petrol,1495000,14.217637433703022
BMW,12,86000.0,Automatic,second,diesel,1125000,13.933294482509151
Honda,9,51000.0,Manual,second,petrol,485000,13.091906231773164
Fiat,9,86000.0,Manual,second,diesel,250000,12.429220196836383
BMW,7,100000.0,Automatic,first,diesel,1840000,14.425276673063282
Mahindra,1,120000.0,Automatic,first,diesel,2400000,14.690979711984754
Maruti Suzuki,6,67000.0,Manual,first,diesel,600000,13.304686600863562
Hyundai,2,33000.0,Automatic,first,diesel,1899000,14.456838516387228
Mahindra,9,71000.0,Manual,second,diesel,735000,13.507627138738266
Hyundai,7,47600.0,Automatic,first,petrol,499000,13.120363378739663
Hyundai,22,160000.0,Manual,first,diesel,385000,12.861001210669146
Audi,9,95000.0,Automatic,first,diesel,1395000,14.148405690083225
Maruti Suzuki,2,33000.0,Automatic,first,petrol,890000,13.698977865303197
Hyundai,6,70000.0,Manual,first,diesel,965000,13.779884416590017
Tata,7,57000.0,Automatic,first,diesel,885000,13.69334405393293
Hyundai,5,300000.0,Automatic,first,diesel,1000000,13.815511557963774
Hyundai,3,46000.0,Automatic,first,petrol,1200000,13.997832948091215
BMW,10,90000.0,Automatic,second,diesel,1260000,14.04662307257814
Maruti Suzuki,11,54268.0,Manual,first,petrol,275621,12.526785640770271
Hyundai,6,57000.0,Automatic,first,diesel,1125000,13.933294482509151
Hyundai,3,25000.0,Manual,first,petrol,1295000,14.07402202531625
Mahindra,6,83725.0,Automatic,second,diesel,675000,13.42246945133505
Toyota,6,95000.0,Manual,second,diesel,545000,13.208542908506082
Renault,7,33000.0,Automatic,second,petrol,375000,12.834683971615659
Isuzu,6,96000.0,Manual,second,diesel,1550000,14.253766134056512
Honda,18,98000.0,Automatic,second,petrol,225000,12.323860125621126
Maruti Suzuki,8,101500.0,Manual,second,petrol,245000,12.409017571151187
Volkswagen,7,76654.0,Automatic,first,petrol,775000,13.560619598657233
Maruti Suzuki,12,69000.0,Manual,second,petrol,315000,12.660331092405906
MG,5,16000.0,Automatic,second,petrol,1250000,14.038654909278163
Hyundai,5,38000.0,Automatic,second,petrol,950000,13.76421831620775
Maruti Suzuki,6,53200.0,Automatic,first,diesel,890000,13.698977865303197
Audi,9,52500.0,Automatic,first,petrol,1550000,14.253766134056512
Maruti Suzuki,5,76000.0,Automatic,first,diesel,735000,13.507627138738266
Hyundai,4,54000.0,Manual,first,petrol,1090000,13.901689171636098
Jaguar,11,35000.0,Automatic,second,diesel,1745000,14.372265686684402
Nissan,7,95000.0,Manual,second,petrol,500000,13.122365377402328
Hyundai,3,29168.0,Automatic,first,diesel,2600000,14.77102238760702
Tata,5,140000.0,Manual,first,diesel,490000,13.102162710901053
Maruti Suzuki,5,21000.0,Manual,first,petrol,675000,13.42246945133505
Hyundai,11,56000.0,Manual,second,petrol,185000,12.128116509451258
Hyundai,2,33000.0,Automatic,first,diesel,1835000,14.422555584429787
Maruti Suzuki,10,98000.0,Manual,first,diesel,445000,13.005831808336863
Honda,7,73000.0,Automatic,first,petrol,590000,13.28787951079572
Hyundai,9,118000.0,Manual,second,diesel,875000,13.681980308196241
Mercedes-Benz,6,43000.0,Automatic,second,diesel,2350000,14.669926311652166
Hyundai,4,76500.0,Manual,first,petrol,1075000,13.887832149776026
Maruti Suzuki,4,105000.0,Manual,second,petrol,310000,12.644330802262578
Maruti Suzuki,11,43000.0,Manual,first,petrol,390000,12.873904582205107
Toyota,13,49000.0,Manual,first,diesel,424000,12.95749109270188
Honda,7,81000.0,Automatic,first,petrol,699000,13.457407451830088
Mercedes-Benz,7,300000.0,Automatic,second,petrol,14500000,16.489659276356317
Renault,6,83000.0,Automatic,second,diesel,940000,13.753636218075409
Hyundai,5,87000.0,Manual,first,diesel,1050000,13.864301674514206
Hyundai,1,34000.0,Automatic,first,diesel,1950000,14.48334044336031
Maruti Suzuki,8,70000.0,Manual,first,diesel,751000,13.529162262303307
Honda,8,40000.0,Manual,first,petrol,625000,13.345508528717259
Hyundai,3,100000.0,Automatic,first,diesel,1450000,14.187074804051692
Mercedes-Benz,9,85000.0,Automatic,first,petrol,1395000,14.148405690083225
Volkswagen,7,110000.0,Automatic,first,diesel,1495000,14.217637433703022
Mahindra,3,18000.0,Automatic,first,petrol,990000,13.805461232211272
Mahindra,8,99344.0,Manual,second,diesel,570000,13.25339339419516
Tata,2,65000.0,Automatic,first,diesel,2090000,14.55267510240978
Maruti Suzuki,11,73500.0,Manual,second,petrol,370000,12.821260987319457
Maruti Suzuki,7,75000.0,Automatic,second,petrol,675000,13.42246945133505
Tata,7,81000.0,Automatic,first,diesel,790000,13.579789490265188
Maruti Suzuki,9,45100.0,Manual,first,petrol,157000,11.964007453736912
Tata,3,54000.0,Automatic,first,diesel,1495000,14.217637433703022
Hyundai,6,54000.0,Manual,second,petrol,895000,13.704580114574805
Volkswagen,11,61000.0,Automatic,first,petrol,410000,12.923914877701906
Hyundai,5,51000.0,Manual,first,petrol,521000,13.163507240119458
MG,4,65000.0,Manual,second,petrol,1125000,13.933294482509151
Skoda,7,49600.0,Manual,first,petrol,665000,13.407543823396258
Hyundai,2,50000.0,Manual,first,diesel,1200000,13.997832948091215
Mahindra,2,39000.0,Manual,first,diesel,1450000,14.187074804051692
Toyota,14,279000.0,Manual,first,diesel,1249000,14.037854589747907
Renault,9,76000.0,Manual,second,petrol,425000,12.959846800844963
Skoda,9,71000.0,Automatic,second,petrol,395000,12.886643575525625
Audi,7,29500.0,Automatic,second,diesel,2150000,14.580978865220017
Honda,8,63210.0,Manual,first,petrol,421000,12.95039048795861
Kia,3,35000.0,Automatic,first,diesel,1735000,14.366518547731806
Honda,13,82000.0,Manual,first,petrol,230000,12.345838935721968
Chevrolet,15,97000.0,Manual,second,petrol,250000,12.429220196836383
Maruti Suzuki,7,300000.0,Automatic,first,petrol,465000,13.049794835104816
Mini,5,31900.0,Automatic,second,petrol,2650000,14.790070575320824
Kia,5,22000.0,Automatic,second,petrol,1195000,13.993657580167481
BMW,7,104000.0,Automatic,second,diesel,2200000,14.603968372873895
Mahindra,6,85000.0,Manual,second,diesel,625000,13.345508528717259
Mahindra,1,5000.0,Automatic,first,diesel,2950000,14.897316067298997
Mercedes-Benz,1,30000.0,Automatic,first,diesel,9700000,16.08763654656639
Hyundai,5,50000.0,Manual,first,petrol,975000,13.790193775620484
Honda,9,65000.0,Manual,first,petrol,375000,12.834683971615659
Maruti Suzuki,10,9000.0,Manual,second,diesel,320000,12.676079399771027
Audi,12,76532.0,Automatic,second,diesel,950000,13.76421831620775
Maruti Suzuki,12,62000.0,Manual,first,diesel,369000,12.818554633046093
Mahindra,6,20.0,Automatic,second,diesel,670000,13.415034483903348
BMW,14,65000.0,Automatic,first,diesel,489000,13.100119813444692
Renault,2,39000.0,Automatic,first,diesel,750000,13.527829818844937
Ford,6,93000.0,Automatic,first,diesel,2199000,14.603513724288955
Hyundai,7,67000.0,Automatic,first,petrol,790000,13.579789490265188
BMW,11,57000.0,Automatic,first,diesel,1200000,13.997832948091215
Maruti Suzuki,8,94000.0,Automatic,second,petrol,305000,12.628070334272698
BMW,8,92000.0,Automatic,second,diesel,3000000,14.914123179965662
Maruti Suzuki,9,71000.0,Manual,second,diesel,375000,12.834683971615659
Hyundai,7,72431.0,Automatic,second,diesel,1049000,13.863348840666827
Mahindra,12,95000.0,Manual,first,diesel,545000,13.208542908506082
Toyota,1,19000.0,Automatic,first,diesel,3950000,15.18922639004183
Maruti Suzuki,9,80000.0,Manual,second,petrol,430000,12.971542813248437
Mercedes-Benz,12,95000.0,Automatic,second,diesel,1449000,14.186384911433706
Toyota,8,94100.0,Manual,first,diesel,1835000,14.422555584429787
Ford,4,90000.0,Automatic,first,diesel,3150000,14.962913328262083
Toyota,9,125000.0,Automatic,first,diesel,1125000,13.933294482509151
Hyundai,7,77000.0,Manual,first,petrol,770000,13.554147092530322
Mercedes-Benz,7,65000.0,Automatic,second,diesel,2785000,14.839758790409885
Tata,0,4200.0,Automatic,first,diesel,2125000,14.56928283092878
Ford,13,135000.0,Manual,second,diesel,225000,12.323860125621126
Hyundai,16,71000.0,Manual,second,petrol,250000,12.429220196836383
Tata,2,20000.0,Automatic,first,diesel,2150000,14.580978865220017
Mercedes-Benz,7,32600.0,Automatic,second,petrol,1750000,14.375126917328105
Mahindra,4,48100.0,Manual,first,diesel,1250000,14.038654909278163
Honda,11,107565.0,Manual,second,petrol,425000,12.959846800844963
Toyota,5,55000.0,Automatic,second,diesel,3475000,15.061105324750772
Tata,5,74576.0,Manual,first,diesel,640000,13.369225017834633
Maruti Suzuki,10,75000.0,Manual,first,petrol,475000,13.07107218827772
Maruti Suzuki,4,45124.0,Manual,first,petrol,650000,13.384729180332174
Hyundai,6,78000.0,Manual,second,diesel,625000,13.345508528717259
Toyota,13,65321.0,Manual,second,diesel,219101,12.297292653793836
Isuzu,5,185000.0,Automatic,first,diesel,1535000,14.24404159046902
Honda,8,46000.0,Automatic,second,petrol,450000,13.017005083966255
Maruti Suzuki,12,63000.0,Manual,first,petrol,199000,12.201065128819632
Maruti Suzuki,10,65000.0,Manual,second,petrol,275000,12.524530013005734
Maruti Suzuki,7,88000.0,Manual,second,petrol,410000,12.923914877701906
Audi,9,85000.0,Automatic,second,diesel,610000,13.321215875492413
Honda,9,71000.0,Manual,second,petrol,498000,13.118357364036902
Maruti Suzuki,6,65000.0,Manual,first,diesel,650000,13.384729180332174
Mahindra,8,81000.0,Manual,first,diesel,690000,13.444448325847754
BMW,15,40000.0,Automatic,first,petrol,1000000,13.815511557963774
Kia,4,70000.0,Automatic,first,diesel,1550000,14.253766134056512
Mercedes-Benz,5,300000.0,Automatic,first,diesel,5475000,15.515703016315223
Tata,7,96000.0,Manual,second,diesel,675000,13.42246945133505
Toyota,9,150000.0,Automatic,second,diesel,1450000,14.187074804051692
Honda,6,82000.0,Manual,second,petrol,650000,13.384729180332174
Maruti Suzuki,7,129000.0,Manual,first,diesel,539000,13.197472705176983
Toyota,1,19500.0,Automatic,second,diesel,4370000,15.2902737959047
Maruti Suzuki,12,100000.0,Manual,second,petrol,200000,12.206077645517674
Volkswagen,9,104771.0,Automatic,second,diesel,450000,13.017005083966255
Tata,12,190000.0,Manual,first,diesel,85000,11.350418300109132
Tata,7,49000.0,Automatic,second,petrol,430000,12.971542813248437
Honda,7,70000.0,Manual,second,petrol,685000,13.437175577097312
Kia,3,35213.0,Automatic,first,petrol,1095000,13.90626583447433
Mercedes-Benz,12,59695.0,Automatic,second,diesel,1545000,14.250535115562965
Maruti Suzuki,10,23.0,Automatic,second,diesel,375000,12.834683971615659
Hyundai,8,45000.0,Manual,second,petrol,330000,12.706850963741102
Tata,4,30000.0,Manual,first,petrol,775000,13.560619598657233
Tata,5,31000.0,Manual,first,petrol,600000,13.304686600863562
Hyundai,4,55000.0,Automatic,second,petrol,1325000,14.096923772119156
Maruti Suzuki,1,8500.0,Automatic,first,petrol,1051000,13.865253601333421
Tata,11,87312.0,Manual,first,diesel,349444,12.764101460604314
Maruti Suzuki,6,72000.0,Automatic,second,petrol,530000,13.180634172318978
Toyota,14,126000.0,Manual,first,diesel,570000,13.25339339419516
Audi,11,55000.0,Automatic,second,diesel,785000,13.573440270649085
Toyota,8,148000.0,Manual,first,diesel,549000,13.215855541983634
Toyota,9,175300.0,Automatic,second,diesel,1000000,13.815511557963774
Volkswagen,10,104600.0,Manual,second,diesel,449000,13.014780393893403
Maruti Suzuki,5,35000.0,Automatic,second,diesel,680000,13.429849547739444
MG,1,27002.0,Automatic,first,petrol,2100002,14.55744933126406
Mercedes-Benz,10,94500.0,Automatic,second,diesel,2150000,14.580978865220017
Jaguar,5,15000.0,Automatic,second,diesel,2995000,14.912455123421447
Maruti Suzuki,8,1.0,Manual,first,petrol,510000,13.1421679654829
Maruti Suzuki,8,90000.0,Manual,second,diesel,500000,13.122365377402328
Maruti Suzuki,7,42000.0,Manual,second,petrol,490000,13.102162710901053
Hyundai,15,36200.0,Manual,first,petrol,91500,11.424105180165641
Toyota,6,98000.0,Automatic,second,diesel,1650000,14.316286451937186
Toyota,2,21000.0,Automatic,first,diesel,2590000,14.767168819776032
BMW,7,39000.0,Automatic,second,diesel,2399999,14.690979295318174
BMW,12,300000.0,Automatic,second,diesel,1975000,14.496079462646344
Kia,4,34000.0,Manual,first,diesel,1075000,13.887832149776026
Maruti Suzuki,15,18000.0,Manual,second,petrol,135000,11.813037464800539
Toyota,4,33000.0,Manual,second,diesel,1250000,14.038654909278163
Tata,3,29336.0,Manual,first,diesel,2185000,14.597126844177627
Honda,13,90000.0,Manual,second,petrol,199000,12.201065128819632
Maruti Suzuki,10,53000.0,Manual,first,diesel,285000,12.560247968016562
Maruti Suzuki,7,155000.0,Manual,second,diesel,550000,13.217675375388819
Tata,2,48000.0,Automatic,first,diesel,2099999,14.557447902693651
Skoda,0,13000.0,Automatic,first,petrol,1475000,14.204169225721929
Maruti Suzuki,6,67452.0,Automatic,first,petrol,385000,12.861001210669146
Mini,7,22000.0,Automatic,second,petrol,2850000,14.862829903121964
Maruti Suzuki,8,145000.0,Automatic,second,diesel,650000,13.384729180332174
BMW,2,29000.0,Automatic,first,diesel,10700000,16.185754392890075
Tata,13,150000.0,Manual,first,diesel,149000,11.91170829631447
Kia,5,54500.0,Automatic,first,diesel,1590000,14.279245203127035
BMW,6,300000.0,Automatic,first,diesel,3950000,15.18922639004183
Volkswagen,11,75000.0,Automatic,second,petrol,470000,13.060490101343552
Honda,5,45000.0,Automatic,first,petrol,649999,13.38472764187182
Jeep,3,78000.0,Automatic,first,diesel,1550000,14.253766134056512
Toyota,12,144600.0,Manual,second,diesel,650000,13.384729180332174
Toyota,9,189000.0,Manual,second,diesel,920000,13.732130035981154
Audi,7,58000.0,Automatic,first,petrol,2750000,14.827111833279051
Mahindra,11,174000.0,Automatic,first,diesel,325000,12.691583538230217
Skoda,11,65000.0,Automatic,second,petrol,315000,12.660331092405906
Toyota,1,150000.0,Automatic,first,diesel,24700000,17.022313842084035
Toyota,10,65000.0,Manual,first,petrol,160000,11.982935344196433
Maruti Suzuki,6,22000.0,Manual,first,petrol,290000,12.577639650232573
Hyundai,11,72000.0,Automatic,second,diesel,485000,13.091906231773164
Volkswagen,6,126000.0,Manual,first,diesel,570000,13.25339339419516
Hyundai,9,125350.0,Manual,second,diesel,650000,13.384729180332174
Renault,4,23000.0,Automatic,first,petrol,599000,13.303018546545275
Honda,7,120000.0,Manual,second,diesel,690000,13.444448325847754
Audi,10,50000.0,Automatic,second,diesel,2150000,14.580978865220017
Maruti Suzuki,6,31000.0,Manual,first,petrol,419000,12.945628585536271
Toyota,9,154000.0,Automatic,second,diesel,1875000,14.444119750719839
Maruti Suzuki,4,45000.0,Manual,first,petrol,525000,13.171155446333852
Nissan,5,56000.0,Manual,second,petrol,450000,13.017005083966255
Toyota,10,86000.0,Automatic,second,diesel,1325000,14.096923772119156
Hyundai,8,49000.0,Manual,second,diesel,495000,13.112315061750808
Hyundai,4,58000.0,Manual,second,petrol,950000,13.76421831620775
Maruti Suzuki,7,87000.0,Manual,first,petrol,460000,13.038983942375959
Mahindra,11,49200.0,Manual,first,diesel,550000,13.217675375388819
BMW,3,21000.0,Automatic,first,petrol,8050000,15.901182773618341
Toyota,1,10000.0,Automatic,first,petrol,4450000,15.308414878861498
Toyota,18,170000.0,Manual,second,diesel,270000,12.506180941677357
Renault,8,63000.0,Manual,second,diesel,415000,12.936036208848487
Mercedes-Benz,7,32600.0,Automatic,second,petrol,1750000,14.375126917328105
Maruti Suzuki,9,31000.0,Manual,second,petrol,465000,13.049794835104816
Maruti Suzuki,7,42000.0,Manual,first,diesel,849999,13.652991628466498
Tata,12,100000.0,Manual,second,diesel,125000,11.736077016252437
Chevrolet,16,230000.0,Manual,second,diesel,225000,12.323860125621126
Honda,3,72000.0,Manual,first,diesel,725000,13.493928313146206
BMW,12,70000.0,Automatic,first,diesel,1100000,13.910821646859095
Maruti Suzuki,12,152643.0,Manual,first,petrol,175000,12.07254696717504
Maruti Suzuki,17,75000.0,Manual,second,petrol,165000,12.013706813470414
Maruti Suzuki,14,78000.0,Manual,second,petrol,190000,12.154784614286667
Hyundai,8,95000.0,Manual,second,diesel,490000,13.102162710901053
Maruti Suzuki,1,11000.0,Automatic,first,petrol,815000,13.610944619216111
Maruti Suzuki,3,35000.0,Manual,first,petrol,750000,13.527829818844937
Hyundai,10,61000.0,Automatic,first,diesel,499000,13.120363378739663
Volvo,6,85000.0,Automatic,second,diesel,2200000,14.603968372873895
Ford,6,32000.0,Manual,first,diesel,865000,13.670485941982712
Skoda,2,40400.0,Automatic,first,petrol,1451000,14.187764221045963
Tata,2,7200.0,Manual,first,petrol,6500000,15.687312888712007
Maruti Suzuki,4,49000.0,Manual,second,diesel,390000,12.873904582205107
Hyundai,7,71000.0,Manual,second,petrol,499000,13.120363378739663
BMW,12,69000.0,Automatic,second,diesel,649000,13.38318953651709
Honda,13,110000.0,Manual,first,petrol,320000,12.676079399771027
Jaguar,9,92000.0,Automatic,second,diesel,1450000,14.187074804051692
Skoda,2,39500.0,Automatic,first,petrol,1290000,14.070153551531353
Mercedes-Benz,8,300000.0,Automatic,second,petrol,8999999,16.012735135300492
Hyundai,11,99000.0,Manual,second,petrol,255000,12.449022745701502
Maruti Suzuki,6,105000.0,Automatic,second,petrol,375000,12.834683971615659
Tata,5,120000.0,Manual,first,diesel,640000,13.369225017834633
Mini,9,72000.0,Automatic,second,petrol,1475000,14.204169225721929
Maruti Suzuki,1,13000.0,Automatic,first,petrol,920000,13.732130035981154
Mahindra,3,45000.0,Manual,first,petrol,1370000,14.130322027731049
Toyota,10,168000.0,Automatic,first,diesel,1340000,14.108180918195472
Hyundai,6,53000.0,Manual,second,petrol,499000,13.120363378739663
Maruti Suzuki,7,44000.0,Automatic,second,petrol,425000,12.959846800844963
Mercedes-Benz,11,89000.0,Automatic,second,diesel,899000,13.70903942580019
Audi,12,87000.0,Automatic,second,diesel,1050000,13.864301674514206
Maruti Suzuki,6,27800.0,Automatic,first,diesel,849000,13.651815643149092
Maruti Suzuki,7,62000.0,Automatic,first,petrol,535000,13.190023895035274
Honda,20,160000.0,Manual,second,petrol,124000,11.728044909070785
Maruti Suzuki,8,93000.0,Manual,first,diesel,685000,13.437175577097312
Honda,3,37000.0,Automatic,first,petrol,1150000,13.955273369904273
Hyundai,11,51000.0,Manual,second,petrol,250000,12.429220196836383
Maruti Suzuki,10,98000.0,Manual,second,petrol,245000,12.409017571151187
MG,4,65000.0,Automatic,first,petrol,1375000,14.13396501635527
Tata,6,112000.0,Manual,second,diesel,799000,13.591117476312084
Hyundai,7,300000.0,Automatic,first,diesel,850000,13.652992804936396
Skoda,8,120000.0,Automatic,first,diesel,590000,13.28787951079572
Hyundai,7,69000.0,Automatic,second,petrol,785000,13.573440270649085
Maruti Suzuki,8,79000.0,Manual,first,petrol,380000,12.847929163278053
Maruti Suzuki,8,63000.0,Manual,second,diesel,675000,13.42246945133505
Mercedes-Benz,9,68000.0,Automatic,second,petrol,1699000,14.345550989235415
BMW,8,75000.0,Automatic,second,diesel,1795000,14.400516137007425
Toyota,3,9110.0,Automatic,first,petrol,895000,13.704580114574805
MG,1,24000.0,Automatic,first,petrol,1640000,14.310207409556293
Kia,5,71000.0,Manual,first,diesel,1215000,14.010255457801716
Hyundai,3,41000.0,Manual,first,petrol,1050000,13.864301674514206
Maruti Suzuki,1,35000.0,Manual,first,petrol,1275000,14.058457520888082
Maruti Suzuki,3,38000.0,Manual,first,petrol,750000,13.527829818844937
Volkswagen,7,60000.0,Manual,first,petrol,665000,13.407543823396258
Kia,4,16000.0,Automatic,first,petrol,1385000,14.141211419624977
Tata,6,300000.0,Automatic,second,petrol,675000,13.42246945133505
Maruti Suzuki,9,74000.0,Manual,second,diesel,390000,12.873904582205107
Maruti Suzuki,2,300000.0,Manual,first,petrol,640000,13.369225017834633
Honda,10,48000.0,Manual,second,petrol,470000,13.060490101343552
Maruti Suzuki,6,110000.0,Manual,first,petrol,585000,13.279368835614243
MG,4,40000.0,Automatic,first,petrol,1321111,14.093984364164834
Mercedes-Benz,5,210000.0,Automatic,first,diesel,3600000,15.096444681204078
Hyundai,9,75000.0,Automatic,second,diesel,595000,13.296318365198623
Maruti Suzuki,1,30.0,Manual,first,petrol,760000,13.541075028051122
Mercedes-Benz,4,69000.0,Automatic,first,diesel,3900000,15.176487367510099
Hyundai,5,62000.0,Manual,second,diesel,910000,13.721200977393528
Audi,1,11000.0,Automatic,first,petrol,5100000,15.444751293772967
Hyundai,17,82000.0,Manual,second,petrol,150000,11.918397239722838
Chevrolet,11,112000.0,Manual,first,diesel,185000,12.128116509451258
Hyundai,5,300000.0,Manual,first,petrol,850000,13.652992804936396
Hyundai,1,11000.0,Manual,first,petrol,1340000,14.108180918195472
Mahindra,9,68000.0,Manual,first,diesel,745000,13.521140839642674
Hyundai,0,3500.0,Manual,first,petrol,820000,13.617060838751888
Kia,4,68000.0,Manual,first,diesel,1040000,13.854732232655556
Hyundai,5,42000.0,Manual,first,diesel,900000,13.710151153416941
Maruti Suzuki,5,52468.0,Manual,first,petrol,435000,12.983103608918753
Volkswagen,2,140000.0,Automatic,first,petrol,1740000,14.36939624590319
Land Rover,6,73182.0,Automatic,first,diesel,3750000,15.137266664613225
Hyundai,22,150000.0,Manual,second,petrol,110000,11.608244735642321
Maruti Suzuki,17,22.0,Manual,second,petrol,75000,11.225256725762893
Hyundai,15,112000.0,Manual,second,petrol,150000,11.918397239722838
Hyundai,7,160000.0,Automatic,second,petrol,1050000,13.864301674514206
Hyundai,12,85000.0,Manual,second,petrol,290000,12.577639650232573
Maruti Suzuki,8,60000.0,Manual,first,petrol,359000,12.791080452981857
Toyota,7,45669.0,Manual,second,petrol,590000,13.28787951079572
Chevrolet,13,62000.0,Manual,first,diesel,195000,12.180759965737863
Tata,5,39000.0,Manual,first,diesel,675000,13.42246945133505
Kia,1,12000.0,Automatic,first,petrol,1625000,14.301018989130402
Honda,7,110000.0,Manual,second,petrol,420000,12.948012371209098
Maruti Suzuki,10,80000.0,Manual,first,petrol,310000,12.644330802262578
Toyota,13,125000.0,Manual,second,diesel,650000,13.384729180332174
Toyota,8,110000.0,Automatic,second,diesel,1560000,14.260197020251155
Kia,3,34000.0,Automatic,first,diesel,1295000,14.07402202531625
Volvo,12,84000.0,Automatic,first,diesel,760000,13.541075028051122
MG,3,24745.0,Automatic,second,petrol,1430000,14.173185701536545
MG,4,300000.0,Automatic,first,petrol,1350000,14.115615891155079
Toyota,10,250000.0,Manual,second,diesel,1080000,13.8924725250259
Hyundai,7,86000.0,Manual,second,diesel,650000,13.384729180332174
Porsche,8,80400.0,Automatic,second,diesel,3975000,15.195535557642865
Tata,7,75000.0,Manual,first,diesel,670000,13.415034483903348
Audi,12,75000.0,Automatic,first,diesel,1175000,13.976779556623864
Maruti Suzuki,7,78000.0,Manual,first,diesel,750000,13.527829818844937
Toyota,1,300000.0,Automatic,first,diesel,4250000,15.26242977619469
Land Rover,9,64000.0,Automatic,second,diesel,6600000,15.702580358511794
Hyundai,5,79146.0,Automatic,second,petrol,965000,13.779884416590017
Honda,9,175000.0,Automatic,second,petrol,850000,13.652992804936396
Maruti Suzuki,5,47110.0,Manual,second,petrol,769000,13.552847548877052
Maruti Suzuki,6,29000.0,Automatic,first,petrol,549000,13.215855541983634
Maruti Suzuki,6,18052.0,Manual,second,petrol,371000,12.82396003700373
Porsche,3,39000.0,Automatic,second,petrol,6875000,15.743402346971443
Hyundai,9,89000.0,Manual,second,diesel,300000,12.611541086966115
Maruti Suzuki,4,26600.0,Automatic,first,petrol,550000,13.217675375388819
Maruti Suzuki,8,83316.0,Manual,second,diesel,535000,13.190023895035274
Maruti Suzuki,15,95000.0,Manual,second,petrol,135000,11.813037464800539
BMW,12,134000.0,Automatic,second,diesel,749000,13.52649559761195
Honda,15,94000.0,Automatic,first,petrol,235000,12.367345048436391
Honda,20,120000.0,Automatic,second,petrol,230000,12.345838935721968
Tata,11,93000.0,Manual,second,diesel,140000,11.849404844423074
Mahindra,7,27000.0,Manual,first,diesel,1350000,14.115615891155079
Mahindra,4,34000.0,Manual,first,diesel,1399000,14.151268968443645
Mercedes-Benz,8,66000.0,Automatic,second,diesel,1900000,14.45736497045232
Mercedes-Benz,11,49000.0,Automatic,second,petrol,1950000,14.48334044336031
Hyundai,4,40000.0,Manual,second,petrol,550000,13.217675375388819
Mercedes-Benz,12,76294.0,Automatic,first,petrol,1180000,13.981025843899115
Mercedes-Benz,14,85000.0,Automatic,second,petrol,599000,13.303018546545275
Hyundai,3,38000.0,Manual,first,diesel,1249000,14.037854589747907
Mahindra,2,56800.0,Manual,first,diesel,838000,13.63877457278093
Kia,3,95000.0,Manual,second,diesel,1350000,14.115615891155079
Mahindra,13,180000.0,Manual,second,diesel,199000,12.201065128819632
Maruti Suzuki,21,100000.0,Manual,second,petrol,100000,11.51293546492023
Mahindra,8,90000.0,Manual,second,petrol,380000,12.847929163278053
Toyota,5,300000.0,Automatic,first,diesel,1580000,14.272936037914342
Mercedes-Benz,12,125000.0,Automatic,second,diesel,915000,13.726680437153236
Jaguar,11,50000.0,Automatic,second,diesel,1150000,13.955273369904273
Jeep,2,21000.0,Automatic,first,diesel,2525111,14.741795976143523
Tata,2,20000.0,Automatic,second,diesel,1000000,13.815511557963774
Ford,6,75000.0,Automatic,first,petrol,640000,13.369225017834633
Hyundai,7,160000.0,Automatic,second,petrol,799000,13.591117476312084
Ford,4,94000.0,Manual,first,diesel,1049000,13.863348840666827
Honda,12,62000.0,Manual,second,petrol,320000,12.676079399771027
Toyota,2,27000.0,Automatic,first,diesel,4400000,15.29711532616119
Hyundai,6,82000.0,Automatic,first,diesel,795000,13.586098651497313
Tata,5,34000.0,Automatic,first,petrol,875000,13.681980308196241
Honda,10,68569.0,Automatic,first,petrol,325000,12.691583538230217
Toyota,9,248000.0,Automatic,first,diesel,1050000,13.864301674514206
Mahindra,9,88000.0,Manual,second,diesel,1150000,13.955273369904273
Hyundai,6,90000.0,Manual,second,diesel,900000,13.710151153416941
Maruti Suzuki,9,63000.0,Manual,first,diesel,435000,12.983103608918753
Honda,6,300000.0,Manual,first,diesel,751000,13.529162262303307
Mercedes-Benz,10,96000.0,Automatic,second,diesel,850000,13.652992804936396
Maruti Suzuki,14,86000.0,Manual,second,petrol,125000,11.736077016252437
Renault,4,23000.0,Automatic,first,petrol,599000,13.303018546545275
Mahindra,5,120000.0,Manual,first,diesel,995000,13.81049902116535
Tata,9,82000.0,Manual,first,diesel,499000,13.120363378739663
Hyundai,14,80000.0,Manual,second,diesel,199000,12.201065128819632
Tata,4,300000.0,Manual,first,diesel,895000,13.704580114574805
Skoda,13,153226.0,Automatic,second,diesel,400000,12.899222326086994
Hyundai,1,46000.0,Manual,first,petrol,725000,13.493928313146206
Maruti Suzuki,27,28000.0,Manual,first,petrol,60000,11.002116507732017
Kia,2,79000.0,Automatic,second,diesel,1650000,14.316286451937186
Land Rover,3,32422.0,Automatic,second,petrol,7499999,15.830413578506539
Maruti Suzuki,8,26000.0,Manual,second,petrol,275000,12.524530013005734
BMW,4,29600.0,Automatic,first,petrol,3345000,15.022977550498084
Maruti Suzuki,16,88000.0,Manual,second,petrol,160000,11.982935344196433
Tata,7,80000.0,Manual,second,petrol,325000,12.691583538230217
Toyota,7,177000.0,Manual,first,diesel,1445000,14.183620571569953
Maruti Suzuki,4,300000.0,Manual,first,petrol,655000,13.39239204133378
Renault,5,58000.0,Manual,first,diesel,650000,13.384729180332174
Maruti Suzuki,10,62000.0,Manual,second,diesel,250000,12.429220196836383
Honda,5,120000.0,Manual,second,diesel,725000,13.493928313146206
Mercedes-Benz,11,92203.0,Automatic,second,diesel,2751000,14.827475403410826
Volkswagen,12,88049.0,Manual,second,diesel,599999,13.304684934198283
Renault,9,63000.0,Manual,second,petrol,199999,12.206072645530174
Toyota,11,180000.0,Manual,second,diesel,875000,13.681980308196241
Mahindra,8,96000.0,Manual,first,diesel,750000,13.527829818844937
Tata,14,50000.0,Manual,second,petrol,49000,10.799595985047786
Mitsubishi,12,90000.0,Manual,second,diesel,799999,13.592367006650065
Volkswagen,9,300000.0,Manual,second,diesel,585000,13.279368835614243
Maruti Suzuki,17,202000.0,Manual,second,petrol,150000,11.918397239722838
Mahindra,3,20000.0,Manual,first,diesel,1199000,13.99699926803766
Maruti Suzuki,13,50600.0,Automatic,second,petrol,290000,12.577639650232573
BMW,7,65000.0,Automatic,second,diesel,1450000,14.187074804051692
Mahindra,12,75000.0,Manual,second,diesel,450000,13.017005083966255
Renault,7,300000.0,Automatic,second,petrol,390000,12.873904582205107
Volkswagen,8,68500.0,Automatic,second,petrol,651000,13.386266457287837
Hyundai,5,300000.0,Manual,first,petrol,490000,13.102162710901053
Mahindra,8,55000.0,Automatic,first,diesel,695000,13.451668563394815
Mahindra,15,83000.0,Manual,second,diesel,355000,12.779875885354993
Land Rover,9,110000.0,Automatic,second,diesel,1599000,14.284889617206765
Mahindra,12,85800.0,Manual,first,diesel,460000,13.038983942375959
Hyundai,11,60000.0,Automatic,first,petrol,375000,12.834683971615659
Toyota,10,209000.0,Manual,second,diesel,1125000,13.933294482509151
Tata,5,136927.0,Automatic,second,diesel,1090000,13.901689171636098
Honda,8,61000.0,Automatic,second,petrol,450000,13.017005083966255
Maruti Suzuki,6,52000.0,Automatic,first,petrol,480000,13.081543466215237
Jeep,6,300000.0,Automatic,second,petrol,1150000,13.955273369904273
Mahindra,10,86000.0,Manual,first,diesel,825000,13.623139877437296
Toyota,7,108277.0,Automatic,first,diesel,1845000,14.427990377462038
Maruti Suzuki,2,26000.0,Manual,first,petrol,935000,13.74830287778897
Land Rover,9,82000.0,Automatic,first,diesel,4175000,15.244625155788022
Maruti Suzuki,9,54000.0,Manual,second,petrol,364000,12.804911893867851
MG,1,17000.0,Automatic,first,petrol,2025000,14.521080752349816
Kia,4,62000.0,Automatic,first,diesel,825000,13.623139877437296
Mahindra,9,65000.0,Automatic,first,diesel,599999,13.304684934198283
Audi,2,40000.0,Automatic,first,petrol,5900000,15.59046307836746
Toyota,11,174500.0,Automatic,second,diesel,1450000,14.187074804051692
Chevrolet,14,270464.0,Manual,first,petrol,60000,11.002116507732017
Maruti Suzuki,7,29000.0,Automatic,first,petrol,595000,13.296318365198623
Toyota,2,80000.0,Manual,first,diesel,2720000,14.81614280591917
Hyundai,8,80000.0,Manual,first,diesel,790000,13.579789490265188
Maruti Suzuki,8,81000.0,Automatic,second,petrol,615000,13.329379172803593
Maruti Suzuki,12,155000.0,Manual,second,diesel,225000,12.323860125621126
Hyundai,13,60000.0,Manual,second,petrol,165000,12.013706813470414
Skoda,9,68000.0,Manual,second,petrol,570000,13.25339339419516
Honda,4,39000.0,Automatic,first,petrol,1725000,14.360738188157574
Jaguar,11,85000.0,Automatic,second,diesel,985000,13.800397935382136
Ford,9,100000.0,Automatic,first,petrol,535000,13.190023895035274
Jeep,4,25000.0,Manual,first,diesel,1365000,14.126665719201661
Skoda,8,120000.0,Automatic,second,diesel,825000,13.623139877437296
Maruti Suzuki,14,84000.0,Manual,second,petrol,185000,12.128116509451258
Jeep,7,115000.0,Manual,second,diesel,665000,13.407543823396258
Hyundai,15,100000.0,Manual,second,petrol,200000,12.206077645517674
Mercedes-Benz,11,52000.0,Automatic,first,petrol,2100000,14.557448378884015
Toyota,8,145000.0,Manual,first,diesel,480000,13.081543466215237
Mercedes-Benz,9,91540.0,Automatic,first,diesel,2245000,14.624216524592692
Land Rover,7,89500.0,Automatic,first,diesel,2390000,14.686804342317648
Honda,20,91000.0,Automatic,first,petrol,138000,11.835016210489899
Toyota,9,277000.0,Manual,first,diesel,1465000,14.19736648302693
Hyundai,7,180000.0,Manual,second,diesel,850000,13.652992804936396
Hyundai,9,73000.0,Automatic,second,diesel,625000,13.345508528717259
BMW,7,69000.0,Automatic,second,diesel,3695000,15.122491383000398
Maruti Suzuki,6,34000.0,Manual,first,petrol,425000,12.959846800844963
Honda,7,139000.0,Manual,second,diesel,320000,12.676079399771027
Audi,7,73000.0,Automatic,second,diesel,2151000,14.581443873149805
Hyundai,7,50000.0,Manual,first,petrol,799999,13.592367006650065
Hyundai,1,23000.0,Automatic,first,petrol,1525000,14.23750562376114
Skoda,6,174000.0,Automatic,first,diesel,710000,13.47302165746721
Maruti Suzuki,2,27000.0,Manual,first,petrol,1575000,14.269766465162304
Hyundai,13,72000.0,Manual,second,petrol,205000,12.230770136157428
Maruti Suzuki,13,300000.0,Manual,second,petrol,85000,11.350418300109132
Mercedes-Benz,14,117000.0,Automatic,first,diesel,990000,13.805461232211272
Ford,8,98500.0,Automatic,second,diesel,1995000,14.506155109559108
Hyundai,6,68500.0,Manual,second,diesel,714999,13.480037821676145
Nissan,7,76000.0,Automatic,second,petrol,445000,13.005831808336863
Audi,8,139000.0,Automatic,first,diesel,2399000,14.690562958662095
Maruti Suzuki,4,40000.0,Automatic,first,petrol,900000,13.710151153416941
Maruti Suzuki,7,77500.0,Manual,second,diesel,790000,13.579789490265188
Honda,7,78000.0,Automatic,second,petrol,550000,13.217675375388819
Toyota,2,61000.0,Automatic,first,diesel,3600000,15.096444681204078
Hyundai,1,240000.0,Automatic,second,diesel,1975000,14.496079462646344
Maruti Suzuki,16,96000.0,Manual,second,petrol,199000,12.201065128819632
Renault,3,12300.0,Manual,second,petrol,580000,13.270785106659046
Land Rover,6,39000.0,Automatic,second,diesel,3149999,14.962913010801817
Ambassador,9,18.0,Manual,second,petrol,999599,13.815110477942934
Honda,10,91000.0,Manual,second,diesel,550000,13.217675375388819
Audi,1,12000.0,Automatic,first,petrol,5100000,15.444751293772967
Ford,6,90000.0,Automatic,second,diesel,2350000,14.669926311652166
Maruti Suzuki,10,91000.0,Manual,second,diesel,370000,12.821260987319457
Volkswagen,12,42000.0,Manual,first,petrol,300000,12.611541086966115
Jaguar,9,250000.0,Automatic,first,diesel,2390000,14.686804342317648
Mahindra,2,44000.0,Manual,first,diesel,1335000,14.104442598879876
Renault,2,11425.0,Automatic,first,petrol,749000,13.52649559761195
Renault,11,65000.0,Manual,second,diesel,359000,12.791080452981857
Mercedes-Benz,8,39000.0,Automatic,first,petrol,7495000,15.829746822941107
Honda,7,55000.0,Manual,second,petrol,625000,13.345508528717259
Skoda,7,300000.0,Manual,second,diesel,590000,13.28787951079572
Hyundai,9,54000.0,Manual,first,petrol,374000,12.832013750189885
BMW,6,42000.0,Automatic,first,diesel,3999999,15.201804919084164
Mahindra,5,80000.0,Manual,first,diesel,775000,13.560619598657233
Hyundai,5,86000.0,Manual,first,diesel,850000,13.652992804936396
Hyundai,2,25000.0,Automatic,first,petrol,1650000,14.316286451937186
Mahindra,5,16.0,Automatic,second,diesel,1027000,13.842153462620056
Volkswagen,11,61000.0,Manual,first,petrol,351000,12.768544351446794
Honda,7,55000.0,Manual,second,petrol,475000,13.07107218827772
Mahindra,8,71111.0,Manual,first,diesel,530000,13.180634172318978
Hyundai,5,300000.0,Automatic,first,petrol,1075000,13.887832149776026
Maruti Suzuki,13,72119.0,Manual,second,petrol,209999,12.254862809699606
Hyundai,4,74000.0,Manual,first,diesel,935000,13.74830287778897
Hyundai,9,20.0,Manual,second,petrol,375000,12.834683971615659
Chevrolet,14,80000.0,Automatic,second,diesel,225000,12.323860125621126
Maruti Suzuki,5,300000.0,Manual,first,petrol,575000,13.26212705890841
Maruti Suzuki,8,55000.0,Manual,second,petrol,315000,12.660331092405906
Jaguar,7,20000.0,Automatic,first,petrol,5600000,15.53827733427679
Maruti Suzuki,6,87000.0,Manual,second,diesel,530000,13.180634172318978
Honda,5,51000.0,Manual,first,petrol,740000,13.51440681653079
Mercedes-Benz,3,160000.0,Automatic,first,petrol,13300000,16.40327466837995
Hyundai,5,78000.0,Automatic,first,petrol,1045000,13.85952840031839
Maruti Suzuki,12,98000.0,Manual,second,petrol,373000,12.829336379587506
BMW,13,115000.0,Automatic,second,diesel,520000,13.161586013632684
Mahindra,5,19000.0,Manual,second,diesel,995000,13.81049902116535
Toyota,2,50000.0,Manual,first,diesel,4000000,15.201805169084134
BMW,8,300000.0,Automatic,first,diesel,2151000,14.581443873149805
Audi,10,44000.0,Automatic,first,diesel,1670000,14.328334783195153
Mahindra,10,67000.0,Manual,first,diesel,450000,13.017005083966255
Toyota,13,250000.0,Manual,first,diesel,899999,13.710150042306449
Audi,10,172000.0,Automatic,second,diesel,1150000,13.955273369904273
Ford,9,93000.0,Manual,first,diesel,675000,13.42246945133505
Maruti Suzuki,7,46000.0,Manual,first,petrol,421000,12.95039048795861
Maruti Suzuki,5,98000.0,Automatic,first,petrol,640000,13.369225017834633
Hyundai,12,62000.0,Manual,first,petrol,349000,12.762830066509972
Mahindra,1,60000.0,Automatic,first,diesel,1951000,14.48385313216278
Maruti Suzuki,5,35000.0,Automatic,first,petrol,700000,13.45883704259595
Hyundai,17,100000.0,Manual,second,petrol,100000,11.51293546492023
Hyundai,9,52000.0,Automatic,first,petrol,375000,12.834683971615659
Maruti Suzuki,3,63000.0,Manual,first,petrol,795000,13.586098651497313
Hyundai,3,68000.0,Automatic,second,petrol,820000,13.617060838751888
Tata,9,132000.0,Manual,second,diesel,150000,11.918397239722838
Honda,6,65000.0,Automatic,first,diesel,799000,13.591117476312084
Tata,4,18231.0,Manual,first,petrol,539101,13.197660071319726
Lexus,6,27000.0,Automatic,second,diesel,17500000,16.677711496036597
Mercedes-Benz,12,73800.0,Automatic,second,diesel,990000,13.805461232211272
Mini,6,40000.0,Automatic,second,petrol,3400000,15.039286283703994
BMW,7,77000.0,Automatic,first,diesel,2450000,14.711598990684092
Maruti Suzuki,6,72531.0,Manual,first,petrol,265000,12.487488878546145
Audi,9,65000.0,Automatic,second,diesel,899999,13.710150042306449
Toyota,6,116000.0,Automatic,first,diesel,1650000,14.316286451937186
MG,0,8000.0,Automatic,first,petrol,1800000,14.403297778421795
Maruti Suzuki,7,81000.0,Manual,second,petrol,575000,13.26212705890841
Hyundai,11,120000.0,Manual,second,diesel,360000,12.793862088206213
Mahindra,9,71291.0,Manual,second,diesel,520000,13.161586013632684
Ford,7,80000.0,Automatic,first,diesel,2275000,14.637491049927531
Maruti Suzuki,5,54900.0,Automatic,second,diesel,790000,13.579789490265188
Maruti Suzuki,6,55000.0,Manual,first,diesel,590000,13.28787951079572
Hyundai,6,40000.0,Automatic,first,diesel,888000,13.6967281480998
Maruti Suzuki,11,175000.0,Manual,second,diesel,370000,12.821260987319457
BMW,10,90000.0,Automatic,second,diesel,1221000,14.015181572093326
Tata,8,123000.0,Manual,second,diesel,65000,11.082157933374816
Mercedes-Benz,8,95000.0,Automatic,first,diesel,1795000,14.400516137007425
Hyundai,5,76870.0,Automatic,first,diesel,700000,13.45883704259595
Maruti Suzuki,4,82000.0,Manual,first,petrol,535000,13.190023895035274
Toyota,7,123000.0,Manual,second,diesel,1175000,13.976779556623864
Toyota,7,59023.0,Automatic,second,diesel,2995000,14.912455123421447
Ford,6,115000.0,Automatic,second,diesel,2275000,14.637491049927531
Toyota,7,90000.0,Manual,second,diesel,1250000,14.038654909278163
Maruti Suzuki,10,88600.0,Automatic,second,petrol,185000,12.128116509451258
Hyundai,7,33000.0,Manual,first,petrol,280000,12.54254845357358
Skoda,10,105904.0,Automatic,second,diesel,1040000,13.854732232655556
Tata,4,12600.0,Manual,first,petrol,575000,13.26212705890841
Datsun,6,300000.0,Manual,second,petrol,211000,12.259618151783465
Mahindra,12,125000.0,Manual,second,diesel,450000,13.017005083966255
Mercedes-Benz,5,29800.0,Automatic,first,diesel,4490000,15.317363482435562
Mercedes-Benz,13,46000.0,Automatic,second,diesel,600000,13.304686600863562
Mercedes-Benz,10,73000.0,Automatic,second,diesel,1230000,14.0225255403564
Ford,7,91000.0,Automatic,second,diesel,2050000,14.53335083891935
Mahindra,4,40000.0,Automatic,first,diesel,1350000,14.115615891155079
BMW,6,24200.0,Automatic,first,diesel,7750000,15.86320353036178
Hyundai,11,61000.0,Manual,first,petrol,280000,12.54254845357358
BMW,5,31000.0,Automatic,first,diesel,3199999,14.978661367769956
Mercedes-Benz,10,83000.0,Automatic,second,diesel,1395000,14.148405690083225
Maruti Suzuki,12,165000.0,Manual,second,diesel,175000,12.07254696717504
Maruti Suzuki,5,17000.0,Automatic,second,petrol,390000,12.873904582205107
Maruti Suzuki,11,56000.0,Manual,first,petrol,249000,12.425212191503038
Audi,10,11000.0,Automatic,first,diesel,1350000,14.115615891155079
Ford,6,115000.0,Automatic,first,diesel,2250000,14.626441218624949
Kia,4,49900.0,Manual,first,petrol,999000,13.81451105863119
Mercedes-Benz,11,300000.0,Automatic,second,petrol,945000,13.758941264676379
Maruti Suzuki,18,79000.0,Manual,second,petrol,69000,11.141876276228
Maruti Suzuki,21,33000.0,Manual,second,petrol,129000,11.767575435251748
Kia,3,58000.0,Automatic,first,petrol,1299999,14.077874822431765
Audi,8,52000.0,Automatic,second,diesel,1650000,14.316286451937186
Maruti Suzuki,4,55000.0,Manual,first,petrol,890000,13.698977865303197
Honda,10,85000.0,Manual,first,diesel,395000,12.886643575525625
Hyundai,8,62000.0,Manual,first,petrol,645000,13.377007146164305
Honda,8,67000.0,Manual,second,diesel,500000,13.122365377402328
Mercedes-Benz,5,31000.0,Automatic,first,petrol,2765000,14.83255155460216
BMW,12,50800.0,Automatic,first,diesel,1125000,13.933294482509151
Volvo,9,62000.0,Automatic,second,diesel,1450000,14.187074804051692
Hyundai,1,113000.0,Automatic,first,petrol,925000,13.73755009757506
Maruti Suzuki,6,105000.0,Automatic,first,diesel,630000,13.353476685668044
Tata,7,98623.0,Automatic,first,diesel,635000,13.361381852676738
Hyundai,10,56000.0,Manual,first,petrol,465000,13.049794835104816
Hyundai,7,68000.0,Manual,second,petrol,255000,12.449022745701502
Maruti Suzuki,6,85000.0,Manual,second,diesel,935000,13.74830287778897
MG,4,27000.0,Automatic,second,petrol,1300000,14.077875591662238
Tata,7,39065.0,Manual,first,petrol,448000,13.012550743537489
Maruti Suzuki,7,300000.0,Automatic,first,petrol,785000,13.573440270649085
Honda,9,120000.0,Manual,second,petrol,600000,13.304686600863562
Hyundai,3,33000.0,Manual,first,petrol,795000,13.586098651497313
Toyota,2,32500.0,Manual,first,diesel,2900000,14.88022163978423
Honda,6,124000.0,Manual,first,diesel,695000,13.451668563394815
Honda,10,78000.0,Manual,second,diesel,499800,13.121965298181308
Honda,10,65374.0,Automatic,second,petrol,545000,13.208542908506082
Maruti Suzuki,7,57000.0,Automatic,second,petrol,319000,12.672949516558306
Fiat,15,80000.0,Manual,first,petrol,115000,11.652696102959753
Toyota,9,95000.0,Manual,first,diesel,1565000,14.263397020933823
Toyota,12,117000.0,Manual,second,petrol,384000,12.85840043573314
Mahindra,9,35000.0,Manual,second,diesel,650000,13.384729180332174
Maruti Suzuki,5,105000.0,Manual,second,diesel,960000,13.774689605110144
BMW,2,140000.0,Automatic,first,diesel,3800000,15.150511887854474
Mahindra,3,55000.0,Automatic,first,petrol,1175000,13.976779556623864
Toyota,5,69810.0,Manual,second,diesel,2985000,14.90911063981716
Hyundai,2,53000.0,Manual,second,petrol,955000,13.769467666582738
Kia,4,86000.0,Automatic,first,diesel,1580000,14.272936037914342
Hyundai,14,100000.0,Manual,second,petrol,150000,11.918397239722838
Maruti Suzuki,8,55000.0,Manual,first,diesel,740000,13.51440681653079
Mahindra,4,47000.0,Manual,second,diesel,1550000,14.253766134056512
Chevrolet,8,44000.0,Manual,second,petrol,215000,12.278397958261774
Maruti Suzuki,2,9850.0,Manual,first,petrol,695000,13.451668563394815
Honda,12,50000.0,Manual,second,petrol,239999,12.388394202324129
Mercedes-Benz,2,20400.0,Automatic,first,diesel,7200000,15.789591722875162
Ford,9,125000.0,Manual,first,petrol,445000,13.005831808336863
Honda,10,52000.0,Automatic,second,petrol,425000,12.959846800844963
Maruti Suzuki,17,85000.0,Manual,second,petrol,200000,12.206077645517674
Maruti Suzuki,19,55000.0,Manual,first,petrol,80000,11.289794413577894
Audi,8,44000.0,Automatic,second,diesel,1195000,13.993657580167481
Audi,9,100000.0,Automatic,second,diesel,1200000,13.997832948091215
Maruti Suzuki,10,34500.0,Manual,second,petrol,240000,12.388398368982115
Hyundai,5,37000.0,Manual,second,petrol,825000,13.623139877437296
Mercedes-Benz,13,10010.0,Automatic,second,diesel,810000,13.60479076121576
Toyota,10,185000.0,Manual,second,diesel,1351000,14.116356357134512
BMW,4,25000.0,Automatic,first,petrol,3785111,15.146586034904669
Maruti Suzuki,24,50000.0,Manual,second,petrol,90000,11.407576060361786
Hyundai,6,75000.0,Manual,second,diesel,700000,13.45883704259595
Maruti Suzuki,12,60000.0,Manual,first,petrol,295000,12.59473402514672
Mahindra,5,71150.0,Automatic,second,diesel,1500000,14.220976332738882
Honda,2,16000.0,Automatic,first,petrol,1385000,14.141211419624977
Hyundai,2,40000.0,Automatic,first,diesel,1399000,14.151268968443645
Mercedes-Benz,9,300000.0,Automatic,second,diesel,2700000,14.80876270134486
Toyota,12,92000.0,Manual,second,diesel,249999,12.429216196844383
Audi,13,29300.0,Automatic,second,petrol,799999,13.592367006650065
Toyota,6,300000.0,Automatic,first,diesel,16400000,16.612791953770035
Mitsubishi,14,98000.0,Automatic,first,petrol,490000,13.102162710901053
Maruti Suzuki,2,39270.0,Automatic,first,petrol,585000,13.279368835614243
Mercedes-Benz,7,88927.0,Automatic,first,petrol,5500000,15.520258832020865
Toyota,13,78000.0,Manual,second,petrol,190000,12.154784614286667
Maruti Suzuki,4,38000.0,Manual,first,petrol,1150000,13.955273369904273
Maruti Suzuki,5,61231.0,Automatic,first,petrol,825101,13.62326229403811
Mercedes-Benz,3,32000.0,Automatic,second,petrol,11800000,16.283610174181653
Renault,10,105000.0,Manual,second,diesel,215000,12.278397958261774
Kia,2,24000.0,Automatic,first,diesel,1920000,14.467836264837162
Ford,10,75000.0,Manual,first,diesel,425000,12.959846800844963
Maruti Suzuki,3,14000.0,Automatic,first,petrol,475000,13.07107218827772
Mahindra,8,70013.0,Automatic,first,diesel,1180000,13.981025843899115
Mahindra,4,75000.0,Manual,second,diesel,745000,13.521140839642674
Tata,7,71352.0,Manual,second,petrol,325000,12.691583538230217
Hyundai,10,53000.0,Automatic,first,petrol,575000,13.26212705890841
Hyundai,11,300000.0,Manual,second,petrol,405000,12.91164481522143
Audi,6,110000.0,Automatic,second,diesel,2300000,14.648420115681892
Mahindra,11,95000.0,Manual,second,diesel,515000,13.151924121391561
Hyundai,5,21000.0,Manual,first,petrol,585000,13.279368835614243
Mercedes-Benz,2,95000.0,Automatic,second,diesel,5300000,15.483217567201578
Honda,20,80000.0,Manual,second,petrol,95000,11.461642696843066
Honda,6,15000.0,Manual,first,petrol,769999,13.554145793829866
Hyundai,9,142000.0,Manual,first,diesel,525000,13.171155446333852
Volkswagen,13,60000.0,Manual,first,petrol,269000,12.502470376049185
Maruti Suzuki,6,21000.0,Automatic,second,petrol,555000,13.22672519452875
Maruti Suzuki,7,54000.0,Manual,first,petrol,640000,13.369225017834633
Ford,6,136000.0,Automatic,first,diesel,1990000,14.503645699213111
Hyundai,3,65000.0,Manual,second,petrol,890000,13.698977865303197
Kia,3,300000.0,Automatic,second,petrol,930000,13.742940940397677
BMW,12,51000.0,Automatic,second,diesel,699000,13.457407451830088
Tata,1,59500.0,Manual,first,diesel,950000,13.76421831620775
Honda,5,49000.0,Automatic,first,petrol,1021000,13.836294076578252
Hyundai,9,72000.0,Automatic,first,diesel,825000,13.623139877437296
Renault,6,38000.0,Automatic,second,petrol,380000,12.847929163278053
Mahindra,2,25000.0,Automatic,first,diesel,2690000,14.805052123325165
Maruti Suzuki,8,65000.0,Manual,second,diesel,560000,13.235693848424024
Maruti Suzuki,5,160000.0,Automatic,first,diesel,850000,13.652992804936396
Toyota,8,45250.0,Manual,second,petrol,459000,13.036807667689546
Maruti Suzuki,12,73100.0,Manual,second,petrol,535000,13.190023895035274
Mahindra,2,300000.0,Automatic,first,diesel,1800000,14.403297778421795
Volkswagen,5,47000.0,Manual,second,diesel,890000,13.698977865303197
Audi,14,57000.0,Automatic,second,petrol,465000,13.049794835104816
Renault,3,7000.0,Manual,first,petrol,385000,12.861001210669146
Tata,2,5000.0,Automatic,first,petrol,1125000,13.933294482509151
Maruti Suzuki,7,36000.0,Manual,first,petrol,394000,12.884108726347916
Mercedes-Benz,1,7500.0,Automatic,first,diesel,5500000,15.520258832020865
Honda,3,38000.0,Automatic,first,petrol,1195000,13.993657580167481
Renault,4,27500.0,Manual,first,petrol,520000,13.161586013632684
Mercedes-Benz,8,48000.0,Automatic,second,diesel,2875000,14.871563580039615
Mahindra,6,87000.0,Manual,first,diesel,700000,13.45883704259595
Maruti Suzuki,9,63000.0,Automatic,first,petrol,385000,12.861001210669146
Mahindra,14,102000.0,Manual,first,diesel,285999,12.56374708980199
Honda,11,87000.0,Manual,second,petrol,575000,13.26212705890841
Jeep,6,92000.0,Manual,second,diesel,900000,13.710151153416941
Ford,11,82008.0,Manual,second,diesel,128999,11.76756768334381
Honda,6,38000.0,Automatic,second,petrol,715000,13.480039220276565
Honda,11,79000.0,Automatic,second,petrol,530000,13.180634172318978
Maruti Suzuki,4,55000.0,Manual,second,petrol,340000,12.73670383776449
Mahindra,12,138500.0,Manual,second,diesel,609000,13.31957518872681
Volkswagen,8,102000.0,Manual,second,petrol,550000,13.217675375388819
Skoda,8,78000.0,Manual,first,diesel,539999,13.199324418540456
Kia,2,29000.0,Automatic,first,diesel,1260000,14.04662307257814
Chevrolet,10,85000.0,Automatic,second,diesel,99000,11.502885230075814
Maruti Suzuki,0,2480.0,Manual,first,petrol,1350000,14.115615891155079
Toyota,10,155000.0,Manual,first,diesel,825000,13.623139877437296
Hyundai,12,180000.0,Manual,first,diesel,299000,12.608202196848836
Hyundai,15,54000.0,Manual,second,petrol,125000,11.736077016252437
Maruti Suzuki,7,300000.0,Manual,second,diesel,570000,13.25339339419516
Audi,15,85120.0,Automatic,second,petrol,975000,13.790193775620484
Honda,12,66147.0,Automatic,second,petrol,351000,12.768544351446794
Mahindra,24,55000.0,Manual,second,diesel,15000,9.61587214452889
Maruti Suzuki,7,82000.0,Manual,second,petrol,395000,12.886643575525625
Ford,7,91535.0,Automatic,second,diesel,1895000,14.45472992420301
Maruti Suzuki,7,80000.0,Manual,second,petrol,240000,12.388398368982115
Maruti Suzuki,13,78000.0,Manual,second,petrol,310000,12.644330802262578
Volkswagen,12,65000.0,Manual,first,diesel,380000,12.847929163278053
Tata,7,120000.0,Manual,first,diesel,425000,12.959846800844963
Maruti Suzuki,6,75000.0,Automatic,second,diesel,525000,13.171155446333852
Maruti Suzuki,6,121331.0,Automatic,first,diesel,525000,13.171155446333852
Kia,2,85000.0,Manual,first,diesel,1160000,13.963931425151141
Volkswagen,6,68000.0,Automatic,second,diesel,799999,13.592367006650065
Honda,21,70000.0,Manual,second,petrol,230000,12.345838935721968
Maruti Suzuki,9,300000.0,Automatic,first,petrol,310000,12.644330802262578
Mahindra,34,9000.0,Manual,second,diesel,250000,12.429220196836383
BMW,14,91000.0,Automatic,first,diesel,999000,13.81451105863119
Hyundai,2,48000.0,Manual,first,diesel,1620000,14.297937324492327
BMW,2,32000.0,Automatic,first,diesel,10700000,16.185754392890075
Maruti Suzuki,5,38500.0,Manual,second,petrol,799000,13.591117476312084
Honda,4,60766.0,Automatic,first,petrol,1150000,13.955273369904273
Hyundai,6,43000.0,Manual,second,petrol,280000,12.54254845357358
Skoda,16,80000.0,Manual,second,petrol,235000,12.367345048436391
Tata,10,95000.0,Manual,second,diesel,250000,12.429220196836383
Maruti Suzuki,5,52500.0,Manual,second,petrol,875000,13.681980308196241
Renault,11,96000.0,Manual,second,diesel,350000,12.765691290604371
Toyota,9,155000.0,Automatic,second,diesel,1745000,14.372265686684402
Hyundai,10,62000.0,Manual,first,petrol,185000,12.128116509451258
Volkswagen,11,75000.0,Manual,second,diesel,295000,12.59473402514672
BMW,6,82000.0,Automatic,second,diesel,2475000,14.72175135802525
Maruti Suzuki,3,45000.0,Manual,second,petrol,1025000,13.840204146163925
Hyundai,13,132000.0,Automatic,second,petrol,310000,12.644330802262578
Maruti Suzuki,15,69000.0,Manual,second,petrol,270000,12.506180941677357
Maruti Suzuki,10,58000.0,Manual,second,petrol,425000,12.959846800844963
Honda,4,69000.0,Manual,first,petrol,899000,13.70903942580019
Maruti Suzuki,1,1800.0,Automatic,first,petrol,1450000,14.187074804051692
Land Rover,13,73000.0,Automatic,second,diesel,1850000,14.430696737594902
Mahindra,8,100000.0,Manual,first,diesel,650000,13.384729180332174
Chevrolet,16,95000.0,Automatic,second,diesel,130000,11.775297421715827
Hyundai,4,40000.0,Manual,first,petrol,565000,13.244582780038517
Hyundai,6,110000.0,Automatic,first,diesel,990000,13.805461232211272
Ford,7,82000.0,Automatic,first,petrol,575000,13.26212705890841
Maruti Suzuki,8,14352.0,Automatic,second,petrol,372000,12.826651821423713
Volkswagen,9,61000.0,Manual,second,petrol,375000,12.834683971615659
Hyundai,7,42000.0,Manual,first,petrol,445000,13.005831808336863
Mini,11,38000.0,Automatic,second,petrol,2100000,14.557448378884015
Toyota,11,146000.0,Manual,second,diesel,649000,13.38318953651709
Maruti Suzuki,9,82000.0,Manual,second,diesel,375000,12.834683971615659
Maruti Suzuki,13,120000.0,Manual,second,diesel,220000,12.301387370778713
Honda,6,21500.0,Automatic,first,petrol,660000,13.399996629152975
Maruti Suzuki,7,72000.0,Manual,first,diesel,595000,13.296318365198623
Maruti Suzuki,9,100000.0,Manual,second,diesel,525000,13.171155446333852
Maruti Suzuki,6,65000.0,Automatic,first,diesel,540000,13.199326270390594
Honda,8,59000.0,Automatic,second,petrol,725000,13.493928313146206
Mahindra,6,84000.0,Manual,first,diesel,1185000,13.98525417643287
Honda,10,110000.0,Manual,first,petrol,365000,12.807655372286902
Nissan,9,74000.0,Manual,second,diesel,315000,12.660331092405906
Mercedes-Benz,15,60000.0,Automatic,second,petrol,550000,13.217675375388819
Renault,5,34000.0,Automatic,first,petrol,365000,12.807655372286902
Toyota,12,120000.0,Manual,second,diesel,950000,13.76421831620775
Toyota,9,170000.0,Automatic,first,diesel,1225000,14.018452218287162
Mahindra,6,75000.0,Manual,second,diesel,725000,13.493928313146206
Hyundai,8,80000.0,Manual,first,petrol,430000,12.971542813248437
Mahindra,6,15000.0,Manual,first,diesel,1395000,14.148405690083225
Volvo,9,62000.0,Automatic,first,diesel,725000,13.493928313146206
Maruti Suzuki,11,99000.0,Manual,first,diesel,590000,13.28787951079572
Honda,3,38000.0,Automatic,first,petrol,1198000,13.996164892381724
Toyota,15,141000.0,Manual,second,diesel,425000,12.959846800844963
Mercedes-Benz,10,300000.0,Automatic,second,diesel,3800000,15.150511887854474
Hyundai,15,38600.0,Manual,first,petrol,215000,12.278397958261774
Toyota,7,101500.0,Manual,second,petrol,750000,13.527829818844937
Hyundai,8,64000.0,Manual,first,petrol,410000,12.923914877701906
Toyota,2,69000.0,Automatic,first,diesel,4090000,15.224055772517731
Toyota,3,22000.0,Manual,second,petrol,840000,13.641158361294979
Hyundai,5,50000.0,Manual,first,diesel,955000,13.769467666582738
Tata,7,29000.0,Manual,first,petrol,410000,12.923914877701906
Mercedes-Benz,11,129000.0,Automatic,second,diesel,1750000,14.375126917328105
Mercedes-Benz,4,60000.0,Automatic,first,diesel,9850000,16.10298211467111
Kia,4,50000.0,Automatic,second,diesel,1400000,14.151983508870947
Hyundai,3,33000.0,Automatic,first,petrol,1245000,14.034646891093473
Hyundai,10,62500.0,Manual,second,petrol,349000,12.762830066509972
Hyundai,13,130000.0,Manual,first,petrol,185000,12.128116509451258
Renault,6,83000.0,Automatic,second,diesel,925000,13.73755009757506
Maruti Suzuki,6,82758.0,Manual,second,diesel,610000,13.321215875492413
Ford,7,65000.0,Manual,first,diesel,525000,13.171155446333852
Renault,5,5800.0,Automatic,first,petrol,299000,12.608202196848836
Ford,4,92000.0,Manual,second,diesel,830000,13.629182184591333
Honda,6,59000.0,Manual,second,diesel,845000,13.647093089770562
Mercedes-Benz,10,84000.0,Automatic,second,diesel,1395000,14.148405690083225
Ford,10,70000.0,Manual,second,diesel,221000,12.30592250537653
Maruti Suzuki,6,300000.0,Manual,first,petrol,545000,13.208542908506082
Maruti Suzuki,8,48231.0,Manual,first,petrol,335101,12.722190242075243
Mahindra,3,78000.0,Automatic,first,diesel,1500000,14.220976332738882
Maruti Suzuki,5,65000.0,Manual,first,petrol,480000,13.081543466215237
Hyundai,1,58000.0,Manual,first,diesel,925000,13.73755009757506
Nissan,8,98000.0,Manual,first,diesel,620000,13.3374763699232
BMW,3,18000.0,Automatic,first,diesel,8400000,15.943742382861155
Ford,10,31000.0,Automatic,second,petrol,491000,13.104201443434462
Renault,7,89000.0,Manual,first,diesel,745000,13.521140839642674
Toyota,3,300000.0,Automatic,first,diesel,3851000,15.163843672469824
Audi,7,95000.0,Automatic,second,diesel,1895000,14.45472992420301
Honda,7,91000.0,Automatic,first,petrol,471000,13.062615496138552
Mercedes-Benz,8,300000.0,Automatic,first,petrol,7300000,15.803385043104912
Mercedes-Benz,4,50000.0,Automatic,second,petrol,9900000,16.108045416114916
Volkswagen,6,70000.0,Manual,second,petrol,549000,13.215855541983634
Honda,9,300000.0,Automatic,second,petrol,585000,13.279368835614243
Maruti Suzuki,2,33000.0,Automatic,first,petrol,755000,13.534474352733596
Mini,12,7400.0,Automatic,second,petrol,1250000,14.038654909278163
Renault,8,13340.0,Automatic,first,petrol,335000,12.721888795877375
Hyundai,1,21000.0,Manual,first,diesel,1495000,14.217637433703022
Ford,7,57000.0,Manual,first,diesel,540000,13.199326270390594
Hyundai,16,77000.0,Manual,second,petrol,145000,11.884495917930655
Tata,4,102000.0,Automatic,first,diesel,1550000,14.253766134056512
Audi,13,51000.0,Automatic,second,petrol,1350000,14.115615891155079
Mahindra,9,130222.0,Manual,first,diesel,460000,13.038983942375959
Maruti Suzuki,9,59552.0,Automatic,second,petrol,340000,12.73670383776449
Tata,13,40000.0,Manual,second,petrol,45000,10.714439990727769
Hyundai,9,114000.0,Automatic,second,petrol,375000,12.834683971615659
Hyundai,0,3100.0,Automatic,first,petrol,2190000,14.599412558413583
Audi,9,82000.0,Automatic,first,diesel,1670000,14.328334783195153
Chevrolet,11,73500.0,Manual,second,diesel,219000,12.296831574998258
Hyundai,5,68000.0,Manual,second,petrol,475000,13.07107218827772
Maruti Suzuki,6,31000.0,Automatic,first,petrol,685000,13.437175577097312
Maruti Suzuki,5,73110.0,Manual,first,diesel,1145000,13.95091606833254
Mahindra,8,58580.0,Manual,second,diesel,985000,13.800397935382136
Hyundai,2,13262.0,Automatic,first,petrol,985000,13.800397935382136
Toyota,2,35000.0,Automatic,first,diesel,4200000,15.250595321348806
Tata,9,300000.0,Automatic,second,petrol,269000,12.502470376049185
Toyota,16,100000.0,Manual,second,diesel,335000,12.721888795877375
Chevrolet,10,150000.0,Manual,second,diesel,350000,12.765691290604371
Toyota,12,200000.0,Manual,second,diesel,599000,13.303018546545275
Mercedes-Benz,2,28000.0,Automatic,first,petrol,11800000,16.283610174181653
Mahindra,1,17000.0,Automatic,first,diesel,2570000,14.759416845976386
Toyota,11,130000.0,Manual,second,diesel,985000,13.800397935382136
Honda,9,133000.0,Manual,second,diesel,950000,13.76421831620775
Renault,7,105000.0,Manual,first,diesel,645000,13.377007146164305
Hyundai,7,31000.0,Manual,second,petrol,475000,13.07107218827772
Mahindra,9,53000.0,Manual,second,diesel,395000,12.886643575525625
Honda,4,70000.0,Automatic,second,petrol,1100000,13.910821646859095
Maruti Suzuki,9,148000.0,Manual,second,diesel,680000,13.429849547739444
Kia,3,46000.0,Manual,first,diesel,1085000,13.897091466615258
Chevrolet,12,105000.0,Manual,second,diesel,210000,12.25486757159303
Nissan,8,54000.0,Automatic,first,petrol,399000,12.896719202134523
Maruti Suzuki,12,20.0,Manual,second,petrol,175000,12.07254696717504
Maruti Suzuki,3,15505.0,Manual,second,petrol,590000,13.28787951079572
Lexus,6,40000.0,Automatic,second,petrol,4250000,15.26242977619469
Ford,13,96000.0,Manual,second,diesel,110000,11.608244735642321
Mahindra,7,3.0,Manual,first,diesel,350000,12.765691290604371
Renault,10,64000.0,Manual,second,petrol,175000,12.07254696717504
Maruti Suzuki,18,65328.0,Manual,second,petrol,45000,10.714439990727769
Mercedes-Benz,14,31300.0,Automatic,first,petrol,1800000,14.403297778421795
Maruti Suzuki,9,84000.0,Manual,second,diesel,460000,13.038983942375959
Tata,10,86000.0,Manual,second,diesel,379000,12.84529412258351
Maruti Suzuki,12,85000.0,Manual,second,petrol,145000,11.884495917930655
Hyundai,6,64000.0,Manual,first,petrol,490000,13.102162710901053
Maruti Suzuki,14,75200.0,Manual,second,petrol,149999,11.918390573078392
Maruti Suzuki,2,25000.0,Automatic,first,petrol,525000,13.171155446333852
Hyundai,9,79864.0,Manual,second,diesel,535000,13.190023895035274
Hyundai,5,29000.0,Automatic,second,petrol,425000,12.959846800844963
Skoda,12,87000.0,Manual,first,diesel,320000,12.676079399771027
Maruti Suzuki,11,90000.0,Manual,second,petrol,255000,12.449022745701502
Hyundai,6,63000.0,Automatic,first,diesel,1100000,13.910821646859095
Maruti Suzuki,5,84000.0,Automatic,second,diesel,865000,13.670485941982712
Maruti Suzuki,4,32000.0,Manual,first,petrol,460000,13.038983942375959
Honda,9,41000.0,Automatic,second,petrol,645000,13.377007146164305
Renault,7,60000.0,Automatic,first,petrol,310000,12.644330802262578
Toyota,2,15000.0,Manual,first,diesel,2340000,14.66566191468422
Hyundai,8,57000.0,Manual,first,petrol,590000,13.28787951079572
Hyundai,10,68000.0,Manual,first,diesel,399999,12.89921982609012
Toyota,9,68000.0,Automatic,second,petrol,600000,13.304686600863562
Mahindra,5,87000.0,Manual,first,diesel,1450000,14.187074804051692
Volvo,9,155600.0,Automatic,second,diesel,1295000,14.07402202531625
Hyundai,10,78000.0,Automatic,second,petrol,475000,13.07107218827772
Maruti Suzuki,4,28000.0,Manual,first,petrol,500000,13.122365377402328
Maruti Suzuki,12,68000.0,Manual,first,petrol,265000,12.487488878546145
Maruti Suzuki,10,60000.0,Manual,first,diesel,320000,12.676079399771027
Hyundai,9,63000.0,Automatic,second,petrol,375000,12.834683971615659
Volkswagen,3,300000.0,Automatic,second,petrol,1100000,13.910821646859095
Honda,7,55000.0,Automatic,second,petrol,721000,13.488395803228677
Renault,5,106000.0,Manual,first,diesel,700000,13.45883704259595
Hyundai,13,58000.0,Manual,first,petrol,290000,12.577639650232573
Hyundai,2,112000.0,Manual,first,diesel,1375000,14.13396501635527
Jeep,5,67000.0,Automatic,first,petrol,1395000,14.148405690083225
Toyota,9,125000.0,Manual,second,diesel,775000,13.560619598657233
Toyota,13,128000.0,Manual,first,diesel,369999,12.821258284620408
Maruti Suzuki,6,27000.0,Automatic,second,petrol,615000,13.329379172803593
Volkswagen,5,18000.0,Automatic,first,petrol,799999,13.592367006650065
Mercedes-Benz,5,300000.0,Automatic,second,diesel,3450000,15.053885078862573
Maruti Suzuki,6,64344.0,Automatic,first,petrol,400000,12.899222326086994
Honda,16,12.0,Manual,second,petrol,120000,11.695255355062795
Toyota,2,45000.0,Automatic,first,diesel,4100000,15.226497775576945
Skoda,12,76000.0,Manual,second,diesel,435000,12.983103608918753
Maruti Suzuki,6,44000.0,Manual,first,petrol,460000,13.038983942375959
Mahindra,2,75000.0,Automatic,first,diesel,1800000,14.403297778421795
Maruti Suzuki,7,25000.0,Manual,second,petrol,415000,12.936036208848487
Hyundai,4,67000.0,Automatic,first,petrol,1465000,14.19736648302693
Honda,9,85000.0,Manual,second,diesel,390000,12.873904582205107
Toyota,9,125000.0,Manual,first,diesel,649000,13.38318953651709
Hyundai,5,56000.0,Automatic,first,petrol,775000,13.560619598657233
Mercedes-Benz,2,20500.0,Automatic,first,petrol,4950000,15.414898336565054
Volkswagen,7,77142.0,Manual,second,petrol,460000,13.038983942375959
Honda,13,55000.0,Automatic,second,petrol,299000,12.608202196848836
Nissan,12,75000.0,Manual,second,petrol,180000,12.100717685412471
Hyundai,12,128000.0,Manual,second,diesel,350000,12.765691290604371
Honda,7,49000.0,Automatic,first,petrol,885000,13.69334405393293
Mahindra,11,61000.0,Manual,first,diesel,491000,13.104201443434462
Maruti Suzuki,17,111702.0,Manual,second,petrol,190000,12.154784614286667
Maruti Suzuki,6,46000.0,Manual,first,petrol,289999,12.577636201962656
Mahindra,9,141000.0,Manual,second,diesel,775000,13.560619598657233
Renault,7,63663.0,Automatic,second,petrol,325000,12.691583538230217
BMW,11,120000.0,Automatic,second,diesel,975000,13.790193775620484
Hyundai,13,36300.0,Manual,second,petrol,195000,12.180759965737863
Audi,7,86000.0,Automatic,second,diesel,1700000,14.346139397261565
Hyundai,6,35000.0,Manual,first,petrol,310000,12.644330802262578
Maruti Suzuki,9,80000.0,Manual,second,diesel,360000,12.793862088206213
Maruti Suzuki,6,62000.0,Manual,first,petrol,515000,13.151924121391561
Renault,10,90200.0,Manual,first,diesel,480000,13.081543466215237
MG,1,20000.0,Automatic,second,petrol,1750000,14.375126917328105
Maruti Suzuki,7,43000.0,Automatic,second,petrol,425000,12.959846800844963
Volkswagen,13,88000.0,Manual,second,petrol,199000,12.201065128819632
Honda,9,35000.0,Manual,first,petrol,490000,13.102162710901053
Maruti Suzuki,4,39800.0,Manual,first,petrol,530000,13.180634172318978
Honda,9,65000.0,Manual,first,petrol,450000,13.017005083966255
Maruti Suzuki,4,59000.0,Manual,second,petrol,335000,12.721888795877375
Skoda,7,67000.0,Automatic,first,diesel,745000,13.521140839642674
Audi,9,135000.0,Automatic,second,diesel,1650000,14.316286451937186
Tata,4,69000.0,Automatic,first,petrol,624000,13.343907249914384
Honda,8,67000.0,Automatic,second,petrol,675000,13.42246945133505
Maruti Suzuki,0,2600.0,Automatic,first,petrol,865000,13.670485941982712
BMW,8,50000.0,Automatic,second,diesel,2050000,14.53335083891935
Tata,2,11400.0,Manual,first,petrol,699000,13.457407451830088
Maruti Suzuki,12,64000.0,Manual,first,petrol,390000,12.873904582205107
Jeep,5,72000.0,Automatic,second,diesel,1865000,14.438772147252939
Audi,8,98000.0,Automatic,second,diesel,1375000,14.13396501635527
Tata,7,90000.0,Manual,second,diesel,700000,13.45883704259595
Hyundai,7,82000.0,Automatic,first,diesel,730000,13.500801182986649
Hyundai,6,55000.0,Manual,second,petrol,435000,12.983103608918753
Toyota,1,200000.0,Automatic,first,diesel,3850000,15.163583966004193
Mercedes-Benz,12,101000.0,Automatic,second,diesel,825000,13.623139877437296
Mercedes-Benz,10,86000.0,Automatic,first,diesel,1475000,14.204169225721929
Maruti Suzuki,10,141000.0,Manual,first,diesel,649000,13.38318953651709
Volkswagen,8,56000.0,Automatic,second,petrol,449000,13.014780393893403
Honda,8,69000.0,Automatic,second,petrol,510000,13.1421679654829
Volkswagen,8,65000.0,Automatic,second,petrol,499999,13.122363377404328
Toyota,4,108000.0,Manual,first,diesel,1895000,14.45472992420301
Maruti Suzuki,10,70000.0,Manual,first,petrol,335000,12.721888795877375
Honda,9,36500.0,Automatic,first,petrol,450000,13.017005083966255
Volvo,12,138000.0,Automatic,first,diesel,655000,13.39239204133378
Maruti Suzuki,7,84000.0,Manual,second,petrol,300000,12.611541086966115
Maruti Suzuki,15,160000.0,Manual,second,diesel,300000,12.611541086966115
Hyundai,9,46000.0,Manual,second,petrol,575000,13.26212705890841
Skoda,7,51000.0,Automatic,first,petrol,890000,13.698977865303197
Volkswagen,3,30000.0,Automatic,first,petrol,1230000,14.0225255403564
Honda,7,113000.0,Automatic,second,petrol,1450000,14.187074804051692
Jeep,7,65000.0,Manual,second,diesel,875000,13.681980308196241
Toyota,9,198000.0,Manual,first,diesel,775000,13.560619598657233
Ford,12,116574.0,Automatic,second,diesel,850000,13.652992804936396
Maruti Suzuki,3,15000.0,Automatic,first,petrol,795000,13.586098651497313
Maruti Suzuki,3,64000.0,Automatic,first,petrol,650000,13.384729180332174
Honda,6,81000.0,Automatic,first,petrol,625000,13.345508528717259
Hyundai,3,20000.0,Manual,second,petrol,565000,13.244582780038517
Maruti Suzuki,1,16000.0,Automatic,first,petrol,845000,13.647093089770562
Hyundai,2,7700.0,Manual,first,petrol,760000,13.541075028051122
Maruti Suzuki,1,11000.0,Automatic,first,petrol,725000,13.493928313146206
Maruti Suzuki,4,18000.0,Manual,first,petrol,899000,13.70903942580019
Maruti Suzuki,4,30000.0,Automatic,first,petrol,350000,12.765691290604371
BMW,6,52000.0,Automatic,first,diesel,4325111,15.27994859396658
Toyota,6,80000.0,Manual,first,diesel,2100000,14.557448378884015
Toyota,6,53000.0,Automatic,second,diesel,1399999,14.151982794585487
Tata,8,43500.0,Manual,second,diesel,260000,12.468440756144114
Hyundai,8,50000.0,Manual,first,petrol,335000,12.721888795877375
Toyota,12,185000.0,Automatic,second,diesel,1350000,14.115615891155079
Honda,7,84000.0,Manual,first,diesel,525000,13.171155446333852
Skoda,3,25296.0,Automatic,first,petrol,3299000,15.009130253332831
Renault,5,79200.0,Automatic,first,diesel,712000,13.475834594887509
Skoda,5,60110.0,Automatic,second,petrol,545000,13.208542908506082
Toyota,1,6400.0,Automatic,first,diesel,4250000,15.26242977619469
Maruti Suzuki,9,58200.0,Manual,second,petrol,445000,13.005831808336863
Maruti Suzuki,11,16231.0,Manual,first,petrol,185101,12.128662303473503
Maruti Suzuki,5,65000.0,Automatic,first,diesel,615000,13.329379172803593
Hyundai,15,16000.0,Automatic,first,petrol,325000,12.691583538230217
Hyundai,18,32950.0,Manual,second,petrol,105000,11.561725152903833
Mercedes-Benz,11,100000.0,Automatic,second,diesel,2400000,14.690979711984754
Maruti Suzuki,7,68000.0,Manual,first,diesel,675000,13.42246945133505
Hyundai,3,40500.0,Automatic,first,petrol,1659000,14.321726171945155
MG,4,45000.0,Automatic,second,petrol,1225000,14.018452218287162
Honda,12,59600.0,Manual,second,petrol,250000,12.429220196836383
Hyundai,9,80000.0,Manual,first,petrol,585000,13.279368835614243
Maruti Suzuki,8,107000.0,Manual,second,diesel,385000,12.861001210669146
Maruti Suzuki,11,65321.0,Manual,first,petrol,189101,12.150041831005215
Mercedes-Benz,14,130000.0,Automatic,second,diesel,750000,13.527829818844937
Jaguar,8,300000.0,Automatic,second,diesel,2500000,14.731801689838349
Maruti Suzuki,7,32000.0,Automatic,second,petrol,720000,13.487007879880162
Volkswagen,7,56300.0,Manual,second,petrol,599999,13.304684934198283
Maruti Suzuki,14,195000.0,Manual,second,petrol,250000,12.429220196836383
Datsun,5,15698.0,Automatic,second,petrol,280000,12.54254845357358
Maruti Suzuki,14,120000.0,Automatic,second,diesel,130000,11.775297421715827
MG,1,7600.0,Automatic,first,petrol,2185000,14.597126844177627
Maruti Suzuki,19,60000.0,Manual,second,petrol,75000,11.225256725762893
Mercedes-Benz,2,16500.0,Automatic,first,diesel,4950000,15.414898336565054
Mercedes-Benz,7,15000.0,Automatic,first,diesel,4290000,15.271797524004405
Jeep,1,16000.0,Automatic,first,diesel,3495000,15.06684421977304
Renault,11,98325.0,Manual,second,diesel,265000,12.487488878546145
Maruti Suzuki,8,75000.0,Manual,second,petrol,238000,12.380030154325457
Volkswagen,3,14500.0,Manual,second,petrol,575000,13.26212705890841
Force,2,21000.0,Manual,first,diesel,1025000,13.840204146163925
Hyundai,10,62394.0,Automatic,second,diesel,799999,13.592367006650065
Mahindra,8,95000.0,Manual,first,diesel,745000,13.521140839642674
Nissan,5,125000.0,Manual,first,diesel,775000,13.560619598657233
Honda,10,61000.0,Manual,second,petrol,475000,13.07107218827772
Hyundai,8,300000.0,Manual,first,petrol,335000,12.721888795877375
Maruti Suzuki,6,46000.0,Automatic,first,petrol,345000,12.75130259456002
Hyundai,11,82000.0,Manual,second,diesel,392000,12.879019669789754
Maruti Suzuki,18,59700.0,Manual,second,petrol,145000,11.884495917930655
Renault,5,60000.0,Automatic,second,petrol,320000,12.676079399771027
Hyundai,9,300000.0,Manual,second,diesel,865000,13.670485941982712
Toyota,9,130000.0,Manual,second,diesel,1250000,14.038654909278163
Ford,7,78000.0,Automatic,first,diesel,1999000,14.508158113732536
Maruti Suzuki,15,300000.0,Manual,second,petrol,126000,11.744045122410057
Maruti Suzuki,12,72000.0,Manual,second,petrol,335000,12.721888795877375
Audi,10,77000.0,Automatic,second,diesel,1849999,14.430696197054507
Audi,8,94000.0,Automatic,first,diesel,1399000,14.151268968443645
Maruti Suzuki,12,125000.0,Automatic,first,diesel,340000,12.73670383776449
Hyundai,8,64000.0,Manual,first,diesel,590000,13.28787951079572
Hyundai,11,64000.0,Automatic,second,diesel,465000,13.049794835104816
Maruti Suzuki,10,106000.0,Manual,second,diesel,470000,13.060490101343552
Tata,8,39000.0,Automatic,first,petrol,239999,12.388394202324129
Maruti Suzuki,9,102000.0,Manual,second,diesel,410000,12.923914877701906
Mini,5,25000.0,Automatic,second,petrol,3850000,15.163583966004193
Hyundai,8,25000.0,Automatic,first,petrol,495000,13.112315061750808
Hyundai,9,300000.0,Manual,first,diesel,700000,13.45883704259595
Maruti Suzuki,5,73000.0,Manual,first,diesel,1090000,13.901689171636098
Mitsubishi,15,64800.0,Automatic,second,petrol,549200,13.216219773704594
BMW,11,75000.0,Automatic,second,diesel,799000,13.591117476312084
Maruti Suzuki,15,169000.0,Manual,second,diesel,295000,12.59473402514672
MG,3,300000.0,Automatic,first,petrol,1600000,14.285514812209815
Maruti Suzuki,9,74000.0,Manual,first,diesel,495000,13.112315061750808
Maruti Suzuki,8,44000.0,Automatic,second,petrol,375000,12.834683971615659
Volkswagen,11,163000.0,Manual,first,diesel,310000,12.644330802262578
Maruti Suzuki,8,50000.0,Manual,first,diesel,700000,13.45883704259595
Ford,7,48082.0,Automatic,first,petrol,665000,13.407543823396258
Tata,2,31000.0,Automatic,first,diesel,2050000,14.53335083891935
Mercedes-Benz,6,60000.0,Automatic,second,diesel,4500000,15.319588176962746
Maruti Suzuki,6,43000.0,Automatic,first,petrol,520000,13.161586013632684
Hyundai,2,18400.0,Automatic,first,petrol,850000,13.652992804936396
Tata,2,4600.0,Automatic,second,petrol,675000,13.42246945133505
Maruti Suzuki,6,300000.0,Automatic,first,diesel,765000,13.547632419997361
Honda,5,45000.0,Automatic,first,petrol,1550000,14.253766134056512
Maruti Suzuki,6,117000.0,Automatic,second,diesel,785000,13.573440270649085
BMW,12,51000.0,Automatic,second,diesel,649000,13.38318953651709
Mercedes-Benz,7,53000.0,Automatic,first,diesel,5175111,15.459371539393588
Maruti Suzuki,6,66000.0,Automatic,second,petrol,575000,13.26212705890841
Volkswagen,10,89000.0,Automatic,first,diesel,750000,13.527829818844937
Chevrolet,10,300000.0,Manual,second,diesel,145000,11.884495917930655
Audi,6,57000.0,Automatic,first,petrol,2900000,14.88022163978423
Mercedes-Benz,7,60000.0,Automatic,first,diesel,3150000,14.962913328262083
Toyota,14,101412.0,Manual,second,diesel,395000,12.886643575525625
Honda,9,68530.0,Manual,first,petrol,475000,13.07107218827772
Tata,5,73000.0,Manual,first,diesel,1149000,13.954403427152533
Maruti Suzuki,6,62000.0,Manual,second,petrol,397000,12.891694078557842
Honda,9,40500.0,Manual,second,petrol,415000,12.936036208848487
Maruti Suzuki,10,48000.0,Automatic,second,petrol,180000,12.100717685412471
Hyundai,6,70111.0,Manual,first,diesel,1025000,13.840204146163925
Hyundai,7,68000.0,Manual,second,petrol,265000,12.487488878546145
BMW,11,57000.0,Automatic,first,diesel,1200000,13.997832948091215
Tata,9,34000.0,Manual,first,petrol,70000,11.156264806643742
Honda,10,170000.0,Manual,second,diesel,670000,13.415034483903348
Land Rover,1,18650.0,Automatic,first,diesel,16500000,16.61887099947687
Volkswagen,12,47000.0,Manual,first,diesel,298000,12.604852121186608
Chevrolet,8,65000.0,Automatic,second,diesel,525000,13.171155446333852
Kia,4,61000.0,Automatic,first,diesel,3000000,14.914123179965662
Hyundai,10,51000.0,Manual,second,petrol,375000,12.834683971615659
Hyundai,2,3000.0,Manual,first,petrol,1160000,13.963931425151141
Hyundai,4,70000.0,Automatic,second,petrol,1155000,13.959611767738522
Honda,11,76000.0,Manual,second,petrol,185000,12.128116509451258
Maruti Suzuki,4,52450.0,Manual,first,petrol,610000,13.321215875492413
Mahindra,10,100000.0,Manual,second,diesel,470000,13.060490101343552
Hyundai,14,64000.0,Manual,first,petrol,249999,12.429216196844383
Maruti Suzuki,7,95000.0,Manual,second,petrol,280000,12.54254845357358
Maruti Suzuki,9,52000.0,Manual,first,petrol,345000,12.75130259456002
Maruti Suzuki,4,300000.0,Manual,first,diesel,520000,13.161586013632684
Ford,13,68000.0,Manual,first,petrol,149000,11.91170829631447
Honda,8,90500.0,Manual,second,diesel,485000,13.091906231773164
Jeep,6,86000.0,Manual,second,diesel,849000,13.651815643149092
Toyota,11,85000.0,Manual,first,diesel,275000,12.524530013005734
Maruti Suzuki,3,38000.0,Manual,first,petrol,715000,13.480039220276565
Renault,2,35000.0,Automatic,first,petrol,735000,13.507627138738266
Maruti Suzuki,7,72000.0,Manual,first,diesel,590000,13.28787951079572
Mahindra,10,78000.0,Manual,second,diesel,715000,13.480039220276565
Maruti Suzuki,8,41000.0,Automatic,second,petrol,255000,12.449022745701502
Fiat,12,69500.0,Manual,first,diesel,199999,12.206072645530174
Hyundai,4,50400.0,Manual,second,petrol,965000,13.779884416590017
Honda,10,98760.0,Manual,first,diesel,400000,12.899222326086994
Maruti Suzuki,12,58000.0,Automatic,second,petrol,400000,12.899222326086994
Jaguar,6,28650.0,Automatic,second,petrol,2850000,14.862829903121964
Renault,4,267000.0,Automatic,first,petrol,624999,13.345506928718539
Audi,9,41000.0,Automatic,second,diesel,1035000,13.849912950864715
Kia,2,20890.0,Automatic,second,petrol,1445000,14.183620571569953
Mercedes-Benz,5,147000.0,Automatic,first,diesel,3475000,15.061105324750772
Hyundai,9,54000.0,Manual,first,petrol,375000,12.834683971615659
Maruti Suzuki,8,199600.0,Manual,second,diesel,775000,13.560619598657233
Mercedes-Benz,9,34000.0,Automatic,first,diesel,1465000,14.19736648302693
Mahindra,3,260000.0,Automatic,second,petrol,1490000,14.214287349062356
Mahindra,11,16872.0,Manual,second,diesel,950000,13.76421831620775
Hyundai,7,70000.0,Automatic,second,diesel,450000,13.017005083966255
Mercedes-Benz,0,8000.0,Automatic,first,petrol,6175000,15.636019602421621
Maruti Suzuki,2,33506.0,Manual,first,petrol,544000,13.206706364071684
Hyundai,6,48000.0,Manual,second,petrol,265000,12.487488878546145
Maruti Suzuki,11,83000.0,Manual,second,diesel,710000,13.47302165746721
Hyundai,4,30000.0,Automatic,first,petrol,890000,13.698977865303197
Skoda,5,300000.0,Automatic,second,diesel,1000000,13.815511557963774
Audi,8,63000.0,Automatic,first,diesel,3850000,15.163583966004193
Honda,18,92000.0,Manual,second,petrol,130000,11.775297421715827
Kia,3,47000.0,Automatic,first,diesel,2990000,14.910784279814974
Maruti Suzuki,5,300000.0,Automatic,second,diesel,675000,13.42246945133505
Hyundai,15,58496.0,Manual,second,petrol,80000,11.289794413577894
Renault,4,260000.0,Automatic,first,petrol,625000,13.345508528717259
Hyundai,10,29000.0,Manual,second,petrol,260000,12.468440756144114
Hyundai,14,74000.0,Manual,second,petrol,99000,11.502885230075814
Audi,10,113000.0,Automatic,first,diesel,1225000,14.018452218287162
Audi,10,68000.0,Automatic,second,diesel,749999,13.527828485512494
Hyundai,10,63000.0,Manual,first,petrol,201000,12.211065162153215
Toyota,6,77000.0,Automatic,first,diesel,1650000,14.316286451937186
Maruti Suzuki,6,73000.0,Manual,first,petrol,639000,13.367661298303675
BMW,2,2000.0,Automatic,first,petrol,3765000,15.141258684820345
Mahindra,3,34000.0,Automatic,first,petrol,1325000,14.096923772119156
Toyota,7,300000.0,Automatic,second,diesel,2300000,14.648420115681892
Hyundai,15,300000.0,Automatic,second,petrol,288000,12.570719231334277
Hyundai,10,41500.0,Manual,first,petrol,249000,12.425212191503038
Honda,2,27000.0,Manual,first,petrol,1098000,13.90900181179801
Mercedes-Benz,5,70000.0,Automatic,first,diesel,3450000,15.053885078862573
Honda,9,53000.0,Automatic,second,petrol,449999,13.017002861746503
Hyundai,12,53750.0,Automatic,second,petrol,325000,12.691583538230217
Toyota,7,171000.0,Manual,first,diesel,1475000,14.204169225721929
Hyundai,4,100000.0,Manual,first,petrol,549000,13.215855541983634
Maruti Suzuki,7,79000.0,Automatic,first,petrol,440000,12.994532278619134
Maruti Suzuki,6,106000.0,Manual,second,diesel,825000,13.623139877437296
Hyundai,12,67000.0,Automatic,second,petrol,298000,12.604852121186608
Toyota,5,64000.0,Manual,first,petrol,689000,13.442998001373553
Maruti Suzuki,8,87880.0,Automatic,first,diesel,500000,13.122365377402328
Maruti Suzuki,12,110000.0,Manual,second,petrol,120000,11.695255355062795
Mahindra,2,27000.0,Automatic,second,petrol,1290000,14.070153551531353
Renault,8,23.0,Manual,second,petrol,210000,12.25486757159303
Honda,8,33950.0,Automatic,first,petrol,650000,13.384729180332174
Tata,5,67231.0,Manual,first,diesel,539101,13.197660071319726
Honda,6,55000.0,Manual,first,petrol,650000,13.384729180332174
Tata,4,74000.0,Manual,first,petrol,580000,13.270785106659046
Mahindra,2,29000.0,Automatic,first,diesel,2149999,14.580978400103845
Nissan,5,35000.0,Manual,first,petrol,220000,12.301387370778713
Mercedes-Benz,10,41000.0,Automatic,second,petrol,1040000,13.854732232655556
MG,2,47200.0,Automatic,first,petrol,1190000,13.989464705423494
Maruti Suzuki,5,75000.0,Automatic,first,diesel,725000,13.493928313146206
Maruti Suzuki,6,82000.0,Automatic,first,petrol,425000,12.959846800844963
Mahindra,9,300000.0,Manual,second,diesel,425000,12.959846800844963
Toyota,9,74000.0,Automatic,second,petrol,649000,13.38318953651709
Maruti Suzuki,12,158000.0,Manual,second,diesel,315000,12.660331092405906
Maruti Suzuki,4,19000.0,Automatic,second,petrol,925000,13.73755009757506
Maruti Suzuki,3,18000.0,Manual,first,petrol,740000,13.51440681653079
Ford,9,72000.0,Automatic,second,diesel,450000,13.017005083966255
Maruti Suzuki,13,65500.0,Manual,second,petrol,190000,12.154784614286667
Toyota,2,9000.0,Manual,first,petrol,775000,13.560619598657233
Chevrolet,11,27000.0,Manual,first,petrol,175000,12.07254696717504
BMW,3,20000.0,Automatic,first,petrol,6000000,15.607270193858982
Maruti Suzuki,6,120000.0,Manual,second,diesel,499000,13.120363378739663
Hyundai,9,68500.0,Manual,first,diesel,345000,12.75130259456002
MG,0,15000.0,Automatic,first,petrol,2175000,14.59253968227493
Ford,8,37000.0,Automatic,first,petrol,435000,12.983103608918753
Hyundai,13,51000.0,Automatic,second,petrol,140000,11.849404844423074
BMW,12,53000.0,Automatic,second,diesel,735000,13.507627138738266
Mercedes-Benz,11,68000.0,Automatic,second,diesel,1950000,14.48334044336031
Kia,2,25000.0,Automatic,first,petrol,1525000,14.23750562376114
Toyota,7,97000.0,Manual,second,diesel,1100000,13.910821646859095
Mahindra,7,59000.0,Manual,first,diesel,1500000,14.220976332738882
Hyundai,9,57000.0,Manual,second,petrol,380000,12.847929163278053
Hyundai,5,64000.0,Automatic,first,petrol,1040000,13.854732232655556
Maruti Suzuki,15,82000.0,Manual,second,petrol,130000,11.775297421715827
Renault,7,65000.0,Automatic,second,petrol,320000,12.676079399771027
Land Rover,7,72000.0,Automatic,first,diesel,2149000,14.580513640957252
Toyota,6,11000.0,Manual,first,diesel,3095000,14.945298787202558
Skoda,13,90000.0,Automatic,second,petrol,400000,12.899222326086994
Mahindra,4,168000.0,Manual,second,diesel,700000,13.45883704259595
Maruti Suzuki,5,58900.0,Automatic,first,petrol,495000,13.112315061750808
Maruti Suzuki,2,52000.0,Automatic,first,petrol,645000,13.377007146164305
Mercedes-Benz,10,86000.0,Automatic,second,diesel,895000,13.704580114574805
Honda,3,43000.0,Automatic,first,petrol,1040000,13.854732232655556
Skoda,3,34000.0,Automatic,first,petrol,840000,13.641158361294979
Mahindra,4,15.0,Automatic,first,diesel,1350000,14.115615891155079
Hyundai,9,87000.0,Manual,first,diesel,450000,13.017005083966255
Maruti Suzuki,9,81000.0,Manual,second,diesel,570000,13.25339339419516
Honda,7,47000.0,Automatic,second,petrol,575002,13.262130537157182
MG,1,15744.0,Automatic,first,petrol,1599999,14.28551418721001
Honda,10,78000.0,Manual,first,diesel,595000,13.296318365198623
Maruti Suzuki,5,25000.0,Automatic,second,petrol,525000,13.171155446333852
Hyundai,6,74000.0,Automatic,first,petrol,880000,13.68767832281738
Hyundai,17,75000.0,Manual,second,petrol,165000,12.013706813470414
Toyota,6,61000.0,Automatic,second,petrol,580000,13.270785106659046
Honda,10,300000.0,Automatic,first,petrol,350000,12.765691290604371
Renault,7,130000.0,Manual,first,diesel,590000,13.28787951079572
Toyota,6,130000.0,Automatic,second,diesel,2849000,14.862478964480335
Mahindra,6,95000.0,Manual,second,diesel,1280000,14.062371417145494
Audi,13,103000.0,Automatic,second,diesel,851000,13.654168582642953
Hyundai,12,149175.0,Manual,second,diesel,315000,12.660331092405906
Toyota,13,52000.0,Manual,second,petrol,343000,12.745488641595722
Hyundai,4,70000.0,Manual,first,diesel,1499000,14.22030944419592
Mercedes-Benz,15,21000.0,Automatic,second,diesel,475000,13.07107218827772
Renault,8,119000.0,Manual,first,diesel,560000,13.235693848424024
Tata,6,52000.0,Automatic,first,petrol,645000,13.377007146164305
Toyota,4,54000.0,Automatic,first,diesel,3400000,15.039286283703994
Maruti Suzuki,9,74566.0,Manual,second,diesel,345000,12.75130259456002
Mahindra,2,32500.0,Automatic,first,diesel,1775000,14.389311544271775
Maruti Suzuki,2,60000.0,Manual,second,petrol,550000,13.217675375388819
Tata,4,290000.0,Manual,first,diesel,1075000,13.887832149776026
Skoda,1,17694.0,Automatic,first,petrol,1850000,14.430696737594902
Maruti Suzuki,3,25524.0,Automatic,first,petrol,1149000,13.954403427152533
Honda,8,91000.0,Manual,first,diesel,550000,13.217675375388819
Maruti Suzuki,11,70000.0,Manual,second,petrol,295000,12.59473402514672
Renault,10,85000.0,Manual,first,diesel,285000,12.560247968016562
Maruti Suzuki,20,170000.0,Manual,second,diesel,110000,11.608244735642321
Mercedes-Benz,0,4000.0,Automatic,first,diesel,10200000,16.13789837629371
MG,1,42000.0,Manual,first,diesel,2025000,14.521080752349816
Maruti Suzuki,16,56000.0,Manual,second,petrol,150000,11.918397239722838
Maruti Suzuki,2,25000.0,Manual,second,petrol,345000,12.75130259456002
Maruti Suzuki,17,118000.0,Manual,second,petrol,150000,11.918397239722838
Mahindra,8,82000.0,Manual,first,diesel,775000,13.560619598657233
Skoda,8,60000.0,Automatic,second,petrol,1650000,14.316286451937186
Honda,11,57000.0,Automatic,second,petrol,715000,13.480039220276565
Honda,11,45000.0,Manual,first,petrol,395000,12.886643575525625
Honda,2,16000.0,Manual,first,petrol,665000,13.407543823396258
Toyota,3,36000.0,Automatic,first,diesel,3750000,15.137266664613225
Maruti Suzuki,6,55000.0,Automatic,first,petrol,392000,12.879019669789754
Toyota,8,174000.0,Automatic,second,diesel,1550000,14.253766134056512
Ford,5,60000.0,Manual,first,diesel,469000,13.058360179622305
Tata,11,42000.0,Manual,second,diesel,275000,12.524530013005734
Hyundai,6,28000.0,Automatic,second,petrol,525000,13.171155446333852
Maruti Suzuki,3,13000.0,Manual,second,petrol,440000,12.994532278619134
Renault,8,300000.0,Manual,first,petrol,255000,12.449022745701502
Hyundai,3,45000.0,Automatic,first,diesel,1699000,14.345550989235415
Jeep,6,53213.0,Manual,second,diesel,860000,13.664688831019712
Hyundai,13,53000.0,Manual,second,petrol,230000,12.345838935721968
Maruti Suzuki,6,300000.0,Automatic,first,petrol,451000,13.019224835777257
Honda,8,80000.0,Manual,first,diesel,580000,13.270785106659046
Mercedes-Benz,5,20000.0,Automatic,first,diesel,6300000,15.656060350091908
Maruti Suzuki,7,61000.0,Automatic,second,petrol,455000,13.02805489573287
Volvo,9,300000.0,Automatic,first,diesel,1350000,14.115615891155079
Maruti Suzuki,6,33251.0,Automatic,second,petrol,550000,13.217675375388819
Maruti Suzuki,10,86000.0,Manual,first,petrol,300000,12.611541086966115
Honda,11,54000.0,Manual,first,petrol,335000,12.721888795877375
Maruti Suzuki,8,158000.0,Manual,second,diesel,450000,13.017005083966255
Maruti Suzuki,11,70000.0,Manual,second,diesel,580000,13.270785106659046
Honda,3,300000.0,Automatic,second,diesel,1075000,13.887832149776026
Mahindra,11,112000.0,Manual,second,diesel,360000,12.793862088206213
Hyundai,5,29569.0,Automatic,first,petrol,1100000,13.910821646859095
Honda,12,92500.0,Automatic,first,petrol,200000,12.206077645517674
Toyota,12,220000.0,Automatic,second,diesel,1245000,14.034646891093473
Hyundai,16,90000.0,Manual,first,petrol,199999,12.206072645530174
Mahindra,0,8000.0,Manual,first,diesel,1550000,14.253766134056512
Nissan,7,80000.0,Automatic,second,diesel,745000,13.521140839642674
Mercedes-Benz,6,72000.0,Automatic,second,diesel,4800000,15.38412668421143
Maruti Suzuki,1,84000.0,Manual,first,petrol,1450000,14.187074804051692
Maruti Suzuki,5,300000.0,Manual,first,petrol,450000,13.017005083966255
Honda,16,145000.0,Manual,second,petrol,160000,11.982935344196433
Volkswagen,4,87244.0,Manual,first,petrol,725000,13.493928313146206
Renault,8,88000.0,Automatic,second,petrol,180000,12.100717685412471
Volvo,15,94000.0,Automatic,second,diesel,1250000,14.038654909278163
Maruti Suzuki,6,300000.0,Automatic,second,petrol,400000,12.899222326086994
Maruti Suzuki,7,69500.0,Manual,second,diesel,514999,13.151922179645874
Mahindra,8,24000.0,Manual,second,diesel,625000,13.345508528717259
Honda,2,10000.0,Automatic,first,petrol,1299000,14.07710606547538
Tata,4,300000.0,Automatic,first,petrol,695000,13.451668563394815
Toyota,12,151000.0,Manual,first,diesel,895000,13.704580114574805
Toyota,9,73500.0,Manual,second,diesel,1390000,14.144815024531075
Kia,4,20200.0,Automatic,first,petrol,1000000,13.815511557963774
Toyota,6,162000.0,Automatic,second,diesel,1875000,14.444119750719839
Volkswagen,3,73000.0,Automatic,first,petrol,891000,13.700100828786772
Hyundai,7,300000.0,Manual,first,petrol,278000,12.535379989788607
Maruti Suzuki,1,35000.0,Manual,second,petrol,600000,13.304686600863562
Ford,8,113546.0,Automatic,second,petrol,389999,12.873902018105829
Kia,3,9020.0,Manual,first,petrol,1300000,14.077875591662238
Maruti Suzuki,9,204600.0,Automatic,second,petrol,475000,13.07107218827772
Volkswagen,13,130000.0,Manual,second,diesel,250000,12.429220196836383
Mahindra,9,67000.0,Manual,first,diesel,650000,13.384729180332174
Hyundai,6,51000.0,Manual,second,petrol,695000,13.451668563394815
Mercedes-Benz,2,24000.0,Automatic,first,petrol,9500000,16.066802461833923
BMW,5,44000.0,Automatic,first,diesel,3000000,14.914123179965662
Honda,10,99920.0,Automatic,second,petrol,460000,13.038983942375959
Mercedes-Benz,9,69000.0,Automatic,second,petrol,1499000,14.22030944419592
Maruti Suzuki,4,62302.0,Manual,first,petrol,729000,13.499430382731967
Mahindra,13,165786.0,Manual,second,diesel,275000,12.524530013005734
Honda,9,62000.0,Automatic,second,petrol,490000,13.102162710901053
Audi,12,77000.0,Automatic,first,petrol,697000,13.454542124461861
Jeep,6,68000.0,Automatic,first,petrol,1049999,13.864300722133706
Kia,3,84000.0,Automatic,first,petrol,875000,13.681980308196241
Volkswagen,9,300000.0,Automatic,first,petrol,520000,13.161586013632684
Mahindra,6,106000.0,Manual,first,diesel,790000,13.579789490265188
Tata,5,67321.0,Manual,first,petrol,389101,12.871596799026255
Renault,3,73146.0,Manual,first,petrol,300000,12.611541086966115
Maruti Suzuki,14,92000.0,Manual,first,diesel,320000,12.676079399771027
Toyota,9,68000.0,Automatic,first,diesel,2275000,14.637491049927531
BMW,13,100000.0,Automatic,first,diesel,1350000,14.115615891155079
Hyundai,3,55000.0,Manual,first,petrol,1045000,13.85952840031839
Kia,3,47000.0,Automatic,first,petrol,1475000,14.204169225721929
Renault,2,10000.0,Automatic,first,petrol,695000,13.451668563394815
Maruti Suzuki,12,69000.0,Manual,second,petrol,365000,12.807655372286902
Maruti Suzuki,8,102000.0,Manual,second,petrol,385000,12.861001210669146
BMW,4,257000.0,Automatic,second,petrol,10900000,16.204273438942487
Maruti Suzuki,6,65000.0,Automatic,second,petrol,675000,13.42246945133505
Ford,15,68000.0,Manual,second,diesel,225000,12.323860125621126
Skoda,2,4950.0,Automatic,first,petrol,1670000,14.328334783195153
Honda,17,56000.0,Manual,second,petrol,99999,11.512925464970229
Mahindra,4,80000.0,Manual,second,diesel,1325000,14.096923772119156
Renault,4,17000.0,Manual,first,petrol,545000,13.208542908506082
Mahindra,2,39000.0,Automatic,first,petrol,1950000,14.48334044336031
Hyundai,5,300000.0,Automatic,second,petrol,1175000,13.976779556623864
Kia,4,35000.0,Manual,first,petrol,950000,13.76421831620775
Toyota,5,178000.0,Manual,second,diesel,850000,13.652992804936396
Maruti Suzuki,3,81000.0,Manual,first,petrol,615000,13.329379172803593
Maruti Suzuki,4,48000.0,Manual,first,petrol,885000,13.69334405393293
Toyota,7,150000.0,Manual,second,diesel,700000,13.45883704259595
Maruti Suzuki,2,21000.0,Manual,first,petrol,395000,12.886643575525625
Volkswagen,7,19000.0,Manual,first,petrol,535000,13.190023895035274
Honda,8,74000.0,Automatic,second,petrol,590000,13.28787951079572
Hyundai,16,125000.0,Manual,first,diesel,165000,12.013706813470414
Hyundai,7,60000.0,Automatic,first,petrol,850000,13.652992804936396
Maruti Suzuki,9,68000.0,Manual,first,diesel,550000,13.217675375388819
Force,0,18000.0,Manual,first,diesel,1451000,14.187764221045963
Maruti Suzuki,3,50000.0,Manual,first,petrol,755000,13.534474352733596
Hyundai,7,82000.0,Automatic,first,petrol,830000,13.629182184591333
Maruti Suzuki,9,65000.0,Manual,second,petrol,225000,12.323860125621126
Kia,3,300000.0,Automatic,first,petrol,1400000,14.151983508870947
Maruti Suzuki,6,130000.0,Manual,first,diesel,850000,13.652992804936396
Jeep,1,19780.0,Automatic,first,diesel,3100000,14.946912992035967
Honda,5,35000.0,Automatic,second,petrol,1199000,13.99699926803766
Tata,5,89000.0,Automatic,first,diesel,470000,13.060490101343552
Mercedes-Benz,11,78000.0,Automatic,first,petrol,1045000,13.85952840031839
Maruti Suzuki,17,74900.0,Manual,first,petrol,95000,11.461642696843066
Mahindra,5,210000.0,Manual,second,diesel,895000,13.704580114574805
Mini,7,300000.0,Automatic,second,petrol,3350000,15.024471202308668
Hyundai,4,15000.0,Manual,first,petrol,505000,13.132315688453556
Mahindra,7,86000.0,Manual,second,diesel,700000,13.45883704259595
Maruti Suzuki,9,86000.0,Manual,first,diesel,335000,12.721888795877375
Land Rover,4,11264.0,Automatic,first,diesel,5795000,15.572506207318527
Honda,11,130000.0,Manual,second,petrol,394500,12.8853769541191
Honda,3,78000.0,Automatic,second,diesel,1075000,13.887832149776026
Renault,8,50588.0,Manual,second,petrol,325000,12.691583538230217
Honda,8,300000.0,Automatic,second,petrol,675000,13.42246945133505
Maruti Suzuki,9,94200.0,Manual,second,diesel,495000,13.112315061750808
Maruti Suzuki,5,40000.0,Automatic,first,petrol,1125000,13.933294482509151
Mercedes-Benz,4,38000.0,Automatic,second,diesel,4700000,15.363073279446223
Tata,1,7800.0,Automatic,first,petrol,895000,13.704580114574805
Maruti Suzuki,9,114000.0,Automatic,second,petrol,395000,12.886643575525625
Hyundai,14,100000.0,Manual,second,petrol,126000,11.744045122410057
Tata,10,114109.0,Manual,second,diesel,180000,12.100717685412471
Honda,8,64000.0,Manual,second,petrol,415000,12.936036208848487
Hyundai,7,66000.0,Manual,second,petrol,675000,13.42246945133505
Toyota,13,150000.0,Manual,second,diesel,400000,12.899222326086994
BMW,6,50000.0,Automatic,first,diesel,3900000,15.176487367510099
Maruti Suzuki,10,300000.0,Manual,second,petrol,385000,12.861001210669146
Maruti Suzuki,4,64000.0,Manual,first,diesel,875000,13.681980308196241
Toyota,8,185865.0,Automatic,first,diesel,1490000,14.214287349062356
Maruti Suzuki,12,82000.0,Manual,second,diesel,225000,12.323860125621126
Kia,0,800.0,Manual,first,petrol,170000,12.04355959836804
Renault,7,62000.0,Automatic,first,petrol,399999,12.89921982609012
Toyota,14,220734.0,Manual,second,diesel,576000,13.263864675787632
Maruti Suzuki,10,70000.0,Manual,second,diesel,450000,13.017005083966255
Land Rover,11,80500.0,Automatic,second,diesel,1590000,14.279245203127035
Hyundai,8,300000.0,Manual,first,petrol,540000,13.199326270390594
Hyundai,7,30000.0,Manual,second,petrol,500000,13.122365377402328
Toyota,7,161000.0,Automatic,first,diesel,1650000,14.316286451937186
Maruti Suzuki,6,72000.0,Automatic,first,petrol,370000,12.821260987319457
Mercedes-Benz,7,49000.0,Automatic,first,petrol,4900000,15.404745967162468
Maruti Suzuki,9,72000.0,Manual,second,diesel,645000,13.377007146164305
Mercedes-Benz,15,100000.0,Automatic,second,diesel,625000,13.345508528717259
Hyundai,11,90000.0,Manual,second,petrol,470000,13.060490101343552
Hyundai,9,56000.0,Manual,first,petrol,365000,12.807655372286902
Hyundai,12,51000.0,Manual,second,petrol,165000,12.013706813470414
Mahindra,9,55000.0,Manual,first,diesel,790000,13.579789490265188
Audi,5,24000.0,Automatic,second,diesel,3475000,15.061105324750772
Maruti Suzuki,7,67000.0,Manual,second,diesel,700000,13.45883704259595
Toyota,11,70000.0,Manual,second,petrol,260000,12.468440756144114
Maruti Suzuki,15,80000.0,Manual,second,petrol,110000,11.608244735642321
Maruti Suzuki,13,280820.0,Manual,first,petrol,255000,12.449022745701502
Porsche,6,70000.0,Automatic,first,diesel,4650000,15.35237799261728
Tata,6,88000.0,Manual,first,diesel,799999,13.592367006650065
Maruti Suzuki,6,68321.0,Manual,first,petrol,335101,12.722190242075243
Ford,7,55000.0,Manual,second,petrol,650000,13.384729180332174
Hyundai,5,300000.0,Manual,first,diesel,899000,13.70903942580019
BMW,5,17500.0,Automatic,first,diesel,4500000,15.319588176962746
Maruti Suzuki,9,84000.0,Manual,second,petrol,425000,12.959846800844963
Nissan,13,70000.0,Manual,second,petrol,175000,12.07254696717504
Toyota,5,39000.0,Automatic,second,diesel,2550000,14.751604309291395
BMW,8,300000.0,Automatic,second,diesel,5500000,15.520258832020865
Maruti Suzuki,8,61000.0,Manual,first,petrol,359000,12.791080452981857
Maruti Suzuki,7,80160.0,Manual,second,diesel,469000,13.058360179622305
Ford,6,75000.0,Manual,first,diesel,615000,13.329379172803593
Land Rover,3,41788.0,Automatic,second,diesel,4988000,15.422545786263198
Maruti Suzuki,4,78000.0,Manual,first,petrol,610000,13.321215875492413
Tata,11,100000.0,Automatic,second,diesel,370000,12.821260987319457
Hyundai,7,32500.0,Manual,second,petrol,235000,12.367345048436391
Maruti Suzuki,6,92000.0,Manual,first,diesel,798000,13.589865129563993
Honda,10,80000.0,Manual,first,diesel,390000,12.873904582205107
Hyundai,8,78800.0,Automatic,second,diesel,799999,13.592367006650065
Toyota,12,93000.0,Manual,second,diesel,440000,12.994532278619134
Toyota,12,171985.0,Manual,second,diesel,400000,12.899222326086994
Maruti Suzuki,7,300000.0,Automatic,first,petrol,449000,13.014780393893403
Toyota,7,69000.0,Automatic,first,diesel,1815000,14.411596576645124
Volkswagen,12,70000.0,Manual,second,petrol,250000,12.429220196836383
Mahindra,3,16700.0,Automatic,first,diesel,1750000,14.375126917328105
Maruti Suzuki,6,250000.0,Automatic,second,petrol,630000,13.353476685668044
Renault,12,88300.0,Manual,first,diesel,375000,12.834683971615659
Land Rover,6,51000.0,Automatic,first,petrol,4987000,15.422345285049595
Toyota,6,70000.0,Manual,second,diesel,1850000,14.430696737594902
Maruti Suzuki,9,82000.0,Manual,second,petrol,325000,12.691583538230217
Maruti Suzuki,8,230.0,Manual,first,diesel,460000,13.038983942375959
Chevrolet,18,117000.0,Automatic,second,petrol,145000,11.884495917930655
Skoda,12,96000.0,Manual,first,diesel,340000,12.73670383776449
Tata,17,54000.0,Manual,second,petrol,50000,10.819798284210286
Kia,4,50000.0,Manual,first,diesel,1195000,13.993657580167481
Hyundai,3,40000.0,Manual,first,petrol,765000,13.547632419997361
Toyota,10,195000.0,Manual,second,diesel,1020000,13.83531416565213
Mahindra,1,28000.0,Manual,first,diesel,1750000,14.375126917328105
BMW,9,87000.0,Automatic,second,diesel,4500000,15.319588176962746
Skoda,6,135000.0,Manual,first,diesel,650000,13.384729180332174
Toyota,6,52000.0,Automatic,first,diesel,2195000,14.60169306007217
Maruti Suzuki,10,96000.0,Manual,second,petrol,380000,12.847929163278053
Maruti Suzuki,4,20000.0,Manual,first,petrol,549000,13.215855541983634
Maruti Suzuki,9,83000.0,Automatic,second,petrol,325000,12.691583538230217
Mercedes-Benz,13,42000.0,Automatic,second,petrol,3000000,14.914123179965662
Honda,13,77000.0,Automatic,second,petrol,419999,12.948009990259552
Hyundai,7,98000.0,Manual,first,diesel,590000,13.28787951079572
Volkswagen,8,300000.0,Automatic,first,diesel,583000,13.275944180597024
Hyundai,2,32000.0,Manual,first,petrol,975000,13.790193775620484
Hyundai,9,90000.0,Automatic,second,diesel,625000,13.345508528717259
Toyota,10,215000.0,Automatic,second,diesel,1075000,13.887832149776026
Maruti Suzuki,8,100000.0,Manual,second,diesel,795000,13.586098651497313
Mahindra,12,100000.0,Manual,second,diesel,425000,12.959846800844963
Toyota,3,111000.0,Automatic,first,diesel,2425000,14.70134249472477
Honda,7,64100.0,Automatic,first,petrol,491000,13.104201443434462
BMW,6,20000.0,Automatic,first,diesel,4190000,15.248211530561777
Maruti Suzuki,9,105000.0,Manual,first,petrol,295000,12.59473402514672
BMW,11,57000.0,Automatic,first,diesel,1200000,13.997832948091215
Mini,10,24000.0,Automatic,first,diesel,1695000,14.343193888767015
Audi,11,42000.0,Automatic,first,diesel,790000,13.579789490265188
Maruti Suzuki,5,27000.0,Manual,second,petrol,380000,12.847929163278053
Maruti Suzuki,8,49000.0,Automatic,first,petrol,625000,13.345508528717259
Renault,9,52000.0,Manual,first,diesel,425000,12.959846800844963
Maruti Suzuki,7,133000.0,Manual,second,diesel,770000,13.554147092530322
Maruti Suzuki,8,300000.0,Manual,first,diesel,660000,13.399996629152975
Jeep,4,48000.0,Automatic,first,diesel,1740000,14.36939624590319
Nissan,3,62000.0,Manual,first,petrol,540000,13.199326270390594
Hyundai,6,80000.0,Manual,first,diesel,900000,13.710151153416941
Honda,1,10000.0,Manual,first,petrol,930000,13.742940940397677
Hyundai,5,61000.0,Manual,first,petrol,725000,13.493928313146206
Maruti Suzuki,2,27000.0,Manual,first,petrol,960000,13.774689605110144
Skoda,8,80000.0,Automatic,first,diesel,1625000,14.301018989130402
Ford,12,108000.0,Manual,second,diesel,170000,12.04355959836804
Hyundai,5,65000.0,Manual,first,diesel,850000,13.652992804936396
Tata,9,80000.0,Manual,second,diesel,120000,11.695255355062795
Maruti Suzuki,10,77000.0,Manual,second,petrol,249999,12.429216196844383
Mahindra,7,66000.0,Manual,first,petrol,345000,12.75130259456002
Maruti Suzuki,18,90000.0,Manual,second,petrol,100000,11.51293546492023
Hyundai,8,73000.0,Manual,first,petrol,665000,13.407543823396258
Honda,2,25000.0,Manual,first,petrol,765000,13.547632419997361
Maruti Suzuki,4,31000.0,Manual,first,petrol,690000,13.444448325847754
Maruti Suzuki,6,48231.0,Automatic,first,petrol,385101,12.86126351324576
Maruti Suzuki,9,76000.0,Automatic,first,petrol,280000,12.54254845357358
Honda,13,75464.0,Automatic,second,petrol,375000,12.834683971615659
BMW,8,85000.0,Automatic,second,diesel,1650000,14.316286451937186
Chevrolet,14,85000.0,Manual,second,petrol,180000,12.100717685412471
Mercedes-Benz,13,94990.0,Automatic,second,diesel,1490000,14.214287349062356
Maruti Suzuki,6,54000.0,Manual,first,diesel,760000,13.541075028051122
Hyundai,6,300000.0,Manual,second,petrol,885000,13.69334405393293
Volkswagen,11,85000.0,Manual,second,diesel,415000,12.936036208848487
Hyundai,3,23000.0,Automatic,second,petrol,1599999,14.28551418721001
Hyundai,2,16000.0,Manual,first,petrol,1098000,13.90900181179801
Toyota,5,130000.0,Manual,first,diesel,765000,13.547632419997361
Mahindra,7,48000.0,Automatic,second,petrol,300000,12.611541086966115
Maruti Suzuki,4,34000.0,Manual,second,petrol,530000,13.180634172318978
Hyundai,13,78000.0,Manual,second,petrol,310000,12.644330802262578
Toyota,6,72000.0,Automatic,second,diesel,1850000,14.430696737594902
Honda,10,133000.0,Manual,second,diesel,685000,13.437175577097312
MG,2,39000.0,Automatic,first,diesel,3290000,15.006398426692876
Maruti Suzuki,13,140000.0,Manual,second,petrol,250000,12.429220196836383
Hyundai,14,92000.0,Manual,second,diesel,270000,12.506180941677357
BMW,0,10000.0,Automatic,first,petrol,13500000,16.41820031748273
BMW,6,64000.0,Automatic,second,petrol,3250000,14.99416586199818
Volkswagen,5,63000.0,Automatic,first,petrol,895000,13.704580114574805
Nissan,7,84000.0,Automatic,second,diesel,755000,13.534474352733596
Mini,9,72000.0,Automatic,second,petrol,1475000,14.204169225721929
Mercedes-Benz,13,75000.0,Automatic,second,diesel,795000,13.586098651497313
Ford,13,115000.0,Manual,second,diesel,225000,12.323860125621126
Toyota,7,170000.0,Manual,first,diesel,475000,13.07107218827772
Honda,5,44000.0,Manual,first,petrol,550000,13.217675375388819
BMW,6,52000.0,Automatic,second,diesel,3850000,15.163583966004193
Hyundai,3,58000.0,Automatic,first,diesel,1985000,14.50112997588164
MG,5,72000.0,Automatic,first,petrol,1025000,13.840204146163925
Mercedes-Benz,5,51000.0,Automatic,second,petrol,2440000,14.707509007105367
Volvo,8,56000.0,Automatic,second,diesel,1725000,14.360738188157574
Maruti Suzuki,13,70000.0,Manual,second,petrol,167000,12.025755079404917
Hyundai,6,23000.0,Automatic,first,petrol,985111,13.800510619273993
Hyundai,11,103000.0,Manual,second,petrol,320000,12.676079399771027
Maruti Suzuki,11,135600.0,Manual,second,diesel,425000,12.959846800844963
Tata,5,49000.0,Manual,first,petrol,650000,13.384729180332174
Skoda,9,48500.0,Automatic,second,petrol,711000,13.47442911525415
Hyundai,12,54699.0,Manual,second,petrol,199000,12.201065128819632
Volkswagen,9,46000.0,Manual,first,petrol,475000,13.07107218827772
Mahindra,5,85000.0,Manual,second,diesel,1270000,14.054528245836039
Hyundai,0,170000.0,Automatic,second,diesel,4050000,15.214227685996272
Ford,3,75000.0,Manual,first,diesel,865000,13.670485941982712
Toyota,4,61000.0,Automatic,second,diesel,2075000,14.54547219357453
Toyota,3,78000.0,Automatic,first,diesel,3651000,15.110511934535298
Toyota,5,70000.0,Automatic,first,diesel,1695000,14.343193888767015
Toyota,3,67000.0,Automatic,first,diesel,1875000,14.444119750719839
Hyundai,12,42000.0,Manual,second,petrol,215000,12.278397958261774
Mahindra,5,110000.0,Manual,first,diesel,470000,13.060490101343552
Maruti Suzuki,9,80000.0,Manual,second,petrol,255000,12.449022745701502
Skoda,15,108000.0,Manual,second,diesel,198000,12.19602736016897
Maruti Suzuki,20,85000.0,Manual,second,petrol,102000,11.532737896139919
Volkswagen,12,73000.0,Automatic,second,petrol,450000,13.017005083966255
Mercedes-Benz,11,80500.0,Automatic,second,diesel,1300000,14.077875591662238
Mahindra,7,69000.0,Automatic,second,diesel,780000,13.567050480716235
Mahindra,5,25000.0,Manual,first,diesel,1675000,14.331324320256051
Hyundai,2,42000.0,Manual,first,diesel,1390000,14.144815024531075
Hyundai,5,300000.0,Automatic,second,diesel,1245000,14.034646891093473
Hyundai,3,25000.0,Manual,second,petrol,575000,13.26212705890841
Hyundai,6,38900.0,Manual,first,petrol,495000,13.112315061750808
BMW,6,300000.0,Automatic,first,petrol,7000000,15.76142084987672
Volkswagen,9,125000.0,Manual,first,diesel,650000,13.384729180332174
Toyota,1,8000.0,Automatic,first,petrol,1890000,14.452087916136215
Hyundai,10,86123.0,Manual,second,diesel,395000,12.886643575525625
Volkswagen,11,61000.0,Automatic,first,petrol,405000,12.91164481522143
Maruti Suzuki,7,78000.0,Manual,second,diesel,790000,13.579789490265188
Tata,10,180000.0,Manual,first,diesel,350000,12.765691290604371
Honda,4,27000.0,Manual,first,petrol,1150000,13.955273369904273
Maruti Suzuki,2,22000.0,Manual,second,petrol,960000,13.774689605110144
Hyundai,9,62000.0,Manual,second,diesel,350000,12.765691290604371
Toyota,0,24000.0,Manual,first,diesel,4550000,15.330638010707329
Toyota,12,150000.0,Manual,second,diesel,510000,13.1421679654829
BMW,7,56000.0,Automatic,second,diesel,2700000,14.80876270134486
Maruti Suzuki,5,169700.0,Manual,first,diesel,765000,13.547632419997361
Maruti Suzuki,2,20000.0,Automatic,first,diesel,625000,13.345508528717259
Toyota,12,250000.0,Manual,second,diesel,799999,13.592367006650065
Honda,9,114000.0,Manual,second,diesel,520000,13.161586013632684
Hyundai,9,114000.0,Manual,first,diesel,400000,12.899222326086994
Renault,7,300000.0,Manual,second,diesel,625000,13.345508528717259
Honda,17,103000.0,Automatic,second,petrol,290000,12.577639650232573
Tata,6,52000.0,Automatic,first,petrol,495000,13.112315061750808
Toyota,1,24000.0,Automatic,first,petrol,1895000,14.45472992420301
Maruti Suzuki,3,19000.0,Automatic,second,petrol,400000,12.899222326086994
Hyundai,4,95000.0,Manual,first,diesel,1000000,13.815511557963774
Toyota,10,111000.0,Manual,second,diesel,995000,13.81049902116535
Maruti Suzuki,8,59000.0,Automatic,first,petrol,415000,12.936036208848487
Kia,4,47000.0,Automatic,first,petrol,1165000,13.968232503350668
Jeep,5,52000.0,Automatic,second,petrol,1300000,14.077875591662238
Toyota,7,112000.0,Automatic,first,diesel,2250000,14.626441218624949
Volkswagen,6,52000.0,Manual,second,petrol,600000,13.304686600863562
Mahindra,1,200000.0,Automatic,first,diesel,2550000,14.751604309291395
Maruti Suzuki,8,45000.0,Manual,second,petrol,545000,13.208542908506082
Tata,5,48000.0,Manual,first,diesel,1045000,13.85952840031839
Chevrolet,15,99999.0,Automatic,second,petrol,70000,11.156264806643742
Mahindra,9,92000.0,Manual,second,diesel,415000,12.936036208848487
Maruti Suzuki,5,78000.0,Manual,first,diesel,935000,13.74830287778897
Tata,15,23000.0,Manual,second,petrol,60000,11.002116507732017
Hyundai,5,21000.0,Manual,first,petrol,870000,13.676249640055394
Hyundai,8,170000.0,Manual,second,diesel,410000,12.923914877701906
Audi,6,69000.0,Automatic,second,diesel,4850000,15.394489469099211
MG,3,39652.0,Manual,first,diesel,1305000,14.081714365022162
Tata,2,13000.0,Manual,first,petrol,899000,13.70903942580019
Maruti Suzuki,1,6200.0,Manual,first,petrol,400000,12.899222326086994
Toyota,5,180000.0,Manual,first,diesel,2980000,14.907434194052001
Mahindra,5,40000.0,Manual,first,diesel,1025000,13.840204146163925
Tata,10,112000.0,Automatic,second,diesel,100000,11.51293546492023
Maruti Suzuki,6,65000.0,Manual,second,petrol,525000,13.171155446333852
Maruti Suzuki,6,45617.0,Automatic,first,petrol,725000,13.493928313146206
BMW,9,49000.0,Automatic,second,petrol,7200000,15.789591722875162
Mercedes-Benz,10,75000.0,Automatic,second,diesel,1169000,13.971660095885833
Maruti Suzuki,14,165000.0,Manual,first,diesel,270000,12.506180941677357
Maruti Suzuki,10,300000.0,Automatic,second,petrol,337000,12.727841176689147
MG,1,27000.0,Automatic,first,petrol,1825000,14.417091092943783
Honda,9,90000.0,Automatic,second,petrol,795000,13.586098651497313
Renault,5,300000.0,Manual,first,petrol,565000,13.244582780038517
Maruti Suzuki,11,27000.0,Manual,second,petrol,299000,12.608202196848836
Honda,9,36000.0,Automatic,second,petrol,375000,12.834683971615659
BMW,13,39000.0,Automatic,second,diesel,1300000,14.077875591662238
Volkswagen,5,15000.0,Manual,first,petrol,575000,13.26212705890841
Hyundai,3,28000.0,Manual,first,diesel,1050000,13.864301674514206
Toyota,13,125000.0,Manual,second,diesel,650000,13.384729180332174
Maruti Suzuki,0,11000.0,Automatic,first,petrol,1190000,13.989464705423494
Land Rover,4,46000.0,Automatic,second,petrol,7500000,15.830413711839864
Hyundai,5,300000.0,Automatic,second,petrol,1175000,13.976779556623864
Chevrolet,9,116000.0,Automatic,second,diesel,680000,13.429849547739444
Mahindra,11,75000.0,Manual,first,diesel,255000,12.449022745701502
Land Rover,2,28400.0,Automatic,first,petrol,11700000,16.275099485238066
Honda,11,110000.0,Manual,first,petrol,349999,12.765688433465597
Hyundai,10,60000.0,Manual,second,petrol,275000,12.524530013005734
Ford,3,59000.0,Automatic,first,diesel,3300000,15.009433329466965
Mahindra,9,90000.0,Manual,second,diesel,850000,13.652992804936396
Hyundai,1,7200.0,Manual,first,petrol,900000,13.710151153416941
BMW,5,80000.0,Automatic,second,diesel,2750000,14.827111833279051
Tata,13,285000.0,Automatic,second,diesel,280000,12.54254845357358
Mercedes-Benz,4,29000.0,Automatic,first,diesel,2550000,14.751604309291395
Maruti Suzuki,7,270000.0,Automatic,second,petrol,380000,12.847929163278053
Maruti Suzuki,6,30000.0,Manual,second,petrol,699000,13.457407451830088
Jaguar,9,80250.0,Automatic,second,petrol,2150000,14.580978865220017
Honda,7,79000.0,Manual,first,diesel,845000,13.647093089770562
Kia,2,30000.0,Automatic,first,diesel,1870000,14.441449523589984
Mahindra,3,41000.0,Automatic,first,diesel,1470000,14.200773639026796
Volkswagen,14,90000.0,Manual,first,petrol,250000,12.429220196836383
Hyundai,11,78000.0,Manual,second,petrol,158000,11.970356641102999
Maruti Suzuki,4,50000.0,Manual,first,diesel,1050000,13.864301674514206
Maruti Suzuki,10,80000.0,Manual,second,diesel,411000,12.926350926565435
Hyundai,2,37000.0,Automatic,first,diesel,1815000,14.411596576645124
Ford,7,61101.0,Manual,second,petrol,395000,12.886643575525625
Mahindra,9,74000.0,Manual,first,diesel,745000,13.521140839642674
BMW,1,37000.0,Automatic,first,diesel,10000000,16.118095750958314
Mahindra,9,83000.0,Manual,first,diesel,975000,13.790193775620484
Maruti Suzuki,8,45000.0,Manual,first,petrol,359000,12.791080452981857
Volvo,6,110000.0,Automatic,first,diesel,875000,13.681980308196241
Maruti Suzuki,7,71000.0,Manual,first,diesel,630000,13.353476685668044
MG,2,84000.0,Automatic,first,diesel,3400000,15.039286283703994
Maruti Suzuki,7,43400.0,Automatic,first,petrol,275000,12.524530013005734
Honda,7,66000.0,Manual,first,diesel,690000,13.444448325847754
Toyota,4,300000.0,Automatic,first,diesel,2950000,14.897316067298997
Hyundai,5,51000.0,Automatic,first,petrol,690000,13.444448325847754
Skoda,9,142000.0,Automatic,first,diesel,850000,13.652992804936396
Mercedes-Benz,3,280000.0,Automatic,second,petrol,11500000,16.257857680289998
Hyundai,18,58645.0,Manual,second,petrol,98000,11.49273296168228
Hyundai,7,80000.0,Manual,first,diesel,555000,13.22672519452875
Mahindra,12,79000.0,Manual,second,diesel,635000,13.361381852676738
Maruti Suzuki,5,49805.0,Manual,first,petrol,545000,13.208542908506082
Skoda,8,80000.0,Automatic,first,diesel,925000,13.73755009757506
Audi,7,52000.0,Automatic,first,petrol,2175000,14.59253968227493
Fiat,12,123600.0,Manual,second,diesel,160000,11.982935344196433
Tata,12,125000.0,Manual,first,diesel,82000,11.314486721293981
Honda,11,55513.0,Manual,first,petrol,330000,12.706850963741102
Volkswagen,12,73000.0,Automatic,second,petrol,295000,12.59473402514672
Hyundai,1,14800.0,Automatic,first,petrol,1050000,13.864301674514206
MG,2,160000.0,Automatic,first,petrol,1125000,13.933294482509151
BMW,9,61000.0,Automatic,second,diesel,1200000,13.997832948091215
BMW,7,68303.0,Automatic,second,diesel,2100000,14.557448378884015
Toyota,8,75000.0,Manual,first,diesel,1400000,14.151983508870947
Maruti Suzuki,4,53000.0,Automatic,first,petrol,655000,13.39239204133378
Skoda,9,68000.0,Manual,second,petrol,565000,13.244582780038517
Maruti Suzuki,7,84000.0,Manual,first,diesel,870000,13.676249640055394
Maruti Suzuki,3,34000.0,Manual,second,petrol,670000,13.415034483903348
Volvo,6,100000.0,Automatic,first,diesel,1600000,14.285514812209815
Mahindra,28,50000.0,Manual,second,diesel,299000,12.608202196848836
Maruti Suzuki,4,40000.0,Manual,first,petrol,695000,13.451668563394815
Hyundai,14,75000.0,Manual,second,petrol,120000,11.695255355062795
BMW,11,82000.0,Automatic,second,diesel,1295000,14.07402202531625
BMW,9,68000.0,Automatic,second,diesel,1425000,14.169683073439028
Mahindra,6,39000.0,Manual,second,diesel,750000,13.527829818844937
MG,5,49067.0,Automatic,first,petrol,1475000,14.204169225721929
Maruti Suzuki,11,57899.0,Manual,second,petrol,429999,12.971540487669746
Mercedes-Benz,12,73000.0,Automatic,second,diesel,990000,13.805461232211272
Maruti Suzuki,6,25000.0,Automatic,first,diesel,735000,13.507627138738266
Tata,3,25945.0,Automatic,first,petrol,1045000,13.85952840031839
Hyundai,14,38278.0,Automatic,first,petrol,240000,12.388398368982115
Maruti Suzuki,7,91000.0,Manual,first,diesel,565000,13.244582780038517
Mercedes-Benz,6,38000.0,Automatic,second,diesel,3750000,15.137266664613225
Chevrolet,12,45000.0,Automatic,second,diesel,563000,13.241036683319184
Maruti Suzuki,2,54000.0,Manual,first,petrol,725000,13.493928313146206
Toyota,2,51321.0,Manual,first,petrol,625101,13.345670115402868
Tata,7,300000.0,Manual,second,diesel,510000,13.1421679654829
Maruti Suzuki,6,45000.0,Automatic,second,petrol,475000,13.07107218827772
Maruti Suzuki,10,51957.0,Manual,second,petrol,500000,13.122365377402328
Ford,10,75000.0,Manual,first,diesel,445000,13.005831808336863
Maruti Suzuki,4,37540.0,Automatic,first,petrol,640000,13.369225017834633
Toyota,8,160000.0,Manual,second,diesel,1575000,14.269766465162304
BMW,13,85000.0,Automatic,second,diesel,650000,13.384729180332174
BMW,6,41000.0,Automatic,second,diesel,2990000,14.910784279814974
Renault,6,42000.0,Manual,first,petrol,360000,12.793862088206213
Tata,11,20000.0,Manual,first,petrol,85000,11.350418300109132
Ford,9,52000.0,Manual,first,petrol,525000,13.171155446333852
Maruti Suzuki,9,113000.0,Automatic,second,petrol,340000,12.73670383776449
BMW,8,75000.0,Automatic,second,diesel,1799000,14.402742068796885
Mitsubishi,25,225000.0,Manual,second,diesel,90000,11.407576060361786
Maruti Suzuki,13,42000.0,Manual,second,petrol,150000,11.918397239722838
Toyota,5,93000.0,Automatic,first,diesel,2525000,14.741752016731123
Hyundai,10,71000.0,Manual,second,diesel,350000,12.765691290604371
Mercedes-Benz,10,52300.0,Automatic,second,diesel,2950000,14.897316067298997
Mercedes-Benz,12,74000.0,Automatic,first,diesel,888000,13.6967281480998
Maruti Suzuki,6,220000.0,Manual,second,petrol,590000,13.28787951079572
Skoda,0,3000.0,Automatic,first,petrol,1650000,14.316286451937186
BMW,12,62000.0,Automatic,second,petrol,599000,13.303018546545275
MG,4,80000.0,Automatic,first,petrol,1250000,14.038654909278163
BMW,7,83000.0,Automatic,first,diesel,1900000,14.45736497045232
Hyundai,11,56000.0,Manual,second,petrol,290000,12.577639650232573
BMW,13,65000.0,Automatic,second,diesel,525000,13.171155446333852
Maruti Suzuki,13,60000.0,Manual,second,petrol,190000,12.154784614286667
Skoda,13,71225.0,Manual,second,petrol,543000,13.204866440535003
Hyundai,12,68000.0,Manual,second,petrol,345000,12.75130259456002
Jeep,7,300000.0,Manual,first,diesel,1150000,13.955273369904273
Hyundai,4,53000.0,Manual,first,petrol,650000,13.384729180332174
Maruti Suzuki,3,18000.0,Manual,first,petrol,377000,12.840003118946523
Maruti Suzuki,5,25.0,Manual,second,diesel,420000,12.948012371209098
Tata,7,48000.0,Automatic,second,petrol,220000,12.301387370778713
BMW,9,55000.0,Automatic,second,diesel,2500000,14.731801689838349
Honda,6,70000.0,Manual,second,petrol,595000,13.296318365198623
Ford,10,89500.0,Manual,second,diesel,129999,11.77528972943772
Honda,13,53000.0,Automatic,first,petrol,455000,13.02805489573287
Hyundai,7,39000.0,Automatic,second,petrol,460000,13.038983942375959
Toyota,9,168000.0,Manual,second,diesel,425000,12.959846800844963
Hyundai,0,1500.0,Manual,first,petrol,925000,13.73755009757506
Honda,6,76000.0,Automatic,second,petrol,850000,13.652992804936396
Honda,7,70000.0,Manual,first,diesel,650000,13.384729180332174
Maruti Suzuki,12,32000.0,Manual,second,petrol,225000,12.323860125621126
Toyota,6,146000.0,Manual,second,diesel,595000,13.296318365198623
Hyundai,11,90000.0,Manual,first,petrol,199000,12.201065128819632
Volkswagen,6,50000.0,Manual,first,petrol,395000,12.886643575525625
Hyundai,8,85000.0,Automatic,first,petrol,960000,13.774689605110144
Tata,5,36788.0,Automatic,second,petrol,780000,13.567050480716235
Hyundai,7,79000.0,Manual,second,diesel,280000,12.54254845357358
Maruti Suzuki,9,79000.0,Manual,first,diesel,600000,13.304686600863562
Skoda,6,62000.0,Automatic,first,diesel,1850000,14.430696737594902
Maruti Suzuki,5,53000.0,Manual,first,petrol,500000,13.122365377402328
Toyota,6,79000.0,Automatic,first,diesel,1725000,14.360738188157574
Audi,4,38000.0,Automatic,first,petrol,2850000,14.862829903121964
Toyota,3,43000.0,Automatic,first,diesel,2100000,14.557448378884015
Honda,4,49000.0,Automatic,second,petrol,1255000,14.042646927360453
Kia,4,52000.0,Automatic,first,petrol,1225000,14.018452218287162
Mahindra,2,44000.0,Manual,first,diesel,810000,13.60479076121576
Mercedes-Benz,12,175000.0,Automatic,second,diesel,1299000,14.07710606547538
Maruti Suzuki,18,26500.0,Manual,second,petrol,125000,11.736077016252437
Mahindra,6,67000.0,Manual,first,diesel,1230000,14.0225255403564
Hyundai,9,54500.0,Manual,second,diesel,490000,13.102162710901053
Maruti Suzuki,14,121000.0,Manual,first,diesel,385000,12.861001210669146
Hyundai,5,68216.0,Manual,second,petrol,650000,13.384729180332174
Nissan,9,78000.0,Manual,first,diesel,275000,12.524530013005734
Maruti Suzuki,10,72000.0,Manual,second,petrol,390000,12.873904582205107
Ford,14,48000.0,Manual,second,petrol,140000,11.849404844423074
Renault,8,77000.0,Automatic,second,petrol,195000,12.180759965737863
Toyota,6,158000.0,Automatic,first,diesel,2900000,14.88022163978423
Tata,2,42000.0,Manual,first,diesel,1770000,14.386490669521603
Hyundai,14,78000.0,Manual,second,petrol,265000,12.487488878546145
Volkswagen,6,68533.0,Manual,first,petrol,515600,13.153088489533264
Renault,6,83000.0,Automatic,second,diesel,950000,13.76421831620775
Tata,10,190555.0,Manual,second,diesel,220000,12.301387370778713
Tata,6,150000.0,Manual,second,diesel,410000,12.923914877701906
Skoda,7,138000.0,Automatic,second,diesel,1900000,14.45736497045232
Toyota,9,250000.0,Manual,first,diesel,500000,13.122365377402328
Maruti Suzuki,9,59200.0,Manual,second,petrol,445000,13.005831808336863
Volkswagen,2,55000.0,Automatic,second,petrol,1425000,14.169683073439028
Honda,9,53370.0,Automatic,first,petrol,621000,13.339087971220277
Skoda,8,92000.0,Automatic,second,petrol,800000,13.592368256649284
Kia,3,61000.0,Automatic,second,petrol,795000,13.586098651497313
Tata,9,23000.0,Automatic,second,petrol,275000,12.524530013005734
Maruti Suzuki,15,150000.0,Manual,second,petrol,150000,11.918397239722838
Toyota,5,65000.0,Automatic,first,diesel,2695000,14.80690913338268
Maruti Suzuki,8,77000.0,Automatic,second,petrol,350000,12.765691290604371
Maruti Suzuki,14,100000.0,Manual,second,diesel,160000,11.982935344196433
Maruti Suzuki,6,80000.0,Automatic,second,diesel,650000,13.384729180332174
Ford,6,300000.0,Manual,first,diesel,875000,13.681980308196241
Skoda,6,92000.0,Automatic,second,diesel,2945111,14.895657404904952
Audi,3,22000.0,Automatic,first,petrol,4425000,15.302781062412842
Maruti Suzuki,10,86265.0,Manual,second,diesel,390000,12.873904582205107
Mahindra,10,170000.0,Manual,second,diesel,385000,12.861001210669146
Maruti Suzuki,8,42114.0,Automatic,first,petrol,395000,12.886643575525625
Hyundai,3,51000.0,Manual,first,petrol,650000,13.384729180332174
MG,3,48000.0,Automatic,second,petrol,1375000,14.13396501635527
Hyundai,1,13000.0,Automatic,first,petrol,975000,13.790193775620484
Maruti Suzuki,7,57000.0,Manual,second,petrol,399500,12.897971547314246
Maruti Suzuki,13,67000.0,Manual,second,petrol,155000,11.951186847493476
Ford,7,123000.0,Manual,first,diesel,675000,13.42246945133505
Maruti Suzuki,2,40000.0,Manual,second,petrol,525000,13.171155446333852
Mini,5,24000.0,Automatic,first,petrol,4500000,15.319588176962746
Mahindra,14,90000.0,Manual,second,diesel,160000,11.982935344196433
Skoda,2,72000.0,Manual,first,petrol,1189000,13.988624016715459
Mahindra,4,72586.0,Manual,first,diesel,1440000,14.180154365996387
Toyota,11,200000.0,Manual,second,diesel,610000,13.321215875492413
Maruti Suzuki,5,46000.0,Automatic,first,petrol,649000,13.38318953651709
Mercedes-Benz,6,65000.0,Automatic,second,diesel,2525111,14.741795976143523
Skoda,10,92000.0,Automatic,second,petrol,460000,13.038983942375959
Hyundai,9,62000.0,Manual,second,petrol,360000,12.793862088206213
Land Rover,8,76000.0,Automatic,second,diesel,2060000,14.53821702620254
Mahindra,7,114000.0,Manual,second,diesel,659000,13.398480330934175
Maruti Suzuki,3,21000.0,Manual,first,petrol,565000,13.244582780038517
Mercedes-Benz,0,4700.0,Automatic,first,petrol,4550000,15.330638010707329
Maruti Suzuki,4,63110.0,Automatic,first,petrol,595000,13.296318365198623
Toyota,2,223100.0,Automatic,first,diesel,4400000,15.29711532616119
Maruti Suzuki,6,60000.0,Automatic,second,petrol,513000,13.148033073468746
Maruti Suzuki,7,120000.0,Manual,first,petrol,490000,13.102162710901053
Toyota,5,64000.0,Automatic,first,diesel,3075000,14.938815784425955
Honda,7,75600.0,Manual,first,petrol,490000,13.102162710901053
Maruti Suzuki,7,75000.0,Manual,first,diesel,595000,13.296318365198623
Maruti Suzuki,8,92000.0,Manual,first,petrol,695000,13.451668563394815
Maruti Suzuki,6,34184.0,Automatic,second,petrol,725000,13.493928313146206
Tata,5,66800.0,Manual,second,petrol,650000,13.384729180332174
Toyota,7,83000.0,Automatic,first,diesel,2650000,14.790070575320824
Maruti Suzuki,19,7.0,Manual,second,petrol,40000,10.596659732783579
Renault,8,80000.0,Automatic,second,diesel,425000,12.959846800844963
Hyundai,5,78000.0,Manual,second,diesel,815000,13.610944619216111
Chevrolet,14,77000.0,Manual,second,petrol,199000,12.201065128819632
BMW,5,63000.0,Automatic,first,diesel,4151111,15.238886808121435
Mahindra,10,74000.0,Manual,second,diesel,560000,13.235693848424024
Hyundai,7,47000.0,Automatic,first,diesel,895000,13.704580114574805
Mahindra,11,75000.0,Manual,first,diesel,410000,12.923914877701906
Nissan,1,30000.0,Manual,first,petrol,560000,13.235693848424024
Maruti Suzuki,6,19300.0,Manual,first,petrol,461000,13.04115549117383
Mahindra,4,65000.0,Automatic,first,petrol,1310000,14.085538458535822
Tata,3,62000.0,Manual,first,petrol,511000,13.144126826131089
Maruti Suzuki,1,13000.0,Automatic,first,petrol,925000,13.73755009757506
Mercedes-Benz,7,36250.0,Automatic,second,petrol,1650000,14.316286451937186
Maruti Suzuki,7,100000.0,Manual,second,diesel,725000,13.493928313146206
Maruti Suzuki,11,66000.0,Manual,first,petrol,310000,12.644330802262578
BMW,5,98000.0,Automatic,first,diesel,1825000,14.417091092943783
Renault,8,61500.0,Automatic,first,diesel,685000,13.437175577097312
Jeep,6,300000.0,Automatic,first,petrol,1095000,13.90626583447433
Mercedes-Benz,11,92000.0,Automatic,second,diesel,2390000,14.686804342317648
Renault,7,65563.0,Automatic,second,petrol,325000,12.691583538230217
Tata,2,17800.0,Automatic,first,diesel,1999999,14.508657738524219
Hyundai,6,82500.0,Automatic,first,diesel,795000,13.586098651497313
Hyundai,12,56874.0,Automatic,second,petrol,270000,12.506180941677357
Hyundai,9,27.0,Manual,second,diesel,199999,12.206072645530174
Nissan,10,50000.0,Manual,first,diesel,575000,13.26212705890841
BMW,8,120000.0,Automatic,first,diesel,1899999,14.457364444136669
Hyundai,7,78000.0,Manual,second,diesel,350000,12.765691290604371
Ford,9,80000.0,Manual,second,diesel,540000,13.199326270390594
Hyundai,8,114399.0,Manual,second,diesel,485000,13.091906231773164
Maruti Suzuki,11,78000.0,Automatic,second,petrol,295000,12.59473402514672
Kia,4,30000.0,Automatic,first,diesel,1499000,14.22030944419592
Toyota,3,42000.0,Automatic,first,petrol,8500000,15.955576839107596
Honda,7,18110.0,Automatic,second,petrol,575000,13.26212705890841
Nissan,7,86000.0,Automatic,second,petrol,170000,12.04355959836804
Renault,7,70000.0,Automatic,first,petrol,350000,12.765691290604371
Honda,9,81000.0,Manual,first,diesel,540000,13.199326270390594
Tata,4,44118.0,Manual,first,petrol,470000,13.060490101343552
Maruti Suzuki,8,45000.0,Automatic,second,petrol,320000,12.676079399771027
Maruti Suzuki,7,51000.0,Manual,first,petrol,485000,13.091906231773164
Volkswagen,6,131000.0,Automatic,second,petrol,685000,13.437175577097312
Toyota,6,69000.0,Automatic,first,diesel,2520000,14.739769856312924
Mercedes-Benz,10,80000.0,Automatic,second,diesel,5000000,15.424948670398354
Tata,7,73555.0,Manual,second,petrol,295555,12.59661360717993
Hyundai,3,60000.0,Manual,second,diesel,1240000,14.030622744032508
Honda,15,88000.0,Manual,second,petrol,269999,12.506177237980511
Toyota,14,71000.0,Manual,second,diesel,775000,13.560619598657233
Maruti Suzuki,11,70000.0,Automatic,first,petrol,180000,12.100717685412471
Maruti Suzuki,12,86239.0,Manual,second,petrol,240000,12.388398368982115
Honda,5,52000.0,Manual,first,petrol,645000,13.377007146164305
Maruti Suzuki,11,300000.0,Manual,first,petrol,175000,12.07254696717504
Maruti Suzuki,5,65000.0,Automatic,first,petrol,450000,13.017005083966255
Hyundai,4,55000.0,Automatic,second,petrol,890000,13.698977865303197
Hyundai,13,75000.0,Manual,first,petrol,130000,11.775297421715827
Maruti Suzuki,5,50000.0,Manual,first,petrol,465000,13.049794835104816
Maruti Suzuki,13,106000.0,Manual,second,petrol,99999,11.512925464970229
Honda,12,300000.0,Manual,first,petrol,325000,12.691583538230217
Mini,7,22000.0,Automatic,second,petrol,2875000,14.871563580039615
Audi,8,47000.0,Automatic,second,diesel,1499000,14.22030944419592
Maruti Suzuki,1,52895.0,Manual,first,petrol,1130000,13.937729075643883
Skoda,2,30000.0,Automatic,first,petrol,1450000,14.187074804051692
Maruti Suzuki,6,70013.0,Manual,first,diesel,675000,13.42246945133505
Maruti Suzuki,0,9000.0,Manual,first,petrol,18500,9.825580063659602
Volkswagen,14,34000.0,Automatic,second,petrol,1449000,14.186384911433706
Kia,4,46000.0,Manual,first,petrol,1070000,13.883170141017091
Maruti Suzuki,18,65789.0,Manual,first,petrol,69999,11.156250521031495
Mahindra,9,290000.0,Manual,second,diesel,670000,13.415034483903348
Toyota,11,105000.0,Automatic,second,diesel,1690000,14.340239678615058
Mercedes-Benz,4,47000.0,Automatic,first,diesel,4900000,15.404745967162468
Volkswagen,4,45000.0,Manual,first,petrol,685000,13.437175577097312
Mercedes-Benz,9,69000.0,Automatic,second,diesel,1575000,14.269766465162304
Tata,2,44000.0,Automatic,first,petrol,810000,13.60479076121576
Hyundai,7,31000.0,Manual,second,petrol,475000,13.07107218827772
Tata,6,14000.0,Manual,second,petrol,750000,13.527829818844937
Mercedes-Benz,13,133000.0,Automatic,second,diesel,1500000,14.220976332738882
Maruti Suzuki,13,68000.0,Manual,first,petrol,184000,12.122696471358964
BMW,9,61000.0,Automatic,second,diesel,1500000,14.220976332738882
Honda,9,72500.0,Automatic,second,petrol,450000,13.017005083966255
Kia,3,97000.0,Manual,first,petrol,1250000,14.038654909278163
Renault,7,300000.0,Manual,second,petrol,150000,11.918397239722838
Toyota,11,119000.0,Automatic,first,diesel,1449000,14.186384911433706
Maruti Suzuki,10,98000.0,Manual,second,petrol,260000,12.468440756144114
Honda,10,65000.0,Manual,first,petrol,499999,13.122363377404328
Mercedes-Benz,7,59000.0,Automatic,second,petrol,4385000,15.293700411838566
Maruti Suzuki,7,120000.0,Manual,first,diesel,630000,13.353476685668044
Maruti Suzuki,8,65000.0,Manual,second,petrol,310000,12.644330802262578
BMW,5,300000.0,Automatic,first,petrol,4590000,15.339390799901627
Hyundai,5,145000.0,Manual,first,diesel,845000,13.647093089770562
Maruti Suzuki,5,50000.0,Automatic,second,petrol,521111,13.163720268841718
BMW,3,35061.0,Automatic,first,diesel,3249000,14.993858122438201
Tata,7,89000.0,Automatic,second,diesel,949000,13.76316513133229
Toyota,6,75000.0,Manual,second,diesel,2575000,14.761360480429413
Mercedes-Benz,1,3000.0,Automatic,first,diesel,4000000,15.201805169084134
Maruti Suzuki,6,59000.0,Manual,second,diesel,825000,13.623139877437296
Maruti Suzuki,12,97000.0,Manual,second,diesel,395000,12.886643575525625
Audi,9,108000.0,Automatic,second,diesel,1580000,14.272936037914342
Mahindra,2,28581.0,Automatic,first,petrol,2550000,14.751604309291395
Toyota,11,169000.0,Automatic,first,diesel,1295000,14.07402202531625
Mahindra,6,89000.0,Automatic,second,diesel,1294000,14.073249526840211
Hyundai,3,62000.0,Manual,second,diesel,1390000,14.144815024531075
Volkswagen,9,300000.0,Automatic,first,petrol,453000,13.023649611968253
Toyota,9,60000.0,Manual,first,petrol,510000,13.1421679654829
Maruti Suzuki,18,72000.0,Manual,second,petrol,250000,12.429220196836383
Honda,10,53000.0,Automatic,first,petrol,375000,12.834683971615659
Jaguar,6,75000.0,Automatic,first,diesel,1950000,14.48334044336031
Hyundai,15,70000.0,Manual,second,petrol,99000,11.502885230075814
MG,0,36000.0,Automatic,first,petrol,1550000,14.253766134056512
Nissan,12,77695.0,Manual,second,diesel,265000,12.487488878546145
Hyundai,7,47827.0,Automatic,second,petrol,475000,13.07107218827772
Maruti Suzuki,9,63000.0,Manual,second,petrol,499000,13.120363378739663
Mercedes-Benz,4,59000.0,Automatic,second,diesel,7675000,15.853478981730687
Kia,5,61000.0,Automatic,first,petrol,1049000,13.863348840666827
Maruti Suzuki,7,65000.0,Manual,first,petrol,421000,12.95039048795861
Maruti Suzuki,7,45000.0,Manual,first,petrol,474000,13.06896471037963
Mahindra,2,45000.0,Manual,first,diesel,990000,13.805461232211272
Audi,13,86000.0,Automatic,second,diesel,575000,13.26212705890841
Chevrolet,7,70000.0,Manual,second,petrol,180000,12.100717685412471
Ford,11,75000.0,Manual,first,diesel,320000,12.676079399771027
Hyundai,14,32308.0,Manual,first,petrol,210000,12.25486757159303
Honda,16,71500.0,Manual,second,petrol,109000,11.599112335481124
Maruti Suzuki,9,72000.0,Automatic,first,petrol,535111,13.190231349762763
Hyundai,12,94000.0,Manual,second,petrol,150000,11.918397239722838
Kia,3,54000.0,Manual,first,petrol,1190000,13.989464705423494
Toyota,8,142500.0,Automatic,second,diesel,1581000,14.273568748702479
Jeep,7,300000.0,Manual,first,diesel,890000,13.698977865303197
Hyundai,12,95000.0,Manual,first,diesel,225000,12.323860125621126
Tata,4,116000.0,Automatic,first,diesel,1375000,14.13396501635527
Hyundai,7,55000.0,Automatic,second,petrol,395000,12.886643575525625
Maruti Suzuki,6,65000.0,Manual,first,diesel,700000,13.45883704259595
Ford,13,120000.0,Manual,second,diesel,225000,12.323860125621126
Land Rover,13,120000.0,Automatic,second,diesel,1575000,14.269766465162304
Maruti Suzuki,10,62000.0,Automatic,second,petrol,330000,12.706850963741102
Maruti Suzuki,17,202000.0,Manual,second,petrol,150000,11.918397239722838
Hyundai,9,58000.0,Manual,first,petrol,468000,13.056225711649638
Mahindra,3,10000.0,Automatic,second,petrol,1345000,14.111905314512224
Maruti Suzuki,8,63100.0,Automatic,second,petrol,585000,13.279368835614243
Mahindra,8,85800.0,Automatic,second,diesel,1175000,13.976779556623864
Volkswagen,6,74000.0,Automatic,second,petrol,539999,13.199324418540456
Toyota,7,174000.0,Automatic,second,diesel,1985000,14.50112997588164
Hyundai,10,72000.0,Automatic,second,diesel,715000,13.480039220276565
Honda,8,7500.0,Manual,first,petrol,439999,12.994530005894443
Toyota,5,90000.0,Manual,first,diesel,2750000,14.827111833279051
Renault,3,39000.0,Automatic,first,petrol,650000,13.384729180332174
Mahindra,3,300000.0,Manual,first,petrol,1290000,14.070153551531353
Kia,5,103000.0,Automatic,first,diesel,1225000,14.018452218287162
Mercedes-Benz,7,38700.0,Automatic,second,petrol,5490000,15.518438995635059
Mahindra,9,119860.0,Manual,second,diesel,760000,13.541075028051122
Tata,11,64000.0,Manual,second,diesel,135000,11.813037464800539
Volkswagen,9,96000.0,Automatic,first,diesel,445000,13.005831808336863
Tata,4,300000.0,Automatic,second,petrol,495000,13.112315061750808
Maruti Suzuki,8,34000.0,Automatic,first,petrol,425000,12.959846800844963
Honda,7,59000.0,Automatic,first,petrol,875000,13.681980308196241
Hyundai,9,80000.0,Manual,second,petrol,374999,12.834681304952548
Hyundai,1,9000.0,Automatic,first,petrol,1290000,14.070153551531353
BMW,8,60000.0,Automatic,second,diesel,2575000,14.761360480429413
MG,5,23000.0,Automatic,first,petrol,1195000,13.993657580167481
Hyundai,13,60000.0,Automatic,second,petrol,285000,12.560247968016562
Mercedes-Benz,5,79000.0,Automatic,second,diesel,5300000,15.483217567201578
Maruti Suzuki,6,140000.0,Manual,second,diesel,650000,13.384729180332174
Hyundai,11,59000.0,Manual,second,petrol,259000,12.464587201678082
Tata,6,64000.0,Automatic,first,petrol,490000,13.102162710901053
Hyundai,4,38000.0,Manual,first,diesel,1130000,13.937729075643883
Hyundai,13,69000.0,Manual,second,petrol,210000,12.25486757159303
Hyundai,4,43000.0,Manual,first,petrol,675000,13.42246945133505
Renault,3,12000.0,Automatic,first,petrol,875000,13.681980308196241
Maruti Suzuki,7,58234.0,Manual,first,diesel,619999,13.337474757021274
Hyundai,3,53000.0,Automatic,first,diesel,1860000,14.436087583323648
Mercedes-Benz,7,42000.0,Automatic,first,petrol,2665000,14.795714990816533
Renault,6,110000.0,Manual,second,petrol,285000,12.560247968016562
Honda,17,300000.0,Automatic,first,petrol,499000,13.120363378739663
Hyundai,3,62000.0,Manual,first,diesel,775000,13.560619598657233
Hyundai,10,55000.0,Manual,second,petrol,315000,12.660331092405906
Hyundai,8,42000.0,Manual,first,diesel,725000,13.493928313146206
Maruti Suzuki,12,100000.0,Manual,first,diesel,535000,13.190023895035274
Maruti Suzuki,5,81000.0,Automatic,first,petrol,690000,13.444448325847754
Maruti Suzuki,5,100000.0,Manual,second,diesel,825000,13.623139877437296
Volkswagen,3,20000.0,Automatic,first,petrol,1620000,14.297937324492327
Hyundai,4,40000.0,Manual,first,petrol,1165000,13.968232503350668
Hyundai,7,83000.0,Manual,first,diesel,760000,13.541075028051122
Mahindra,7,118000.0,Automatic,second,diesel,749000,13.52649559761195
Maruti Suzuki,7,69300.0,Manual,first,petrol,530000,13.180634172318978
Kia,2,13000.0,Manual,first,diesel,1090000,13.901689171636098
MG,1,8900.0,Automatic,first,petrol,1325000,14.096923772119156
Ford,13,140000.0,Manual,first,diesel,119000,11.686887175419702
Toyota,7,130000.0,Automatic,first,diesel,2845000,14.861073977036355
Toyota,8,115000.0,Automatic,second,petrol,725000,13.493928313146206
Tata,1,5800.0,Automatic,first,petrol,839999,13.641157170819497
Land Rover,5,64256.0,Automatic,first,diesel,3250000,14.99416586199818
Toyota,8,130000.0,Automatic,second,petrol,1275000,14.058457520888082
Mahindra,4,79000.0,Manual,second,diesel,991000,13.80647082239335
Hyundai,9,63300.0,Manual,second,diesel,305000,12.628070334272698
Hyundai,5,83300.0,Manual,first,diesel,665000,13.407543823396258
Maruti Suzuki,10,100000.0,Manual,second,diesel,365000,12.807655372286902
Maruti Suzuki,6,32000.0,Automatic,second,petrol,490000,13.102162710901053
Maruti Suzuki,7,62000.0,Automatic,first,petrol,370000,12.821260987319457
Mahindra,7,59000.0,Automatic,first,diesel,1275000,14.058457520888082
Toyota,8,120000.0,Automatic,second,diesel,1600000,14.285514812209815
Nissan,1,15000.0,Manual,first,petrol,650000,13.384729180332174
Maruti Suzuki,5,25000.0,Automatic,first,petrol,690000,13.444448325847754
Land Rover,6,99000.0,Automatic,first,diesel,7500000,15.830413711839864
Hyundai,6,300000.0,Manual,first,petrol,280000,12.54254845357358
Kia,5,78000.0,Automatic,first,diesel,1245000,14.034646891093473
Maruti Suzuki,11,68554.0,Manual,second,diesel,332000,12.712893259942282
Mercedes-Benz,2,220000.0,Automatic,first,diesel,5900000,15.59046307836746
Toyota,8,300000.0,Automatic,first,diesel,1550000,14.253766134056512
Maruti Suzuki,5,42500.0,Manual,second,petrol,360000,12.793862088206213
Volkswagen,7,20000.0,Manual,first,petrol,570000,13.25339339419516
Hyundai,5,41973.0,Automatic,second,petrol,749991,13.527817818788938
Mahindra,6,82000.0,Manual,first,diesel,651000,13.386266457287837
Maruti Suzuki,14,140849.0,Manual,first,petrol,175000,12.07254696717504
Maruti Suzuki,10,141500.0,Manual,first,diesel,665000,13.407543823396258
Mahindra,10,80879.0,Manual,second,diesel,500000,13.122365377402328
Renault,11,104000.0,Manual,first,diesel,290000,12.577639650232573
Hyundai,1,6000.0,Manual,first,petrol,890000,13.698977865303197
BMW,6,88000.0,Automatic,second,diesel,2900000,14.88022163978423
Volkswagen,14,78000.0,Manual,second,petrol,299999,12.611537753638338
Mercedes-Benz,7,300000.0,Automatic,second,petrol,2275000,14.637491049927531
Honda,11,115000.0,Manual,second,petrol,450000,13.017005083966255
Hyundai,10,47000.0,Automatic,second,petrol,455000,13.02805489573287
Maruti Suzuki,5,45000.0,Automatic,second,petrol,450000,13.017005083966255
Maruti Suzuki,7,116000.0,Manual,first,diesel,750000,13.527829818844937
Toyota,6,85000.0,Manual,second,diesel,1420000,14.166168133802548
Hyundai,6,76000.0,Automatic,first,diesel,875000,13.681980308196241
BMW,5,38000.0,Automatic,first,diesel,4900000,15.404745967162468
Maruti Suzuki,5,92000.0,Manual,first,diesel,1071000,13.884104283136265
Honda,11,43000.0,Manual,first,petrol,275000,12.524530013005734
Porsche,3,19000.0,Automatic,second,petrol,11000000,16.213405921671733
Honda,9,66000.0,Manual,second,diesel,340000,12.73670383776449
Isuzu,6,95000.0,Manual,first,diesel,1275000,14.058457520888082
BMW,6,81000.0,Automatic,second,diesel,1875000,14.444119750719839
Toyota,9,85000.0,Automatic,first,diesel,1490000,14.214287349062356
Volkswagen,1,170000.0,Automatic,first,petrol,1800000,14.403297778421795
Mahindra,2,13500.0,Manual,first,diesel,865000,13.670485941982712
Hyundai,9,140000.0,Automatic,first,diesel,845000,13.647093089770562
Kia,2,11000.0,Manual,first,petrol,1125000,13.933294482509151
Kia,3,26000.0,Automatic,second,petrol,1275000,14.058457520888082
Mahindra,6,69863.0,Manual,first,diesel,685000,13.437175577097312
Hyundai,10,39000.0,Manual,first,petrol,479999,13.081541382884074
Maruti Suzuki,7,50000.0,Manual,first,diesel,755000,13.534474352733596
Skoda,8,40000.0,Manual,first,petrol,469000,13.058360179622305
Toyota,1,91000.0,Automatic,first,petrol,2120000,14.566927118346197
Toyota,4,300000.0,Automatic,first,diesel,2199000,14.603513724288955
Hyundai,9,25.0,Automatic,second,diesel,450000,13.017005083966255
Hyundai,9,140000.0,Manual,first,diesel,585000,13.279368835614243
Chevrolet,13,57400.0,Manual,second,petrol,99000,11.502885230075814
Honda,13,76000.0,Automatic,second,petrol,295000,12.59473402514672
Volkswagen,10,75000.0,Manual,second,diesel,345000,12.75130259456002
Tata,1,41000.0,Manual,first,diesel,1695000,14.343193888767015
Maruti Suzuki,19,65000.0,Manual,second,petrol,96000,11.472113887062386
Nissan,10,90000.0,Manual,first,diesel,420000,12.948012371209098
Tata,11,90000.0,Automatic,second,diesel,65000,11.082157933374816
Maruti Suzuki,2,8500.0,Manual,second,petrol,550000,13.217675375388819
Mini,6,28000.0,Automatic,second,petrol,4099000,15.226253843448387
Maruti Suzuki,14,95000.0,Manual,second,diesel,227000,12.33270970174018
BMW,5,300000.0,Automatic,second,diesel,2150000,14.580978865220017
Ford,16,122000.0,Manual,second,petrol,150000,11.918397239722838
Hyundai,13,114032.0,Manual,second,petrol,125000,11.736077016252437
Hyundai,8,300000.0,Automatic,second,petrol,570000,13.25339339419516
Honda,2,38000.0,Automatic,second,petrol,1450000,14.187074804051692
Mercedes-Benz,7,69000.0,Automatic,first,diesel,3075000,14.938815784425955
Hyundai,5,24000.0,Automatic,second,petrol,1175000,13.976779556623864
Mahindra,1,26000.0,Manual,first,diesel,1490000,14.214287349062356
Hyundai,7,54000.0,Automatic,first,petrol,940000,13.753636218075409
Hyundai,6,250000.0,Manual,first,petrol,840000,13.641158361294979
Maruti Suzuki,1,10000.0,Manual,first,petrol,525000,13.171155446333852
Hyundai,7,300000.0,Manual,first,petrol,277000,12.531776395271262
Maruti Suzuki,5,57000.0,Automatic,second,petrol,1150000,13.955273369904273
Maruti Suzuki,5,24000.0,Automatic,second,petrol,855000,13.658857917508856
Renault,7,59000.0,Manual,second,petrol,350000,12.765691290604371
Porsche,7,49650.0,Automatic,second,petrol,5850000,15.581952390148196
Mercedes-Benz,1,16000.0,Automatic,first,diesel,15900000,16.58182973008354
Mercedes-Benz,11,50000.0,Automatic,second,diesel,1090000,13.901689171636098
Hyundai,5,82000.0,Manual,first,diesel,1025000,13.840204146163925
Hyundai,7,70000.0,Automatic,first,diesel,650000,13.384729180332174
Toyota,13,39000.0,Manual,first,petrol,425000,12.959846800844963
Kia,4,16800.0,Automatic,first,petrol,1540000,14.24729362374025
Jaguar,6,57900.0,Automatic,second,diesel,3550000,15.0824584431417
Mercedes-Benz,7,35000.0,Automatic,first,diesel,3800000,15.150511887854474
Hyundai,14,91000.0,Automatic,first,petrol,340000,12.73670383776449
Hyundai,7,85000.0,Automatic,first,petrol,669000,13.41354083387756
Mercedes-Benz,8,47000.0,Automatic,second,diesel,1999999,14.508657738524219
Tata,7,39629.0,Automatic,first,petrol,450000,13.017005083966255
Audi,6,300000.0,Automatic,first,diesel,3450000,15.053885078862573
Maruti Suzuki,13,90000.0,Manual,second,petrol,150000,11.918397239722838
Maruti Suzuki,8,70000.0,Manual,second,diesel,460000,13.038983942375959
Mahindra,1,5500.0,Manual,first,diesel,1050000,13.864301674514206
Maruti Suzuki,6,58000.0,Manual,second,petrol,575000,13.26212705890841
Maruti Suzuki,1,40600.0,Manual,first,petrol,755000,13.534474352733596
Hyundai,12,198.0,Manual,second,petrol,190000,12.154784614286667
Toyota,10,70000.0,Automatic,second,petrol,590000,13.28787951079572
Audi,6,63000.0,Automatic,second,petrol,2350000,14.669926311652166
Honda,12,300000.0,Manual,second,petrol,285000,12.560247968016562
Tata,11,85000.0,Manual,second,diesel,159000,11.976665770490767
Toyota,11,120000.0,Manual,first,diesel,1050000,13.864301674514206
Honda,6,38000.0,Manual,first,petrol,730000,13.500801182986649
Mercedes-Benz,9,90000.0,Automatic,second,diesel,1490000,14.214287349062356
Renault,4,42000.0,Manual,first,petrol,525000,13.171155446333852
Tata,9,13527.0,Manual,second,diesel,100000,11.51293546492023
Mercedes-Benz,3,15650.0,Automatic,first,petrol,5100000,15.444751293772967
Ford,12,149500.0,Manual,second,diesel,170000,12.04355959836804
Kia,4,60000.0,Manual,first,diesel,3250000,14.99416586199818
BMW,12,33000.0,Automatic,first,diesel,450000,13.017005083966255
Fiat,14,65000.0,Manual,first,diesel,175000,12.07254696717504
Hyundai,15,68000.0,Manual,second,petrol,221000,12.30592250537653
Audi,12,48000.0,Automatic,first,diesel,941000,13.754699481266208
Maruti Suzuki,5,70000.0,Automatic,first,petrol,675000,13.42246945133505
Hyundai,4,50400.0,Manual,second,petrol,965000,13.779884416590017
Toyota,9,93200.0,Manual,first,diesel,859999,13.664687668229691
Honda,8,44000.0,Manual,second,petrol,490000,13.102162710901053
Mercedes-Benz,17,77000.0,Automatic,second,petrol,699999,13.458835614025542
Maruti Suzuki,6,68000.0,Manual,first,diesel,490000,13.102162710901053
Volkswagen,8,115000.0,Manual,first,diesel,640000,13.369225017834633
Maruti Suzuki,14,152000.0,Manual,first,petrol,160000,11.982935344196433
Hyundai,12,50400.0,Manual,first,petrol,165000,12.013706813470414
BMW,11,60000.0,Automatic,second,diesel,1395000,14.148405690083225
Toyota,7,112000.0,Automatic,first,diesel,2950000,14.897316067298997
Renault,9,70000.0,Manual,first,diesel,525000,13.171155446333852
Honda,8,34000.0,Manual,first,petrol,425000,12.959846800844963
Mercedes-Benz,6,59950.0,Automatic,first,diesel,6211000,15.641832632546096
Volvo,8,115000.0,Automatic,first,diesel,1790000,14.397726736475999
Audi,10,99000.0,Automatic,first,diesel,849000,13.651815643149092
BMW,10,70000.0,Automatic,second,diesel,1550000,14.253766134056512
Maruti Suzuki,13,71500.0,Automatic,second,petrol,175000,12.07254696717504
Hyundai,3,38000.0,Manual,second,petrol,485000,13.091906231773164
Datsun,5,34000.0,Manual,first,petrol,300000,12.611541086966115
BMW,8,69000.0,Automatic,second,diesel,1525111,14.237578407949822
Honda,6,85000.0,Manual,second,diesel,600000,13.304686600863562
Honda,17,10645.0,Manual,second,petrol,180000,12.100717685412471
Mahindra,2,31000.0,Automatic,first,petrol,1695000,14.343193888767015
Maruti Suzuki,23,87000.0,Manual,second,petrol,72000,11.184435286790631
Ford,9,120000.0,Manual,second,diesel,320000,12.676079399771027
Maruti Suzuki,4,33000.0,Manual,first,petrol,625000,13.345508528717259
Rolls-Royce,9,11500.0,Automatic,second,petrol,42500000,17.565014657424058
Mahindra,4,45000.0,Automatic,second,diesel,1380000,14.137594781770806
Fiat,14,117500.0,Manual,second,diesel,149900,11.917730355182513
Mahindra,9,17000.0,Manual,second,diesel,750000,13.527829818844937
Honda,8,37000.0,Automatic,first,petrol,690000,13.444448325847754
Toyota,3,72000.0,Manual,first,diesel,2630000,14.782494784382012
Toyota,7,115.0,Manual,second,diesel,425000,12.959846800844963
Maruti Suzuki,2,120000.0,Manual,first,petrol,550000,13.217675375388819
Mercedes-Benz,13,64321.0,Automatic,second,diesel,975000,13.790193775620484
Kia,2,30000.0,Automatic,first,petrol,1325000,14.096923772119156
Mercedes-Benz,5,63000.0,Automatic,second,diesel,2150000,14.580978865220017
Hyundai,12,78695.0,Manual,second,diesel,285000,12.560247968016562
Hyundai,11,85000.0,Manual,second,diesel,330000,12.706850963741102
Kia,4,35231.0,Manual,first,petrol,849101,13.651934599419848
BMW,11,68000.0,Automatic,second,diesel,1525111,14.237578407949822
Honda,6,59000.0,Automatic,second,petrol,620000,13.3374763699232
Audi,12,72000.0,Automatic,first,diesel,975000,13.790193775620484
Land Rover,11,69000.0,Automatic,second,diesel,2400000,14.690979711984754
Hyundai,6,57000.0,Automatic,first,petrol,851000,13.654168582642953
Volkswagen,2,27000.0,Manual,second,petrol,849000,13.651815643149092
Honda,10,70000.0,Automatic,second,petrol,525000,13.171155446333852
Hyundai,7,67000.0,Automatic,first,diesel,899999,13.710150042306449
Hyundai,7,125000.0,Manual,second,diesel,609000,13.31957518872681
Toyota,5,68000.0,Automatic,second,diesel,1745000,14.372265686684402
Tata,7,300000.0,Manual,first,diesel,725000,13.493928313146206
Skoda,13,95000.0,Manual,first,petrol,175000,12.07254696717504
Toyota,12,70000.0,Manual,first,diesel,750000,13.527829818844937
Mahindra,6,42000.0,Manual,second,diesel,870000,13.676249640055394
Renault,5,51000.0,Automatic,second,petrol,550000,13.217675375388819
Toyota,2,6100.0,Manual,first,diesel,2195000,14.60169306007217
Kia,5,19000.0,Manual,first,petrol,1170000,13.972515161474428
Renault,5,89000.0,Manual,first,petrol,265000,12.487488878546145
Fiat,10,154000.0,Manual,second,petrol,265000,12.487488878546145
Mahindra,7,125000.0,Automatic,first,diesel,1100000,13.910821646859095
Maruti Suzuki,14,78000.0,Manual,second,petrol,234999,12.367340793126296
Hyundai,14,72000.0,Automatic,second,petrol,275000,12.524530013005734
Hyundai,4,32000.0,Automatic,second,petrol,460000,13.038983942375959
Maruti Suzuki,11,80000.0,Manual,second,petrol,135000,11.813037464800539
Toyota,10,70000.0,Automatic,first,diesel,1895000,14.45472992420301
Mercedes-Benz,5,40000.0,Automatic,first,diesel,5500000,15.520258832020865
Mahindra,5,97000.0,Manual,first,diesel,1300000,14.077875591662238
Honda,6,32000.0,Manual,first,petrol,465000,13.049794835104816
Mercedes-Benz,5,39000.0,Automatic,second,diesel,3750000,15.137266664613225
Maruti Suzuki,5,105919.0,Manual,first,diesel,890000,13.698977865303197
Maruti Suzuki,9,64000.0,Manual,second,petrol,295000,12.59473402514672
Maruti Suzuki,5,82000.0,Automatic,first,petrol,490000,13.102162710901053
Skoda,3,40000.0,Automatic,second,petrol,900000,13.710151153416941
Maruti Suzuki,8,39000.0,Automatic,second,petrol,445000,13.005831808336863
Maruti Suzuki,0,4500.0,Automatic,first,petrol,850000,13.652992804936396
Kia,1,10000.0,Automatic,first,diesel,2030000,14.523546843628687
Toyota,3,40000.0,Automatic,first,diesel,4050000,15.214227685996272
Nissan,12,114000.0,Manual,second,diesel,335000,12.721888795877375
Tata,4,30500.0,Automatic,second,petrol,900000,13.710151153416941
Maruti Suzuki,8,63653.0,Manual,second,diesel,615000,13.329379172803593
Volkswagen,8,67500.0,Automatic,second,petrol,591000,13.28957298843418
Hyundai,3,14000.0,Automatic,first,petrol,795000,13.586098651497313
Hyundai,6,63000.0,Manual,first,petrol,595000,13.296318365198623
Mini,3,19500.0,Automatic,first,petrol,5200000,15.46416937585933
Mahindra,9,58000.0,Manual,first,diesel,460000,13.038983942375959
Mahindra,2,79000.0,Automatic,first,diesel,2350000,14.669926311652166
Maruti Suzuki,8,55000.0,Automatic,second,petrol,445000,13.005831808336863
Hyundai,16,70000.0,Automatic,second,petrol,110000,11.608244735642321
Tata,4,300000.0,Automatic,second,diesel,1735000,14.366518547731806
Hyundai,5,94000.0,Automatic,first,diesel,1051000,13.865253601333421
Honda,7,70000.0,Automatic,first,petrol,825000,13.623139877437296
Hyundai,3,50000.0,Manual,first,diesel,875000,13.681980308196241
Datsun,5,70000.0,Automatic,second,petrol,190000,12.154784614286667
Hyundai,3,85000.0,Manual,first,diesel,1221000,14.015181572093326
Hyundai,4,27500.0,Manual,second,petrol,540000,13.199326270390594
Tata,4,85000.0,Automatic,second,diesel,1495000,14.217637433703022
Honda,12,45000.0,Manual,first,petrol,425000,12.959846800844963
Maruti Suzuki,9,300000.0,Manual,first,diesel,570000,13.25339339419516
Honda,14,86000.0,Automatic,second,petrol,238000,12.380030154325457
Maruti Suzuki,6,64000.0,Automatic,first,petrol,330000,12.706850963741102
Maruti Suzuki,13,110067.0,Manual,first,diesel,190000,12.154784614286667
Hyundai,10,73000.0,Manual,second,petrol,465000,13.049794835104816
Mahindra,8,113000.0,Manual,second,diesel,739000,13.513054553109397
Hyundai,3,29997.0,Manual,first,petrol,1300000,14.077875591662238
Maruti Suzuki,10,43000.0,Automatic,second,petrol,395000,12.886643575525625
Maruti Suzuki,5,51000.0,Automatic,second,petrol,725000,13.493928313146206
Toyota,6,67000.0,Manual,second,diesel,2875000,14.871563580039615
Maruti Suzuki,6,32321.0,Manual,first,petrol,489101,13.100326335662412
Maruti Suzuki,2,30000.0,Manual,first,petrol,825000,13.623139877437296
Maruti Suzuki,17,75000.0,Manual,second,petrol,135000,11.813037464800539
Toyota,10,159000.0,Automatic,second,diesel,1350000,14.115615891155079
Honda,15,110000.0,Automatic,second,petrol,375000,12.834683971615659
Volkswagen,10,92100.0,Automatic,first,petrol,525000,13.171155446333852
Hyundai,1,12000.0,Automatic,first,petrol,1195000,13.993657580167481
Mahindra,13,127000.0,Manual,second,diesel,525000,13.171155446333852
Maruti Suzuki,8,54615.0,Manual,first,petrol,475000,13.07107218827772
Maruti Suzuki,15,62000.0,Manual,second,petrol,125000,11.736077016252437
Honda,7,67555.0,Automatic,first,petrol,695000,13.451668563394815
MG,2,11001.0,Automatic,first,petrol,1850001,14.430697278135005
Hyundai,5,47000.0,Automatic,first,diesel,980000,13.795308871054397
Maruti Suzuki,9,48000.0,Manual,first,diesel,350000,12.765691290604371
Hyundai,8,65000.0,Manual,second,petrol,875000,13.681980308196241
BMW,15,123000.0,Automatic,first,diesel,1095000,13.90626583447433
Ford,13,122361.0,Manual,second,diesel,240000,12.388398368982115
Honda,8,46000.0,Automatic,second,petrol,450000,13.017005083966255
Mahindra,4,74000.0,Manual,first,diesel,1325000,14.096923772119156
Toyota,7,86100.0,Automatic,first,diesel,1600000,14.285514812209815
Skoda,6,104000.0,Automatic,first,petrol,825000,13.623139877437296
Land Rover,1,20000.0,Automatic,first,petrol,10700000,16.185754392890075
Maruti Suzuki,8,38000.0,Automatic,second,petrol,335000,12.721888795877375
Hyundai,8,26000.0,Automatic,second,petrol,400000,12.899222326086994
Toyota,6,70000.0,Automatic,first,diesel,3000000,14.914123179965662
Hyundai,9,65000.0,Automatic,first,diesel,550000,13.217675375388819
Toyota,13,52000.0,Manual,second,petrol,275000,12.524530013005734
Maruti Suzuki,2,26080.0,Manual,first,petrol,570000,13.25339339419516
Hyundai,4,35000.0,Automatic,second,petrol,625000,13.345508528717259
Maruti Suzuki,6,183000.0,Manual,first,diesel,851000,13.654168582642953
Jeep,7,59000.0,Manual,second,diesel,1050000,13.864301674514206
Toyota,6,80000.0,Manual,first,diesel,575000,13.26212705890841
Jeep,5,300000.0,Manual,first,diesel,1449000,14.186384911433706
Maruti Suzuki,7,92000.0,Manual,first,diesel,935000,13.74830287778897
Mercedes-Benz,5,50000.0,Automatic,second,petrol,2485000,14.725783619927272
Maruti Suzuki,7,300000.0,Automatic,second,petrol,200000,12.206077645517674
Tata,11,100000.0,Manual,second,diesel,180000,12.100717685412471
Ford,6,47000.0,Manual,first,diesel,460000,13.038983942375959
Mahindra,8,100000.0,Manual,first,diesel,900000,13.710151153416941
Mercedes-Benz,8,41000.0,Automatic,second,diesel,2225000,14.615267923020578
Tata,2,21000.0,Manual,first,diesel,1750000,14.375126917328105
Hyundai,12,83000.0,Manual,second,petrol,285000,12.560247968016562
Honda,2,13000.0,Automatic,first,petrol,1175000,13.976779556623864
Toyota,20,76000.0,Automatic,second,petrol,145000,11.884495917930655
Hyundai,5,300000.0,Manual,first,diesel,495000,13.112315061750808
Mercedes-Benz,12,76000.0,Automatic,first,petrol,1125000,13.933294482509151
Maruti Suzuki,5,300000.0,Manual,first,petrol,575000,13.26212705890841
Mini,9,76000.0,Automatic,second,diesel,1850000,14.430696737594902
Renault,3,25152.0,Manual,first,petrol,615000,13.329379172803593
Maruti Suzuki,7,110000.0,Manual,first,diesel,710000,13.47302165746721
Maruti Suzuki,14,25370.0,Manual,first,petrol,145000,11.884495917930655
Renault,7,100000.0,Manual,second,petrol,190000,12.154784614286667
Mahindra,1,79000.0,Manual,first,diesel,1690000,14.340239678615058
Maruti Suzuki,15,125000.0,Manual,first,diesel,210000,12.25486757159303
Kia,0,2700.0,Automatic,first,petrol,1750000,14.375126917328105
Hyundai,8,71000.0,Manual,first,diesel,594999,13.296316684527767
Mahindra,8,115000.0,Manual,second,diesel,675000,13.42246945133505
BMW,11,67000.0,Automatic,second,diesel,1290000,14.070153551531353
Kia,3,70000.0,Manual,first,diesel,1150000,13.955273369904273
Mercedes-Benz,8,58400.0,Automatic,second,diesel,1522000,14.235536474433776
Toyota,2,11000.0,Automatic,first,petrol,950000,13.76421831620775
Mahindra,8,90000.0,Manual,first,diesel,1050000,13.864301674514206
Mahindra,9,78000.0,Manual,second,diesel,265000,12.487488878546145
Mahindra,11,108000.0,Manual,first,diesel,650000,13.384729180332174
Hyundai,25,16000.0,Manual,first,petrol,1595000,14.282384921160133
Chevrolet,9,57000.0,Automatic,first,diesel,525000,13.171155446333852
Maruti Suzuki,6,90000.0,Manual,second,diesel,475000,13.07107218827772
Honda,7,300000.0,Automatic,second,petrol,435000,12.983103608918753
Skoda,1,16000.0,Manual,second,petrol,1250000,14.038654909278163
Hyundai,2,27000.0,Automatic,second,petrol,1425000,14.169683073439028
Porsche,10,70000.0,Automatic,second,petrol,6500000,15.687312888712007
Honda,12,80000.0,Manual,second,petrol,361000,12.796636007394284
Mahindra,2,18900.0,Automatic,first,petrol,1965000,14.491003312191221
Hyundai,1,16000.0,Automatic,first,diesel,2250000,14.626441218624949
Maruti Suzuki,9,51700.0,Manual,second,petrol,445000,13.005831808336863
Jeep,3,14000.0,Automatic,first,diesel,2550000,14.751604309291395
Maruti Suzuki,10,90000.0,Manual,first,diesel,590000,13.28787951079572
Ford,13,78000.0,Manual,second,diesel,155000,11.951186847493476
Mahindra,6,80000.0,Manual,first,diesel,630000,13.353476685668044
Maruti Suzuki,5,26000.0,Automatic,first,petrol,680000,13.429849547739444
Maruti Suzuki,6,61000.0,Manual,second,diesel,645000,13.377007146164305
Toyota,10,75000.0,Automatic,second,diesel,1100000,13.910821646859095
Renault,4,72000.0,Automatic,first,petrol,810000,13.60479076121576
Kia,4,50693.0,Automatic,first,petrol,1395000,14.148405690083225
Kia,4,72000.0,Manual,first,diesel,850000,13.652992804936396
Maruti Suzuki,6,52000.0,Manual,first,petrol,475000,13.07107218827772
Maruti Suzuki,7,94000.0,Manual,second,diesel,708500,13.470906749544481
Toyota,9,250000.0,Manual,second,diesel,707786,13.469898479954555
Mahindra,6,80000.0,Manual,first,diesel,1495000,14.217637433703022
Hyundai,4,44000.0,Automatic,first,petrol,1535000,14.24404159046902
Skoda,9,151000.0,Automatic,second,diesel,500000,13.122365377402328
Tata,6,85000.0,Automatic,second,diesel,775000,13.560619598657233
Lexus,13,45000.0,Automatic,second,petrol,2600000,14.77102238760702
Renault,2,49000.0,Automatic,first,petrol,640000,13.369225017834633
Hyundai,11,35000.0,Manual,second,petrol,235000,12.367345048436391
Fiat,6,300000.0,Manual,first,diesel,510000,13.1421679654829
Kia,2,62000.0,Manual,first,petrol,1450000,14.187074804051692
MG,3,20530.0,Automatic,first,petrol,1587000,14.27735662962807
Honda,7,65000.0,Manual,second,diesel,350000,12.765691290604371
Skoda,19,173500.0,Manual,first,diesel,500000,13.122365377402328
Hyundai,3,72000.0,Automatic,second,petrol,725000,13.493928313146206
Hyundai,3,119267.0,Manual,first,diesel,1050000,13.864301674514206
Maruti Suzuki,15,92000.0,Automatic,second,petrol,132000,11.790564777297387
Ford,3,55000.0,Automatic,first,diesel,2999000,14.913789791175573
Honda,18,43519.0,Automatic,first,petrol,235000,12.367345048436391
Volkswagen,10,78000.0,Manual,first,petrol,318000,12.669809806411457
Hyundai,5,54000.0,Manual,second,petrol,640000,13.369225017834633
Hyundai,12,80444.0,Automatic,first,petrol,325000,12.691583538230217
Maruti Suzuki,7,55000.0,Manual,first,petrol,570000,13.25339339419516
Mahindra,5,300000.0,Manual,first,petrol,825000,13.623139877437296
Maruti Suzuki,9,28120.0,Manual,first,petrol,400000,12.899222326086994
Tata,2,13000.0,Manual,first,petrol,1250000,14.038654909278163
Maruti Suzuki,10,70000.0,Manual,second,petrol,325000,12.691583538230217
Audi,7,65000.0,Automatic,first,diesel,1575000,14.269766465162304
Nissan,9,95000.0,Manual,first,diesel,500000,13.122365377402328
Ford,5,30000.0,Automatic,second,petrol,7900000,15.882373444019521
Mercedes-Benz,5,30000.0,Automatic,first,petrol,8000000,15.894952224644102
Toyota,7,125888.0,Manual,first,diesel,1275000,14.058457520888082
Mercedes-Benz,9,55000.0,Automatic,first,diesel,1521111,14.234952204296393
Mahindra,12,115000.0,Manual,second,diesel,425000,12.959846800844963
Mini,1,9500.0,Automatic,first,petrol,4950000,15.414898336565054
Maruti Suzuki,14,99860.0,Manual,second,diesel,245000,12.409017571151187
Kia,4,45000.0,Automatic,second,diesel,2550000,14.751604309291395
Hyundai,9,78000.0,Automatic,first,diesel,675000,13.42246945133505
Mahindra,5,44000.0,Manual,first,diesel,1125000,13.933294482509151
Maruti Suzuki,2,270000.0,Manual,second,petrol,1070000,13.883170141017091
Maruti Suzuki,5,71000.0,Automatic,first,diesel,995000,13.81049902116535
Mahindra,2,27000.0,Automatic,first,diesel,1550000,14.253766134056512
Tata,9,93000.0,Manual,second,diesel,555555,13.227724693061836
Maruti Suzuki,16,42000.0,Manual,second,petrol,100000,11.51293546492023
Mahindra,11,55000.0,Automatic,second,diesel,285000,12.560247968016562
Maruti Suzuki,5,37710.0,Automatic,first,petrol,540000,13.199326270390594
Tata,10,35000.0,Manual,second,petrol,110000,11.608244735642321
Renault,11,95000.0,Manual,first,diesel,290000,12.577639650232573
Mahindra,3,20000.0,Automatic,second,petrol,1425000,14.169683073439028
Renault,7,55000.0,Automatic,second,petrol,365000,12.807655372286902
Renault,5,94000.0,Automatic,first,petrol,390000,12.873904582205107
Hyundai,1,7500.0,Automatic,first,petrol,1350000,14.115615891155079
MG,3,61000.0,Automatic,first,petrol,990000,13.805461232211272
Renault,3,80000.0,Manual,first,petrol,555000,13.22672519452875
Chevrolet,11,75000.0,Automatic,second,diesel,645000,13.377007146164305
Volkswagen,1,25000.0,Automatic,first,petrol,3200000,14.978661680269907
Volkswagen,8,78000.0,Automatic,first,petrol,545000,13.208542908506082
Mahindra,2,30800.0,Manual,first,diesel,850000,13.652992804936396
Maruti Suzuki,1,50000.0,Automatic,first,petrol,1950000,14.48334044336031
Lexus,2,24000.0,Automatic,first,petrol,6000000,15.607270193858982
Hyundai,2,63110.0,Manual,first,diesel,795000,13.586098651497313
Maruti Suzuki,7,93000.0,Manual,first,diesel,450000,13.017005083966255
Honda,3,38000.0,Automatic,first,petrol,1199000,13.99699926803766
Nissan,7,18000.0,Manual,first,petrol,240000,12.388398368982115
Tata,5,49000.0,Automatic,first,petrol,495000,13.112315061750808
Honda,9,78000.0,Manual,first,petrol,460000,13.038983942375959
Mercedes-Benz,6,70000.0,Automatic,first,diesel,3298000,15.008827085315705
Toyota,6,68500.0,Automatic,first,diesel,1525000,14.23750562376114
Volkswagen,10,96000.0,Manual,second,diesel,410000,12.923914877701906
Toyota,7,115000.0,Manual,first,diesel,1451000,14.187764221045963
Maruti Suzuki,10,93000.0,Manual,second,diesel,521000,13.163507240119458
Toyota,9,96000.0,Automatic,second,petrol,1350000,14.115615891155079
Mitsubishi,7,125000.0,Automatic,second,diesel,1099000,13.909912143303451
Honda,7,81000.0,Automatic,second,petrol,770000,13.554147092530322
Toyota,4,105000.0,Automatic,second,diesel,1850000,14.430696737594902
Maruti Suzuki,4,56000.0,Manual,second,petrol,725000,13.493928313146206
Honda,9,90000.0,Manual,first,diesel,480000,13.081543466215237
Maruti Suzuki,6,35000.0,Manual,first,petrol,375000,12.834683971615659
Hyundai,2,40000.0,Automatic,first,diesel,1850000,14.430696737594902
Hyundai,1,13000.0,Automatic,first,diesel,1990000,14.503645699213111
Hyundai,4,52000.0,Automatic,first,petrol,750000,13.527829818844937
Toyota,12,67000.0,Manual,first,petrol,265000,12.487488878546145
Hyundai,7,18000.0,Automatic,first,petrol,575000,13.26212705890841
Mahindra,12,76269.0,Manual,second,diesel,425000,12.959846800844963
Mahindra,1,250950.0,Automatic,first,diesel,1990000,14.503645699213111
Ford,13,88000.0,Manual,second,diesel,255000,12.449022745701502
Maruti Suzuki,7,89000.0,Manual,second,diesel,665000,13.407543823396258
Ford,10,51000.0,Automatic,second,petrol,525000,13.171155446333852
Mahindra,10,97122.0,Manual,second,diesel,585000,13.279368835614243
Ford,5,138000.0,Manual,first,diesel,529000,13.178745601197818
Mahindra,3,116000.0,Manual,first,diesel,1530000,14.240778946963175
Porsche,11,66000.0,Automatic,first,petrol,2950000,14.897316067298997
Maruti Suzuki,7,81000.0,Manual,first,diesel,875000,13.681980308196241
Kia,2,300000.0,Automatic,first,diesel,1950000,14.48334044336031
Mahindra,2,55800.0,Automatic,second,diesel,590000,13.28787951079572
Hyundai,7,73157.0,Automatic,second,petrol,450000,13.017005083966255
MG,4,70000.0,Manual,first,diesel,1390000,14.144815024531075
Toyota,10,99000.0,Manual,first,diesel,670000,13.415034483903348
Toyota,6,53000.0,Automatic,second,diesel,2350000,14.669926311652166
Honda,1,16173.0,Automatic,first,petrol,846000,13.648275820620759
Audi,5,98000.0,Automatic,second,diesel,1900000,14.45736497045232
Maruti Suzuki,1,17000.0,Automatic,first,petrol,699000,13.457407451830088
Mercedes-Benz,12,59693.0,Automatic,second,diesel,1545000,14.250535115562965
Toyota,3,93000.0,Automatic,first,diesel,3851000,15.163843672469824
Volkswagen,10,82864.0,Manual,second,diesel,465000,13.049794835104816
Mercedes-Benz,8,95000.0,Automatic,first,diesel,1751000,14.375698182370053
Toyota,3,38000.0,Automatic,second,petrol,2000000,14.508658238524095
Mahindra,12,80000.0,Manual,second,diesel,275000,12.524530013005734
Tata,8,110818.0,Manual,second,petrol,325000,12.691583538230217
Maruti Suzuki,12,39000.0,Manual,first,petrol,158000,11.970356641102999
Volkswagen,11,51000.0,Automatic,second,petrol,525000,13.171155446333852
Maruti Suzuki,15,150.0,Manual,second,petrol,110000,11.608244735642321
Jaguar,8,22500.0,Automatic,first,petrol,1950000,14.48334044336031
Hyundai,10,68000.0,Manual,second,petrol,425000,12.959846800844963
Honda,11,42000.0,Automatic,second,petrol,490000,13.102162710901053
Hyundai,14,100000.0,Manual,second,petrol,150000,11.918397239722838
Jeep,7,60000.0,Manual,first,diesel,850000,13.652992804936396
Hyundai,4,51055.0,Automatic,first,petrol,899999,13.710150042306449
Tata,6,115000.0,Manual,second,diesel,650000,13.384729180332174
Fiat,15,76000.0,Manual,first,petrol,190000,12.154784614286667
Mahindra,4,16000.0,Manual,first,diesel,1415000,14.162640795773006
BMW,4,107001.0,Automatic,first,diesel,2300000,14.648420115681892
Tata,7,75000.0,Manual,first,diesel,690000,13.444448325847754
Hyundai,6,50000.0,Manual,second,petrol,750000,13.527829818844937
Hyundai,7,72400.0,Automatic,second,diesel,1050000,13.864301674514206
Mahindra,5,57000.0,Automatic,second,diesel,825000,13.623139877437296
Skoda,11,300000.0,Manual,second,petrol,425000,12.959846800844963
Toyota,7,60043.0,Automatic,second,petrol,875000,13.681980308196241
Ford,7,70300.0,Manual,first,diesel,650000,13.384729180332174
Tata,4,48000.0,Manual,first,diesel,845000,13.647093089770562
Tata,5,68000.0,Manual,first,diesel,1190000,13.989464705423494
Honda,6,75000.0,Manual,second,petrol,865000,13.670485941982712
Maruti Suzuki,6,28200.0,Manual,first,petrol,435000,12.983103608918753
Toyota,2,40000.0,Automatic,first,diesel,4275000,15.268294894271099
Mahindra,1,20500.0,Manual,second,diesel,1685000,14.337276715240233
Maruti Suzuki,8,99000.0,Automatic,second,petrol,450000,13.017005083966255
Renault,6,300000.0,Manual,first,petrol,295000,12.59473402514672
Hyundai,5,53000.0,Manual,second,petrol,869000,13.675099554994853
Maruti Suzuki,4,60000.0,Manual,second,petrol,420000,12.948012371209098
Chevrolet,11,45000.0,Manual,second,diesel,325000,12.691583538230217
Maruti Suzuki,6,36000.0,Automatic,second,petrol,570000,13.25339339419516
Volkswagen,7,76000.0,Manual,first,petrol,550000,13.217675375388819
Maruti Suzuki,15,70326.0,Automatic,first,petrol,280000,12.54254845357358
Volvo,4,25500.0,Automatic,second,diesel,4500000,15.319588176962746
Toyota,1,42000.0,Manual,first,petrol,825000,13.623139877437296
Maruti Suzuki,8,63000.0,Automatic,second,petrol,375000,12.834683971615659
Tata,5,29250.0,Manual,first,diesel,1081111,13.893500699025013
Mercedes-Benz,3,190000.0,Automatic,first,diesel,6800000,15.732433317205148
Hyundai,1,13000.0,Automatic,first,petrol,2195000,14.60169306007217
Maruti Suzuki,11,75893.0,Manual,second,petrol,50000,10.819798284210286
BMW,7,300000.0,Automatic,second,diesel,1695000,14.343193888767015
Maruti Suzuki,5,42312.0,Manual,first,petrol,310000,12.644330802262578
Maruti Suzuki,3,208580.0,Manual,first,petrol,1051000,13.865253601333421
Toyota,7,100000.0,Automatic,second,diesel,1911111,14.463195829563633
Ford,5,45000.0,Manual,second,petrol,750000,13.527829818844937
Hyundai,6,79200.0,Manual,first,diesel,725000,13.493928313146206
Maruti Suzuki,4,37000.0,Automatic,first,petrol,950000,13.76421831620775
Toyota,2,40000.0,Automatic,second,petrol,3475000,15.061105324750772
Honda,9,80000.0,Manual,second,diesel,615000,13.329379172803593
Tata,12,64000.0,Manual,second,diesel,197777,12.194900468526923
BMW,7,59000.0,Automatic,first,diesel,3295000,15.007917029408835
Tata,4,90000.0,Manual,first,petrol,630000,13.353476685668044
Maruti Suzuki,14,39231.0,Manual,first,petrol,155101,11.951838243988004
Hyundai,6,74000.0,Manual,second,diesel,850000,13.652992804936396
Kia,4,46000.0,Automatic,first,diesel,1278000,14.060807696391924
Honda,1,28756.0,Automatic,first,petrol,830000,13.629182184591333
Maruti Suzuki,4,72000.0,Manual,first,petrol,620000,13.3374763699232
Skoda,12,148600.0,Manual,second,diesel,319000,12.672949516558306
Renault,9,127215.0,Manual,second,diesel,445000,13.005831808336863
Hyundai,11,83000.0,Manual,second,diesel,345000,12.75130259456002
Mercedes-Benz,8,96000.0,Automatic,first,diesel,2190000,14.599412558413583
Mahindra,11,101000.0,Manual,second,diesel,235000,12.367345048436391
Volkswagen,4,30000.0,Automatic,second,petrol,1100000,13.910821646859095
MG,1,40000.0,Manual,first,petrol,1395000,14.148405690083225
Volkswagen,14,111300.0,Manual,second,diesel,245000,12.409017571151187
Toyota,8,95000.0,Manual,first,diesel,1390000,14.144815024531075
Hyundai,8,85000.0,Manual,second,petrol,615000,13.329379172803593
BMW,8,71000.0,Automatic,second,diesel,1695000,14.343193888767015
Tata,2,11000.0,Automatic,first,petrol,685000,13.437175577097312
Maruti Suzuki,4,44566.0,Manual,first,petrol,565000,13.244582780038517
Maruti Suzuki,15,78686.0,Manual,second,petrol,108000,11.58989576532275
Toyota,4,51000.0,Manual,first,diesel,1975000,14.496079462646344
Maruti Suzuki,6,56000.0,Manual,second,diesel,790000,13.579789490265188
Skoda,9,11000.0,Manual,first,diesel,545000,13.208542908506082
BMW,1,5800.0,Automatic,first,petrol,5400000,15.501909696719672
Maruti Suzuki,8,48000.0,Automatic,first,petrol,635000,13.361381852676738
Maruti Suzuki,4,76000.0,Manual,second,diesel,799000,13.591117476312084
Renault,7,51000.0,Automatic,first,petrol,365000,12.807655372286902
Skoda,6,63000.0,Automatic,first,diesel,2199999,14.603967918328545
MG,5,45000.0,Automatic,second,petrol,1290000,14.070153551531353
Audi,7,76000.0,Automatic,second,diesel,3700000,15.123843647884687
Maruti Suzuki,8,56000.0,Manual,second,petrol,269000,12.502470376049185
Hyundai,6,50000.0,Manual,second,petrol,435000,12.983103608918753
Toyota,14,140000.0,Manual,second,diesel,375000,12.834683971615659
Hyundai,7,300000.0,Manual,second,petrol,550000,13.217675375388819
Honda,7,34000.0,Manual,first,petrol,430000,12.971542813248437
Maruti Suzuki,6,62000.0,Automatic,second,petrol,650000,13.384729180332174
Maruti Suzuki,2,9000.0,Manual,second,petrol,670000,13.415034483903348
Maruti Suzuki,7,85100.0,Manual,first,diesel,499000,13.120363378739663
Skoda,10,300000.0,Automatic,second,petrol,1000000,13.815511557963774
Mercedes-Benz,5,32354.0,Automatic,first,petrol,2975000,14.905754933096265
Hyundai,19,90000.0,Manual,second,petrol,90000,11.407576060361786
Hyundai,23,128000.0,Manual,second,petrol,60000,11.002116507732017
Maruti Suzuki,11,74000.0,Manual,second,diesel,435000,12.983103608918753
Mahindra,5,65000.0,Manual,first,diesel,650000,13.384729180332174
Maruti Suzuki,19,90000.0,Manual,second,petrol,199999,12.206072645530174
Mahindra,7,103000.0,Automatic,second,diesel,630000,13.353476685668044
Maruti Suzuki,14,102500.0,Manual,first,petrol,150000,11.918397239722838
Maruti Suzuki,12,70000.0,Manual,second,petrol,360000,12.793862088206213
Ford,17,125000.0,Manual,second,petrol,190000,12.154784614286667
Hyundai,3,30000.0,Manual,first,diesel,950000,13.76421831620775
Maruti Suzuki,12,69321.0,Automatic,second,petrol,260000,12.468440756144114
Mahindra,9,140000.0,Manual,second,diesel,835000,13.635188201437066
Hyundai,10,71000.0,Manual,first,petrol,345000,12.75130259456002
MG,1,27000.0,Automatic,first,petrol,1275000,14.058457520888082
Hyundai,6,68000.0,Automatic,first,petrol,850000,13.652992804936396
Maruti Suzuki,20,29000.0,Manual,second,petrol,90000,11.407576060361786
Toyota,5,53000.0,Manual,first,diesel,1600000,14.285514812209815
Hyundai,12,71380.0,Automatic,second,petrol,450000,13.017005083966255
Toyota,15,95000.0,Automatic,second,petrol,199000,12.201065128819632
Maruti Suzuki,9,94000.0,Manual,first,diesel,500000,13.122365377402328
Hyundai,9,96000.0,Manual,second,diesel,449000,13.014780393893403
Hyundai,11,118000.0,Manual,second,diesel,350000,12.765691290604371
Toyota,8,102200.0,Automatic,second,petrol,750000,13.527829818844937
Maruti Suzuki,5,300000.0,Automatic,second,diesel,995000,13.81049902116535
Mahindra,1,25000.0,Manual,first,petrol,1200000,13.997832948091215
Honda,7,41000.0,Manual,second,petrol,425000,12.959846800844963
Hyundai,3,36000.0,Manual,first,petrol,1075000,13.887832149776026
BMW,7,58000.0,Automatic,first,diesel,2099999,14.557447902693651
Volvo,8,102000.0,Automatic,first,diesel,3749000,15.13699996245581
Audi,8,300000.0,Automatic,first,diesel,1250001,14.038655709277204
Hyundai,10,48000.0,Manual,second,petrol,165000,12.013706813470414
Volkswagen,6,44000.0,Automatic,second,petrol,950000,13.76421831620775
Mahindra,13,110000.0,Manual,second,diesel,545000,13.208542908506082
Honda,7,81000.0,Automatic,second,petrol,590000,13.28787951079572
Hyundai,15,68000.0,Manual,first,petrol,195000,12.180759965737863
Mercedes-Benz,3,45000.0,Automatic,first,petrol,6500000,15.687312888712007
Toyota,10,177000.0,Manual,second,diesel,1250000,14.038654909278163
Maruti Suzuki,7,110000.0,Manual,second,diesel,650000,13.384729180332174
Maruti Suzuki,1,15000.0,Manual,first,petrol,800000,13.592368256649284
Hyundai,9,42000.0,Manual,second,petrol,410000,12.923914877701906
Maruti Suzuki,15,300000.0,Manual,first,petrol,141000,11.856522261533737
Maruti Suzuki,20,95000.0,Manual,second,petrol,120000,11.695255355062795
Hyundai,12,130000.0,Manual,second,diesel,330000,12.706850963741102
Maruti Suzuki,8,71000.0,Automatic,second,diesel,560000,13.235693848424024
BMW,14,58400.0,Automatic,first,diesel,536003,13.19189690271166
Maruti Suzuki,6,110000.0,Manual,second,diesel,550000,13.217675375388819
Renault,9,48000.0,Manual,second,diesel,395000,12.886643575525625
Maruti Suzuki,9,72000.0,Manual,first,diesel,325000,12.691583538230217
Skoda,11,54000.0,Automatic,second,petrol,425000,12.959846800844963
Maruti Suzuki,15,65000.0,Manual,first,petrol,190000,12.154784614286667
Hyundai,7,180000.0,Manual,first,diesel,400000,12.899222326086994
Hyundai,7,98000.0,Automatic,first,diesel,1075000,13.887832149776026
Jeep,7,82000.0,Manual,second,diesel,850000,13.652992804936396
Tata,12,28000.0,Manual,first,petrol,110000,11.608244735642321
Maruti Suzuki,3,54000.0,Manual,first,petrol,589000,13.286183160425152
Hyundai,7,160000.0,Automatic,second,petrol,845000,13.647093089770562
Mahindra,3,18000.0,Automatic,first,diesel,1495000,14.217637433703022
Honda,16,65000.0,Automatic,second,petrol,175000,12.07254696717504
MG,5,52000.0,Automatic,first,petrol,1350000,14.115615891155079
Toyota,5,25000.0,Automatic,first,diesel,2825000,14.854019276544916
Hyundai,11,26000.0,Automatic,first,petrol,275111,12.524933566462956
Hyundai,5,68580.0,Automatic,second,petrol,850000,13.652992804936396
Maruti Suzuki,9,71051.0,Manual,first,petrol,197000,12.190964083849375
Tata,5,29000.0,Manual,second,petrol,644999,13.37700559577791
Honda,5,50000.0,Manual,second,petrol,525000,13.171155446333852
Datsun,4,50600.0,Manual,second,petrol,225000,12.323860125621126
Hyundai,8,68000.0,Manual,first,petrol,465000,13.049794835104816
Jaguar,11,35000.0,Automatic,first,diesel,3000000,14.914123179965662
BMW,8,300000.0,Automatic,second,diesel,2250000,14.626441218624949
Hyundai,4,29000.0,Manual,first,hybrid/cng,650000,13.384729180332174
Maruti Suzuki,8,82000.0,Automatic,first,petrol,595000,13.296318365198623
Maruti Suzuki,4,98000.0,Manual,second,hybrid/cng,590000,13.28787951079572
Volkswagen,7,74528.0,Automatic,first,petrol,775000,13.560619598657233
Maruti Suzuki,9,72000.0,Manual,first,hybrid/cng,269900,12.505810504075185
Hyundai,6,25818.0,Automatic,first,petrol,498000,13.118357364036902
Hyundai,7,54000.0,Automatic,second,petrol,475000,13.07107218827772
Mercedes-Benz,9,105000.0,Automatic,second,petrol,1795000,14.400516137007425
Maruti Suzuki,11,80000.0,Manual,first,hybrid/cng,325000,12.691583538230217
Mahindra,6,80787.0,Manual,first,diesel,625000,13.345508528717259
Hyundai,16,110705.0,Automatic,second,petrol,89000,11.39640288460621
Hyundai,8,64000.0,Manual,second,hybrid/cng,425000,12.959846800844963
Mercedes-Benz,9,95000.0,Automatic,first,diesel,1661000,14.32293099064221
Mahindra,7,169450.0,Automatic,first,diesel,587999,13.284482226880764
Honda,2,45000.0,Manual,first,petrol,1340000,14.108180918195472
Maruti Suzuki,7,34358.0,Manual,first,petrol,551355,13.220135977507226
Maruti Suzuki,13,100000.0,Manual,second,hybrid/cng,165000,12.013706813470414
Toyota,3,33000.0,Automatic,first,diesel,3950000,15.18922639004183
Land Rover,5,53546.0,Automatic,first,diesel,2740000,14.82346884332769
Tata,3,45000.0,Manual,first,diesel,1750000,14.375126917328105
Maruti Suzuki,13,61000.0,Automatic,second,hybrid/cng,191000,12.160033942617156
Honda,12,90000.0,Manual,second,hybrid/cng,195000,12.180759965737863
Hyundai,13,108000.0,Automatic,second,hybrid/cng,319999,12.676076274775909
Maruti Suzuki,5,38923.0,Automatic,first,petrol,695000,13.451668563394815
Mahindra,8,76880.0,Manual,first,diesel,500000,13.122365377402328
Hyundai,4,42000.0,Manual,first,diesel,1120000,13.928840136128022
Volvo,7,60000.0,Automatic,first,diesel,3200000,14.978661680269907
Toyota,5,116250.0,Automatic,second,diesel,1625000,14.301018989130402
Toyota,0,18000.0,Automatic,first,hybrid/cng,3485000,15.063978889120767
BMW,12,78000.0,Automatic,second,diesel,571000,13.255146239950099
Mercedes-Benz,9,65000.0,Automatic,first,petrol,1690000,14.340239678615058
Maruti Suzuki,7,68350.0,Manual,second,hybrid/cng,675000,13.42246945133505
Skoda,7,65000.0,Automatic,first,petrol,1050000,13.864301674514206
MG,2,63000.0,Automatic,first,petrol,1245000,14.034646891093473
Maruti Suzuki,6,104000.0,Manual,first,hybrid/cng,600000,13.304686600863562
Toyota,1,18000.0,Automatic,first,diesel,2245000,14.624216524592692
Hyundai,10,70000.0,Manual,second,petrol,190000,12.154784614286667
Toyota,10,80000.0,Automatic,first,petrol,494999,13.112313041550827
Maruti Suzuki,15,85000.0,Manual,second,hybrid/cng,60000,11.002116507732017
Maruti Suzuki,9,72000.0,Manual,second,hybrid/cng,255000,12.449022745701502
Honda,9,95000.0,Automatic,first,hybrid/cng,450000,13.017005083966255
Toyota,11,150000.0,Manual,second,diesel,280000,12.54254845357358
Datsun,5,42849.0,Manual,first,petrol,345000,12.75130259456002
Maruti Suzuki,10,59530.0,Manual,first,petrol,345000,12.75130259456002
Mercedes-Benz,7,32600.0,Automatic,second,petrol,1750000,14.375126917328105
Audi,9,55406.0,Automatic,first,diesel,1290000,14.070153551531353
Honda,9,96000.0,Manual,second,petrol,360000,12.793862088206213
Maruti Suzuki,5,52380.0,Manual,second,petrol,645000,13.377007146164305
Toyota,5,59000.0,Automatic,first,petrol,745000,13.521140839642674
Maruti Suzuki,3,44000.0,Automatic,first,hybrid/cng,585000,13.279368835614243
Maruti Suzuki,10,77000.0,Manual,second,diesel,684000,13.435714658591923
Maruti Suzuki,6,300000.0,Manual,first,hybrid/cng,425000,12.959846800844963
Honda,9,108000.0,Manual,second,hybrid/cng,475000,13.07107218827772
Maruti Suzuki,10,56000.0,Manual,second,petrol,355000,12.779875885354993
Maruti Suzuki,12,92500.0,Manual,second,hybrid/cng,510000,13.1421679654829
Hyundai,2,80000.0,Automatic,first,hybrid/cng,600000,13.304686600863562
Honda,9,61000.0,Manual,first,diesel,245000,12.409017571151187
Maruti Suzuki,2,56000.0,Manual,first,hybrid/cng,1170000,13.972515161474428
Ford,6,69000.0,Automatic,second,petrol,399999,12.89921982609012
Maruti Suzuki,5,112000.0,Manual,first,diesel,900000,13.710151153416941
Maruti Suzuki,19,135000.0,Automatic,second,petrol,85000,11.350418300109132
Audi,11,95000.0,Automatic,second,diesel,1299999,14.077874822431765
Land Rover,7,65000.0,Automatic,first,diesel,2273000,14.63661154278179
Honda,6,300000.0,Manual,first,hybrid/cng,890000,13.698977865303197
Honda,4,68000.0,Automatic,first,petrol,595000,13.296318365198623
BMW,7,55000.0,Automatic,first,diesel,2650000,14.790070575320824
Mercedes-Benz,2,14000.0,Automatic,first,petrol,7500000,15.830413711839864
Toyota,12,116000.0,Manual,second,petrol,525000,13.171155446333852
Maruti Suzuki,2,50000.0,Manual,first,hybrid/cng,1050000,13.864301674514206
Jeep,6,59000.0,Automatic,second,petrol,1174900,13.97669444669157
Toyota,7,28000.0,Automatic,first,petrol,2500000,14.731801689838349
Honda,11,109000.0,Automatic,second,hybrid/cng,410000,12.923914877701906
Mahindra,4,120000.0,Manual,first,diesel,785000,13.573440270649085
Hyundai,11,72000.0,Manual,second,petrol,155000,11.951186847493476
Maruti Suzuki,9,60000.0,Automatic,first,hybrid/cng,550000,13.217675375388819
Mercedes-Benz,3,100000.0,Automatic,first,diesel,38000,10.545367754151743
Maruti Suzuki,8,96000.0,Manual,second,diesel,615000,13.329379172803593
Hyundai,9,65000.0,Manual,first,hybrid/cng,340000,12.73670383776449
Hyundai,15,110000.0,Manual,second,petrol,156999,11.964001084330445
Skoda,7,55000.0,Automatic,second,hybrid/cng,575000,13.26212705890841
BMW,7,59000.0,Automatic,first,diesel,3650000,15.11023799953124
Volkswagen,13,98000.0,Manual,first,diesel,440000,12.994532278619134
Tata,5,52000.0,Automatic,first,hybrid/cng,510000,13.1421679654829
Maruti Suzuki,10,91440.0,Manual,second,hybrid/cng,335000,12.721888795877375
Maruti Suzuki,0,2000.0,Manual,first,hybrid/cng,1395000,14.148405690083225
Hyundai,6,35000.0,Automatic,first,hybrid/cng,450000,13.017005083966255
Maruti Suzuki,7,57000.0,Automatic,first,hybrid/cng,399000,12.896719202134523
Hyundai,10,38000.0,Automatic,first,petrol,415000,12.936036208848487
Honda,6,66000.0,Automatic,second,hybrid/cng,680000,13.429849547739444
Maruti Suzuki,15,99000.0,Manual,second,hybrid/cng,130000,11.775297421715827
Chevrolet,9,116000.0,Manual,second,diesel,685000,13.437175577097312
Honda,6,81001.0,Manual,first,diesel,751000,13.529162262303307
Hyundai,1,27500.0,Manual,first,petrol,1200000,13.997832948091215
Toyota,16,52000.0,Automatic,second,petrol,295000,12.59473402514672
Hyundai,11,67000.0,Manual,second,petrol,295000,12.59473402514672
Honda,13,77000.0,Automatic,second,hybrid/cng,190000,12.154784614286667
Hyundai,5,39500.0,Automatic,second,hybrid/cng,825000,13.623139877437296
Honda,9,95000.0,Automatic,first,hybrid/cng,450000,13.017005083966255
Hyundai,19,130000.0,Manual,second,petrol,94999,11.461632170582678
Maruti Suzuki,6,82500.0,Automatic,first,diesel,650000,13.384729180332174
Maruti Suzuki,6,85000.0,Manual,first,hybrid/cng,421000,12.95039048795861
Land Rover,6,51000.0,Automatic,first,diesel,2890000,14.876767406109316
Hyundai,7,48000.0,Manual,first,hybrid/cng,350000,12.765691290604371
Mercedes-Benz,7,56000.0,Automatic,first,diesel,2790000,14.841552512220423
Hyundai,13,71000.0,Manual,second,hybrid/cng,240000,12.388398368982115
Tata,7,97000.0,Automatic,first,diesel,1300000,14.077875591662238
Maruti Suzuki,1,17000.0,Manual,first,petrol,1300000,14.077875591662238
Honda,7,76000.0,Manual,first,hybrid/cng,549000,13.215855541983634
Skoda,9,99000.0,Automatic,second,petrol,789999,13.579788224443204
Honda,17,85000.0,Automatic,second,hybrid/cng,150000,11.918397239722838
Honda,14,70000.0,Manual,first,hybrid/cng,290000,12.577639650232573
Honda,12,56320.0,Automatic,second,hybrid/cng,335000,12.721888795877375
Honda,7,300000.0,Manual,second,hybrid/cng,590000,13.28787951079572
Toyota,10,90000.0,Automatic,first,diesel,7499000,15.83028036963463
Nissan,6,49900.0,Manual,second,diesel,430000,12.971542813248437
Maruti Suzuki,1,16700.0,Manual,second,petrol,650000,13.384729180332174
Honda,15,76000.0,Automatic,second,petrol,240000,12.388398368982115
Maruti Suzuki,7,75000.0,Automatic,second,hybrid/cng,300000,12.611541086966115
Mahindra,2,25000.0,Automatic,first,diesel,1553000,14.25569974604562
Renault,5,25000.0,Automatic,first,hybrid/cng,375000,12.834683971615659
Maruti Suzuki,7,300000.0,Manual,first,diesel,650000,13.384729180332174
Honda,16,119000.0,Automatic,second,hybrid/cng,145000,11.884495917930655
Maruti Suzuki,7,52385.0,Automatic,first,hybrid/cng,299000,12.608202196848836
Honda,2,21000.0,Manual,second,petrol,1190000,13.989464705423494
Maruti Suzuki,6,300000.0,Automatic,first,petrol,610000,13.321215875492413
Maruti Suzuki,2,68000.0,Manual,second,hybrid/cng,950000,13.76421831620775
Audi,6,75000.0,Automatic,second,diesel,4150000,15.238619133170708
Maruti Suzuki,10,75000.0,Manual,first,hybrid/cng,195000,12.180759965737863
Renault,1,14543.0,Automatic,first,petrol,670000,13.415034483903348
Honda,11,106000.0,Automatic,second,hybrid/cng,540000,13.199326270390594
Hyundai,4,300000.0,Manual,second,hybrid/cng,800000,13.592368256649284
Maruti Suzuki,16,130000.0,Manual,second,hybrid/cng,170000,12.04355959836804
Volkswagen,10,72900.0,Automatic,second,diesel,511000,13.144126826131089
Volkswagen,9,92000.0,Manual,second,diesel,450000,13.017005083966255
Mahindra,8,130000.0,Manual,second,diesel,475000,13.07107218827772
Hyundai,13,300000.0,Manual,first,diesel,310000,12.644330802262578
Mahindra,2,9500.0,Automatic,first,petrol,2250000,14.626441218624949
Hyundai,10,91000.0,Automatic,second,diesel,550000,13.217675375388819
Volkswagen,13,53000.0,Manual,second,diesel,271000,12.509877789891931
Ford,12,118000.0,Manual,second,diesel,235000,12.367345048436391
Maruti Suzuki,7,96000.0,Automatic,first,hybrid/cng,350000,12.765691290604371
Mahindra,7,81000.0,Manual,second,diesel,875000,13.681980308196241
MG,3,32000.0,Automatic,second,petrol,1550000,14.253766134056512
Mahindra,16,142200.0,Manual,second,diesel,198500,12.198549416880068
Land Rover,12,145000.0,Automatic,second,diesel,675000,13.42246945133505
Hyundai,5,50000.0,Manual,first,diesel,1050000,13.864301674514206
Toyota,4,15000.0,Automatic,first,petrol,845000,13.647093089770562
Land Rover,3,37000.0,Automatic,second,diesel,4950000,15.414898336565054
Mahindra,7,300000.0,Manual,first,diesel,875000,13.681980308196241
Maruti Suzuki,8,62000.0,Automatic,second,petrol,445000,13.005831808336863
Hyundai,9,75000.0,Automatic,second,hybrid/cng,260000,12.468440756144114
Maruti Suzuki,5,53110.0,Automatic,second,petrol,895000,13.704580114574805
Maruti Suzuki,4,50000.0,Automatic,first,petrol,330000,12.706850963741102
BMW,10,90000.0,Automatic,second,diesel,1251000,14.03945458880924
Maruti Suzuki,13,89926.0,Automatic,second,hybrid/cng,250000,12.429220196836383
Tata,4,39000.0,Manual,first,petrol,475000,13.07107218827772
Maruti Suzuki,2,49530.0,Manual,first,petrol,440000,12.994532278619134
Maruti Suzuki,5,74000.0,Manual,second,petrol,470000,13.060490101343552
Maruti Suzuki,14,90000.0,Automatic,first,hybrid/cng,185000,12.128116509451258
Maruti Suzuki,1,20000.0,Automatic,first,hybrid/cng,1800000,14.403297778421795
Mercedes-Benz,7,59956.0,Automatic,first,diesel,6199000,15.639898708000384
Mahindra,7,67000.0,Manual,first,diesel,935000,13.74830287778897
BMW,5,60000.0,Automatic,first,diesel,3450000,15.053885078862573
Honda,5,77000.0,Automatic,first,petrol,1375000,14.13396501635527
Maruti Suzuki,6,42000.0,Automatic,first,petrol,425000,12.959846800844963
Land Rover,9,65000.0,Automatic,first,diesel,1699000,14.345550989235415
Skoda,8,55000.0,Automatic,first,petrol,1350000,14.115615891155079
Audi,9,86000.0,Automatic,first,diesel,1750000,14.375126917328105
Toyota,3,81499.0,Automatic,first,diesel,2100000,14.557448378884015
Toyota,7,95000.0,Automatic,second,petrol,875000,13.681980308196241
Maruti Suzuki,10,65000.0,Manual,first,hybrid/cng,350000,12.765691290604371
Skoda,7,100000.0,Automatic,second,diesel,635000,13.361381852676738
Maruti Suzuki,8,60000.0,Manual,second,hybrid/cng,350000,12.765691290604371
Maruti Suzuki,6,300000.0,Manual,first,petrol,340000,12.73670383776449
Mercedes-Benz,8,96000.0,Automatic,second,diesel,2000000,14.508658238524095
Toyota,12,30000.0,Automatic,second,diesel,350000,12.765691290604371
Maruti Suzuki,12,58000.0,Automatic,first,hybrid/cng,245000,12.409017571151187
Maruti Suzuki,9,104300.0,Manual,second,petrol,290000,12.577639650232573
Maruti Suzuki,12,105000.0,Manual,second,hybrid/cng,230000,12.345838935721968
Renault,11,61000.0,Manual,first,petrol,275000,12.524530013005734
Hyundai,13,82000.0,Manual,second,hybrid/cng,105000,11.561725152903833
Mahindra,2,27000.0,Automatic,first,diesel,1775000,14.389311544271775
Maruti Suzuki,4,300000.0,Manual,first,petrol,650000,13.384729180332174
Hyundai,7,42000.0,Manual,first,hybrid/cng,560000,13.235693848424024
Honda,5,65000.0,Automatic,first,petrol,670000,13.415034483903348
Toyota,4,300000.0,Manual,second,petrol,699000,13.457407451830088
Mahindra,9,65000.0,Automatic,second,diesel,599999,13.304684934198283
Toyota,13,160000.0,Manual,second,petrol,295000,12.59473402514672
Maruti Suzuki,7,66000.0,Manual,second,petrol,380000,12.847929163278053
Mahindra,5,23600.0,Manual,second,petrol,325000,12.691583538230217
Hyundai,9,53000.0,Automatic,first,hybrid/cng,429000,12.969214528909768
Jeep,18,86000.0,Automatic,second,diesel,420000,12.948012371209098
Mahindra,12,220000.0,Manual,second,diesel,240000,12.388398368982115
Maruti Suzuki,2,34000.0,Manual,first,hybrid/cng,599000,13.303018546545275
Hyundai,8,95000.0,Manual,second,diesel,559000,13.233906541044401
Skoda,4,31008.0,Automatic,second,petrol,1515000,14.230926656991395
Nissan,11,56850.0,Automatic,second,hybrid/cng,185000,12.128116509451258
Toyota,5,300000.0,Automatic,first,diesel,3445000,15.052434752705615
Mahindra,1,32000.0,Automatic,first,diesel,1500000,14.220976332738882
Maruti Suzuki,3,41000.0,Automatic,first,hybrid/cng,425000,12.959846800844963
Maruti Suzuki,16,43000.0,Manual,second,hybrid/cng,149000,11.91170829631447
Toyota,5,81000.0,Automatic,first,diesel,3175000,14.97081850526951
Hyundai,7,57000.0,Automatic,first,hybrid/cng,515000,13.151924121391561
Hyundai,5,81000.0,Manual,second,hybrid/cng,465000,13.049794835104816
Tata,2,35000.0,Manual,first,hybrid/cng,600000,13.304686600863562
Maruti Suzuki,11,55000.0,Automatic,first,hybrid/cng,260000,12.468440756144114
Maruti Suzuki,4,55000.0,Automatic,first,petrol,990000,13.805461232211272
Audi,5,22000.0,Automatic,first,petrol,3100000,14.946912992035967
Volkswagen,12,123000.0,Manual,second,diesel,399000,12.896719202134523
Maruti Suzuki,6,128000.0,Manual,first,diesel,670000,13.415034483903348
Nissan,10,132228.0,Manual,second,diesel,450000,13.017005083966255
Maruti Suzuki,7,50000.0,Automatic,first,hybrid/cng,435000,12.983103608918753
Maruti Suzuki,14,80000.0,Manual,second,petrol,170000,12.04355959836804
Maruti Suzuki,10,70927.0,Manual,second,petrol,325000,12.691583538230217
Tata,6,32000.0,Manual,first,diesel,545000,13.208542908506082
Mercedes-Benz,7,102000.0,Automatic,first,diesel,2775000,14.836161665522967
Honda,12,92000.0,Automatic,first,hybrid/cng,400000,12.899222326086994
Maruti Suzuki,7,80000.0,Manual,first,diesel,750000,13.527829818844937
Ford,8,93000.0,Automatic,second,diesel,2100000,14.557448378884015
Hyundai,9,73000.0,Automatic,first,diesel,775000,13.560619598657233
Ford,5,41868.0,Automatic,first,hybrid/cng,775000,13.560619598657233
Honda,4,55000.0,Manual,first,petrol,675000,13.42246945133505
Toyota,1,20000.0,Automatic,first,hybrid/cng,3300000,15.009433329466965
Audi,8,120000.0,Automatic,second,diesel,1475000,14.204169225721929
Maruti Suzuki,13,96369.0,Manual,second,hybrid/cng,120000,11.695255355062795
Hyundai,13,62000.0,Automatic,first,petrol,275000,12.524530013005734
Hyundai,5,79000.0,Manual,second,hybrid/cng,465000,13.049794835104816
MG,3,23000.0,Automatic,first,petrol,1475000,14.204169225721929
Maruti Suzuki,9,62000.0,Automatic,second,hybrid/cng,120000,11.695255355062795
Toyota,5,97000.0,Manual,first,diesel,1521000,14.23487922870341
Ford,5,85000.0,Automatic,second,diesel,2150000,14.580978865220017
Honda,16,82700.0,Manual,second,petrol,285000,12.560247968016562
Maruti Suzuki,5,300000.0,Automatic,first,petrol,475000,13.07107218827772
Mahindra,5,10000.0,Manual,first,diesel,795000,13.586098651497313
Honda,10,62000.0,Manual,first,hybrid/cng,385000,12.861001210669146
Maruti Suzuki,4,25000.0,Manual,first,hybrid/cng,325000,12.691583538230217
Maruti Suzuki,3,62000.0,Manual,second,hybrid/cng,680000,13.429849547739444
Maruti Suzuki,9,90000.0,Manual,second,hybrid/cng,290000,12.577639650232573
Renault,8,83409.0,Automatic,second,diesel,625000,13.345508528717259
Maruti Suzuki,11,78000.0,Manual,second,petrol,150000,11.918397239722838
Mercedes-Benz,6,42000.0,Automatic,first,diesel,2700000,14.80876270134486
Maruti Suzuki,7,79000.0,Automatic,first,petrol,569000,13.251637470576167
Maruti Suzuki,5,72500.0,Manual,first,hybrid/cng,425000,12.959846800844963
Maruti Suzuki,13,95000.0,Manual,second,hybrid/cng,220000,12.301387370778713
Toyota,11,77000.0,Automatic,second,hybrid/cng,365000,12.807655372286902
Maruti Suzuki,5,73500.0,Automatic,first,petrol,750000,13.527829818844937
Hyundai,13,70000.0,Automatic,first,hybrid/cng,120000,11.695255355062795
Maruti Suzuki,5,120000.0,Automatic,second,hybrid/cng,300000,12.611541086966115
Maruti Suzuki,7,50000.0,Automatic,first,petrol,425000,12.959846800844963
Hyundai,4,44681.0,Manual,first,petrol,525155,13.171450640292708
Land Rover,4,48000.0,Automatic,first,petrol,16500000,16.61887099947687
Force,8,70000.0,Automatic,first,hybrid/cng,560000,13.235693848424024
Mahindra,2,19000.0,Manual,first,diesel,1599000,14.284889617206765
Toyota,16,122000.0,Manual,first,diesel,390000,12.873904582205107
Mitsubishi,7,79000.0,Automatic,second,diesel,1075000,13.887832149776026
Maruti Suzuki,9,52000.0,Manual,first,petrol,450000,13.017005083966255
Hyundai,1,15000.0,Automatic,first,petrol,1690000,14.340239678615058
Jeep,6,75000.0,Manual,second,diesel,1500000,14.220976332738882
Maruti Suzuki,4,28000.0,Automatic,first,hybrid/cng,725000,13.493928313146206
Honda,9,104000.0,Automatic,first,hybrid/cng,400000,12.899222326086994
Maruti Suzuki,9,300000.0,Manual,first,hybrid/cng,685000,13.437175577097312
Ford,5,300000.0,Manual,first,diesel,590000,13.28787951079572
Maruti Suzuki,8,47500.0,Manual,first,petrol,530000,13.180634172318978
Honda,8,93000.0,Automatic,second,hybrid/cng,425000,12.959846800844963
Maruti Suzuki,10,70000.0,Manual,second,hybrid/cng,455000,13.02805489573287
Hyundai,11,100000.0,Manual,second,diesel,465000,13.049794835104816
BMW,7,24000.0,Automatic,second,diesel,4450000,15.308414878861498
Maruti Suzuki,5,81000.0,Manual,first,hybrid/cng,490000,13.102162710901053
Hyundai,11,56000.0,Manual,second,petrol,290000,12.577639650232573
Hyundai,24,120400.0,Manual,second,petrol,74000,11.211833885608513
Audi,12,90000.0,Automatic,second,diesel,890000,13.698977865303197
Volkswagen,6,23000.0,Manual,second,diesel,545000,13.208542908506082
Mahindra,7,90000.0,Automatic,second,hybrid/cng,220000,12.301387370778713
Maruti Suzuki,0,5500.0,Automatic,first,hybrid/cng,411000,12.926350926565435
Hyundai,8,62000.0,Automatic,second,hybrid/cng,440000,12.994532278619134
Maruti Suzuki,1,15000.0,Automatic,second,hybrid/cng,800000,13.592368256649284
Hyundai,2,44000.0,Manual,first,petrol,1350000,14.115615891155079
Maruti Suzuki,4,78000.0,Automatic,first,petrol,1050000,13.864301674514206
Maruti Suzuki,4,75000.0,Automatic,second,hybrid/cng,550000,13.217675375388819
Mahindra,3,28500.0,Automatic,second,petrol,1300000,14.077875591662238
Mahindra,12,175000.0,Manual,first,diesel,710000,13.47302165746721
Chevrolet,11,50000.0,Manual,second,petrol,149000,11.91170829631447
Hyundai,5,80000.0,Manual,first,petrol,625000,13.345508528717259
Maruti Suzuki,2,75000.0,Manual,first,petrol,575000,13.26212705890841
Volkswagen,10,72000.0,Automatic,second,petrol,450000,13.017005083966255
Hyundai,15,130000.0,Automatic,second,hybrid/cng,70000,11.156264806643742
Hyundai,12,68000.0,Automatic,second,petrol,294000,12.591338447675579
Maruti Suzuki,0,18950.0,Automatic,first,petrol,950000,13.76421831620775
Hyundai,3,90000.0,Automatic,first,diesel,1650000,14.316286451937186
Maruti Suzuki,1,53000.0,Automatic,first,hybrid/cng,580000,13.270785106659046
Volkswagen,8,120000.0,Manual,first,diesel,825000,13.623139877437296
Maruti Suzuki,4,63000.0,Automatic,first,hybrid/cng,349000,12.762830066509972
Tata,7,72400.0,Manual,first,diesel,745000,13.521140839642674
Hyundai,9,46000.0,Manual,second,petrol,575000,13.26212705890841
Hyundai,3,57555.0,Manual,first,petrol,705000,13.465954500233115
Hyundai,8,42000.0,Manual,first,petrol,320000,12.676079399771027
Maruti Suzuki,6,40000.0,Manual,first,petrol,500000,13.122365377402328
Maruti Suzuki,5,55846.0,Manual,second,petrol,285000,12.560247968016562
Hyundai,1,10000.0,Manual,second,petrol,635000,13.361381852676738
Honda,8,86000.0,Manual,second,hybrid/cng,425000,12.959846800844963
Maruti Suzuki,16,70000.0,Manual,second,petrol,80000,11.289794413577894
Hyundai,2,300000.0,Manual,first,petrol,647000,13.380103119076898
Honda,9,103000.0,Automatic,second,hybrid/cng,775000,13.560619598657233
Mercedes-Benz,4,300000.0,Automatic,first,diesel,3690000,15.121137287019383
Maruti Suzuki,13,130000.0,Manual,second,petrol,310000,12.644330802262578
Mercedes-Benz,7,66000.0,Automatic,second,diesel,5400000,15.501909696719672
Tata,4,52252.0,Manual,first,hybrid/cng,340000,12.73670383776449
Honda,11,84000.0,Automatic,second,petrol,400000,12.899222326086994
Audi,5,44000.0,Automatic,first,diesel,3200000,14.978661680269907
Toyota,11,81530.0,Manual,second,diesel,425000,12.959846800844963
Maruti Suzuki,7,57215.0,Automatic,first,hybrid/cng,245000,12.409017571151187
Hyundai,12,10000.0,Automatic,second,petrol,140000,11.849404844423074
Kia,3,34000.0,Automatic,first,hybrid/cng,899000,13.70903942580019
Ford,11,78300.0,Manual,first,diesel,310000,12.644330802262578
Kia,2,300000.0,Automatic,first,diesel,2075000,14.54547219357453
Volkswagen,7,94000.0,Automatic,second,petrol,790000,13.579789490265188
Hyundai,21,130000.0,Manual,second,petrol,75000,11.225256725762893
Honda,5,124000.0,Automatic,first,petrol,1499000,14.22030944419592
Hyundai,9,55000.0,Manual,second,petrol,265000,12.487488878546145
Maruti Suzuki,7,20300.0,Automatic,first,petrol,525000,13.171155446333852
Honda,11,55000.0,Manual,second,hybrid/cng,310000,12.644330802262578
Maruti Suzuki,9,60000.0,Manual,first,diesel,420000,12.948012371209098
Maruti Suzuki,8,68000.0,Manual,first,hybrid/cng,365000,12.807655372286902
Maruti Suzuki,4,35000.0,Manual,first,petrol,420000,12.948012371209098
Maruti Suzuki,8,59000.0,Manual,first,petrol,545000,13.208542908506082
Mercedes-Benz,12,129000.0,Automatic,first,diesel,1750000,14.375126917328105
Skoda,2,22940.0,Manual,first,petrol,1195000,13.993657580167481
Fiat,8,94000.0,Manual,second,hybrid/cng,221000,12.30592250537653
Volkswagen,13,70000.0,Automatic,second,hybrid/cng,290000,12.577639650232573
Hyundai,11,56000.0,Manual,second,petrol,195000,12.180759965737863
Hyundai,3,300000.0,Manual,first,diesel,790000,13.579789490265188
Toyota,0,6000.0,Automatic,first,diesel,5495000,15.519349327803464
Maruti Suzuki,10,65000.0,Manual,first,petrol,270000,12.506180941677357
Jeep,3,32000.0,Automatic,first,petrol,1899000,14.456838516387228
Hyundai,3,55000.0,Manual,first,hybrid/cng,625000,13.345508528717259
Maruti Suzuki,2,45000.0,Automatic,first,hybrid/cng,840000,13.641158361294979
Honda,9,68000.0,Manual,second,diesel,399000,12.896719202134523
Maruti Suzuki,7,62000.0,Automatic,first,hybrid/cng,411000,12.926350926565435
Hyundai,13,45000.0,Manual,second,petrol,315000,12.660331092405906
Mahindra,3,51000.0,Automatic,second,diesel,1590000,14.279245203127035
Renault,9,75000.0,Manual,second,diesel,560000,13.235693848424024
Tata,1,20000.0,Manual,second,hybrid/cng,730000,13.500801182986649
Maruti Suzuki,5,45640.0,Manual,second,petrol,460000,13.038983942375959
Hyundai,13,71303.0,Automatic,second,petrol,325000,12.691583538230217
Maruti Suzuki,13,73500.0,Manual,first,hybrid/cng,70000,11.156264806643742
Hyundai,7,90001.0,Manual,first,diesel,430000,12.971542813248437
Isuzu,2,15000.0,Automatic,first,diesel,2000000,14.508658238524095
Maruti Suzuki,12,56000.0,Manual,first,hybrid/cng,195000,12.180759965737863
Hyundai,4,123000.0,Automatic,first,petrol,1150000,13.955273369904273
Toyota,0,1600.0,Automatic,first,petrol,2285000,14.641877019947108
Honda,10,87000.0,Manual,first,diesel,495000,13.112315061750808
Hyundai,7,67879.0,Manual,first,diesel,730000,13.500801182986649
Maruti Suzuki,4,72000.0,Automatic,second,hybrid/cng,375000,12.834683971615659
Volkswagen,3,300000.0,Automatic,second,petrol,1100000,13.910821646859095
Honda,9,104000.0,Automatic,second,hybrid/cng,775000,13.560619598657233
Mercedes-Benz,13,300000.0,Automatic,first,diesel,1150000,13.955273369904273
Jeep,7,80000.0,Manual,first,diesel,850000,13.652992804936396
Honda,9,78300.0,Automatic,first,hybrid/cng,611000,13.322853874813605
Volkswagen,14,140000.0,Manual,second,diesel,350000,12.765691290604371
Volkswagen,8,75000.0,Automatic,second,petrol,530000,13.180634172318978
Maruti Suzuki,7,63000.0,Automatic,second,hybrid/cng,550000,13.217675375388819
Tata,6,42000.0,Automatic,first,hybrid/cng,535000,13.190023895035274
Fiat,10,80000.0,Automatic,second,petrol,179001,12.09515225794483
Mahindra,11,81000.0,Manual,first,diesel,571000,13.255146239950099
Maruti Suzuki,7,65500.0,Automatic,first,hybrid/cng,550000,13.217675375388819
Mahindra,8,67000.0,Manual,second,diesel,675000,13.42246945133505
Maruti Suzuki,3,60000.0,Manual,first,hybrid/cng,510000,13.1421679654829
Mercedes-Benz,5,58000.0,Automatic,first,diesel,2951000,14.8976549927932
Volvo,11,56000.0,Automatic,second,diesel,1250000,14.038654909278163
Maruti Suzuki,3,89000.0,Manual,first,hybrid/cng,560000,13.235693848424024
Honda,14,75000.0,Automatic,second,hybrid/cng,225000,12.323860125621126
Maruti Suzuki,4,51000.0,Automatic,second,hybrid/cng,950000,13.76421831620775
Maruti Suzuki,15,70000.0,Manual,second,petrol,130000,11.775297421715827
Hyundai,10,71900.0,Automatic,second,hybrid/cng,450000,13.017005083966255
Renault,7,22000.0,Manual,second,petrol,285000,12.560247968016562
Maruti Suzuki,4,70000.0,Manual,second,petrol,450000,13.017005083966255
Maruti Suzuki,10,25500.0,Manual,first,diesel,574000,13.260386417460465
Volkswagen,6,78000.0,Automatic,second,petrol,775000,13.560619598657233
Toyota,4,75000.0,Automatic,first,diesel,2000000,14.508658238524095
Maruti Suzuki,3,17532.0,Manual,first,petrol,704429,13.465144244135104
Ford,13,97000.0,Manual,second,petrol,130000,11.775297421715827
Honda,12,66000.0,Automatic,first,hybrid/cng,350000,12.765691290604371
Toyota,2,16800.0,Automatic,first,diesel,3400000,15.039286283703994
Maruti Suzuki,12,50000.0,Manual,second,hybrid/cng,275000,12.524530013005734
Maruti Suzuki,7,69000.0,Manual,first,diesel,499999,13.122363377404328
Skoda,3,34000.0,Manual,first,petrol,1250000,14.038654909278163
Jeep,7,78000.0,Automatic,first,petrol,975000,13.790193775620484
Audi,10,92000.0,Automatic,second,diesel,1025000,13.840204146163925
Volkswagen,7,130000.0,Automatic,second,petrol,850000,13.652992804936396
Hyundai,4,65000.0,Automatic,second,hybrid/cng,435000,12.983103608918753
Maruti Suzuki,6,19000.0,Manual,first,petrol,525000,13.171155446333852
Hyundai,3,65900.0,Automatic,first,hybrid/cng,651000,13.386266457287837
Tata,3,52000.0,Automatic,first,petrol,2050000,14.53335083891935
Maruti Suzuki,12,65000.0,Manual,first,petrol,195000,12.180759965737863
Maruti Suzuki,7,84500.0,Manual,second,diesel,490000,13.102162710901053
Maruti Suzuki,13,109500.0,Automatic,first,hybrid/cng,245000,12.409017571151187
BMW,8,59000.0,Automatic,first,diesel,1650000,14.316286451937186
Tata,2,50000.0,Manual,first,diesel,1750000,14.375126917328105
Maruti Suzuki,8,89700.0,Manual,second,petrol,369000,12.818554633046093
Maruti Suzuki,1,35000.0,Automatic,first,hybrid/cng,750000,13.527829818844937
Honda,9,93000.0,Manual,first,diesel,445000,13.005831808336863
Maruti Suzuki,17,25.0,Automatic,first,hybrid/cng,70000,11.156264806643742
Maruti Suzuki,7,51000.0,Automatic,first,petrol,555000,13.22672519452875
Maruti Suzuki,8,51000.0,Manual,second,petrol,400000,12.899222326086994
Ford,11,73000.0,Manual,second,diesel,395000,12.886643575525625
Chevrolet,12,99000.0,Manual,second,diesel,130000,11.775297421715827
Maruti Suzuki,8,95000.0,Manual,second,hybrid/cng,375000,12.834683971615659
Nissan,12,32000.0,Automatic,second,hybrid/cng,270000,12.506180941677357
Maruti Suzuki,5,76000.0,Manual,first,hybrid/cng,450000,13.017005083966255
Maruti Suzuki,4,64185.0,Manual,first,hybrid/cng,985000,13.800397935382136
Hyundai,9,38000.0,Manual,second,petrol,490000,13.102162710901053
Maruti Suzuki,6,150000.0,Manual,first,diesel,724999,13.493926933836812
Maruti Suzuki,5,75000.0,Manual,first,hybrid/cng,320000,12.676079399771027
Mahindra,12,133000.0,Manual,second,diesel,500000,13.122365377402328
Mitsubishi,10,150000.0,Manual,second,diesel,975000,13.790193775620484
Ford,10,53000.0,Manual,first,diesel,365000,12.807655372286902
Maruti Suzuki,14,92000.0,Manual,second,hybrid/cng,105000,11.561725152903833
Renault,4,45011.0,Manual,first,petrol,375000,12.834683971615659
Hyundai,15,13570.0,Automatic,first,hybrid/cng,155000,11.951186847493476
Mahindra,2,11000.0,Manual,first,diesel,1768000,14.385360087790426
Maruti Suzuki,2,5000.0,Manual,first,petrol,1060000,13.87378040948403
Honda,13,300000.0,Automatic,second,hybrid/cng,444444,13.004581591747163
Skoda,11,75000.0,Automatic,first,hybrid/cng,295000,12.59473402514672
Maruti Suzuki,8,120000.0,Manual,first,hybrid/cng,590000,13.28787951079572
Hyundai,11,66500.0,Manual,first,petrol,245000,12.409017571151187
Maruti Suzuki,1,20000.0,Manual,second,hybrid/cng,600000,13.304686600863562
Maruti Suzuki,5,65000.0,Automatic,first,petrol,600000,13.304686600863562
Mahindra,15,145000.0,Manual,first,diesel,315000,12.660331092405906
Chevrolet,11,77000.0,Manual,second,hybrid/cng,250000,12.429220196836383
Hyundai,6,50000.0,Manual,first,petrol,269991,12.506147607911917
Hyundai,6,88652.0,Manual,second,diesel,785000,13.573440270649085
Hyundai,7,37638.0,Manual,first,diesel,580000,13.270785106659046
Maruti Suzuki,0,3000.0,Manual,first,hybrid/cng,1199000,13.99699926803766
Audi,7,65000.0,Automatic,second,diesel,1690000,14.340239678615058
Maruti Suzuki,6,42000.0,Automatic,second,hybrid/cng,550000,13.217675375388819
Maruti Suzuki,6,66000.0,Automatic,second,hybrid/cng,535000,13.190023895035274
Audi,12,119812.0,Automatic,second,diesel,780000,13.567050480716235
Renault,8,64000.0,Manual,second,diesel,325000,12.691583538230217
Maruti Suzuki,1,9000.0,Manual,first,petrol,1450000,14.187074804051692
Mahindra,10,110000.0,Manual,second,diesel,625000,13.345508528717259
Maruti Suzuki,9,68000.0,Manual,first,hybrid/cng,380000,12.847929163278053
Volkswagen,0,1.0,Automatic,first,petrol,3175000,14.97081850526951
Lexus,6,132000.0,Automatic,first,hybrid/cng,3850000,15.163583966004193
Hyundai,6,23000.0,Automatic,first,petrol,1035111,13.850020191387436
Hyundai,6,94000.0,Manual,second,diesel,350000,12.765691290604371
Hyundai,5,91571.0,Manual,first,petrol,681000,13.431319053559353
Honda,6,32000.0,Manual,second,hybrid/cng,700000,13.45883704259595
Maruti Suzuki,9,75000.0,Manual,first,hybrid/cng,349999,12.765688433465597
Maruti Suzuki,13,68000.0,Automatic,second,hybrid/cng,165000,12.013706813470414
Maruti Suzuki,8,114000.0,Manual,second,hybrid/cng,619000,13.335862167174314
Mahindra,6,85000.0,Manual,second,diesel,1385000,14.141211419624977
Mercedes-Benz,3,47000.0,Automatic,first,diesel,4500000,15.319588176962746
Maruti Suzuki,3,72375.0,Manual,first,hybrid/cng,690000,13.444448325847754
Kia,5,79000.0,Manual,second,petrol,1095000,13.90626583447433
Maruti Suzuki,8,152000.0,Automatic,second,hybrid/cng,380786,12.849995442661148
Maruti Suzuki,1,5500.0,Manual,first,petrol,955000,13.769467666582738
Hyundai,11,60000.0,Manual,second,petrol,350000,12.765691290604371
Maruti Suzuki,1,56000.0,Automatic,first,hybrid/cng,560000,13.235693848424024
Maruti Suzuki,7,65000.0,Automatic,second,hybrid/cng,570000,13.25339339419516
Maruti Suzuki,12,105000.0,Automatic,second,hybrid/cng,220000,12.301387370778713
Volkswagen,8,37000.0,Automatic,second,petrol,649000,13.38318953651709
Maruti Suzuki,9,52000.0,Automatic,second,hybrid/cng,349000,12.762830066509972
Toyota,9,54419.0,Manual,second,hybrid/cng,699000,13.457407451830088
Mahindra,8,90000.0,Manual,second,diesel,1040000,13.854732232655556
Maruti Suzuki,5,64000.0,Automatic,second,hybrid/cng,820000,13.617060838751888
Mahindra,5,85000.0,Automatic,first,diesel,875000,13.681980308196241
Hyundai,9,66698.0,Manual,second,diesel,745000,13.521140839642674
Hyundai,4,47000.0,Manual,second,diesel,750000,13.527829818844937
Toyota,0,1900.0,Automatic,first,hybrid/cng,2125000,14.56928283092878
Toyota,6,150000.0,Manual,first,diesel,1235000,14.026582337760486
Maruti Suzuki,8,25000.0,Manual,first,petrol,515000,13.151924121391561
Honda,7,56000.0,Manual,first,diesel,480000,13.081543466215237
Maruti Suzuki,7,54000.0,Manual,second,hybrid/cng,215000,12.278397958261774
Hyundai,0,8499.0,Automatic,first,petrol,1574999,14.269765830241871
Hyundai,6,63512.0,Manual,first,petrol,555000,13.22672519452875
Maruti Suzuki,8,57000.0,Automatic,first,petrol,399000,12.896719202134523
Skoda,14,88000.0,Automatic,second,petrol,170000,12.04355959836804
Hyundai,11,62000.0,Manual,second,hybrid/cng,325000,12.691583538230217
Hyundai,9,53000.0,Automatic,first,hybrid/cng,429000,12.969214528909768
Skoda,9,150000.0,Automatic,first,diesel,899000,13.70903942580019
Honda,8,39000.0,Manual,second,petrol,285000,12.560247968016562
Maruti Suzuki,5,110000.0,Automatic,first,petrol,475000,13.07107218827772
Maruti Suzuki,6,80000.0,Automatic,first,hybrid/cng,220000,12.301387370778713
Maruti Suzuki,10,75871.0,Manual,second,hybrid/cng,575000,13.26212705890841
Hyundai,8,106000.0,Automatic,second,diesel,985000,13.800397935382136
Hyundai,8,62000.0,Manual,second,petrol,465000,13.049794835104816
Maruti Suzuki,10,97000.0,Manual,second,hybrid/cng,300000,12.611541086966115
Maruti Suzuki,12,146000.0,Manual,second,hybrid/cng,210000,12.25486757159303
Jeep,6,69000.0,Manual,first,diesel,921000,13.733216401013184
Honda,9,67000.0,Automatic,second,hybrid/cng,565000,13.244582780038517
Maruti Suzuki,5,53000.0,Manual,first,diesel,700000,13.45883704259595
Maruti Suzuki,9,81000.0,Automatic,second,hybrid/cng,255000,12.449022745701502
Honda,6,55000.0,Automatic,second,petrol,690000,13.444448325847754
Maruti Suzuki,13,111000.0,Manual,second,diesel,330000,12.706850963741102
Honda,12,96266.0,Manual,first,petrol,395000,12.886643575525625
Audi,6,85000.0,Automatic,first,diesel,2471000,14.72013388966512
Maruti Suzuki,6,78000.0,Manual,first,diesel,499999,13.122363377404328
Hyundai,12,49000.0,Manual,first,petrol,185000,12.128116509451258
Hyundai,14,76000.0,Manual,first,petrol,285000,12.560247968016562
Maruti Suzuki,5,300000.0,Manual,second,petrol,675000,13.42246945133505
Hyundai,9,53000.0,Automatic,first,hybrid/cng,429000,12.969214528909768
Honda,7,55000.0,Manual,first,petrol,395000,12.886643575525625
Toyota,8,50000.0,Manual,first,hybrid/cng,355000,12.779875885354993
Maruti Suzuki,6,300000.0,Automatic,first,diesel,695000,13.451668563394815
BMW,5,49000.0,Automatic,first,diesel,2550000,14.751604309291395
Renault,8,85000.0,Manual,first,hybrid/cng,179000,12.095146671399466
Maruti Suzuki,2,7253.0,Manual,first,petrol,495000,13.112315061750808
Mercedes-Benz,10,300000.0,Automatic,second,diesel,4475000,15.314017133154755
Hyundai,9,35000.0,Manual,first,diesel,570000,13.25339339419516
Maruti Suzuki,11,56000.0,Manual,second,hybrid/cng,475000,13.07107218827772
Mahindra,11,81453.0,Manual,first,diesel,460000,13.038983942375959
Maruti Suzuki,5,82000.0,Manual,first,diesel,795000,13.586098651497313
Honda,9,70000.0,Automatic,first,hybrid/cng,811000,13.606024566142413
Mahindra,8,200000.0,Automatic,second,diesel,420000,12.948012371209098
Maruti Suzuki,5,63000.0,Automatic,second,hybrid/cng,820000,13.617060838751888
Maruti Suzuki,2,65000.0,Automatic,second,hybrid/cng,595000,13.296318365198623
Maruti Suzuki,9,73000.0,Manual,second,petrol,230000,12.345838935721968
Honda,10,153000.0,Manual,first,petrol,460000,13.038983942375959
Maruti Suzuki,9,55000.0,Manual,second,hybrid/cng,349000,12.762830066509972
Hyundai,9,85000.0,Manual,first,petrol,295000,12.59473402514672
Toyota,7,163000.0,Manual,first,diesel,1779999,14.392123922268269
Honda,14,86000.0,Manual,second,hybrid/cng,210000,12.25486757159303
Hyundai,7,58789.0,Manual,first,diesel,880000,13.68767832281738
Maruti Suzuki,13,88000.0,Manual,first,petrol,160000,11.982935344196433
Maruti Suzuki,5,78000.0,Manual,first,hybrid/cng,530000,13.180634172318978
Maruti Suzuki,13,78000.0,Automatic,first,hybrid/cng,150000,11.918397239722838
Maruti Suzuki,6,66000.0,Automatic,second,hybrid/cng,515000,13.151924121391561
Maruti Suzuki,8,57000.0,Manual,first,petrol,300000,12.611541086966115
Nissan,6,121000.0,Manual,first,diesel,599000,13.303018546545275
Tata,9,76000.0,Manual,first,diesel,299000,12.608202196848836
Volkswagen,11,100000.0,Manual,second,diesel,230000,12.345838935721968
Renault,5,42000.0,Automatic,second,hybrid/cng,380000,12.847929163278053
Hyundai,5,39000.0,Automatic,first,hybrid/cng,825000,13.623139877437296
Mercedes-Benz,14,143000.0,Automatic,second,diesel,1395000,14.148405690083225
Land Rover,8,70000.0,Automatic,first,diesel,3000000,14.914123179965662
Maruti Suzuki,6,58296.0,Automatic,first,petrol,420000,12.948012371209098
Maruti Suzuki,6,118000.0,Manual,second,diesel,650000,13.384729180332174
Toyota,1,38100.0,Automatic,first,hybrid/cng,3799000,15.150248695396893
Tata,6,54750.0,Automatic,first,hybrid/cng,450000,13.017005083966255
Volkswagen,12,116000.0,Manual,first,diesel,464000,13.047641986378483
Hyundai,2,16000.0,Manual,first,petrol,1300000,14.077875591662238
Hyundai,11,71000.0,Manual,second,hybrid/cng,425000,12.959846800844963
Maruti Suzuki,15,99000.0,Manual,second,hybrid/cng,295000,12.59473402514672
Mahindra,7,46550.0,Automatic,first,petrol,222000,12.310437165348775
Maruti Suzuki,8,72000.0,Manual,second,hybrid/cng,245000,12.409017571151187
Toyota,6,200000.0,Automatic,second,diesel,1850000,14.430696737594902
Honda,7,70000.0,Automatic,second,hybrid/cng,775000,13.560619598657233
Maruti Suzuki,9,32000.0,Manual,first,petrol,495000,13.112315061750808
Honda,5,78000.0,Automatic,second,hybrid/cng,810000,13.60479076121576
Bajaj,17,1500.0,Automatic,first,hybrid/cng,370000,12.821260987319457
Volvo,2,32000.0,Automatic,first,petrol,6300000,15.656060350091908
Hyundai,8,300000.0,Manual,second,petrol,575000,13.26212705890841
Honda,13,70000.0,Automatic,second,hybrid/cng,331000,12.709876675502672
Kia,2,8690.0,Manual,first,petrol,1495000,14.217637433703022
Maruti Suzuki,2,21878.0,Manual,first,hybrid/cng,640000,13.369225017834633
Maruti Suzuki,5,65000.0,Automatic,second,hybrid/cng,820000,13.617060838751888
Maruti Suzuki,15,46000.0,Automatic,second,hybrid/cng,165000,12.013706813470414
Ford,7,102500.0,Manual,first,diesel,400000,12.899222326086994
Ford,6,300000.0,Manual,first,petrol,720000,13.487007879880162
Hyundai,7,76000.0,Manual,first,petrol,460000,13.038983942375959
Kia,1,8100.0,Automatic,first,petrol,1175000,13.976779556623864
Tata,3,19000.0,Automatic,first,petrol,665000,13.407543823396258
Mahindra,10,300000.0,Manual,second,diesel,475000,13.07107218827772
Mahindra,9,90000.0,Manual,first,diesel,475000,13.07107218827772
Volkswagen,5,72000.0,Manual,first,petrol,690000,13.444448325847754
Audi,7,85000.0,Automatic,first,diesel,2698000,14.808021686394692
Hyundai,1,12340.0,Automatic,first,hybrid/cng,250000,12.429220196836383
Toyota,13,71000.0,Automatic,second,petrol,345000,12.75130259456002
Renault,11,85000.0,Manual,second,diesel,311000,12.647551406590285
Maruti Suzuki,3,42000.0,Automatic,first,hybrid/cng,540000,13.199326270390594
Land Rover,7,90000.0,Automatic,first,diesel,3100000,14.946912992035967
Skoda,12,70000.0,Manual,second,diesel,299000,12.608202196848836
Hyundai,15,170000.0,Manual,second,petrol,179000,12.095146671399466
Tata,6,68000.0,Automatic,first,petrol,399000,12.896719202134523
Maruti Suzuki,4,72500.0,Manual,first,hybrid/cng,425000,12.959846800844963
Hyundai,8,70000.0,Manual,first,hybrid/cng,425000,12.959846800844963
Maruti Suzuki,7,80000.0,Automatic,second,hybrid/cng,450000,13.017005083966255
Hyundai,6,65000.0,Manual,second,petrol,465000,13.049794835104816
Honda,7,57000.0,Automatic,second,hybrid/cng,535000,13.190023895035274
Maruti Suzuki,8,77000.0,Automatic,second,hybrid/cng,489999,13.102160670086809
Hyundai,12,20000.0,Automatic,second,petrol,210000,12.25486757159303
Toyota,16,300000.0,Manual,second,diesel,480000,13.081543466215237
Maruti Suzuki,6,92000.0,Automatic,second,petrol,425000,12.959846800844963
Honda,2,29000.0,Manual,first,petrol,950000,13.76421831620775
Hyundai,10,65000.0,Manual,second,hybrid/cng,410000,12.923914877701906
Mahindra,11,115000.0,Automatic,first,diesel,669888,13.414867306000295
Hyundai,6,65000.0,Manual,first,petrol,475000,13.07107218827772
Maruti Suzuki,8,45000.0,Automatic,second,petrol,325000,12.691583538230217
Tata,4,37000.0,Automatic,second,petrol,435000,12.983103608918753
Hyundai,4,92000.0,Manual,first,diesel,960000,13.774689605110144
Volkswagen,6,141000.0,Automatic,second,diesel,1699999,14.346138809026444
Maruti Suzuki,4,78000.0,Automatic,first,diesel,980000,13.795308871054397
Maruti Suzuki,7,92000.0,Manual,first,diesel,599000,13.303018546545275
Maruti Suzuki,5,86000.0,Manual,first,hybrid/cng,390000,12.873904582205107
Maruti Suzuki,9,135000.0,Manual,first,diesel,640000,13.369225017834633
Maruti Suzuki,7,180000.0,Automatic,first,hybrid/cng,260000,12.468440756144114
Ford,10,82000.0,Manual,first,diesel,450000,13.017005083966255
Mercedes-Benz,11,81000.0,Automatic,second,diesel,1599000,14.284889617206765
Maruti Suzuki,10,89000.0,Manual,first,petrol,250000,12.429220196836383
Toyota,5,28000.0,Automatic,first,petrol,625000,13.345508528717259
Maruti Suzuki,9,59000.0,Manual,second,petrol,451000,13.019224835777257
Maruti Suzuki,12,60000.0,Manual,second,diesel,250000,12.429220196836383
Toyota,11,65000.0,Manual,first,petrol,329000,12.703816069256568
Hyundai,9,30.0,Automatic,second,hybrid/cng,280000,12.54254845357358
Tata,2,23000.0,Manual,first,diesel,950000,13.76421831620775
Land Rover,11,99000.0,Automatic,second,diesel,875000,13.681980308196241
Maruti Suzuki,7,85000.0,Automatic,second,hybrid/cng,265000,12.487488878546145
Maruti Suzuki,5,67999.0,Manual,first,hybrid/cng,963000,13.777809729201323
Maruti Suzuki,15,78500.0,Manual,second,petrol,119000,11.686887175419702
Renault,4,28000.0,Manual,first,petrol,589000,13.286183160425152
Maruti Suzuki,7,64000.0,Automatic,second,hybrid/cng,320000,12.676079399771027
Hyundai,10,64000.0,Manual,second,petrol,459000,13.036807667689546
Maruti Suzuki,8,75000.0,Automatic,second,hybrid/cng,260000,12.468440756144114
Mercedes-Benz,12,54000.0,Automatic,second,petrol,875000,13.681980308196241
Maruti Suzuki,11,75000.0,Manual,first,hybrid/cng,235000,12.367345048436391
Maruti Suzuki,6,85000.0,Manual,second,petrol,390000,12.873904582205107
Maruti Suzuki,2,250000.0,Manual,first,hybrid/cng,1140000,13.946539697563276
Maruti Suzuki,1,1234.0,Manual,first,hybrid/cng,250000,12.429220196836383
BMW,5,90000.0,Automatic,second,diesel,1900000,14.45736497045232
Mahindra,3,48000.0,Manual,first,diesel,950000,13.76421831620775
Honda,10,58000.0,Automatic,first,hybrid/cng,460000,13.038983942375959
Maruti Suzuki,5,31000.0,Manual,first,petrol,325000,12.691583538230217
Toyota,10,144000.0,Manual,first,diesel,1500000,14.220976332738882
Hyundai,7,118000.0,Automatic,second,diesel,899000,13.70903942580019
Hyundai,5,65473.0,Manual,first,hybrid/cng,525000,13.171155446333852
Hyundai,9,59000.0,Automatic,second,hybrid/cng,480000,13.081543466215237
Maruti Suzuki,11,85000.0,Manual,first,diesel,470000,13.060490101343552
Maruti Suzuki,1,51000.0,Manual,first,hybrid/cng,550000,13.217675375388819
Mahindra,6,83000.0,Manual,first,diesel,1175000,13.976779556623864
Hyundai,15,73000.0,Automatic,second,hybrid/cng,260000,12.468440756144114
Maruti Suzuki,3,35312.0,Manual,first,hybrid/cng,595000,13.296318365198623
Maruti Suzuki,3,26716.0,Manual,first,petrol,1065000,13.878486296092358
Honda,7,36000.0,Manual,first,petrol,680000,13.429849547739444
Maruti Suzuki,3,52000.0,Automatic,first,hybrid/cng,649000,13.38318953651709
Honda,15,91000.0,Automatic,second,hybrid/cng,96000,11.472113887062386
Maruti Suzuki,10,90000.0,Manual,second,diesel,420000,12.948012371209098
Hyundai,5,65000.0,Manual,second,petrol,432000,12.976183182038383
Toyota,1,33000.0,Automatic,first,hybrid/cng,3600000,15.096444681204078
Renault,7,43000.0,Manual,second,diesel,451500,13.02033286667615
Hyundai,8,205828.0,Manual,first,diesel,700000,13.45883704259595
Mitsubishi,9,135000.0,Automatic,second,diesel,950000,13.76421831620775
Chevrolet,12,76000.0,Manual,second,diesel,138000,11.835016210489899
Maruti Suzuki,8,172000.0,Manual,first,diesel,325000,12.691583538230217
Maruti Suzuki,12,100212.0,Automatic,second,hybrid/cng,241000,12.392556361841777
Maruti Suzuki,9,52000.0,Automatic,second,hybrid/cng,350000,12.765691290604371
Maruti Suzuki,9,23000.0,Manual,second,petrol,249999,12.429216196844383
Toyota,11,143000.0,Automatic,first,diesel,1425000,14.169683073439028
Toyota,8,147000.0,Manual,second,diesel,1499000,14.22030944419592
Honda,17,96000.0,Automatic,second,hybrid/cng,147000,11.898194668458823
Hyundai,17,42000.0,Manual,second,petrol,135000,11.813037464800539
Tata,5,90000.0,Automatic,second,hybrid/cng,650000,13.384729180332174
Maruti Suzuki,19,97000.0,Manual,second,petrol,110000,11.608244735642321
Nissan,7,70805.0,Automatic,second,petrol,483000,13.087774003025942
Honda,6,61000.0,Manual,first,diesel,549000,13.215855541983634
Porsche,13,60000.0,Automatic,second,petrol,2399000,14.690562958662095
Maruti Suzuki,5,41000.0,Automatic,first,hybrid/cng,511000,13.144126826131089
Maruti Suzuki,8,41000.0,Manual,first,petrol,325000,12.691583538230217
Hyundai,11,300000.0,Manual,first,petrol,240000,12.388398368982115
Hyundai,5,35000.0,Manual,first,petrol,465000,13.049794835104816
Volkswagen,10,300000.0,Automatic,first,petrol,475000,13.07107218827772
Maruti Suzuki,10,36000.0,Automatic,first,hybrid/cng,260000,12.468440756144114
Skoda,6,19788.0,Automatic,second,petrol,1750000,14.375126917328105
Hyundai,8,300000.0,Manual,first,petrol,540000,13.199326270390594
Maruti Suzuki,3,40000.0,Automatic,first,hybrid/cng,440000,12.994532278619134
Maruti Suzuki,2,51000.0,Manual,first,hybrid/cng,800000,13.592368256649284
Maruti Suzuki,10,120000.0,Manual,first,diesel,475000,13.07107218827772
Mahindra,3,50922.0,Automatic,second,diesel,1645000,14.31325155008416
Maruti Suzuki,6,65000.0,Automatic,second,hybrid/cng,565000,13.244582780038517
Honda,7,70000.0,Automatic,first,petrol,810000,13.60479076121576
Maruti Suzuki,9,46545.0,Manual,first,petrol,425000,12.959846800844963
Maruti Suzuki,7,45000.0,Automatic,second,hybrid/cng,350000,12.765691290604371
Hyundai,5,90208.0,Manual,first,diesel,800000,13.592368256649284
Maruti Suzuki,8,50470.0,Manual,first,petrol,500000,13.122365377402328
Mercedes-Benz,9,130000.0,Automatic,first,diesel,1875000,14.444119750719839
Maruti Suzuki,13,77500.0,Manual,second,petrol,235000,12.367345048436391
Hyundai,5,40000.0,Automatic,second,hybrid/cng,525000,13.171155446333852
Maruti Suzuki,5,66510.0,Automatic,first,petrol,690000,13.444448325847754
Volkswagen,12,61000.0,Manual,second,petrol,260000,12.468440756144114
Honda,7,300000.0,Manual,second,petrol,585000,13.279368835614243
Maruti Suzuki,7,300000.0,Manual,second,diesel,600000,13.304686600863562
Toyota,1,17000.0,Automatic,first,hybrid/cng,3750000,15.137266664613225
Maruti Suzuki,18,90000.0,Manual,second,petrol,70000,11.156264806643742
Mercedes-Benz,8,80000.0,Automatic,second,diesel,1900000,14.45736497045232
Hyundai,10,300000.0,Manual,first,petrol,400000,12.899222326086994
Hyundai,5,60000.0,Manual,first,hybrid/cng,425000,12.959846800844963
Maruti Suzuki,8,62477.0,Manual,second,hybrid/cng,295000,12.59473402514672
Hyundai,3,34500.0,Automatic,first,petrol,795000,13.586098651497313
Honda,12,75000.0,Manual,first,petrol,260000,12.468440756144114
Maruti Suzuki,16,1.0,Manual,second,hybrid/cng,135000,11.813037464800539
Maruti Suzuki,5,49000.0,Automatic,first,petrol,660000,13.399996629152975
Maruti Suzuki,8,95000.0,Automatic,second,hybrid/cng,264999,12.487485104968359
Maruti Suzuki,2,49000.0,Manual,first,hybrid/cng,565000,13.244582780038517
Kia,4,65000.0,Manual,first,diesel,985000,13.800397935382136
Hyundai,7,37000.0,Automatic,first,petrol,1240000,14.030622744032508
Hyundai,4,300000.0,Automatic,first,hybrid/cng,625000,13.345508528717259
Toyota,2,30000.0,Automatic,first,petrol,1090000,13.901689171636098
Mahindra,9,46000.0,Manual,second,diesel,725000,13.493928313146206
Toyota,5,28146.0,Manual,first,petrol,650000,13.384729180332174
Mercedes-Benz,8,93000.0,Automatic,first,diesel,2800000,14.845130332288226
Tata,3,129000.0,Automatic,first,diesel,1650000,14.316286451937186
Isuzu,5,99156.0,Automatic,first,diesel,1950000,14.48334044336031
Maruti Suzuki,6,70000.0,Automatic,first,petrol,560000,13.235693848424024
Maruti Suzuki,11,24500.0,Manual,first,petrol,199000,12.201065128819632
Mahindra,5,65000.0,Manual,first,diesel,975000,13.790193775620484
Maruti Suzuki,1,30000.0,Automatic,first,hybrid/cng,1190000,13.989464705423494
Maruti Suzuki,2,55000.0,Automatic,second,hybrid/cng,550000,13.217675375388819
Audi,7,99000.0,Automatic,first,diesel,2800000,14.845130332288226
Hyundai,4,35000.0,Automatic,first,petrol,1190000,13.989464705423494
Hyundai,1,27000.0,Automatic,first,petrol,1250000,14.038654909278163
Hyundai,8,55000.0,Manual,second,petrol,675000,13.42246945133505
Maruti Suzuki,10,300000.0,Manual,first,diesel,470000,13.060490101343552
Maruti Suzuki,11,107968.0,Manual,second,hybrid/cng,180000,12.100717685412471
Tata,3,51000.0,Automatic,second,diesel,1790000,14.397726736475999
Hyundai,12,79810.0,Manual,second,hybrid/cng,200000,12.206077645517674
Maruti Suzuki,2,20000.0,Manual,first,petrol,485000,13.091906231773164
Hyundai,22,28000.0,Manual,first,petrol,160000,11.982935344196433
Kia,4,32000.0,Automatic,second,diesel,1125000,13.933294482509151
Hyundai,11,96000.0,Manual,first,diesel,425000,12.959846800844963
Hyundai,6,156000.0,Manual,first,hybrid/cng,350000,12.765691290604371
Maruti Suzuki,7,55125.0,Manual,first,petrol,265000,12.487488878546145
MG,2,67000.0,Automatic,second,hybrid/cng,1150000,13.955273369904273
Honda,8,74381.0,Automatic,first,hybrid/cng,599999,13.304684934198283
Tata,3,33000.0,Manual,first,diesel,845000,13.647093089770562
Maruti Suzuki,5,60000.0,Automatic,first,hybrid/cng,385000,12.861001210669146
Hyundai,6,56000.0,Manual,first,hybrid/cng,475000,13.07107218827772
Maruti Suzuki,8,41258.0,Manual,second,hybrid/cng,365000,12.807655372286902
Mahindra,13,110000.0,Manual,first,diesel,650008,13.384741487929809
Hyundai,8,54200.0,Automatic,first,petrol,399000,12.896719202134523
Skoda,9,99000.0,Automatic,second,diesel,485000,13.091906231773164
Maruti Suzuki,11,73000.0,Manual,second,petrol,300000,12.611541086966115
Renault,9,53000.0,Manual,first,petrol,245000,12.409017571151187
Hyundai,12,80000.0,Automatic,second,hybrid/cng,300000,12.611541086966115
Maruti Suzuki,2,19000.0,Manual,first,petrol,610000,13.321215875492413
Skoda,12,25000.0,Manual,second,petrol,179000,12.095146671399466
Maruti Suzuki,6,54000.0,Manual,first,petrol,497000,13.116347317149176
Skoda,4,31010.0,Automatic,second,petrol,1515000,14.230926656991395
Skoda,6,54000.0,Automatic,first,diesel,945000,13.758941264676379
Toyota,9,104000.0,Automatic,second,hybrid/cng,625000,13.345508528717259
Mercedes-Benz,8,85000.0,Automatic,second,diesel,2450000,14.711598990684092
Maruti Suzuki,6,52500.0,Manual,second,petrol,240000,12.388398368982115
Tata,13,100413.0,Manual,first,diesel,85000,11.350418300109132
Maruti Suzuki,12,66000.0,Manual,second,petrol,175000,12.07254696717504
Maruti Suzuki,7,72000.0,Manual,first,diesel,695000,13.451668563394815
Ford,7,19000.0,Automatic,first,petrol,8275000,15.928749600073315
Maruti Suzuki,8,39000.0,Automatic,second,petrol,325000,12.691583538230217
Maruti Suzuki,8,60000.0,Manual,second,hybrid/cng,485000,13.091906231773164
Mahindra,2,90000.0,Manual,first,diesel,800000,13.592368256649284
Maruti Suzuki,1,10500.0,Manual,first,petrol,830000,13.629182184591333
Mercedes-Benz,10,300000.0,Automatic,second,diesel,599000,13.303018546545275
Maruti Suzuki,4,70000.0,Manual,second,hybrid/cng,450000,13.017005083966255
Jeep,2,65000.0,Automatic,second,petrol,5600000,15.53827733427679
Volvo,12,122000.0,Automatic,second,diesel,885000,13.69334405393293
Maruti Suzuki,6,65000.0,Automatic,second,hybrid/cng,475000,13.07107218827772
Toyota,5,94000.0,Manual,first,diesel,1875000,14.444119750719839
Maruti Suzuki,8,72000.0,Manual,second,petrol,370000,12.821260987319457
Maruti Suzuki,7,66000.0,Manual,first,hybrid/cng,370000,12.821260987319457
Renault,1,19800.0,Automatic,first,hybrid/cng,850000,13.652992804936396
Hyundai,7,80000.0,Manual,second,petrol,545000,13.208542908506082
Honda,14,93000.0,Automatic,first,hybrid/cng,235000,12.367345048436391
Maruti Suzuki,2,29000.0,Automatic,first,petrol,570000,13.25339339419516
Maruti Suzuki,5,300000.0,Automatic,first,petrol,690000,13.444448325847754
Maruti Suzuki,4,80000.0,Manual,first,hybrid/cng,210000,12.25486757159303
Hyundai,7,62000.0,Manual,second,hybrid/cng,425000,12.959846800844963
Maruti Suzuki,9,76000.0,Automatic,second,petrol,179999,12.100712129872347
Maruti Suzuki,6,105000.0,Automatic,second,hybrid/cng,380000,12.847929163278053
Maruti Suzuki,4,49000.0,Manual,first,petrol,540000,13.199326270390594
Honda,8,60000.0,Manual,second,diesel,520000,13.161586013632684
Tata,6,53550.0,Automatic,first,hybrid/cng,450000,13.017005083966255
Maruti Suzuki,5,48000.0,Manual,first,diesel,870000,13.676249640055394
Maruti Suzuki,4,40000.0,Automatic,first,petrol,610000,13.321215875492413
Toyota,9,200000.0,Manual,second,diesel,440000,12.994532278619134
Datsun,6,45213.0,Manual,first,petrol,225001,12.32386457003594
Hyundai,11,50000.0,Manual,first,hybrid/cng,185000,12.128116509451258
Maruti Suzuki,5,81000.0,Manual,second,petrol,260000,12.468440756144114
Hyundai,8,100000.0,Automatic,second,hybrid/cng,775000,13.560619598657233
Maruti Suzuki,12,100000.0,Automatic,second,hybrid/cng,140000,11.849404844423074
Hyundai,9,68000.0,Manual,second,hybrid/cng,375000,12.834683971615659
Mercedes-Benz,9,159000.0,Automatic,second,diesel,2975000,14.905754933096265
Mahindra,4,72045.0,Manual,first,diesel,780000,13.567050480716235
Maruti Suzuki,8,77000.0,Automatic,second,hybrid/cng,489999,13.102160670086809
Honda,7,40000.0,Manual,second,hybrid/cng,400000,12.899222326086994
Toyota,5,28000.0,Automatic,first,petrol,1499000,14.22030944419592
Toyota,13,82000.0,Manual,second,hybrid/cng,275000,12.524530013005734
Ford,7,61101.0,Manual,second,hybrid/cng,375000,12.834683971615659
Audi,11,70334.0,Automatic,second,diesel,950000,13.76421831620775
Hyundai,7,120000.0,Manual,second,diesel,630000,13.353476685668044
Audi,8,75000.0,Automatic,second,diesel,999999,13.815510557964274
Hyundai,2,19523.0,Automatic,first,petrol,1799999,14.403297222866392
BMW,8,300000.0,Automatic,second,diesel,1895000,14.45472992420301
Hyundai,8,51200.0,Automatic,second,petrol,539000,13.197472705176983
Maruti Suzuki,15,83000.0,Manual,second,hybrid/cng,169000,12.037659911047468
Kia,5,39000.0,Manual,first,petrol,1075000,13.887832149776026
Ford,10,71877.0,Manual,second,petrol,299000,12.608202196848836
Maruti Suzuki,6,90000.0,Automatic,first,diesel,650000,13.384729180332174
Honda,9,121000.0,Manual,second,diesel,665000,13.407543823396258
Toyota,10,90000.0,Automatic,second,diesel,1351000,14.116356357134512
Maruti Suzuki,5,94000.0,Manual,second,petrol,400000,12.899222326086994
Hyundai,10,90000.0,Manual,first,petrol,430000,12.971542813248437
Hyundai,8,88883.0,Automatic,first,petrol,815000,13.610944619216111
Maruti Suzuki,5,99000.0,Manual,first,hybrid/cng,400000,12.899222326086994
Maruti Suzuki,9,81000.0,Manual,first,diesel,396000,12.889172015485954
Hyundai,5,300000.0,Manual,second,diesel,1069000,13.88223512546044
Mahindra,9,92000.0,Manual,second,diesel,945000,13.758941264676379
Toyota,0,4500.0,Automatic,first,diesel,4100000,15.226497775576945
Maruti Suzuki,5,48000.0,Automatic,second,petrol,590000,13.28787951079572
Mahindra,13,124000.0,Manual,first,diesel,485000,13.091906231773164
Mahindra,5,74520.0,Automatic,first,diesel,1700000,14.346139397261565
Volkswagen,8,75475.0,Automatic,first,petrol,775000,13.560619598657233
Maruti Suzuki,8,58000.0,Manual,first,hybrid/cng,370000,12.821260987319457
Maruti Suzuki,5,35000.0,Automatic,first,diesel,900000,13.710151153416941
Toyota,11,82000.0,Manual,second,diesel,349000,12.762830066509972
Maruti Suzuki,15,95334.0,Manual,first,hybrid/cng,120000,11.695255355062795
Tata,9,90000.0,Manual,second,hybrid/cng,200000,12.206077645517674
Audi,11,31000.0,Automatic,second,diesel,1550000,14.253766134056512
Maruti Suzuki,6,44197.0,Manual,second,hybrid/cng,525000,13.171155446333852
Hyundai,11,80000.0,Manual,first,hybrid/cng,195000,12.180759965737863
Toyota,11,150000.0,Manual,second,diesel,675000,13.42246945133505
Skoda,9,106000.0,Automatic,second,petrol,1025000,13.840204146163925
Hyundai,6,40000.0,Automatic,second,petrol,590000,13.28787951079572
Maruti Suzuki,9,60000.0,Manual,second,petrol,160000,11.982935344196433
MG,5,57000.0,Manual,first,diesel,1451000,14.187764221045963
Hyundai,6,66000.0,Automatic,second,diesel,1000000,13.815511557963774
Toyota,4,45000.0,Automatic,first,diesel,2699000,14.808392262507668
Maruti Suzuki,2,40000.0,Automatic,first,petrol,765000,13.547632419997361
Maruti Suzuki,2,300000.0,Automatic,first,petrol,650000,13.384729180332174
BMW,10,70000.0,Automatic,second,diesel,2271000,14.635731261422253
Maruti Suzuki,14,100000.0,Automatic,first,hybrid/cng,100000,11.51293546492023
Hyundai,14,85200.0,Manual,second,hybrid/cng,90000,11.407576060361786
Mercedes-Benz,11,69000.0,Automatic,first,diesel,1749999,14.375126345899696
Hyundai,8,40000.0,Automatic,first,petrol,715000,13.480039220276565
Hyundai,6,41000.0,Manual,second,petrol,250000,12.429220196836383
Honda,5,120000.0,Manual,second,petrol,399000,12.896719202134523
Mahindra,10,180000.0,Manual,second,diesel,810000,13.60479076121576
Toyota,4,120602.0,Manual,first,diesel,1775000,14.389311544271775
Honda,3,30000.0,Manual,first,petrol,1025000,13.840204146163925
Skoda,7,87000.0,Automatic,second,diesel,1250000,14.038654909278163
Maruti Suzuki,11,85000.0,Manual,second,hybrid/cng,295000,12.59473402514672
Honda,11,78000.0,Automatic,second,hybrid/cng,425000,12.959846800844963
Tata,5,52000.0,Automatic,first,hybrid/cng,685000,13.437175577097312
Honda,6,68500.0,Manual,first,petrol,850000,13.652992804936396
Mahindra,9,65200.0,Manual,second,diesel,649000,13.38318953651709
Honda,13,120000.0,Manual,first,petrol,450000,13.017005083966255
Honda,5,70000.0,Automatic,second,petrol,540000,13.199326270390594
Hyundai,1,76652.0,Automatic,first,hybrid/cng,710000,13.47302165746721
Toyota,9,65000.0,Automatic,first,petrol,650000,13.384729180332174
Mercedes-Benz,11,28000.0,Automatic,second,petrol,3800000,15.150511887854474
Honda,14,117000.0,Manual,first,hybrid/cng,225000,12.323860125621126
Maruti Suzuki,3,76000.0,Manual,second,hybrid/cng,485000,13.091906231773164
Toyota,10,63000.0,Automatic,second,hybrid/cng,900000,13.710151153416941
Maruti Suzuki,7,50000.0,Automatic,first,petrol,425000,12.959846800844963
Maruti Suzuki,8,160000.0,Manual,second,diesel,430000,12.971542813248437
Honda,16,125000.0,Manual,second,hybrid/cng,125000,11.736077016252437
Hyundai,5,85599.0,Manual,first,petrol,875000,13.681980308196241
Maruti Suzuki,5,300000.0,Manual,second,petrol,335000,12.721888795877375
Maruti Suzuki,7,52685.0,Automatic,first,hybrid/cng,299000,12.608202196848836
Hyundai,12,88000.0,Automatic,first,hybrid/cng,440000,12.994532278619134
Toyota,8,160000.0,Manual,first,diesel,1450000,14.187074804051692
Maruti Suzuki,2,31000.0,Manual,first,hybrid/cng,995000,13.81049902116535
Honda,16,119000.0,Automatic,second,hybrid/cng,145600,11.888625282853006
Fiat,9,60000.0,Manual,second,diesel,369000,12.818554633046093
Maruti Suzuki,4,70000.0,Manual,first,hybrid/cng,699000,13.457407451830088
Tata,7,49000.0,Automatic,second,petrol,400000,12.899222326086994
Hyundai,5,71001.0,Manual,first,diesel,476000,13.073175234051686
Maruti Suzuki,2,10000.0,Manual,first,petrol,620000,13.3374763699232
Toyota,13,120000.0,Manual,first,diesel,553000,13.223115088821102
Maruti Suzuki,17,80000.0,Manual,second,hybrid/cng,80000,11.289794413577894
Hyundai,0,2300.0,Manual,first,petrol,725000,13.493928313146206
Honda,10,71000.0,Manual,second,petrol,751000,13.529162262303307
Maruti Suzuki,1,21000.0,Manual,first,petrol,555000,13.22672519452875
Hyundai,3,68500.0,Manual,first,diesel,1095000,13.90626583447433
Maruti Suzuki,6,63500.0,Manual,first,hybrid/cng,380000,12.847929163278053
Maruti Suzuki,4,138000.0,Automatic,first,hybrid/cng,610000,13.321215875492413
Maruti Suzuki,5,62000.0,Automatic,second,hybrid/cng,820000,13.617060838751888
Maruti Suzuki,7,52000.0,Automatic,first,hybrid/cng,350000,12.765691290604371
Honda,7,100000.0,Automatic,second,hybrid/cng,610000,13.321215875492413
Maruti Suzuki,6,110000.0,Automatic,first,petrol,585000,13.279368835614243
Toyota,5,114000.0,Manual,second,diesel,795000,13.586098651497313
Mahindra,3,8500.0,Manual,second,diesel,1095000,13.90626583447433
Hyundai,11,80000.0,Manual,second,hybrid/cng,199999,12.206072645530174
Maruti Suzuki,6,55000.0,Manual,first,hybrid/cng,435000,12.983103608918753
Maruti Suzuki,6,66000.0,Automatic,second,hybrid/cng,550000,13.217675375388819
Honda,5,60000.0,Manual,first,hybrid/cng,530000,13.180634172318978
Hyundai,9,61000.0,Automatic,first,hybrid/cng,475000,13.07107218827772
Honda,11,85000.0,Automatic,second,hybrid/cng,475000,13.07107218827772
BMW,4,250000.0,Automatic,first,petrol,10000000,16.118095750958314
Toyota,6,99000.0,Manual,first,diesel,1289000,14.069378057716214
Hyundai,12,80000.0,Manual,second,diesel,355000,12.779875885354993
BMW,7,68000.0,Automatic,second,diesel,3749000,15.13699996245581
Honda,9,47000.0,Automatic,second,petrol,349000,12.762830066509972
Toyota,6,60000.0,Automatic,second,diesel,2025000,14.521080752349816
Maruti Suzuki,4,48000.0,Manual,first,hybrid/cng,480000,13.081543466215237
Hyundai,9,60000.0,Manual,second,hybrid/cng,290000,12.577639650232573
Maruti Suzuki,3,28000.0,Manual,first,hybrid/cng,590000,13.28787951079572
Hyundai,13,300000.0,Automatic,first,petrol,190000,12.154784614286667
Mahindra,11,81000.0,Manual,first,diesel,581000,13.272507757002963
Mahindra,6,46500.0,Automatic,second,diesel,625000,13.345508528717259
Maruti Suzuki,13,81785.0,Manual,second,petrol,265000,12.487488878546145
Hyundai,6,51000.0,Manual,first,diesel,845000,13.647093089770562
Maruti Suzuki,7,23110.0,Automatic,first,hybrid/cng,425000,12.959846800844963
Toyota,1,39500.0,Automatic,first,hybrid/cng,3800000,15.150511887854474
Maruti Suzuki,1,25000.0,Manual,first,hybrid/cng,1085000,13.897091466615258
Hyundai,8,45000.0,Manual,second,hybrid/cng,385000,12.861001210669146
Tata,12,70000.0,Manual,second,petrol,70000,11.156264806643742
Maruti Suzuki,8,199995.0,Manual,first,hybrid/cng,300000,12.611541086966115
Audi,9,68000.0,Automatic,first,diesel,890000,13.698977865303197
Land Rover,11,104605.0,Automatic,second,diesel,1550000,14.253766134056512
Maruti Suzuki,8,49000.0,Manual,second,petrol,360000,12.793862088206213
Mini,6,39000.0,Automatic,first,petrol,3100000,14.946912992035967
Tata,5,52000.0,Automatic,first,hybrid/cng,525000,13.171155446333852
Jeep,6,145000.0,Manual,first,diesel,990000,13.805461232211272
Maruti Suzuki,2,32000.0,Automatic,second,petrol,650000,13.384729180332174
Honda,11,75000.0,Automatic,second,hybrid/cng,435000,12.983103608918753
Toyota,4,300000.0,Automatic,first,diesel,3950000,15.18922639004183
Volkswagen,7,100000.0,Manual,first,petrol,450000,13.017005083966255
Maruti Suzuki,13,71772.0,Manual,first,petrol,185000,12.128116509451258
Maruti Suzuki,7,300000.0,Manual,first,petrol,765000,13.547632419997361
BMW,2,61000.0,Automatic,first,petrol,3350000,15.024471202308668
Maruti Suzuki,6,47500.0,Automatic,second,petrol,650000,13.384729180332174
Hyundai,8,147000.0,Manual,first,petrol,515000,13.151924121391561
Hyundai,5,99250.0,Manual,second,diesel,999999,13.815510557964274
Honda,8,300000.0,Manual,first,petrol,399000,12.896719202134523
Maruti Suzuki,13,60000.0,Manual,second,petrol,135000,11.813037464800539
Hyundai,10,74000.0,Manual,second,petrol,390000,12.873904582205107
Jeep,6,86000.0,Manual,second,diesel,799000,13.591117476312084
Toyota,5,59000.0,Manual,first,petrol,575000,13.26212705890841
Maruti Suzuki,2,32000.0,Manual,first,hybrid/cng,1550000,14.253766134056512
Hyundai,5,300000.0,Manual,first,hybrid/cng,585000,13.279368835614243
Maruti Suzuki,10,78000.0,Manual,second,diesel,685000,13.437175577097312
Maruti Suzuki,5,22000.0,Manual,first,petrol,320000,12.676079399771027
Maruti Suzuki,6,45000.0,Manual,first,hybrid/cng,760000,13.541075028051122
Tata,1,21342.0,Automatic,first,diesel,2585000,14.765236452771788
Kia,5,28832.0,Manual,first,petrol,1250000,14.038654909278163
Nissan,7,50000.0,Manual,second,hybrid/cng,499000,13.120363378739663
Ford,5,55000.0,Manual,first,diesel,490000,13.102162710901053
Hyundai,12,46521.0,Manual,first,petrol,240000,12.388398368982115
Hyundai,5,56000.0,Automatic,first,hybrid/cng,611000,13.322853874813605
Maruti Suzuki,1,50000.0,Manual,second,hybrid/cng,600000,13.304686600863562
Maruti Suzuki,7,62500.0,Automatic,second,hybrid/cng,345000,12.75130259456002
Maruti Suzuki,4,43000.0,Automatic,second,petrol,600000,13.304686600863562
Hyundai,14,134368.0,Automatic,second,hybrid/cng,105000,11.561725152903833
Maruti Suzuki,6,76491.0,Automatic,second,hybrid/cng,440000,12.994532278619134
BMW,10,64000.0,Automatic,second,diesel,1229000,14.021712202217492
Hyundai,7,63000.0,Automatic,first,hybrid/cng,549000,13.215855541983634
Maruti Suzuki,10,84000.0,Manual,second,petrol,238000,12.380030154325457
Mahindra,12,80000.0,Automatic,second,diesel,410000,12.923914877701906
Tata,8,70000.0,Manual,second,diesel,475000,13.07107218827772
Toyota,5,90000.0,Automatic,first,petrol,620000,13.3374763699232
Toyota,8,140000.0,Manual,first,diesel,1325000,14.096923772119156
Maruti Suzuki,6,62000.0,Manual,second,hybrid/cng,570000,13.25339339419516
Hyundai,2,89000.0,Automatic,first,diesel,1651000,14.316892328595602
Kia,5,79273.0,Manual,first,petrol,950000,13.76421831620775
Maruti Suzuki,10,56000.0,Manual,second,petrol,345000,12.75130259456002
Hyundai,7,43000.0,Manual,second,petrol,190000,12.154784614286667
Maruti Suzuki,14,70000.0,Manual,second,petrol,255000,12.449022745701502
Maruti Suzuki,10,70000.0,Manual,second,petrol,235000,12.367345048436391
Chevrolet,11,70000.0,Manual,second,hybrid/cng,269000,12.502470376049185
Maruti Suzuki,7,81000.0,Automatic,second,diesel,800000,13.592368256649284
Audi,9,73930.0,Automatic,second,diesel,1499000,14.22030944419592
Hyundai,11,59000.0,Manual,second,petrol,98000,11.49273296168228
Chevrolet,13,142000.0,Automatic,first,hybrid/cng,180000,12.100717685412471
Honda,12,72000.0,Manual,second,hybrid/cng,259000,12.464587201678082
Maruti Suzuki,12,52000.0,Manual,second,hybrid/cng,260000,12.468440756144114
Toyota,11,170000.0,Manual,second,diesel,1250000,14.038654909278163
Ford,6,40230.0,Automatic,first,hybrid/cng,775000,13.560619598657233
Maruti Suzuki,6,300000.0,Automatic,first,diesel,699000,13.457407451830088
Hyundai,6,81000.0,Automatic,second,hybrid/cng,355000,12.779875885354993
Hyundai,3,88000.0,Manual,first,hybrid/cng,575000,13.26212705890841
Hyundai,2,20012.0,Automatic,first,petrol,1645000,14.31325155008416
Hyundai,13,300000.0,Manual,second,hybrid/cng,155000,11.951186847493476
Maruti Suzuki,6,80000.0,Automatic,second,hybrid/cng,350000,12.765691290604371
Honda,3,60180.0,Automatic,first,petrol,1170000,13.972515161474428
Maruti Suzuki,12,148000.0,Manual,second,diesel,240000,12.388398368982115
Maruti Suzuki,5,59000.0,Manual,first,hybrid/cng,525000,13.171155446333852
Hyundai,14,68000.0,Manual,first,hybrid/cng,111000,11.6172944892629
Datsun,10,23000.0,Manual,second,petrol,249999,12.429216196844383
Maruti Suzuki,15,65000.0,Automatic,second,hybrid/cng,72000,11.184435286790631
Bajaj,5,31000.0,Manual,second,hybrid/cng,199000,12.201065128819632
Hyundai,3,64000.0,Manual,first,hybrid/cng,465000,13.049794835104816
Maruti Suzuki,7,300000.0,Automatic,first,hybrid/cng,525000,13.171155446333852
Tata,6,61000.0,Automatic,first,hybrid/cng,599000,13.303018546545275
Hyundai,13,51000.0,Manual,first,petrol,170000,12.04355959836804
Hyundai,6,32000.0,Automatic,first,petrol,1190000,13.989464705423494
Mahindra,5,24200.0,Manual,first,diesel,899999,13.710150042306449
Maruti Suzuki,14,85000.0,Manual,first,hybrid/cng,110000,11.608244735642321
Mahindra,9,75000.0,Manual,first,diesel,745000,13.521140839642674
Maruti Suzuki,7,61300.0,Automatic,second,hybrid/cng,525000,13.171155446333852
Hyundai,14,90000.0,Manual,second,diesel,200000,12.206077645517674
Jeep,6,25300.0,Manual,second,petrol,975000,13.790193775620484
Maruti Suzuki,14,35000.0,Manual,first,hybrid/cng,230000,12.345838935721968
Tata,7,51000.0,Automatic,second,hybrid/cng,360000,12.793862088206213
Mahindra,12,88441.0,Manual,second,diesel,485000,13.091906231773164
Tata,2,53000.0,Automatic,first,diesel,950000,13.76421831620775
Maruti Suzuki,2,26600.0,Manual,second,petrol,545000,13.208542908506082
Chevrolet,13,140000.0,Automatic,first,hybrid/cng,69000,11.141876276228
Hyundai,6,30000.0,Manual,second,petrol,445000,13.005831808336863
Honda,8,60000.0,Automatic,second,petrol,795000,13.586098651497313
Mahindra,3,75000.0,Automatic,second,diesel,790000,13.579789490265188
Hyundai,2,24000.0,Manual,second,petrol,635000,13.361381852676738
Hyundai,2,16000.0,Automatic,second,diesel,1650000,14.316286451937186
Maruti Suzuki,12,97000.0,Manual,second,hybrid/cng,255000,12.449022745701502
Hyundai,5,89576.0,Manual,first,petrol,465111,13.050033515782383
Honda,8,80000.0,Manual,first,diesel,483000,13.087774003025942
Hyundai,13,51000.0,Manual,second,petrol,190000,12.154784614286667
Maruti Suzuki,7,78647.0,Manual,second,hybrid/cng,247000,12.417147664184915
Maruti Suzuki,5,35000.0,Automatic,first,diesel,1045000,13.85952840031839
Maruti Suzuki,3,80000.0,Automatic,first,petrol,685000,13.437175577097312
Mahindra,7,75000.0,Manual,first,diesel,435000,12.983103608918753
Mahindra,9,88000.0,Manual,second,diesel,850000,13.652992804936396
Maruti Suzuki,1,62000.0,Manual,first,hybrid/cng,820000,13.617060838751888
BMW,3,200000.0,Automatic,first,petrol,3490000,15.06541258071152
Audi,10,50000.0,Automatic,first,diesel,2450000,14.711598990684092
Toyota,5,65000.0,Automatic,first,hybrid/cng,2900000,14.88022163978423
Hyundai,13,34000.0,Manual,first,petrol,250000,12.429220196836383
Maruti Suzuki,7,62000.0,Automatic,second,hybrid/cng,359000,12.791080452981857
Maruti Suzuki,13,132000.0,Manual,second,petrol,148000,11.904974309480183
Maruti Suzuki,6,66000.0,Automatic,first,petrol,700000,13.45883704259595
Maruti Suzuki,5,51000.0,Automatic,first,petrol,545000,13.208542908506082
Maruti Suzuki,13,95000.0,Automatic,second,hybrid/cng,135000,11.813037464800539
Maruti Suzuki,6,44000.0,Manual,first,diesel,810000,13.60479076121576
Tata,4,32000.0,Manual,first,hybrid/cng,570000,13.25339339419516
Toyota,5,81000.0,Automatic,first,diesel,3150000,14.962913328262083
Honda,9,89000.0,Manual,second,hybrid/cng,320000,12.676079399771027
Mahindra,7,73000.0,Manual,first,diesel,690000,13.444448325847754
Volkswagen,3,61000.0,Automatic,first,petrol,1575000,14.269766465162304
Mahindra,8,70000.0,Manual,second,petrol,160000,11.982935344196433
Maruti Suzuki,3,80000.0,Manual,first,hybrid/cng,495000,13.112315061750808
Honda,13,85000.0,Automatic,second,hybrid/cng,361000,12.796636007394284
MG,3,18000.0,Automatic,first,diesel,3298000,15.008827085315705
Maruti Suzuki,3,73000.0,Manual,first,hybrid/cng,1030000,13.845070331079134
Rolls-Royce,5,2.0,Automatic,first,hybrid/cng,235000,12.367345048436391
Maruti Suzuki,4,72000.0,Manual,first,hybrid/cng,455000,13.02805489573287
Honda,13,100000.0,Automatic,second,petrol,200000,12.206077645517674
Skoda,10,70000.0,Manual,second,diesel,394888,12.886359991733576
BMW,3,18000.0,Automatic,first,diesel,4650000,15.35237799261728
Volvo,4,41000.0,Automatic,first,diesel,4775000,15.37890474132103
Toyota,2,45000.0,Automatic,first,hybrid/cng,1900000,14.45736497045232
Mahindra,9,91252.0,Manual,second,diesel,910000,13.721200977393528
Toyota,8,49500.0,Automatic,first,hybrid/cng,1650000,14.316286451937186
Maruti Suzuki,3,81000.0,Manual,first,hybrid/cng,975000,13.790193775620484
Tata,7,98623.0,Automatic,first,diesel,635000,13.361381852676738
Toyota,13,159000.0,Manual,second,diesel,1025000,13.840204146163925
Honda,10,68000.0,Manual,second,hybrid/cng,425000,12.959846800844963
Renault,4,42000.0,Manual,second,petrol,335000,12.721888795877375
Maruti Suzuki,10,100000.0,Manual,second,hybrid/cng,290000,12.577639650232573
Maruti Suzuki,2,72000.0,Manual,first,petrol,350000,12.765691290604371
Mahindra,7,69000.0,Automatic,first,diesel,825000,13.623139877437296
Mahindra,1,31000.0,Automatic,first,petrol,1280000,14.062371417145494
Tata,7,87000.0,Manual,second,diesel,450000,13.017005083966255
Maruti Suzuki,10,110000.0,Automatic,first,hybrid/cng,310000,12.644330802262578
Honda,7,73000.0,Manual,second,hybrid/cng,665000,13.407543823396258
Maruti Suzuki,3,65999.0,Manual,first,hybrid/cng,553000,13.223115088821102
Skoda,15,90241.0,Automatic,second,petrol,350000,12.765691290604371
Maruti Suzuki,3,86000.0,Automatic,first,petrol,900000,13.710151153416941
Maruti Suzuki,5,91000.0,Manual,second,hybrid/cng,619999,13.337474757021274
Maruti Suzuki,6,61585.0,Automatic,first,petrol,570000,13.25339339419516
Maruti Suzuki,3,29000.0,Manual,first,hybrid/cng,570000,13.25339339419516
Mahindra,3,5000.0,Manual,second,petrol,1265000,14.05058347065728
Honda,5,42000.0,Manual,first,petrol,585000,13.279368835614243
Maruti Suzuki,7,52358.0,Automatic,first,hybrid/cng,299000,12.608202196848836
Tata,0,3000.0,Automatic,first,hybrid/cng,850000,13.652992804936396
Maruti Suzuki,7,50000.0,Manual,first,diesel,595000,13.296318365198623
Maruti Suzuki,5,35492.0,Automatic,first,hybrid/cng,370000,12.821260987319457
Maruti Suzuki,5,40000.0,Manual,second,petrol,615000,13.329379172803593
Hyundai,4,172000.0,Manual,second,diesel,545000,13.208542908506082
Hyundai,4,60000.0,Manual,second,petrol,475000,13.07107218827772
Renault,8,30000.0,Automatic,second,petrol,290000,12.577639650232573
Maruti Suzuki,1,25230.0,Manual,first,hybrid/cng,425000,12.959846800844963
Maruti Suzuki,8,120000.0,Automatic,first,hybrid/cng,250000,12.429220196836383
Maruti Suzuki,2,15899.0,Automatic,second,petrol,655000,13.39239204133378
Mercedes-Benz,15,85000.0,Automatic,second,diesel,1175000,13.976779556623864
Hyundai,6,79879.0,Automatic,second,diesel,855000,13.658857917508856
Hyundai,5,78690.0,Manual,first,diesel,530000,13.180634172318978
Nissan,10,70000.0,Automatic,second,hybrid/cng,285000,12.560247968016562
Maruti Suzuki,1,22000.0,Manual,first,hybrid/cng,1170000,13.972515161474428
Hyundai,13,39000.0,Manual,first,petrol,265000,12.487488878546145
Maruti Suzuki,7,300000.0,Automatic,second,hybrid/cng,400000,12.899222326086994
Hyundai,9,75000.0,Manual,second,hybrid/cng,375000,12.834683971615659
Toyota,3,44000.0,Automatic,first,diesel,3050000,14.930652476452392
Maruti Suzuki,1,49000.0,Manual,first,hybrid/cng,720000,13.487007879880162
Mercedes-Benz,14,96000.0,Automatic,second,diesel,950000,13.76421831620775
Skoda,7,36000.0,Automatic,first,petrol,599000,13.303018546545275
Toyota,1,19000.0,Automatic,first,hybrid/cng,1750000,14.375126917328105
Maruti Suzuki,10,65000.0,Manual,second,hybrid/cng,255000,12.449022745701502
Maruti Suzuki,4,70000.0,Manual,first,hybrid/cng,750000,13.527829818844937
Maruti Suzuki,8,54000.0,Manual,second,hybrid/cng,675000,13.42246945133505
Honda,11,95000.0,Automatic,first,petrol,399000,12.896719202134523
BMW,7,59000.0,Automatic,first,diesel,1300000,14.077875591662238
Maruti Suzuki,0,19000.0,Automatic,first,petrol,725000,13.493928313146206
Volkswagen,6,64400.0,Automatic,first,petrol,800000,13.592368256649284
Hyundai,7,300000.0,Manual,first,diesel,480000,13.081543466215237
Mercedes-Benz,1,60000.0,Automatic,first,diesel,6300000,15.656060350091908
Toyota,9,97000.0,Automatic,second,petrol,1250000,14.038654909278163
Toyota,7,119500.0,Automatic,second,petrol,1500000,14.220976332738882
Maruti Suzuki,0,35000.0,Automatic,first,hybrid/cng,230000,12.345838935721968
Maruti Suzuki,7,23111.0,Automatic,first,hybrid/cng,425001,12.959849153777833
Hyundai,13,132000.0,Automatic,second,petrol,300000,12.611541086966115
Mercedes-Benz,9,300000.0,Automatic,first,diesel,1825000,14.417091092943783
Maruti Suzuki,3,63250.0,Manual,first,hybrid/cng,525111,13.171366852154774
Hyundai,9,79000.0,Manual,first,hybrid/cng,465000,13.049794835104816
Mahindra,8,73000.0,Automatic,first,diesel,390000,12.873904582205107
Mahindra,2,14555.0,Automatic,first,diesel,1095000,13.90626583447433
Renault,9,75000.0,Manual,second,diesel,200000,12.206077645517674
Mercedes-Benz,3,41000.0,Automatic,first,diesel,5100000,15.444751293772967
Maruti Suzuki,4,45000.0,Automatic,second,hybrid/cng,1020000,13.83531416565213
Hyundai,13,69298.0,Manual,second,petrol,215000,12.278397958261774
Hyundai,15,129000.0,Manual,second,petrol,120000,11.695255355062795
Toyota,9,78000.0,Automatic,first,hybrid/cng,801000,13.593617474489168
Toyota,6,148000.0,Automatic,first,diesel,1225000,14.018452218287162
Jeep,4,12672.0,Automatic,first,petrol,1645000,14.31325155008416
Mercedes-Benz,9,59000.0,Automatic,second,diesel,1550000,14.253766134056512
Maruti Suzuki,4,181000.0,Manual,second,hybrid/cng,880000,13.68767832281738
Hyundai,3,26000.0,Automatic,first,petrol,915000,13.726680437153236
Mahindra,2,18000.0,Automatic,first,diesel,1600000,14.285514812209815
Ford,5,300000.0,Automatic,first,hybrid/cng,775000,13.560619598657233
Hyundai,2,50000.0,Automatic,second,hybrid/cng,580000,13.270785106659046
Honda,7,51000.0,Automatic,second,hybrid/cng,750000,13.527829818844937
Mercedes-Benz,8,68888.0,Automatic,second,diesel,1875000,14.444119750719839
Maruti Suzuki,14,71568.0,Automatic,second,petrol,198000,12.19602736016897
Maruti Suzuki,6,72523.0,Automatic,first,diesel,649999,13.38472764187182
Hyundai,5,80000.0,Automatic,first,hybrid/cng,725000,13.493928313146206
Ford,5,57000.0,Manual,first,diesel,675000,13.42246945133505
Skoda,6,22000.0,Automatic,second,petrol,1650000,14.316286451937186
Hyundai,4,43772.0,Automatic,first,petrol,1099000,13.909912143303451
Hyundai,2,6000.0,Manual,first,petrol,875000,13.681980308196241
Hyundai,11,300000.0,Manual,first,petrol,285000,12.560247968016562
Hyundai,8,61000.0,Manual,second,diesel,800000,13.592368256649284
Maruti Suzuki,4,43000.0,Manual,first,hybrid/cng,525000,13.171155446333852
Maruti Suzuki,12,73523.0,Automatic,second,hybrid/cng,160000,11.982935344196433
Honda,9,71000.0,Automatic,first,hybrid/cng,524000,13.169248871698304
Hyundai,5,70000.0,Manual,first,hybrid/cng,849000,13.651815643149092
Maruti Suzuki,4,62000.0,Manual,first,petrol,500000,13.122365377402328
Hyundai,2,24000.0,Manual,first,hybrid/cng,690000,13.444448325847754
Honda,9,69000.0,Manual,first,diesel,295000,12.59473402514672
Maruti Suzuki,8,68000.0,Automatic,second,petrol,400000,12.899222326086994
Tata,7,80000.0,Automatic,first,hybrid/cng,180000,12.100717685412471
Hyundai,3,24000.0,Automatic,first,petrol,495000,13.112315061750808
Ford,7,69000.0,Automatic,first,diesel,2375000,14.680508416503422
Maruti Suzuki,10,75000.0,Manual,first,petrol,295000,12.59473402514672
Hyundai,8,90020.0,Manual,first,petrol,400000,12.899222326086994
Ford,7,105000.0,Manual,second,petrol,638000,13.366095129723817
Renault,6,63000.0,Automatic,first,petrol,325000,12.691583538230217
Maruti Suzuki,11,58000.0,Manual,second,petrol,285000,12.560247968016562
Toyota,15,75000.0,Manual,second,hybrid/cng,235000,12.367345048436391
Honda,8,68000.0,Automatic,first,hybrid/cng,395000,12.886643575525625
Renault,8,48451.0,Manual,first,petrol,245000,12.409017571151187
Volkswagen,11,99000.0,Manual,second,diesel,355000,12.779875885354993
Mahindra,9,102000.0,Automatic,second,diesel,380000,12.847929163278053
Kia,2,68000.0,Manual,first,diesel,1190000,13.989464705423494
Tata,5,86094.0,Manual,first,diesel,639000,13.367661298303675
Hyundai,7,100000.0,Manual,second,diesel,550000,13.217675375388819
Maruti Suzuki,4,78000.0,Manual,first,petrol,490000,13.102162710901053
Maruti Suzuki,6,65630.0,Automatic,first,hybrid/cng,450000,13.017005083966255
Maruti Suzuki,10,78000.0,Manual,second,hybrid/cng,200000,12.206077645517674
Maruti Suzuki,1,7706.0,Manual,first,hybrid/cng,1300000,14.077875591662238
Maruti Suzuki,11,56000.0,Manual,first,hybrid/cng,350000,12.765691290604371
Honda,10,90000.0,Manual,first,diesel,425000,12.959846800844963
Hyundai,4,300000.0,Manual,first,hybrid/cng,590000,13.28787951079572
Maruti Suzuki,14,110000.0,Automatic,second,petrol,250000,12.429220196836383
Mahindra,3,57548.0,Manual,first,diesel,825000,13.623139877437296
Maruti Suzuki,6,60000.0,Manual,first,hybrid/cng,395000,12.886643575525625
Hyundai,10,35000.0,Automatic,second,petrol,400000,12.899222326086994
Hyundai,4,86000.0,Manual,first,diesel,1450000,14.187074804051692
Hyundai,5,40100.0,Automatic,second,petrol,375000,12.834683971615659
Maruti Suzuki,5,45238.0,Manual,second,petrol,299000,12.608202196848836
Hyundai,6,300000.0,Automatic,first,hybrid/cng,450000,13.017005083966255
Tata,2,30618.0,Manual,first,diesel,895999,13.705695691957068
Hyundai,8,131000.0,Manual,second,diesel,730000,13.500801182986649
Honda,9,69000.0,Automatic,first,hybrid/cng,525000,13.171155446333852
Jeep,6,36000.0,Automatic,second,petrol,899000,13.70903942580019
Ford,6,55000.0,Manual,first,diesel,655000,13.39239204133378
Tata,2,8000.0,Automatic,first,petrol,650000,13.384729180332174
Honda,12,71000.0,Manual,first,hybrid/cng,320000,12.676079399771027
Honda,13,80000.0,Automatic,second,hybrid/cng,270000,12.506180941677357
Hyundai,7,45000.0,Manual,first,petrol,395000,12.886643575525625
Maruti Suzuki,0,50000.0,Automatic,first,hybrid/cng,750000,13.527829818844937
Toyota,14,181000.0,Automatic,second,petrol,199999,12.206072645530174
Hyundai,6,51000.0,Manual,first,hybrid/cng,445000,13.005831808336863
Hyundai,8,73000.0,Manual,second,hybrid/cng,560000,13.235693848424024
MG,2,45000.0,Manual,first,diesel,1890000,14.452087916136215
Maruti Suzuki,7,109711.0,Manual,second,hybrid/cng,375000,12.834683971615659
Hyundai,12,72000.0,Automatic,second,hybrid/cng,100000,11.51293546492023
Honda,9,65000.0,Manual,second,hybrid/cng,495000,13.112315061750808
Maruti Suzuki,4,25000.0,Manual,first,petrol,750000,13.527829818844937
Maruti Suzuki,7,80000.0,Automatic,second,hybrid/cng,420000,12.948012371209098
Maruti Suzuki,14,70000.0,Manual,second,petrol,255000,12.449022745701502
Honda,10,78001.0,Manual,first,diesel,451000,13.019224835777257
Honda,5,300000.0,Manual,second,diesel,860000,13.664688831019712
Maruti Suzuki,4,45000.0,Manual,first,hybrid/cng,440000,12.994532278619134
BMW,4,11000.0,Automatic,second,petrol,8500000,15.955576839107596
Honda,3,80100.0,Automatic,first,petrol,1125000,13.933294482509151
BMW,7,82000.0,Automatic,second,diesel,3598000,15.095888971424761
Ford,8,300000.0,Manual,second,petrol,455000,13.02805489573287
Hyundai,11,56000.0,Manual,second,petrol,185000,12.128116509451258
Honda,6,62000.0,Automatic,first,petrol,525000,13.171155446333852
Ford,7,90000.0,Automatic,first,diesel,2050000,14.53335083891935
Volkswagen,10,81000.0,Manual,second,diesel,430000,12.971542813248437
Maruti Suzuki,2,45000.0,Manual,first,hybrid/cng,645000,13.377007146164305
Maruti Suzuki,8,110000.0,Automatic,first,diesel,285000,12.560247968016562
Volkswagen,11,300000.0,Automatic,first,petrol,435000,12.983103608918753
Mahindra,11,99000.0,Manual,second,diesel,630000,13.353476685668044
Hyundai,7,80000.0,Manual,second,petrol,299000,12.608202196848836
Honda,11,99000.0,Manual,first,diesel,395000,12.886643575525625
Hyundai,9,300000.0,Manual,first,petrol,490000,13.102162710901053
Hyundai,7,300000.0,Manual,first,hybrid/cng,375000,12.834683971615659
BMW,7,58500.0,Automatic,second,diesel,4050000,15.214227685996272
Maruti Suzuki,6,83500.0,Automatic,first,diesel,680000,13.429849547739444
Skoda,2,19000.0,Automatic,second,petrol,2290000,14.64406281221155
Ford,7,72000.0,Automatic,first,diesel,1850000,14.430696737594902
Maruti Suzuki,9,51700.0,Manual,second,petrol,425000,12.959846800844963
Renault,4,37000.0,Manual,first,petrol,399000,12.896719202134523
Porsche,7,16800.0,Automatic,second,diesel,6900000,15.747032114495013
Maruti Suzuki,3,38500.0,Manual,first,hybrid/cng,539000,13.197472705176983
Maruti Suzuki,11,90000.0,Automatic,second,hybrid/cng,200000,12.206077645517674
Toyota,10,167000.0,Manual,second,diesel,1200000,13.997832948091215
Maruti Suzuki,13,77211.0,Manual,second,petrol,270000,12.506180941677357
Volkswagen,4,35000.0,Automatic,first,petrol,1185000,13.98525417643287
Honda,11,55000.0,Manual,second,petrol,379799,12.847400077360323
Mahindra,1,17000.0,Automatic,first,diesel,2199000,14.603513724288955
Maruti Suzuki,2,175110.0,Manual,first,petrol,865000,13.670485941982712
Toyota,9,145000.0,Manual,second,diesel,539000,13.197472705176983
Maruti Suzuki,3,65000.0,Manual,first,petrol,680000,13.429849547739444
Hyundai,7,76000.0,Manual,first,diesel,880000,13.68767832281738
Maruti Suzuki,10,34000.0,Automatic,second,petrol,235000,12.367345048436391
Hyundai,7,74310.0,Automatic,second,diesel,1025000,13.840204146163925
Maruti Suzuki,8,78000.0,Manual,second,diesel,520000,13.161586013632684
Mahindra,0,5000.0,Automatic,first,hybrid/cng,1000000,13.815511557963774
Toyota,8,118000.0,Automatic,first,petrol,799000,13.591117476312084
Ford,8,50000.0,Manual,second,petrol,330000,12.706850963741102
Mahindra,6,71000.0,Manual,first,diesel,895000,13.704580114574805
Tata,8,50000.0,Automatic,second,hybrid/cng,90000,11.407576060361786
Maruti Suzuki,5,61000.0,Automatic,first,petrol,600000,13.304686600863562
Toyota,4,106000.0,Manual,first,diesel,2250000,14.626441218624949
Ford,7,60000.0,Automatic,first,diesel,1995000,14.506155109559108
Maruti Suzuki,2,80000.0,Automatic,first,hybrid/cng,520000,13.161586013632684
Jeep,2,21000.0,Automatic,first,diesel,2525111,14.741795976143523
Hyundai,5,55000.0,Manual,first,hybrid/cng,495000,13.112315061750808
Maruti Suzuki,7,45000.0,Manual,first,petrol,290000,12.577639650232573
Maruti Suzuki,9,10.0,Manual,second,hybrid/cng,380000,12.847929163278053
Maruti Suzuki,10,59000.0,Manual,second,petrol,398000,12.894209796826232
Honda,10,79000.0,Manual,second,hybrid/cng,445000,13.005831808336863
Maruti Suzuki,6,46000.0,Automatic,second,petrol,670000,13.415034483903348
Maruti Suzuki,2,9665.0,Automatic,first,petrol,690000,13.444448325847754
Hyundai,13,81851.0,Manual,first,petrol,249999,12.429216196844383
Maruti Suzuki,4,30000.0,Manual,first,petrol,875000,13.681980308196241
Kia,3,29000.0,Automatic,first,petrol,1075000,13.887832149776026
Maruti Suzuki,2,40000.0,Automatic,first,diesel,765000,13.547632419997361
Maruti Suzuki,8,117000.0,Manual,second,diesel,570000,13.25339339419516
Maruti Suzuki,1,8235.0,Manual,first,petrol,795000,13.586098651497313
Hyundai,14,90000.0,Automatic,second,petrol,175999,12.078239274020289
Honda,7,45730.0,Automatic,second,hybrid/cng,710000,13.47302165746721
Ford,10,300000.0,Automatic,second,petrol,520000,13.161586013632684
Maruti Suzuki,2,66000.0,Manual,second,hybrid/cng,525000,13.171155446333852
Maruti Suzuki,5,155000.0,Manual,second,hybrid/cng,440000,12.994532278619134
Maruti Suzuki,11,152000.0,Manual,first,diesel,400000,12.899222326086994
Maruti Suzuki,6,80000.0,Automatic,first,hybrid/cng,455000,13.02805489573287
Chevrolet,8,120000.0,Manual,second,diesel,240000,12.388398368982115
Hyundai,7,65000.0,Manual,second,hybrid/cng,374000,12.832013750189885
Maruti Suzuki,13,38000.0,Automatic,first,petrol,265000,12.487488878546145
Maruti Suzuki,13,90000.0,Automatic,second,hybrid/cng,160000,11.982935344196433
Maruti Suzuki,6,19000.0,Automatic,first,petrol,375000,12.834683971615659
Maruti Suzuki,12,65500.0,Manual,first,diesel,330000,12.706850963741102
Ford,9,78000.0,Manual,second,diesel,340000,12.73670383776449
Mercedes-Benz,4,9500.0,Automatic,first,diesel,9000000,16.012735246411598
Ford,5,41538.0,Automatic,first,hybrid/cng,775000,13.560619598657233
Volkswagen,11,90233.0,Manual,first,diesel,699999,13.458835614025542
Maruti Suzuki,5,83000.0,Automatic,first,diesel,775000,13.560619598657233
Hyundai,7,81000.0,Automatic,first,petrol,725000,13.493928313146206
Hyundai,13,100000.0,Automatic,second,hybrid/cng,95000,11.461642696843066
Volkswagen,9,77200.0,Automatic,second,petrol,449999,13.017002861746503
Hyundai,1,41000.0,Automatic,first,hybrid/cng,200000,12.206077645517674
Hyundai,15,88000.0,Automatic,second,petrol,290000,12.577639650232573
Chevrolet,14,112329.0,Manual,second,hybrid/cng,115000,11.652696102959753
Hyundai,15,119725.0,Manual,second,petrol,190000,12.154784614286667
Maruti Suzuki,7,52145.0,Manual,first,diesel,580000,13.270785106659046
Mercedes-Benz,1,7000.0,Automatic,first,diesel,3800000,15.150511887854474
Maruti Suzuki,5,63000.0,Manual,first,diesel,845000,13.647093089770562
Audi,6,48000.0,Automatic,second,diesel,2475000,14.72175135802525
Maruti Suzuki,1,27000.0,Automatic,first,hybrid/cng,1670000,14.328334783195153
Hyundai,13,75000.0,Manual,second,hybrid/cng,180000,12.100717685412471
Maruti Suzuki,11,67980.0,Manual,first,petrol,299000,12.608202196848836
Mahindra,9,72000.0,Manual,second,diesel,690000,13.444448325847754
Toyota,12,86000.0,Manual,first,diesel,345000,12.75130259456002
Tata,5,20000.0,Automatic,second,petrol,579000,13.269059483669357
Honda,4,33000.0,Automatic,first,petrol,1185000,13.98525417643287
Hyundai,4,80899.0,Manual,first,diesel,1300000,14.077875591662238
Mercedes-Benz,6,63000.0,Automatic,first,diesel,4350000,15.285686632949897
Maruti Suzuki,10,70000.0,Manual,second,hybrid/cng,220000,12.301387370778713
BMW,10,94000.0,Automatic,second,diesel,1349000,14.114874876479462
Maruti Suzuki,7,22270.0,Manual,first,petrol,425000,12.959846800844963
Honda,8,86000.0,Manual,second,diesel,460000,13.038983942375959
Honda,13,86530.0,Manual,second,hybrid/cng,225000,12.323860125621126
Maruti Suzuki,7,85000.0,Automatic,second,hybrid/cng,305000,12.628070334272698
Maruti Suzuki,13,117000.0,Manual,first,diesel,249999,12.429216196844383
Mercedes-Benz,8,84067.0,Automatic,first,diesel,2575000,14.761360480429413
Maruti Suzuki,13,80000.0,Automatic,second,petrol,89000,11.39640288460621
Maruti Suzuki,1,40000.0,Manual,second,hybrid/cng,550000,13.217675375388819
Hyundai,13,47000.0,Manual,second,petrol,265000,12.487488878546145
Maruti Suzuki,2,300000.0,Manual,second,hybrid/cng,1075000,13.887832149776026
Toyota,5,71000.0,Manual,first,diesel,1625000,14.301018989130402
Maruti Suzuki,3,49780.0,Manual,first,petrol,894000,13.703462172723258
Maruti Suzuki,10,27000.0,Manual,first,petrol,435000,12.983103608918753
Toyota,4,36000.0,Automatic,first,hybrid/cng,2800000,14.845130332288226
Honda,9,71000.0,Manual,first,petrol,275000,12.524530013005734
Audi,9,84000.0,Automatic,first,diesel,1951000,14.48385313216278
Maruti Suzuki,4,19150.0,Automatic,first,petrol,700000,13.45883704259595
Audi,10,65000.0,Automatic,second,diesel,990000,13.805461232211272
Jeep,6,113000.0,Manual,second,diesel,895000,13.704580114574805
Mahindra,9,78000.0,Manual,second,diesel,399000,12.896719202134523
Volkswagen,7,91000.0,Automatic,second,petrol,775000,13.560619598657233
Maruti Suzuki,10,70000.0,Manual,first,hybrid/cng,340000,12.73670383776449
Hyundai,5,40000.0,Manual,first,hybrid/cng,545000,13.208542908506082
Mahindra,2,14555.0,Automatic,first,diesel,1095000,13.90626583447433
Maruti Suzuki,1,3000.0,Manual,first,petrol,1300000,14.077875591662238
Mahindra,9,300000.0,Manual,first,diesel,1095000,13.90626583447433
Mahindra,11,81000.0,Manual,first,diesel,575000,13.26212705890841
Chevrolet,14,25000.0,Manual,second,petrol,130000,11.775297421715827
Maruti Suzuki,5,60000.0,Automatic,first,hybrid/cng,511000,13.144126826131089
Tata,4,58000.0,Automatic,first,hybrid/cng,575000,13.26212705890841
BMW,1,3500.0,Automatic,first,petrol,5610000,15.540061455751983
Maruti Suzuki,8,56000.0,Automatic,first,petrol,525000,13.171155446333852
Maruti Suzuki,4,70000.0,Manual,first,hybrid/cng,425000,12.959846800844963
Hyundai,2,72000.0,Automatic,first,diesel,1545000,14.250535115562965
Maruti Suzuki,4,50000.0,Manual,second,petrol,475000,13.07107218827772
Maruti Suzuki,14,50000.0,Manual,second,hybrid/cng,135000,11.813037464800539
Tata,5,38096.0,Manual,first,diesel,650000,13.384729180332174
Mahindra,10,83000.0,Automatic,second,diesel,525000,13.171155446333852
Mercedes-Benz,10,300000.0,Automatic,second,diesel,2990000,14.910784279814974
Maruti Suzuki,3,62000.0,Manual,first,hybrid/cng,450000,13.017005083966255
Maruti Suzuki,3,165000.0,Automatic,first,hybrid/cng,540000,13.199326270390594
Maruti Suzuki,7,61000.0,Automatic,second,hybrid/cng,465000,13.049794835104816
Chevrolet,12,78000.0,Automatic,second,diesel,350000,12.765691290604371
Hyundai,10,88000.0,Manual,second,hybrid/cng,399000,12.896719202134523
Maruti Suzuki,8,84500.0,Manual,first,diesel,626000,13.347107247525049
Maruti Suzuki,6,94000.0,Automatic,first,hybrid/cng,510000,13.1421679654829
Hyundai,7,41000.0,Automatic,first,hybrid/cng,699000,13.457407451830088
Hyundai,6,78000.0,Manual,first,diesel,875000,13.681980308196241
Maruti Suzuki,6,286000.0,Automatic,first,hybrid/cng,245000,12.409017571151187
Maruti Suzuki,8,85000.0,Manual,second,hybrid/cng,345000,12.75130259456002
Honda,9,117000.0,Manual,second,petrol,300000,12.611541086966115
Toyota,13,89000.0,Automatic,second,hybrid/cng,365000,12.807655372286902
Mahindra,8,111821.0,Manual,first,diesel,750000,13.527829818844937
Maruti Suzuki,12,148723.0,Manual,second,hybrid/cng,360000,12.793862088206213
Hyundai,12,77000.0,Automatic,second,hybrid/cng,165000,12.013706813470414
Honda,5,45000.0,Automatic,second,petrol,845000,13.647093089770562
Maruti Suzuki,13,84750.0,Manual,second,hybrid/cng,165000,12.013706813470414
Hyundai,3,8000.0,Automatic,second,petrol,675000,13.42246945133505
Renault,5,160000.0,Automatic,first,petrol,420000,12.948012371209098
Maruti Suzuki,7,60000.0,Manual,second,petrol,500000,13.122365377402328
Toyota,9,81000.0,Manual,first,diesel,459000,13.036807667689546
Honda,5,38000.0,Manual,first,petrol,640000,13.369225017834633
Mercedes-Benz,6,63000.0,Automatic,second,diesel,1800000,14.403297778421795
Mahindra,6,51000.0,Automatic,first,diesel,1035000,13.849912950864715
Maruti Suzuki,6,68000.0,Manual,first,diesel,430000,12.971542813248437
Nissan,12,108000.0,Manual,second,diesel,300000,12.611541086966115
Volvo,4,55000.0,Automatic,first,diesel,4500000,15.319588176962746
Hyundai,11,68000.0,Manual,first,hybrid/cng,298000,12.604852121186608
Maruti Suzuki,5,68000.0,Manual,first,hybrid/cng,967000,13.78195480856106
Mini,9,300000.0,Automatic,first,diesel,2000000,14.508658238524095
Toyota,15,92000.0,Automatic,second,hybrid/cng,370000,12.821260987319457
Mercedes-Benz,7,300000.0,Automatic,first,diesel,2399000,14.690562958662095
Hyundai,10,52000.0,Manual,first,petrol,245000,12.409017571151187
Maruti Suzuki,6,75000.0,Manual,second,diesel,550000,13.217675375388819
Maruti Suzuki,1,97000.0,Automatic,first,hybrid/cng,740000,13.51440681653079
Tata,1,29000.0,Manual,first,hybrid/cng,875000,13.681980308196241
Maruti Suzuki,3,52000.0,Automatic,first,hybrid/cng,500000,13.122365377402328
BMW,12,75000.0,Automatic,second,diesel,1525000,14.23750562376114
Maruti Suzuki,9,48000.0,Manual,first,hybrid/cng,741000,13.51575725380498
Maruti Suzuki,14,87000.0,Manual,second,hybrid/cng,150000,11.918397239722838
Maruti Suzuki,8,103000.0,Manual,second,petrol,350000,12.765691290604371
Maruti Suzuki,17,75000.0,Manual,second,hybrid/cng,75000,11.225256725762893
Maruti Suzuki,8,300000.0,Manual,first,diesel,550000,13.217675375388819
Maruti Suzuki,1,21000.0,Automatic,first,hybrid/cng,1260000,14.04662307257814
Honda,15,85000.0,Automatic,second,hybrid/cng,351000,12.768544351446794
Maruti Suzuki,7,82000.0,Manual,first,diesel,720000,13.487007879880162
Nissan,11,50000.0,Manual,second,petrol,245000,12.409017571151187
Mercedes-Benz,10,157000.0,Automatic,second,diesel,1275000,14.058457520888082
Volkswagen,11,113000.0,Automatic,second,hybrid/cng,350000,12.765691290604371
Toyota,9,160.0,Automatic,second,hybrid/cng,999999,13.815510557964274
Audi,10,16500.0,Automatic,first,diesel,1590000,14.279245203127035
Mahindra,2,52000.0,Manual,first,diesel,1375000,14.13396501635527
Hyundai,10,102000.0,Automatic,second,petrol,575000,13.26212705890841
Mini,9,36338.0,Automatic,first,diesel,2700000,14.80876270134486
Fiat,12,65000.0,Manual,second,diesel,199000,12.201065128819632
Maruti Suzuki,9,123000.0,Manual,second,petrol,350000,12.765691290604371
Audi,10,300000.0,Automatic,first,diesel,750000,13.527829818844937
Hyundai,5,300000.0,Automatic,first,diesel,1075000,13.887832149776026
Ford,7,99000.0,Manual,first,diesel,790000,13.579789490265188
Mahindra,7,82000.0,Manual,first,diesel,680000,13.429849547739444
Hyundai,4,23000.0,Manual,first,petrol,599000,13.303018546545275
Honda,4,300000.0,Manual,first,diesel,49000,10.799595985047786
Audi,11,78649.0,Automatic,second,diesel,975000,13.790193775620484
Maruti Suzuki,0,25000.0,Automatic,first,hybrid/cng,850000,13.652992804936396
Mercedes-Benz,6,85000.0,Automatic,first,diesel,2150000,14.580978865220017
Maruti Suzuki,4,37800.0,Manual,first,petrol,615000,13.329379172803593
Tata,4,58000.0,Automatic,first,hybrid/cng,475000,13.07107218827772
Hyundai,9,54000.0,Automatic,first,hybrid/cng,429000,12.969214528909768
Toyota,15,98000.0,Manual,second,diesel,615000,13.329379172803593
Maruti Suzuki,6,72386.0,Automatic,first,hybrid/cng,690000,13.444448325847754
Mahindra,12,142000.0,Manual,second,diesel,700000,13.45883704259595
Toyota,8,130000.0,Automatic,second,hybrid/cng,1275000,14.058457520888082
Honda,7,88000.0,Manual,second,diesel,525000,13.171155446333852
Mahindra,2,60000.0,Automatic,first,diesel,1373000,14.132509413081962
Maruti Suzuki,13,65000.0,Manual,first,hybrid/cng,250000,12.429220196836383
Maruti Suzuki,3,53000.0,Automatic,second,hybrid/cng,950000,13.76421831620775
Hyundai,5,47500.0,Automatic,second,hybrid/cng,785000,13.573440270649085
Hyundai,3,43000.0,Automatic,first,hybrid/cng,599000,13.303018546545275
Hyundai,7,63441.0,Automatic,first,petrol,950000,13.76421831620775
Honda,5,55000.0,Manual,first,hybrid/cng,825000,13.623139877437296
Honda,10,93000.0,Automatic,first,hybrid/cng,785000,13.573440270649085
Hyundai,7,66000.0,Automatic,first,petrol,520000,13.161586013632684
Hyundai,5,78000.0,Automatic,first,hybrid/cng,540000,13.199326270390594
Nissan,2,30000.0,Automatic,second,petrol,750000,13.527829818844937
Honda,9,48000.0,Manual,second,petrol,425000,12.959846800844963
Maruti Suzuki,3,50000.0,Manual,first,hybrid/cng,580000,13.270785106659046
Hyundai,14,64000.0,Manual,second,petrol,199000,12.201065128819632
Hyundai,10,80000.0,Manual,first,diesel,650000,13.384729180332174
Maruti Suzuki,5,71000.0,Manual,second,diesel,990000,13.805461232211272
Hyundai,6,105000.0,Automatic,second,hybrid/cng,325000,12.691583538230217
Hyundai,6,50000.0,Manual,second,petrol,435000,12.983103608918753
Volvo,7,85000.0,Automatic,second,diesel,1651000,14.316892328595602
Maruti Suzuki,9,39000.0,Manual,first,petrol,445000,13.005831808336863
Kia,4,45759.0,Automatic,first,petrol,1346000,14.112648532128585
Hyundai,11,300000.0,Manual,second,petrol,195000,12.180759965737863
Maruti Suzuki,11,120000.0,Manual,second,hybrid/cng,350000,12.765691290604371
Maruti Suzuki,10,95000.0,Manual,second,hybrid/cng,299999,12.611537753638338
Nissan,11,98530.0,Manual,first,petrol,245000,12.409017571151187
Honda,7,75000.0,Automatic,second,petrol,765000,13.547632419997361
Tata,2,12000.0,Manual,first,petrol,660000,13.399996629152975
Maruti Suzuki,6,114000.0,Manual,second,hybrid/cng,290000,12.577639650232573
Maruti Suzuki,17,75000.0,Automatic,first,hybrid/cng,87000,11.373674891823535
Toyota,13,89000.0,Manual,second,diesel,1050000,13.864301674514206
Volkswagen,7,51000.0,Manual,second,petrol,340000,12.73670383776449
Nissan,7,75000.0,Automatic,second,hybrid/cng,290000,12.577639650232573
Maruti Suzuki,9,300000.0,Manual,first,hybrid/cng,460000,13.038983942375959
Skoda,9,77000.0,Automatic,second,diesel,395000,12.886643575525625
Maruti Suzuki,8,75000.0,Manual,first,hybrid/cng,315000,12.660331092405906
Renault,3,36250.0,Manual,first,petrol,575000,13.26212705890841
Hyundai,14,105000.0,Manual,second,petrol,130000,11.775297421715827
Maruti Suzuki,7,124000.0,Manual,second,diesel,515000,13.151924121391561
Maruti Suzuki,7,164963.0,Automatic,first,hybrid/cng,750000,13.527829818844937
Mahindra,2,40000.0,Manual,first,diesel,1420000,14.166168133802548
Toyota,8,110000.0,Manual,second,petrol,430000,12.971542813248437
Hyundai,6,66200.0,Manual,second,hybrid/cng,320000,12.676079399771027
Maruti Suzuki,7,53000.0,Automatic,first,hybrid/cng,465000,13.049794835104816
Nissan,11,300000.0,Manual,first,diesel,320000,12.676079399771027
Maruti Suzuki,2,54000.0,Manual,first,hybrid/cng,1125000,13.933294482509151
Hyundai,10,81000.0,Manual,second,hybrid/cng,190000,12.154784614286667
Maruti Suzuki,15,71000.0,Manual,second,petrol,145000,11.884495917930655
Hyundai,13,149000.0,Automatic,second,hybrid/cng,110000,11.608244735642321
Renault,4,65000.0,Manual,first,petrol,305000,12.628070334272698
Hyundai,14,55000.0,Automatic,second,hybrid/cng,220000,12.301387370778713
Maruti Suzuki,9,125000.0,Automatic,second,hybrid/cng,600000,13.304686600863562
Mahindra,8,76000.0,Manual,first,diesel,325000,12.691583538230217
Maruti Suzuki,13,57327.0,Automatic,second,hybrid/cng,135000,11.813037464800539
Hyundai,5,41000.0,Manual,first,petrol,425000,12.959846800844963
Porsche,10,7000.0,Automatic,first,petrol,8400000,15.943742382861155
Audi,9,50000.0,Automatic,second,diesel,1575000,14.269766465162304
Maruti Suzuki,3,31000.0,Manual,first,petrol,520000,13.161586013632684
BMW,11,90000.0,Automatic,second,diesel,899000,13.70903942580019
Hyundai,13,300000.0,Manual,first,petrol,345000,12.75130259456002
Hyundai,8,65000.0,Manual,first,petrol,400000,12.899222326086994
Kia,2,27300.0,Automatic,second,petrol,1295000,14.07402202531625
Maruti Suzuki,7,70000.0,Automatic,first,petrol,795000,13.586098651497313
Maruti Suzuki,8,29750.0,Manual,second,hybrid/cng,335000,12.721888795877375
Mercedes-Benz,9,300000.0,Automatic,second,petrol,4211000,15.25321094461732
Maruti Suzuki,9,100000.0,Automatic,second,hybrid/cng,300000,12.611541086966115
Volkswagen,8,149000.0,Manual,second,diesel,675000,13.42246945133505
Hyundai,10,82310.0,Manual,second,petrol,360000,12.793862088206213
Nissan,14,300000.0,Manual,first,hybrid/cng,275000,12.524530013005734
Maruti Suzuki,5,300000.0,Manual,second,hybrid/cng,290000,12.577639650232573
Toyota,11,120000.0,Automatic,second,hybrid/cng,450000,13.017005083966255
Toyota,9,202000.0,Manual,second,diesel,450000,13.017005083966255
Toyota,18,78374.0,Manual,second,hybrid/cng,145000,11.884495917930655
Maruti Suzuki,6,128000.0,Automatic,first,diesel,670000,13.415034483903348
Maruti Suzuki,8,80000.0,Manual,second,hybrid/cng,250000,12.429220196836383
Honda,11,46000.0,Automatic,second,petrol,299000,12.608202196848836
BMW,4,76500.0,Automatic,first,diesel,4450000,15.308414878861498
Toyota,10,89000.0,Manual,first,diesel,585000,13.279368835614243
Ford,8,81000.0,Manual,second,diesel,500000,13.122365377402328
Toyota,11,180555.0,Manual,second,diesel,1075000,13.887832149776026
Renault,7,61500.0,Manual,second,petrol,320000,12.676079399771027
Maruti Suzuki,13,88000.0,Manual,second,hybrid/cng,175000,12.07254696717504
Mercedes-Benz,9,82000.0,Automatic,second,diesel,2450000,14.711598990684092
Maruti Suzuki,5,59000.0,Automatic,first,petrol,475000,13.07107218827772
Maruti Suzuki,8,41000.0,Manual,second,petrol,750000,13.527829818844937
Maruti Suzuki,0,180000.0,Manual,second,hybrid/cng,65000,11.082157933374816
Nissan,10,98400.0,Manual,second,diesel,345000,12.75130259456002
Maruti Suzuki,2,26000.0,Automatic,second,petrol,1000000,13.815511557963774
Volkswagen,13,65000.0,Manual,second,diesel,240000,12.388398368982115
Hyundai,10,49000.0,Manual,second,hybrid/cng,450000,13.017005083966255
Tata,8,15.0,Automatic,first,hybrid/cng,150000,11.918397239722838
Volvo,2,20591.0,Automatic,first,hybrid/cng,5275000,15.478489426899847
Maruti Suzuki,6,104000.0,Automatic,first,diesel,695000,13.451668563394815
Mahindra,6,65000.0,Manual,first,diesel,970000,13.785052381406869
Honda,15,80000.0,Automatic,second,hybrid/cng,275000,12.524530013005734
Hyundai,9,38000.0,Manual,first,petrol,500000,13.122365377402328
Toyota,11,106000.0,Automatic,second,hybrid/cng,450000,13.017005083966255
Hyundai,5,123000.0,Automatic,first,hybrid/cng,310000,12.644330802262578
Kia,2,30000.0,Automatic,first,diesel,3850000,15.163583966004193
Toyota,9,160000.0,Manual,second,diesel,1250000,14.038654909278163
Kia,3,65000.0,Automatic,first,diesel,975000,13.790193775620484
Maruti Suzuki,1,9990.0,Automatic,first,hybrid/cng,1100000,13.910821646859095
Maruti Suzuki,13,76000.0,Manual,first,hybrid/cng,200000,12.206077645517674
Maruti Suzuki,5,61000.0,Automatic,first,petrol,645000,13.377007146164305
Toyota,1,7900.0,Automatic,first,diesel,4575000,15.336117475270969
Maruti Suzuki,7,50000.0,Manual,second,hybrid/cng,796000,13.587355721107137
Mercedes-Benz,5,30000.0,Automatic,second,diesel,2499999,14.73180128983843
Maruti Suzuki,4,65874.0,Manual,second,hybrid/cng,490000,13.102162710901053
Mercedes-Benz,6,54855.0,Automatic,first,diesel,6750000,15.72505321099685
Maruti Suzuki,2,170000.0,Automatic,first,hybrid/cng,170000,12.04355959836804
Jaguar,6,35000.0,Automatic,first,diesel,3200000,14.978661680269907
Maruti Suzuki,6,72000.0,Manual,first,hybrid/cng,525000,13.171155446333852
Mercedes-Benz,12,118000.0,Automatic,second,diesel,785000,13.573440270649085
Maruti Suzuki,4,95000.0,Automatic,first,petrol,751000,13.529162262303307
Toyota,16,92000.0,Automatic,second,hybrid/cng,270000,12.506180941677357
Maruti Suzuki,12,110000.0,Automatic,second,hybrid/cng,105000,11.561725152903833
Maruti Suzuki,4,48963.0,Manual,first,hybrid/cng,470000,13.060490101343552
Volkswagen,10,104600.0,Manual,second,diesel,475000,13.07107218827772
Hyundai,14,80000.0,Automatic,second,hybrid/cng,230000,12.345838935721968
Maruti Suzuki,5,65000.0,Manual,first,diesel,399999,12.89921982609012
Volvo,9,300000.0,Automatic,first,diesel,1050000,13.864301674514206
Honda,9,102000.0,Automatic,first,hybrid/cng,400000,12.899222326086994
Maruti Suzuki,7,142000.0,Automatic,second,hybrid/cng,340000,12.73670383776449
Hyundai,7,84000.0,Automatic,second,hybrid/cng,935000,13.74830287778897
Maruti Suzuki,9,56560.0,Manual,first,diesel,300000,12.611541086966115
Honda,16,98000.0,Automatic,second,petrol,350000,12.765691290604371
Ford,6,32000.0,Manual,first,petrol,500000,13.122365377402328
Honda,5,30500.0,Automatic,second,petrol,642000,13.372345140303285
Hyundai,1,83940.0,Manual,first,petrol,1437000,14.178068860955143
Tata,14,60565.0,Manual,second,diesel,280000,12.54254845357358
Maruti Suzuki,5,68000.0,Manual,second,hybrid/cng,410000,12.923914877701906
Audi,8,69000.0,Automatic,second,diesel,2950000,14.897316067298997
Hyundai,3,68000.0,Manual,first,hybrid/cng,695000,13.451668563394815
Hyundai,5,49000.0,Manual,second,hybrid/cng,535000,13.190023895035274
Audi,9,73000.0,Automatic,first,diesel,999000,13.81451105863119
Toyota,10,125000.0,Manual,second,diesel,750000,13.527829818844937
Maruti Suzuki,14,123300.0,Automatic,second,hybrid/cng,180000,12.100717685412471
Maruti Suzuki,6,79000.0,Manual,first,diesel,670000,13.415034483903348
Maruti Suzuki,12,89000.0,Manual,first,diesel,243000,12.400820837540556
Maruti Suzuki,5,78000.0,Manual,first,hybrid/cng,425000,12.959846800844963
Hyundai,10,62000.0,Manual,second,petrol,395000,12.886643575525625
Mahindra,1,49000.0,Manual,first,diesel,1575000,14.269766465162304
Renault,4,68000.0,Automatic,first,hybrid/cng,325000,12.691583538230217
Honda,7,84000.0,Manual,second,petrol,550000,13.217675375388819
Maruti Suzuki,10,180000.0,Automatic,second,hybrid/cng,300000,12.611541086966115
Volvo,5,76000.0,Automatic,first,diesel,2975000,14.905754933096265
Mercedes-Benz,7,150000.0,Automatic,first,diesel,2750000,14.827111833279051
Hyundai,8,82000.0,Manual,second,petrol,300000,12.611541086966115
BMW,12,85000.0,Automatic,first,diesel,800000,13.592368256649284
Mercedes-Benz,1,10000.0,Automatic,first,petrol,5500000,15.520258832020865
BMW,6,43000.0,Automatic,first,diesel,2300000,14.648420115681892
Maruti Suzuki,12,105000.0,Manual,second,hybrid/cng,450000,13.017005083966255
Mahindra,16,203045.0,Manual,first,diesel,390001,12.873907146297809
Maruti Suzuki,7,50000.0,Manual,second,hybrid/cng,500000,13.122365377402328
Hyundai,8,135000.0,Manual,first,diesel,295000,12.59473402514672
Maruti Suzuki,2,69000.0,Manual,first,petrol,665000,13.407543823396258
Volkswagen,11,62000.0,Automatic,second,petrol,325000,12.691583538230217
Chevrolet,13,70000.0,Manual,second,hybrid/cng,199000,12.201065128819632
Toyota,10,110000.0,Automatic,first,hybrid/cng,610000,13.321215875492413
Ford,9,68530.0,Manual,second,diesel,325000,12.691583538230217
Mercedes-Benz,4,42349.0,Automatic,second,diesel,3790000,15.147876840910817
Maruti Suzuki,7,62000.0,Automatic,second,hybrid/cng,340000,12.73670383776449
Maruti Suzuki,7,35866.0,Automatic,first,hybrid/cng,499536,13.12143694840147
Renault,9,78000.0,Manual,first,diesel,450000,13.017005083966255
Maruti Suzuki,0,16500.0,Automatic,first,hybrid/cng,900000,13.710151153416941
Maruti Suzuki,9,65000.0,Automatic,second,petrol,399000,12.896719202134523
Volvo,6,43000.0,Automatic,first,diesel,1890000,14.452087916136215
Maruti Suzuki,13,80000.0,Manual,second,diesel,190000,12.154784614286667
Hyundai,1,28000.0,Automatic,second,diesel,1925000,14.470437045184406
Honda,5,60000.0,Manual,second,hybrid/cng,535000,13.190023895035274
Skoda,9,71000.0,Manual,first,diesel,399000,12.896719202134523
Maruti Suzuki,2,46000.0,Automatic,first,hybrid/cng,1175000,13.976779556623864
Maruti Suzuki,5,150000.0,Automatic,second,hybrid/cng,650000,13.384729180332174
Hyundai,7,100500.0,Manual,second,diesel,345000,12.75130259456002
Maruti Suzuki,2,52000.0,Manual,first,petrol,1175000,13.976779556623864
Hyundai,7,57452.0,Manual,first,petrol,490000,13.102162710901053
Tata,3,24000.0,Automatic,first,petrol,925000,13.73755009757506
Maruti Suzuki,11,126800.0,Manual,second,petrol,360000,12.793862088206213
Mahindra,8,81000.0,Manual,second,diesel,699000,13.457407451830088
Tata,15,120000.0,Manual,second,diesel,130000,11.775297421715827
Hyundai,13,75000.0,Manual,second,petrol,245000,12.409017571151187
Tata,14,160000.0,Manual,second,diesel,280000,12.54254845357358
Honda,13,90000.0,Automatic,second,petrol,399999,12.89921982609012
Maruti Suzuki,0,2000.0,Manual,first,hybrid/cng,1450000,14.187074804051692
Maruti Suzuki,3,170000.0,Automatic,first,hybrid/cng,370000,12.821260987319457
Maruti Suzuki,10,253000.0,Manual,first,diesel,574000,13.260386417460465
Toyota,3,300000.0,Automatic,first,diesel,2651000,14.790447862487236
Toyota,15,120000.0,Manual,second,hybrid/cng,210000,12.25486757159303
Hyundai,3,62457.0,Manual,first,hybrid/cng,565000,13.244582780038517
BMW,2,500.0,Automatic,first,petrol,6550000,15.694975760283178
Maruti Suzuki,18,100000.0,Manual,second,petrol,210000,12.25486757159303
Ford,11,99000.0,Manual,first,diesel,180000,12.100717685412471
Maruti Suzuki,6,58000.0,Automatic,second,petrol,530000,13.180634172318978
Hyundai,8,74000.0,Automatic,second,hybrid/cng,850000,13.652992804936396
Maruti Suzuki,9,51000.0,Manual,first,petrol,240000,12.388398368982115
Maruti Suzuki,12,62816.0,Automatic,first,petrol,435000,12.983103608918753
Mahindra,1,40000.0,Manual,first,diesel,1380000,14.137594781770806
Maruti Suzuki,7,49000.0,Manual,second,petrol,360000,12.793862088206213
Maruti Suzuki,6,34200.0,Automatic,first,hybrid/cng,590000,13.28787951079572
Maruti Suzuki,10,72000.0,Automatic,first,petrol,345000,12.75130259456002
Maruti Suzuki,6,58000.0,Automatic,first,hybrid/cng,555000,13.22672519452875
Maruti Suzuki,0,37500.0,Automatic,first,hybrid/cng,300000,12.611541086966115
Maruti Suzuki,10,83000.0,Manual,first,hybrid/cng,470000,13.060490101343552
Maruti Suzuki,15,175000.0,Manual,second,hybrid/cng,115000,11.652696102959753
Mercedes-Benz,4,40000.0,Automatic,first,petrol,4000000,15.201805169084134
Maruti Suzuki,8,110000.0,Automatic,second,hybrid/cng,299000,12.608202196848836
Mahindra,7,300000.0,Automatic,second,diesel,1260000,14.04662307257814
Nissan,13,95000.0,Manual,second,petrol,265000,12.487488878546145
Jeep,6,80000.0,Manual,second,diesel,750000,13.527829818844937
Maruti Suzuki,12,77000.0,Manual,second,hybrid/cng,265000,12.487488878546145
Tata,2,37000.0,Manual,first,hybrid/cng,650000,13.384729180332174
Hyundai,10,62500.0,Manual,first,petrol,284999,12.560244459250788
Toyota,4,40000.0,Automatic,first,diesel,1750000,14.375126917328105
Maruti Suzuki,4,65000.0,Manual,first,hybrid/cng,525000,13.171155446333852
Maruti Suzuki,2,25000.0,Automatic,first,hybrid/cng,825000,13.623139877437296
Ford,13,70000.0,Manual,second,diesel,195000,12.180759965737863
Mercedes-Benz,6,78900.0,Automatic,first,diesel,2000000,14.508658238524095
Maruti Suzuki,10,58000.0,Manual,first,hybrid/cng,249000,12.425212191503038
Mahindra,10,111000.0,Manual,first,diesel,700000,13.45883704259595
Maruti Suzuki,6,26000.0,Manual,first,hybrid/cng,490000,13.102162710901053
Maruti Suzuki,12,121981.0,Automatic,second,hybrid/cng,160000,11.982935344196433
Maruti Suzuki,2,33.0,Manual,first,hybrid/cng,880000,13.68767832281738
Renault,4,27800.0,Manual,first,petrol,520000,13.161586013632684
Toyota,10,63000.0,Automatic,second,hybrid/cng,1011111,13.826561273271352
Tata,9,22000.0,Automatic,second,petrol,269000,12.502470376049185
Mercedes-Benz,6,55000.0,Automatic,first,petrol,4400000,15.29711532616119
Renault,10,1520.0,Manual,second,diesel,450000,13.017005083966255
BMW,13,79000.0,Automatic,first,diesel,1275000,14.058457520888082
Volkswagen,3,59084.0,Automatic,first,petrol,1565000,14.263397020933823
Maruti Suzuki,11,300000.0,Manual,second,hybrid/cng,525000,13.171155446333852
Volkswagen,8,75000.0,Automatic,second,petrol,530000,13.180634172318978
Maruti Suzuki,8,73860.0,Automatic,second,hybrid/cng,317000,12.666660207428574
Honda,10,72000.0,Automatic,first,petrol,525000,13.171155446333852
Toyota,6,67000.0,Manual,first,hybrid/cng,490000,13.102162710901053
Hyundai,9,68000.0,Manual,second,diesel,310000,12.644330802262578
Toyota,2,11500.0,Automatic,first,petrol,3600000,15.096444681204078
Tata,10,45000.0,Manual,second,petrol,85000,11.350418300109132
Maruti Suzuki,9,80000.0,Manual,second,hybrid/cng,255000,12.449022745701502
Honda,9,97422.0,Manual,second,diesel,350000,12.765691290604371
BMW,13,57000.0,Automatic,second,petrol,599999,13.304684934198283
Maruti Suzuki,3,42470.0,Manual,first,petrol,725000,13.493928313146206
Hyundai,10,100000.0,Automatic,second,diesel,350000,12.765691290604371
Maruti Suzuki,2,99999.0,Manual,second,hybrid/cng,530000,13.180634172318978
Mahindra,7,71000.0,Automatic,first,diesel,745000,13.521140839642674
Hyundai,10,60000.0,Manual,second,hybrid/cng,350000,12.765691290604371
Tata,15,113000.0,Manual,second,diesel,225000,12.323860125621126
Hyundai,17,100.0,Manual,first,petrol,100000,11.51293546492023
Audi,8,42000.0,Automatic,first,petrol,2450000,14.711598990684092
BMW,1,70000.0,Automatic,first,petrol,18500000,16.733281344102608
Honda,7,107000.0,Automatic,second,hybrid/cng,285000,12.560247968016562
Maruti Suzuki,14,48552.0,Manual,first,petrol,178000,12.08954444723597
Hyundai,2,20596.0,Manual,first,diesel,1090000,13.901689171636098
Datsun,6,45125.0,Manual,first,petrol,235000,12.367345048436391
Maruti Suzuki,4,65000.0,Automatic,first,hybrid/cng,480000,13.081543466215237
Maruti Suzuki,2,15000.0,Automatic,first,hybrid/cng,550000,13.217675375388819
Honda,10,58000.0,Manual,second,petrol,250000,12.429220196836383
Honda,10,80000.0,Manual,second,hybrid/cng,430000,12.971542813248437
Mahindra,12,220000.0,Manual,second,diesel,240000,12.388398368982115
Maruti Suzuki,12,80000.0,Automatic,first,petrol,375000,12.834683971615659
Hyundai,14,300000.0,Manual,second,petrol,95000,11.461642696843066
Volkswagen,7,47513.0,Manual,first,petrol,630000,13.353476685668044
Skoda,3,300000.0,Automatic,first,petrol,1490000,14.214287349062356
Hyundai,2,44000.0,Automatic,first,diesel,1690000,14.340239678615058
Hyundai,8,82000.0,Manual,first,diesel,625000,13.345508528717259
Honda,9,103000.0,Automatic,first,hybrid/cng,400000,12.899222326086994
Maruti Suzuki,13,67000.0,Manual,second,petrol,235000,12.367345048436391
Maruti Suzuki,7,82000.0,Manual,first,hybrid/cng,350000,12.765691290604371
Maruti Suzuki,12,85000.0,Automatic,second,hybrid/cng,110000,11.608244735642321
Honda,14,80000.0,Automatic,second,hybrid/cng,250000,12.429220196836383
Hyundai,2,50000.0,Manual,first,hybrid/cng,639999,13.369223455335854
Mahindra,2,13800.0,Manual,second,diesel,1250000,14.038654909278163
Maruti Suzuki,11,30.0,Automatic,second,hybrid/cng,120000,11.695255355062795
Mahindra,2,21700.0,Automatic,second,diesel,1475000,14.204169225721929
Honda,7,68000.0,Manual,first,petrol,475000,13.07107218827772
Renault,4,55000.0,Automatic,second,hybrid/cng,325000,12.691583538230217
Honda,7,74000.0,Automatic,second,petrol,765000,13.547632419997361
Maruti Suzuki,7,61200.0,Manual,first,hybrid/cng,385000,12.861001210669146
Maruti Suzuki,7,300000.0,Manual,first,hybrid/cng,440000,12.994532278619134
Maruti Suzuki,6,25000.0,Automatic,first,petrol,425000,12.959846800844963
Hyundai,10,60000.0,Manual,second,hybrid/cng,399000,12.896719202134523
Maruti Suzuki,6,300000.0,Manual,first,petrol,320000,12.676079399771027
Honda,9,52000.0,Automatic,first,petrol,599000,13.303018546545275
Maruti Suzuki,8,69000.0,Automatic,second,hybrid/cng,489999,13.102160670086809
Maruti Suzuki,5,60000.0,Automatic,first,petrol,950000,13.76421831620775
Maruti Suzuki,8,77500.0,Automatic,second,hybrid/cng,489999,13.102160670086809
Maruti Suzuki,1,10000.0,Manual,first,hybrid/cng,1250000,14.038654909278163
Toyota,8,100906.0,Automatic,first,petrol,1575000,14.269766465162304
Renault,2,54000.0,Automatic,first,petrol,725000,13.493928313146206
Toyota,3,16500.0,Automatic,second,petrol,840000,13.641158361294979
Maruti Suzuki,4,68000.0,Manual,second,petrol,49999,10.819778284410283
BMW,8,78000.0,Automatic,second,diesel,2349000,14.66950068935403
Maruti Suzuki,13,180000.0,Manual,first,diesel,320000,12.676079399771027
Hyundai,6,35933.0,Automatic,first,petrol,560001,13.235695634133526
Maruti Suzuki,7,77000.0,Manual,first,hybrid/cng,420000,12.948012371209098
Maruti Suzuki,1,20000.0,Automatic,first,hybrid/cng,600000,13.304686600863562
Mahindra,2,14555.0,Automatic,first,diesel,1095000,13.90626583447433
Maruti Suzuki,6,300000.0,Automatic,first,petrol,505000,13.132315688453556
Mahindra,2,69000.0,Manual,first,diesel,1050000,13.864301674514206
Maruti Suzuki,6,72000.0,Manual,second,hybrid/cng,690000,13.444448325847754
Toyota,13,70000.0,Manual,second,hybrid/cng,240000,12.388398368982115
Maruti Suzuki,3,300000.0,Manual,first,hybrid/cng,1080000,13.8924725250259
Toyota,16,117815.0,Manual,first,diesel,735000,13.507627138738266
Honda,7,81000.0,Manual,first,hybrid/cng,375000,12.834683971615659
Hyundai,15,65000.0,Manual,first,petrol,210000,12.25486757159303
Toyota,8,78000.0,Manual,second,hybrid/cng,399999,12.89921982609012
Maruti Suzuki,5,86000.0,Manual,first,hybrid/cng,299000,12.608202196848836
Skoda,8,78000.0,Automatic,first,diesel,650000,13.384729180332174
Toyota,5,34750.0,Automatic,first,petrol,650000,13.384729180332174
Hyundai,17,79000.0,Manual,second,hybrid/cng,160000,11.982935344196433
Jeep,5,300000.0,Automatic,second,petrol,1300000,14.077875591662238
Hyundai,11,65000.0,Manual,second,petrol,225000,12.323860125621126
Maruti Suzuki,4,32000.0,Manual,first,petrol,690000,13.444448325847754
Volkswagen,8,115000.0,Automatic,second,diesel,640000,13.369225017834633
BMW,8,64000.0,Automatic,first,diesel,2149000,14.580513640957252
Toyota,10,225000.0,Manual,second,diesel,925000,13.73755009757506
Mercedes-Benz,9,70000.0,Automatic,second,diesel,1450000,14.187074804051692
BMW,12,105000.0,Automatic,first,diesel,990000,13.805461232211272
Maruti Suzuki,6,68445.0,Manual,first,diesel,590000,13.28787951079572
Hyundai,17,50000.0,Automatic,first,hybrid/cng,52999,10.87804719253426
Maruti Suzuki,7,58680.0,Manual,second,hybrid/cng,675000,13.42246945133505
Honda,10,87000.0,Manual,second,petrol,315000,12.660331092405906
Hyundai,3,55000.0,Manual,first,petrol,625000,13.345508528717259
Maruti Suzuki,11,113000.0,Manual,first,hybrid/cng,399000,12.896719202134523
Maruti Suzuki,3,38000.0,Manual,first,hybrid/cng,559000,13.233906541044401
Volkswagen,12,81000.0,Manual,first,petrol,350000,12.765691290604371
Maruti Suzuki,3,53885.0,Automatic,first,hybrid/cng,1090000,13.901689171636098
Hyundai,11,68000.0,Automatic,second,hybrid/cng,355000,12.779875885354993
Maruti Suzuki,13,54001.0,Manual,first,hybrid/cng,351000,12.768544351446794
Maruti Suzuki,1,48000.0,Manual,first,hybrid/cng,1000000,13.815511557963774
Maruti Suzuki,12,150000.0,Automatic,second,hybrid/cng,200000,12.206077645517674
Jeep,5,46000.0,Automatic,first,petrol,1390000,14.144815024531075
Honda,9,69000.0,Automatic,first,hybrid/cng,525000,13.171155446333852
Maruti Suzuki,7,83000.0,Automatic,first,hybrid/cng,550000,13.217675375388819
Hyundai,2,59000.0,Automatic,first,hybrid/cng,680000,13.429849547739444
Hyundai,16,63900.0,Manual,second,petrol,135000,11.813037464800539
Maruti Suzuki,9,76000.0,Manual,first,hybrid/cng,355000,12.779875885354993
Volkswagen,9,40000.0,Manual,second,diesel,399000,12.896719202134523
Skoda,11,85000.0,Manual,second,diesel,325000,12.691583538230217
Skoda,0,13000.0,Manual,first,petrol,1200000,13.997832948091215
Honda,8,110000.0,Automatic,first,petrol,1325000,14.096923772119156
Maruti Suzuki,7,300000.0,Automatic,first,hybrid/cng,529000,13.178745601197818
Toyota,13,162000.0,Manual,first,petrol,250000,12.429220196836383
Maruti Suzuki,9,92600.0,Automatic,second,hybrid/cng,260000,12.468440756144114
BMW,10,55468.0,Automatic,first,diesel,1545000,14.250535115562965
Mahindra,3,65000.0,Automatic,second,diesel,1295000,14.07402202531625
Tata,6,58526.0,Manual,first,hybrid/cng,339000,12.733758336210744
Nissan,7,84000.0,Automatic,second,diesel,755000,13.534474352733596
Toyota,11,135000.0,Manual,second,diesel,694999,13.45166712454693
Maruti Suzuki,10,52000.0,Manual,second,petrol,165000,12.013706813470414
Skoda,8,40000.0,Manual,first,petrol,449000,13.014780393893403
Maruti Suzuki,5,62400.0,Manual,first,hybrid/cng,470000,13.060490101343552
Toyota,3,57000.0,Automatic,first,diesel,2150000,14.580978865220017
Maruti Suzuki,6,78000.0,Manual,second,hybrid/cng,500000,13.122365377402328
Maruti Suzuki,10,42000.0,Manual,first,petrol,385000,12.861001210669146
Maruti Suzuki,4,114000.0,Manual,second,hybrid/cng,410000,12.923914877701906
Maruti Suzuki,5,63205.0,Automatic,first,hybrid/cng,520000,13.161586013632684
Hyundai,13,74749.0,Manual,first,petrol,149000,11.91170829631447
Maruti Suzuki,13,90000.0,Manual,second,hybrid/cng,211000,12.259618151783465
Maruti Suzuki,4,67000.0,Manual,first,hybrid/cng,425000,12.959846800844963
Hyundai,14,300000.0,Manual,second,hybrid/cng,260000,12.468440756144114
Maruti Suzuki,5,35000.0,Automatic,second,petrol,1200000,13.997832948091215
Tata,6,43000.0,Automatic,first,hybrid/cng,540000,13.199326270390594
MG,4,40000.0,Manual,second,diesel,1300000,14.077875591662238
Maruti Suzuki,11,90000.0,Manual,first,petrol,95000,11.461642696843066
Hyundai,2,75000.0,Manual,first,diesel,1300000,14.077875591662238
Nissan,12,110000.0,Manual,second,diesel,239000,12.384223015005313
Mercedes-Benz,9,300000.0,Automatic,first,diesel,1275000,14.058457520888082
MG,1,10500.0,Automatic,first,petrol,2121000,14.567398705022427
Toyota,9,115000.0,Automatic,second,hybrid/cng,1251111,14.039543313818921
Chevrolet,10,62000.0,Automatic,first,diesel,435000,12.983103608918753
Renault,6,34000.0,Manual,first,petrol,400000,12.899222326086994
Maruti Suzuki,2,12080.0,Automatic,first,petrol,610000,13.321215875492413
Honda,9,91386.0,Automatic,second,petrol,587000,13.282781802386296
Mercedes-Benz,9,71700.0,Automatic,second,diesel,3200000,14.978661680269907
Mahindra,7,61000.0,Manual,first,diesel,875000,13.681980308196241
Maruti Suzuki,3,42000.0,Manual,first,hybrid/cng,509900,13.141971868210181
Hyundai,7,57000.0,Manual,first,hybrid/cng,385000,12.861001210669146
Ford,12,85000.0,Manual,second,diesel,155000,11.951186847493476
Maruti Suzuki,1,5000.0,Automatic,first,hybrid/cng,750000,13.527829818844937
Ford,6,49000.0,Manual,second,petrol,689000,13.442998001373553
Toyota,7,140000.0,Automatic,first,diesel,2100000,14.557448378884015
Hyundai,6,14600.0,Automatic,second,diesel,1049000,13.863348840666827
Tata,13,57000.0,Manual,second,petrol,180000,12.100717685412471
Hyundai,7,60000.0,Manual,first,hybrid/cng,410000,12.923914877701906
Hyundai,9,290000.0,Manual,second,petrol,237000,12.37581963951765
Honda,16,300000.0,Automatic,second,hybrid/cng,150000,11.918397239722838
Mercedes-Benz,5,59000.0,Automatic,first,petrol,24900000,17.030378401595577
Hyundai,11,79000.0,Manual,second,diesel,400000,12.899222326086994
Maruti Suzuki,6,70000.0,Automatic,second,hybrid/cng,450000,13.017005083966255
Honda,9,300000.0,Automatic,second,petrol,450000,13.017005083966255
Maruti Suzuki,3,60000.0,Automatic,first,hybrid/cng,450000,13.017005083966255
Hyundai,14,76000.0,Manual,second,hybrid/cng,80000,11.289794413577894
Hyundai,6,300000.0,Automatic,first,petrol,505000,13.132315688453556
Maruti Suzuki,7,52350.0,Automatic,first,hybrid/cng,299000,12.608202196848836
Maruti Suzuki,14,120000.0,Manual,second,hybrid/cng,200000,12.206077645517674
Toyota,11,82000.0,Automatic,second,hybrid/cng,440000,12.994532278619134
Hyundai,8,85000.0,Manual,second,diesel,465000,13.049794835104816
Kia,3,300000.0,Automatic,first,hybrid/cng,899000,13.70903942580019
Honda,11,300000.0,Manual,first,petrol,395000,12.886643575525625
Honda,17,115000.0,Manual,second,hybrid/cng,113000,11.635151947212842
Mahindra,5,86270.0,Manual,first,diesel,1025000,13.840204146163925
Hyundai,9,106000.0,Manual,first,petrol,266000,12.491255347155265
Mercedes-Benz,14,81000.0,Automatic,first,diesel,650000,13.384729180332174
Volkswagen,12,29900.0,Manual,first,diesel,549000,13.215855541983634
Hyundai,4,95000.0,Manual,first,diesel,1200000,13.997832948091215
Hyundai,4,62370.0,Automatic,second,hybrid/cng,675000,13.42246945133505
Maruti Suzuki,10,147000.0,Manual,second,hybrid/cng,275000,12.524530013005734
Maruti Suzuki,3,65000.0,Manual,first,hybrid/cng,525000,13.171155446333852
BMW,5,300000.0,Automatic,first,diesel,2195000,14.60169306007217
Hyundai,8,90000.0,Manual,first,hybrid/cng,375000,12.834683971615659
Tata,2,65550.0,Manual,first,diesel,1400000,14.151983508870947
Toyota,2,42000.0,Automatic,first,petrol,3450000,15.053885078862573
Maruti Suzuki,3,88000.0,Automatic,first,petrol,650000,13.384729180332174
Toyota,12,51000.0,Automatic,second,hybrid/cng,675000,13.42246945133505
Honda,9,38000.0,Automatic,first,hybrid/cng,650000,13.384729180332174
Maruti Suzuki,9,100000.0,Manual,second,hybrid/cng,365000,12.807655372286902
Hyundai,3,14125.0,Manual,first,petrol,1152000,13.957010988293153
Toyota,19,65000.0,Automatic,second,hybrid/cng,175000,12.07254696717504
Maruti Suzuki,14,300000.0,Manual,second,hybrid/cng,195000,12.180759965737863
Honda,10,300000.0,Automatic,second,petrol,360000,12.793862088206213
Toyota,2,17000.0,Automatic,first,petrol,11800000,16.283610174181653
Tata,4,12000.0,Automatic,first,diesel,1550000,14.253766134056512
Mini,2,25000.0,Automatic,first,petrol,3975000,15.195535557642865
Tata,8,177700.0,Manual,second,diesel,135000,11.813037464800539
Honda,11,96000.0,Automatic,second,petrol,369000,12.818554633046093
Maruti Suzuki,2,25000.0,Manual,second,hybrid/cng,545000,13.208542908506082
BMW,2,26000.0,Automatic,first,petrol,3990000,15.199302039492581
Hyundai,14,55000.0,Manual,second,hybrid/cng,110000,11.608244735642321
Tata,9,45000.0,Manual,first,hybrid/cng,475000,13.07107218827772
Maruti Suzuki,4,80000.0,Automatic,first,hybrid/cng,680000,13.429849547739444
Hyundai,14,63000.0,Manual,second,hybrid/cng,186000,12.133507329024972
Maruti Suzuki,7,62000.0,Automatic,second,petrol,382000,12.853178505386333
Volvo,8,51000.0,Automatic,second,diesel,1800000,14.403297778421795
Mercedes-Benz,7,33000.0,Automatic,second,petrol,5800000,15.573368647930426
Maruti Suzuki,7,69000.0,Automatic,first,petrol,685000,13.437175577097312
Honda,14,92000.0,Manual,first,hybrid/cng,125000,11.736077016252437
Hyundai,6,180000.0,Manual,first,hybrid/cng,260000,12.468440756144114
Tata,3,24000.0,Manual,first,petrol,780000,13.567050480716235
Mahindra,9,8500.0,Manual,first,diesel,350000,12.765691290604371
Renault,4,71200.0,Automatic,first,hybrid/cng,400000,12.899222326086994
Tata,15,132000.0,Manual,second,diesel,150000,11.918397239722838
Hyundai,5,31000.0,Automatic,first,petrol,575000,13.26212705890841
Maruti Suzuki,6,55000.0,Automatic,second,hybrid/cng,750000,13.527829818844937
Hyundai,7,68000.0,Automatic,first,petrol,790000,13.579789490265188
Maruti Suzuki,5,86739.0,Manual,first,diesel,775000,13.560619598657233
Maruti Suzuki,10,124000.0,Manual,second,diesel,435000,12.983103608918753
Hyundai,9,76000.0,Manual,first,diesel,425000,12.959846800844963
Honda,8,102458.0,Manual,second,petrol,335000,12.721888795877375
Chevrolet,14,77546.0,Manual,first,petrol,174000,12.066816325306588
Kia,4,46000.0,Automatic,first,diesel,1275000,14.058457520888082
Land Rover,9,180650.0,Automatic,second,diesel,1250000,14.038654909278163
Maruti Suzuki,3,82100.0,Manual,first,hybrid/cng,410000,12.923914877701906
Maruti Suzuki,2,10000.0,Automatic,first,petrol,590000,13.28787951079572
Hyundai,2,24512.0,Manual,first,petrol,675000,13.42246945133505
BMW,7,89000.0,Automatic,second,diesel,2490000,14.727793670047236
Maruti Suzuki,2,9800.0,Automatic,first,petrol,790000,13.579789490265188
Mercedes-Benz,13,35000.0,Automatic,second,petrol,650000,13.384729180332174
Maruti Suzuki,5,300000.0,Manual,first,petrol,615000,13.329379172803593
Hyundai,12,57765.0,Automatic,first,petrol,345000,12.75130259456002
Kia,3,34500.0,Automatic,second,diesel,1550000,14.253766134056512
Hyundai,14,75000.0,Manual,second,hybrid/cng,175000,12.07254696717504
Volkswagen,5,125000.0,Manual,first,diesel,815000,13.610944619216111
Volkswagen,13,43000.0,Automatic,second,petrol,360000,12.793862088206213
Audi,9,71000.0,Automatic,first,diesel,1525000,14.23750562376114
Maruti Suzuki,2,85000.0,Automatic,second,hybrid/cng,700000,13.45883704259595
Toyota,1,19000.0,Automatic,first,diesel,5200000,15.46416937585933
Maruti Suzuki,5,45000.0,Manual,first,petrol,380000,12.847929163278053
Maruti Suzuki,10,50000.0,Automatic,second,hybrid/cng,300000,12.611541086966115
Nissan,9,130000.0,Manual,first,petrol,340000,12.73670383776449
Kia,1,23000.0,Automatic,first,diesel,1845000,14.427990377462038
Tata,3,45000.0,Manual,second,diesel,1550000,14.253766134056512
Mahindra,8,130000.0,Manual,second,diesel,1085000,13.897091466615258
Maruti Suzuki,7,63395.0,Manual,first,hybrid/cng,420000,12.948012371209098
Porsche,4,50000.0,Automatic,first,hybrid/cng,11900000,16.29204904211537
Maruti Suzuki,5,55000.0,Automatic,first,hybrid/cng,260000,12.468440756144114
Honda,7,92000.0,Automatic,second,petrol,651000,13.386266457287837
Maruti Suzuki,2,27000.0,Automatic,first,hybrid/cng,1495000,14.217637433703022
Audi,9,69977.0,Automatic,first,diesel,899981,13.710130042106446
Maruti Suzuki,9,68000.0,Manual,first,hybrid/cng,285000,12.560247968016562
Maruti Suzuki,2,249500.0,Manual,first,hybrid/cng,820000,13.617060838751888
Maruti Suzuki,15,66000.0,Manual,second,petrol,200000,12.206077645517674
Mercedes-Benz,14,125000.0,Automatic,second,diesel,1600000,14.285514812209815
Maruti Suzuki,9,100000.0,Manual,second,hybrid/cng,240000,12.388398368982115
Mahindra,8,99000.0,Manual,first,diesel,725000,13.493928313146206
Datsun,6,43000.0,Manual,first,petrol,390000,12.873904582205107
Maruti Suzuki,10,300000.0,Manual,first,hybrid/cng,280000,12.54254845357358
Audi,12,150000.0,Manual,first,diesel,550000,13.217675375388819
Maruti Suzuki,3,81800.0,Manual,first,hybrid/cng,975000,13.790193775620484
Maruti Suzuki,10,71000.0,Automatic,second,petrol,500000,13.122365377402328
Maruti Suzuki,5,90000.0,Manual,second,hybrid/cng,750000,13.527829818844937
Maruti Suzuki,7,80000.0,Manual,first,hybrid/cng,400000,12.899222326086994
Maruti Suzuki,4,31000.0,Automatic,first,petrol,420000,12.948012371209098
Maruti Suzuki,18,110000.0,Manual,second,hybrid/cng,90000,11.407576060361786
Maruti Suzuki,3,70000.0,Automatic,first,hybrid/cng,960000,13.774689605110144
Maruti Suzuki,9,42045.0,Automatic,first,hybrid/cng,795000,13.586098651497313
Maruti Suzuki,12,80000.0,Automatic,second,hybrid/cng,190000,12.154784614286667
Maruti Suzuki,10,120000.0,Automatic,second,diesel,483000,13.087774003025942
Chevrolet,9,170000.0,Manual,first,diesel,200000,12.206077645517674
Maruti Suzuki,10,60000.0,Manual,first,diesel,430000,12.971542813248437
Maruti Suzuki,2,11000.0,Automatic,first,hybrid/cng,650000,13.384729180332174
Hyundai,12,85000.0,Manual,second,petrol,200000,12.206077645517674
Maruti Suzuki,5,85000.0,Automatic,first,petrol,845000,13.647093089770562
Skoda,6,90000.0,Automatic,first,diesel,1990000,14.503645699213111
Hyundai,13,75000.0,Automatic,second,petrol,245000,12.409017571151187
Maruti Suzuki,9,61000.0,Manual,second,hybrid/cng,325000,12.691583538230217
Maruti Suzuki,4,38000.0,Manual,first,petrol,675000,13.42246945133505
Maruti Suzuki,14,85000.0,Manual,second,petrol,150000,11.918397239722838
Tata,6,88000.0,Manual,first,diesel,760000,13.541075028051122
Maruti Suzuki,6,103580.0,Manual,first,diesel,610000,13.321215875492413
Hyundai,14,78000.0,Manual,first,hybrid/cng,121000,11.703554089007538
Maruti Suzuki,13,77500.0,Manual,second,petrol,265000,12.487488878546145
Honda,6,78000.0,Automatic,first,petrol,710000,13.47302165746721
Maruti Suzuki,1,31500.0,Manual,first,hybrid/cng,1120000,13.928840136128022
Audi,7,71555.0,Automatic,second,diesel,1950000,14.48334044336031
Renault,4,52000.0,Automatic,first,hybrid/cng,349000,12.762830066509972
Tata,1,30000.0,Manual,first,hybrid/cng,680000,13.429849547739444
Maruti Suzuki,5,49000.0,Manual,first,hybrid/cng,425000,12.959846800844963
Maruti Suzuki,6,78000.0,Automatic,second,hybrid/cng,260000,12.468440756144114
Kia,2,31000.0,Automatic,first,petrol,1675000,14.331324320256051
Hyundai,13,86000.0,Manual,second,petrol,180000,12.100717685412471
Honda,5,122000.0,Manual,first,petrol,600000,13.304686600863562
Maruti Suzuki,7,84240.0,Automatic,second,hybrid/cng,295000,12.59473402514672
Maruti Suzuki,6,44574.0,Automatic,first,petrol,675000,13.42246945133505
Ford,7,90000.0,Automatic,first,diesel,2100000,14.557448378884015
Hyundai,1,6000.0,Automatic,first,diesel,2011000,14.514143166019707
Skoda,9,104007.0,Automatic,second,diesel,399000,12.896719202134523
Mahindra,3,41000.0,Manual,first,diesel,851000,13.654168582642953
Maruti Suzuki,6,41000.0,Automatic,first,petrol,745000,13.521140839642674
Mahindra,2,15000.0,Manual,first,diesel,995000,13.81049902116535
Hyundai,12,40000.0,Manual,second,petrol,190000,12.154784614286667
Volkswagen,9,75000.0,Manual,second,petrol,575000,13.26212705890841
Audi,8,118000.0,Automatic,first,diesel,2995000,14.912455123421447
Honda,7,90000.0,Automatic,second,hybrid/cng,655000,13.39239204133378
Toyota,15,110000.0,Manual,second,diesel,325000,12.691583538230217
Maruti Suzuki,21,64500.0,Manual,second,petrol,125000,11.736077016252437
Skoda,8,80000.0,Automatic,first,diesel,651000,13.386266457287837
Maruti Suzuki,6,74000.0,Automatic,first,hybrid/cng,450000,13.017005083966255
Maruti Suzuki,7,76483.0,Manual,second,petrol,572000,13.256896018612155
Maruti Suzuki,9,71000.0,Manual,first,petrol,410000,12.923914877701906
Honda,10,300000.0,Manual,first,diesel,475000,13.07107218827772
Audi,9,70000.0,Automatic,first,diesel,890000,13.698977865303197
Hyundai,14,300000.0,Manual,second,hybrid/cng,325000,12.691583538230217
Maruti Suzuki,8,46000.0,Automatic,second,petrol,525000,13.171155446333852
Mini,11,65000.0,Automatic,second,diesel,1290000,14.070153551531353
Honda,9,126000.0,Manual,second,diesel,690000,13.444448325847754
Maruti Suzuki,7,160000.0,Automatic,first,petrol,375000,12.834683971615659
Audi,13,100000.0,Automatic,first,diesel,1975000,14.496079462646344
Maruti Suzuki,3,45000.0,Manual,first,hybrid/cng,509999,13.142166004700508
Honda,16,119000.0,Automatic,second,hybrid/cng,147000,11.898194668458823
Maruti Suzuki,3,34000.0,Automatic,first,hybrid/cng,565000,13.244582780038517
Maruti Suzuki,3,92000.0,Manual,first,hybrid/cng,525000,13.171155446333852
Hyundai,8,120000.0,Manual,first,petrol,399999,12.89921982609012
Mahindra,9,61231.0,Manual,second,diesel,795000,13.586098651497313
Hyundai,7,40000.0,Automatic,first,petrol,280000,12.54254845357358
Toyota,4,83000.0,Automatic,first,petrol,1711000,14.352589137327696
Maruti Suzuki,4,66000.0,Automatic,second,hybrid/cng,150000,11.918397239722838
Maruti Suzuki,11,100250.0,Manual,second,hybrid/cng,265000,12.487488878546145
Maruti Suzuki,1,15500.0,Manual,first,hybrid/cng,865000,13.670485941982712
Hyundai,16,102000.0,Manual,first,petrol,125000,11.736077016252437
Toyota,1,12000.0,Automatic,first,hybrid/cng,1950000,14.48334044336031
Toyota,10,190000.0,Automatic,first,hybrid/cng,950000,13.76421831620775
Hyundai,7,190000.0,Automatic,first,hybrid/cng,225000,12.323860125621126
Hyundai,1,28000.0,Automatic,first,petrol,1250000,14.038654909278163
Hyundai,11,67000.0,Manual,first,hybrid/cng,375000,12.834683971615659
Maruti Suzuki,13,57000.0,Manual,second,petrol,120000,11.695255355062795
Maruti Suzuki,10,78000.0,Manual,first,hybrid/cng,325000,12.691583538230217
Honda,15,120000.0,Manual,second,hybrid/cng,205000,12.230770136157428
Maruti Suzuki,3,76000.0,Automatic,first,petrol,1075000,13.887832149776026
MG,0,2000.0,Manual,first,diesel,2399999,14.690979295318174
Mahindra,8,111521.0,Manual,first,diesel,750000,13.527829818844937
Maruti Suzuki,7,14000.0,Automatic,first,petrol,650000,13.384729180332174
Land Rover,1,120000.0,Automatic,second,petrol,12500000,16.341239282272525
Tata,9,185389.0,Manual,second,diesel,290000,12.577639650232573
Maruti Suzuki,9,63000.0,Automatic,first,diesel,395000,12.886643575525625
Maruti Suzuki,4,43369.0,Automatic,first,petrol,878790,13.686302378202098
Maruti Suzuki,8,78000.0,Manual,first,hybrid/cng,370000,12.821260987319457
Audi,9,64000.0,Automatic,first,diesel,2190000,14.599412558413583
Honda,8,86000.0,Manual,first,diesel,460000,13.038983942375959
Honda,11,68000.0,Manual,second,petrol,225000,12.323860125621126
Mercedes-Benz,6,65000.0,Automatic,first,diesel,2250000,14.626441218624949
Mercedes-Benz,8,56000.0,Automatic,second,diesel,2315000,14.654920677467821
Chevrolet,14,85000.0,Automatic,second,hybrid/cng,50000,10.819798284210286
Hyundai,5,100000.0,Manual,first,diesel,865000,13.670485941982712
MG,4,29000.0,Automatic,first,petrol,1370000,14.130322027731049
Ford,6,119000.0,Automatic,first,diesel,2790000,14.841552512220423
Maruti Suzuki,4,52000.0,Automatic,first,petrol,625000,13.345508528717259
Ford,7,55000.0,Automatic,second,hybrid/cng,625000,13.345508528717259
Maruti Suzuki,7,23119.0,Automatic,first,hybrid/cng,425000,12.959846800844963
Hyundai,6,42000.0,Manual,second,petrol,500000,13.122365377402328
Maruti Suzuki,3,300000.0,Automatic,first,petrol,790000,13.579789490265188
Ford,6,75000.0,Manual,second,petrol,645000,13.377007146164305
Maruti Suzuki,14,110000.0,Manual,first,petrol,150000,11.918397239722838
Maruti Suzuki,13,103000.0,Automatic,second,hybrid/cng,88000,11.385103457032141
Hyundai,2,59000.0,Automatic,second,hybrid/cng,680000,13.429849547739444
Audi,8,43715.0,Automatic,second,diesel,1770000,14.386490669521603
Maruti Suzuki,7,86542.0,Manual,first,diesel,611000,13.322853874813605
Toyota,6,105000.0,Automatic,second,diesel,2585000,14.765236452771788
Maruti Suzuki,8,55000.0,Automatic,second,petrol,425000,12.959846800844963
Mahindra,8,100000.0,Manual,first,petrol,400000,12.899222326086994
Maruti Suzuki,7,70000.0,Automatic,first,petrol,699999,13.458835614025542
Mercedes-Benz,7,60000.0,Automatic,second,diesel,1925000,14.470437045184406
Skoda,7,96000.0,Manual,second,diesel,425000,12.959846800844963
Maruti Suzuki,10,81000.0,Manual,first,hybrid/cng,315000,12.660331092405906
Maruti Suzuki,13,98000.0,Manual,second,diesel,235000,12.367345048436391
Nissan,13,90000.0,Manual,second,hybrid/cng,150000,11.918397239722838
Kia,3,48500.0,Automatic,first,diesel,1725000,14.360738188157574
Maruti Suzuki,2,15000.0,Automatic,first,petrol,700000,13.45883704259595
Skoda,8,67000.0,Automatic,first,diesel,721000,13.488395803228677
Hyundai,1,70000.0,Automatic,first,hybrid/cng,220000,12.301387370778713
BMW,5,60000.0,Automatic,first,diesel,2300000,14.648420115681892
Mahindra,3,88200.0,Manual,first,diesel,820000,13.617060838751888
Maruti Suzuki,6,48000.0,Automatic,first,petrol,448000,13.012550743537489
Toyota,1,18500.0,Automatic,first,hybrid/cng,3585000,15.092269310955846
Honda,10,84000.0,Manual,second,petrol,455000,13.02805489573287
Toyota,2,29000.0,Automatic,first,hybrid/cng,1750000,14.375126917328105
BMW,4,300000.0,Automatic,first,diesel,3790000,15.147876840910817
Ford,8,91000.0,Manual,second,diesel,1890000,14.452087916136215
Tata,1,30000.0,Automatic,first,diesel,350000,12.765691290604371
Hyundai,11,105000.0,Manual,first,petrol,315000,12.660331092405906
Mahindra,7,54560.0,Manual,second,diesel,355000,12.779875885354993
Maruti Suzuki,17,97000.0,Manual,first,petrol,139000,11.842236406331555
Hyundai,17,51000.0,Manual,second,petrol,225000,12.323860125621126
Honda,16,119000.0,Automatic,second,hybrid/cng,149000,11.91170829631447
Toyota,4,32000.0,Automatic,first,diesel,1700000,14.346139397261565
Ford,8,69000.0,Manual,first,diesel,501000,13.124363376072994
Land Rover,10,58000.0,Automatic,second,diesel,1790000,14.397726736475999
Honda,17,120000.0,Automatic,second,hybrid/cng,145000,11.884495917930655
Hyundai,13,78600.0,Manual,second,petrol,155000,11.951186847493476
Mercedes-Benz,11,77000.0,Automatic,second,diesel,2250000,14.626441218624949
Hyundai,20,85000.0,Manual,second,petrol,139000,11.842236406331555
Maruti Suzuki,4,10000.0,Automatic,first,hybrid/cng,620000,13.3374763699232
Hyundai,2,58000.0,Manual,first,petrol,600000,13.304686600863562
Mercedes-Benz,10,85000.0,Automatic,second,diesel,825000,13.623139877437296
Maruti Suzuki,8,85000.0,Manual,second,petrol,480000,13.081543466215237
BMW,10,136000.0,Automatic,second,diesel,1600000,14.285514812209815
Honda,10,87000.0,Automatic,second,petrol,621000,13.339087971220277
Land Rover,8,43000.0,Automatic,second,petrol,2600000,14.77102238760702
BMW,5,47000.0,Automatic,second,diesel,2500000,14.731801689838349
Maruti Suzuki,2,23000.0,Manual,first,hybrid/cng,599000,13.303018546545275
Maruti Suzuki,5,60000.0,Manual,second,petrol,375000,12.834683971615659
Hyundai,3,34300.0,Manual,first,hybrid/cng,705000,13.465954500233115
Hyundai,5,71000.0,Manual,first,diesel,875000,13.681980308196241
Kia,4,58000.0,Automatic,second,petrol,1290000,14.070153551531353
Maruti Suzuki,8,80000.0,Manual,second,hybrid/cng,689999,13.444446876573442
Mercedes-Benz,11,94000.0,Automatic,second,diesel,2100000,14.557448378884015
Maruti Suzuki,5,46000.0,Manual,second,petrol,510000,13.1421679654829
Maruti Suzuki,10,80000.0,Manual,second,diesel,485000,13.091906231773164
Maruti Suzuki,10,82000.0,Manual,first,diesel,365000,12.807655372286902
Hyundai,13,140000.0,Automatic,second,hybrid/cng,140000,11.849404844423074
Chevrolet,13,300000.0,Manual,second,hybrid/cng,199000,12.201065128819632
Maruti Suzuki,3,63900.0,Automatic,first,petrol,999000,13.81451105863119
Skoda,9,51000.0,Manual,second,petrol,350000,12.765691290604371
Toyota,5,150000.0,Automatic,first,diesel,2750000,14.827111833279051
Maruti Suzuki,11,78000.0,Manual,second,hybrid/cng,299999,12.611537753638338
Renault,7,58097.0,Manual,first,petrol,355000,12.779875885354993
Hyundai,5,85000.0,Manual,second,diesel,510000,13.1421679654829
Audi,6,55100.0,Automatic,second,diesel,1400000,14.151983508870947
Jeep,1,10000.0,Automatic,first,petrol,6400000,15.671808704579888
Datsun,8,100200.0,Automatic,second,hybrid/cng,160000,11.982935344196433
Maruti Suzuki,2,16000.0,Manual,first,hybrid/cng,620000,13.3374763699232
Maruti Suzuki,5,68000.0,Manual,second,hybrid/cng,475000,13.07107218827772
Maruti Suzuki,9,65000.0,Automatic,second,hybrid/cng,560000,13.235693848424024
Hyundai,7,31003.0,Automatic,second,petrol,540000,13.199326270390594
Hyundai,11,54000.0,Manual,second,hybrid/cng,280000,12.54254845357358
Maruti Suzuki,7,150000.0,Automatic,second,hybrid/cng,230000,12.345838935721968
Maruti Suzuki,14,150000.0,Automatic,second,hybrid/cng,110000,11.608244735642321
Honda,17,68000.0,Manual,first,petrol,149000,11.91170829631447
Maruti Suzuki,13,91000.0,Automatic,second,hybrid/cng,240000,12.388398368982115
Mercedes-Benz,1,22000.0,Automatic,first,diesel,13800000,16.440179222591198
Maruti Suzuki,17,100000.0,Manual,second,hybrid/cng,98000,11.49273296168228
Maruti Suzuki,8,78000.0,Automatic,second,hybrid/cng,240000,12.388398368982115
Maruti Suzuki,9,61000.0,Manual,second,diesel,499000,13.120363378739663
Maruti Suzuki,7,70000.0,Manual,first,petrol,670000,13.415034483903348
Hyundai,5,300000.0,Automatic,first,diesel,1475000,14.204169225721929
Maruti Suzuki,9,66000.0,Manual,second,petrol,350000,12.765691290604371
Hyundai,15,104000.0,Automatic,second,hybrid/cng,225000,12.323860125621126
Maruti Suzuki,11,80000.0,Manual,first,hybrid/cng,390000,12.873904582205107
Mini,1,4000.0,Automatic,first,petrol,5500000,15.520258832020865
Mahindra,9,89000.0,Manual,second,diesel,1065000,13.878486296092358
Chevrolet,12,81000.0,Manual,first,diesel,153000,11.938199736300925
Maruti Suzuki,1,19500.0,Automatic,first,petrol,1375000,14.13396501635527
Honda,6,32000.0,Manual,second,petrol,550000,13.217675375388819
Maruti Suzuki,4,56000.0,Manual,first,hybrid/cng,451000,13.019224835777257
Hyundai,6,82000.0,Automatic,second,diesel,1085000,13.897091466615258
Hyundai,8,78000.0,Manual,second,petrol,675000,13.42246945133505
Hyundai,5,46000.0,Automatic,second,hybrid/cng,725000,13.493928313146206
Volkswagen,8,76000.0,Manual,second,diesel,285000,12.560247968016562
Honda,7,75000.0,Automatic,second,petrol,765000,13.547632419997361
Kia,4,300000.0,Automatic,first,diesel,3200000,14.978661680269907
MG,4,46450.0,Automatic,first,petrol,1550000,14.253766134056512
Tata,0,17282.0,Manual,first,hybrid/cng,675000,13.42246945133505
Maruti Suzuki,0,18950.0,Automatic,first,petrol,950000,13.76421831620775
Fiat,9,89000.0,Manual,second,diesel,415000,12.936036208848487
Hyundai,1,7000.0,Manual,first,petrol,825000,13.623139877437296
Maruti Suzuki,9,111000.0,Manual,first,hybrid/cng,350000,12.765691290604371
Maruti Suzuki,13,190000.0,Manual,first,diesel,365000,12.807655372286902
Tata,10,131000.0,Automatic,first,diesel,280000,12.54254845357358
BMW,11,123872.0,Manual,first,diesel,1150000,13.955273369904273
Maruti Suzuki,12,23200.0,Manual,second,petrol,325000,12.691583538230217
Skoda,8,99000.0,Automatic,first,petrol,1185000,13.98525417643287
Toyota,11,83000.0,Manual,second,diesel,395000,12.886643575525625
Skoda,14,29309.0,Automatic,second,petrol,250000,12.429220196836383
Maruti Suzuki,6,122289.0,Automatic,second,petrol,574000,13.260386417460465
Skoda,3,19121.0,Automatic,first,petrol,1095000,13.90626583447433
Datsun,9,18000.0,Manual,first,petrol,189000,12.149507585033072
Maruti Suzuki,13,75000.0,Manual,first,diesel,311000,12.647551406590285
BMW,4,30000.0,Automatic,first,petrol,3325000,15.016980532823926
Honda,6,93000.0,Automatic,first,hybrid/cng,535000,13.190023895035274
Honda,9,40000.0,Manual,second,hybrid/cng,485000,13.091906231773164
Mahindra,12,16400.0,Automatic,second,diesel,131000,11.782960235741939
Skoda,2,80000.0,Automatic,first,petrol,1290000,14.070153551531353
Maruti Suzuki,3,32.0,Automatic,first,hybrid/cng,450000,13.017005083966255
Renault,6,83000.0,Automatic,second,diesel,920000,13.732130035981154
Tata,0,4300.0,Automatic,first,hybrid/cng,1050000,13.864301674514206
Toyota,8,130000.0,Automatic,first,hybrid/cng,1275000,14.058457520888082
Honda,6,44902.0,Automatic,second,petrol,699000,13.457407451830088
Toyota,7,103000.0,Automatic,first,petrol,1049000,13.863348840666827
Hyundai,10,75000.0,Manual,second,petrol,385000,12.861001210669146
Maruti Suzuki,13,19000.0,Manual,first,petrol,220000,12.301387370778713
Maruti Suzuki,5,35000.0,Manual,second,petrol,990000,13.805461232211272
Maruti Suzuki,13,101110.0,Automatic,second,hybrid/cng,120000,11.695255355062795
Tata,5,82000.0,Manual,first,diesel,949000,13.76316513133229
Toyota,6,110000.0,Automatic,first,diesel,1700000,14.346139397261565
Honda,9,94000.0,Manual,first,petrol,500000,13.122365377402328
Maruti Suzuki,3,68000.0,Manual,first,hybrid/cng,665000,13.407543823396258
Maruti Suzuki,12,137000.0,Automatic,second,hybrid/cng,270000,12.506180941677357
Maruti Suzuki,0,13400.0,Automatic,first,hybrid/cng,2045000,14.530908836456474
Volkswagen,10,58000.0,Automatic,second,diesel,489000,13.100119813444692
Kia,4,50000.0,Manual,first,petrol,740000,13.51440681653079
Honda,8,55000.0,Automatic,second,petrol,750000,13.527829818844937
Honda,7,61000.0,Manual,first,petrol,700000,13.45883704259595
Hyundai,12,78000.0,Manual,first,hybrid/cng,160000,11.982935344196433
Tata,5,52600.0,Automatic,first,hybrid/cng,685000,13.437175577097312
Toyota,10,125000.0,Manual,second,diesel,750000,13.527829818844937
Renault,7,55000.0,Automatic,first,petrol,345000,12.75130259456002
Hyundai,8,97400.0,Manual,second,petrol,585000,13.279368835614243
Maruti Suzuki,3,52000.0,Manual,second,petrol,395000,12.886643575525625
Maruti Suzuki,13,59000.0,Manual,second,hybrid/cng,245000,12.409017571151187
Hyundai,4,41000.0,Manual,second,hybrid/cng,645001,13.377008696548296
Mahindra,7,70000.0,Manual,first,diesel,699939,13.458749896066148
Hyundai,8,88700.0,Manual,second,petrol,370000,12.821260987319457
Honda,17,91000.0,Automatic,first,hybrid/cng,251000,12.433212202169729
Honda,3,3900.0,Manual,second,petrol,660000,13.399996629152975
Mahindra,8,86000.0,Automatic,second,diesel,770000,13.554147092530322
BMW,11,85000.0,Automatic,second,diesel,1075000,13.887832149776026
Maruti Suzuki,10,100080.0,Automatic,second,hybrid/cng,185000,12.128116509451258
Toyota,7,60989.0,Manual,second,diesel,1850000,14.430696737594902
Hyundai,9,58000.0,Manual,second,petrol,315000,12.660331092405906
Ford,10,83000.0,Manual,second,diesel,525000,13.171155446333852
Maruti Suzuki,4,65000.0,Manual,second,hybrid/cng,369000,12.818554633046093
Maruti Suzuki,3,29000.0,Manual,first,petrol,690000,13.444448325847754
Maruti Suzuki,1,5210.0,Manual,first,petrol,1435000,14.176676104039727
Honda,12,300000.0,Automatic,first,hybrid/cng,425000,12.959846800844963
Renault,9,80000.0,Manual,second,diesel,349991,12.765665576061512
Volkswagen,11,76000.0,Manual,first,diesel,760000,13.541075028051122
Land Rover,6,28847.0,Automatic,first,diesel,4175000,15.244625155788022
Maruti Suzuki,17,85000.0,Manual,second,petrol,98000,11.49273296168228
Hyundai,1,23000.0,Automatic,first,petrol,1560000,14.260197020251155
Honda,9,100000.0,Automatic,second,hybrid/cng,500000,13.122365377402328
Honda,9,89000.0,Manual,second,hybrid/cng,240000,12.388398368982115
Maruti Suzuki,1,13000.0,Manual,first,hybrid/cng,499000,13.120363378739663
Hyundai,2,50000.0,Manual,first,hybrid/cng,639999,13.369223455335854
Maruti Suzuki,14,50000.0,Manual,second,petrol,385000,12.861001210669146
Maruti Suzuki,8,88000.0,Manual,first,petrol,430000,12.971542813248437
Maruti Suzuki,11,73000.0,Automatic,second,petrol,200000,12.206077645517674
Maruti Suzuki,6,24000.0,Manual,first,petrol,364000,12.804911893867851
Maruti Suzuki,9,90590.0,Manual,first,petrol,499000,13.120363378739663
Chevrolet,11,82000.0,Manual,second,petrol,160000,11.982935344196433
Hyundai,14,55000.0,Automatic,second,hybrid/cng,72000,11.184435286790631
Mahindra,10,78525.0,Manual,first,diesel,570000,13.25339339419516
Toyota,1,19000.0,Automatic,first,hybrid/cng,2900000,14.88022163978423
Maruti Suzuki,8,150000.0,Automatic,first,hybrid/cng,180000,12.100717685412471
Maruti Suzuki,3,29500.0,Manual,first,hybrid/cng,1180000,13.981025843899115
Maruti Suzuki,5,37000.0,Manual,second,hybrid/cng,345000,12.75130259456002
Hyundai,11,74000.0,Manual,second,hybrid/cng,435000,12.983103608918753
Hyundai,13,140000.0,Manual,first,hybrid/cng,259000,12.464587201678082
Audi,6,55100.0,Automatic,second,diesel,1400000,14.151983508870947
Hyundai,12,91000.0,Manual,first,petrol,220000,12.301387370778713
Maruti Suzuki,6,83200.0,Manual,second,hybrid/cng,325000,12.691583538230217
Force,0,7000.0,Manual,first,diesel,1675000,14.331324320256051
Maruti Suzuki,11,60424.0,Manual,second,hybrid/cng,200000,12.206077645517674
Hyundai,11,18000.0,Manual,first,diesel,1390000,14.144815024531075
Hyundai,4,45000.0,Automatic,second,diesel,1850000,14.430696737594902
Ford,8,89000.0,Manual,first,diesel,385000,12.861001210669146
Toyota,4,62000.0,Manual,first,diesel,2645000,14.788182001346298
Maruti Suzuki,8,57000.0,Automatic,second,hybrid/cng,345000,12.75130259456002
Ford,6,86000.0,Manual,second,diesel,790000,13.579789490265188
Toyota,3,21000.0,Automatic,first,petrol,850000,13.652992804936396
Maruti Suzuki,10,158000.0,Manual,second,diesel,480000,13.081543466215237
Hyundai,12,139000.0,Manual,second,petrol,131000,11.782960235741939
Maruti Suzuki,8,99000.0,Manual,second,hybrid/cng,689000,13.442998001373553
MG,4,79000.0,Manual,first,diesel,1540000,14.24729362374025
Ford,5,76000.0,Automatic,first,diesel,2650000,14.790070575320824
Mahindra,11,100003.0,Manual,second,diesel,395000,12.886643575525625
BMW,7,38000.0,Automatic,first,diesel,2550000,14.751604309291395
Maruti Suzuki,9,300.0,Automatic,second,hybrid/cng,315000,12.660331092405906
Honda,13,52000.0,Automatic,second,petrol,310000,12.644330802262578
Maruti Suzuki,11,86000.0,Manual,second,petrol,475000,13.07107218827772
Toyota,4,70000.0,Automatic,first,diesel,1650000,14.316286451937186
Mercedes-Benz,7,300000.0,Automatic,first,petrol,3690000,15.121137287019383
Maruti Suzuki,1,11200.0,Manual,first,petrol,410000,12.923914877701906
Maruti Suzuki,8,63000.0,Manual,first,hybrid/cng,695000,13.451668563394815
Mahindra,1,4400.0,Automatic,second,petrol,1350000,14.115615891155079
Maruti Suzuki,6,110000.0,Manual,first,diesel,590000,13.28787951079572
Renault,7,30877.0,Automatic,second,hybrid/cng,265000,12.487488878546145
Toyota,1,24000.0,Automatic,first,petrol,850000,13.652992804936396
Maruti Suzuki,8,70000.0,Automatic,second,hybrid/cng,380000,12.847929163278053
Renault,2,18000.0,Manual,first,hybrid/cng,695000,13.451668563394815
Honda,8,60000.0,Automatic,second,petrol,615000,13.329379172803593
BMW,12,80000.0,Automatic,second,diesel,1025000,13.840204146163925
Hyundai,14,60000.0,Manual,first,petrol,320000,12.676079399771027
Mercedes-Benz,7,300000.0,Automatic,first,petrol,3699000,15.12357334115789
Hyundai,6,200000.0,Automatic,first,hybrid/cng,225000,12.323860125621126
Maruti Suzuki,26,98000.0,Manual,second,petrol,41000,10.62135173563291
Jeep,2,15000.0,Automatic,first,petrol,5800000,15.573368647930426
Maruti Suzuki,8,62000.0,Automatic,second,petrol,582000,13.274227444925158
Volkswagen,8,105000.0,Automatic,second,petrol,650000,13.384729180332174
Maruti Suzuki,3,55000.0,Manual,first,petrol,575000,13.26212705890841
Tata,4,73000.0,Manual,first,diesel,1149000,13.954403427152533
Maruti Suzuki,1,69000.0,Automatic,first,hybrid/cng,450000,13.017005083966255
Mahindra,1,28000.0,Automatic,first,diesel,2450000,14.711598990684092
Maruti Suzuki,5,25000.0,Automatic,first,petrol,432000,12.976183182038383
BMW,8,110000.0,Automatic,second,diesel,2000000,14.508658238524095
Mercedes-Benz,8,78000.0,Automatic,second,petrol,1650000,14.316286451937186
Maruti Suzuki,9,87000.0,Manual,first,diesel,545000,13.208542908506082
Hyundai,0,3500.0,Automatic,first,hybrid/cng,905000,13.715691327653829
Mahindra,14,190000.0,Manual,second,diesel,200000,12.206077645517674
Ford,7,69713.0,Manual,second,petrol,649000,13.38318953651709
BMW,7,55000.0,Automatic,first,diesel,1500000,14.220976332738882
Maruti Suzuki,6,32000.0,Manual,first,diesel,675000,13.42246945133505
Maruti Suzuki,8,14123.0,Automatic,second,hybrid/cng,313131,12.654380105860811
Maruti Suzuki,8,60000.0,Manual,first,petrol,275000,12.524530013005734
Tata,9,51500.0,Manual,second,petrol,125000,11.736077016252437
Chevrolet,7,75000.0,Manual,second,diesel,175000,12.07254696717504
Maruti Suzuki,6,72000.0,Automatic,first,hybrid/cng,350000,12.765691290604371
Hyundai,2,64000.0,Manual,first,hybrid/cng,690000,13.444448325847754
Maruti Suzuki,13,77000.0,Manual,second,hybrid/cng,160000,11.982935344196433
Maruti Suzuki,7,140000.0,Manual,first,hybrid/cng,200000,12.206077645517674
Honda,16,10.0,Automatic,first,hybrid/cng,495000,13.112315061750808
Skoda,3,300000.0,Manual,first,petrol,995000,13.81049902116535
Maruti Suzuki,14,41258.0,Manual,second,petrol,139000,11.842236406331555
Honda,20,130000.0,Automatic,second,hybrid/cng,140000,11.849404844423074
Hyundai,13,76000.0,Manual,second,hybrid/cng,135000,11.813037464800539
Maruti Suzuki,4,52300.0,Manual,first,hybrid/cng,445000,13.005831808336863
Maruti Suzuki,5,48500.0,Automatic,first,diesel,975000,13.790193775620484
Honda,15,102000.0,Automatic,second,hybrid/cng,150000,11.918397239722838
Hyundai,6,78000.0,Automatic,first,hybrid/cng,745000,13.521140839642674
Maruti Suzuki,11,68000.0,Manual,second,hybrid/cng,565000,13.244582780038517
Hyundai,11,89288.0,Manual,first,hybrid/cng,160000,11.982935344196433
Toyota,1,11000.0,Automatic,first,hybrid/cng,3975000,15.195535557642865
Renault,8,69000.0,Manual,second,hybrid/cng,210000,12.25486757159303
Maruti Suzuki,3,59000.0,Automatic,first,hybrid/cng,750000,13.527829818844937
Hyundai,7,72000.0,Manual,first,hybrid/cng,490000,13.102162710901053
Mahindra,1,18000.0,Automatic,first,diesel,1325000,14.096923772119156
Maruti Suzuki,12,76000.0,Manual,second,petrol,225000,12.323860125621126
Jeep,6,55000.0,Manual,second,diesel,1080000,13.8924725250259
Ford,9,112000.0,Manual,first,diesel,485000,13.091906231773164
Hyundai,9,64000.0,Manual,first,hybrid/cng,325000,12.691583538230217
Hyundai,6,81000.0,Manual,first,diesel,730000,13.500801182986649
Hyundai,8,72300.0,Manual,first,diesel,825000,13.623139877437296
Honda,10,149000.0,Automatic,second,petrol,550000,13.217675375388819
Toyota,1,18500.0,Automatic,first,diesel,4500000,15.319588176962746
Tata,2,31000.0,Automatic,second,diesel,1960000,14.488455541410652
Maruti Suzuki,5,48055.0,Manual,first,petrol,535000,13.190023895035274
Maruti Suzuki,5,75000.0,Manual,first,hybrid/cng,460000,13.038983942375959
Hyundai,3,87500.0,Manual,first,hybrid/cng,575000,13.26212705890841
Jaguar,11,65000.0,Automatic,first,diesel,1491000,14.214958264437461
Mercedes-Benz,8,36000.0,Automatic,second,diesel,985000,13.800397935382136
Maruti Suzuki,8,65000.0,Manual,first,diesel,445000,13.005831808336863
Maruti Suzuki,7,57099.0,Automatic,first,hybrid/cng,465000,13.049794835104816
Tata,3,46000.0,Manual,first,petrol,725000,13.493928313146206
Toyota,14,154000.0,Manual,second,diesel,975000,13.790193775620484
Tata,1,18000.0,Manual,first,hybrid/cng,751000,13.529162262303307
Maruti Suzuki,9,114000.0,Automatic,first,hybrid/cng,195000,12.180759965737863
Volkswagen,1,80000.0,Automatic,first,petrol,1440000,14.180154365996387
Maruti Suzuki,5,105919.0,Manual,first,diesel,890000,13.698977865303197
Maruti Suzuki,6,74000.0,Automatic,second,hybrid/cng,430000,12.971542813248437
Maruti Suzuki,3,51000.0,Manual,first,hybrid/cng,565000,13.244582780038517
Ford,7,152000.0,Manual,second,diesel,600000,13.304686600863562
Maruti Suzuki,0,1234.0,Automatic,first,hybrid/cng,150000,11.918397239722838
Hyundai,11,100000.0,Automatic,first,hybrid/cng,190000,12.154784614286667
Renault,8,51000.0,Automatic,second,petrol,259999,12.468436909997665
Maruti Suzuki,8,75000.0,Automatic,second,hybrid/cng,300000,12.611541086966115
Mahindra,8,240000.0,Manual,second,diesel,550000,13.217675375388819
Maruti Suzuki,6,49000.0,Manual,second,petrol,585000,13.279368835614243
Jeep,6,39000.0,Manual,second,diesel,1250000,14.038654909278163
Maruti Suzuki,7,25122.0,Manual,first,petrol,415000,12.936036208848487
Kia,3,300000.0,Automatic,first,hybrid/cng,899000,13.70903942580019
Maruti Suzuki,8,42000.0,Manual,second,hybrid/cng,625000,13.345508528717259
Tata,14,2010.0,Manual,first,hybrid/cng,155000,11.951186847493476
Honda,12,85380.0,Automatic,second,hybrid/cng,235000,12.367345048436391
Volkswagen,8,65000.0,Manual,first,diesel,490000,13.102162710901053
Honda,11,89000.0,Automatic,second,petrol,445000,13.005831808336863
Maruti Suzuki,0,1300.0,Automatic,first,hybrid/cng,750000,13.527829818844937
Lexus,1,60000.0,Automatic,first,petrol,6950000,15.754252361425857
Maruti Suzuki,0,8000.0,Manual,first,petrol,630000,13.353476685668044
Hyundai,8,86000.0,Manual,second,petrol,222000,12.310437165348775
Volkswagen,9,53000.0,Manual,second,diesel,550000,13.217675375388819
Maruti Suzuki,7,53402.0,Manual,second,petrol,490000,13.102162710901053
Maruti Suzuki,5,65000.0,Manual,first,diesel,1300000,14.077875591662238
Honda,16,119000.0,Automatic,second,hybrid/cng,145800,11.889997957243736
Maruti Suzuki,6,57000.0,Manual,second,hybrid/cng,425000,12.959846800844963
Audi,6,55100.0,Automatic,second,diesel,1400000,14.151983508870947
Honda,14,70000.0,Automatic,second,hybrid/cng,300000,12.611541086966115
Renault,6,55156.0,Automatic,second,petrol,625000,13.345508528717259
MG,3,37000.0,Automatic,second,petrol,1695000,14.343193888767015
Honda,10,92000.0,Manual,first,diesel,385000,12.861001210669146
Maruti Suzuki,13,110000.0,Manual,second,diesel,395000,12.886643575525625
Ford,7,55000.0,Automatic,second,hybrid/cng,615000,13.329379172803593
Toyota,7,52000.0,Automatic,first,diesel,1800000,14.403297778421795
Hyundai,11,60000.0,Manual,second,petrol,285000,12.560247968016562
Maruti Suzuki,12,87000.0,Manual,first,hybrid/cng,271000,12.509877789891931
Hyundai,7,82000.0,Automatic,second,hybrid/cng,380000,12.847929163278053
Jaguar,4,42000.0,Automatic,second,petrol,4100000,15.226497775576945
Toyota,5,210000.0,Manual,second,diesel,1925000,14.470437045184406
Hyundai,7,42568.0,Manual,first,petrol,410000,12.923914877701906
Ford,8,89000.0,Manual,first,diesel,375000,12.834683971615659
Hyundai,8,89600.0,Automatic,second,petrol,785000,13.573440270649085
Renault,8,1.0,Manual,second,petrol,199999,12.206072645530174
Hyundai,7,96000.0,Manual,second,diesel,1050000,13.864301674514206
Land Rover,8,100000.0,Automatic,second,diesel,3999999,15.201804919084164
Maruti Suzuki,13,70680.0,Manual,second,hybrid/cng,175000,12.07254696717504
Maruti Suzuki,16,135000.0,Manual,second,hybrid/cng,125000,11.736077016252437
Hyundai,14,82000.0,Manual,second,petrol,210000,12.25486757159303
Skoda,12,76500.0,Manual,second,diesel,435000,12.983103608918753
Maruti Suzuki,12,71000.0,Manual,first,hybrid/cng,190000,12.154784614286667
Mahindra,0,28000.0,Automatic,first,diesel,2025000,14.521080752349816
Hyundai,11,300000.0,Manual,first,petrol,350000,12.765691290604371
Maruti Suzuki,9,58406.0,Manual,second,hybrid/cng,315000,12.660331092405906
Maruti Suzuki,30,70120.0,Automatic,second,petrol,35000,10.463131911491967
Maruti Suzuki,7,74000.0,Manual,first,hybrid/cng,675000,13.42246945133505
Hyundai,5,25000.0,Automatic,first,diesel,799999,13.592367006650065
Maruti Suzuki,1,8500.0,Manual,second,petrol,425000,12.959846800844963
Mahindra,13,48529.0,Manual,second,diesel,360000,12.793862088206213
Maruti Suzuki,8,125000.0,Automatic,first,hybrid/cng,315000,12.660331092405906
Mahindra,8,60000.0,Automatic,second,diesel,450000,13.017005083966255
Hyundai,14,57000.0,Manual,second,petrol,225000,12.323860125621126
Tata,5,78000.0,Manual,first,diesel,1025000,13.840204146163925
Volkswagen,3,35000.0,Automatic,second,petrol,1190000,13.989464705423494
Hyundai,10,63000.0,Manual,second,petrol,350000,12.765691290604371
Honda,6,52000.0,Automatic,first,petrol,649999,13.38472764187182
Nissan,3,35000.0,Manual,first,petrol,510000,13.1421679654829
Ford,10,75000.0,Manual,first,petrol,320000,12.676079399771027
Maruti Suzuki,8,65000.0,Manual,second,hybrid/cng,689000,13.442998001373553
Chevrolet,9,133000.0,Manual,second,hybrid/cng,120000,11.695255355062795
Maruti Suzuki,15,36000.0,Manual,second,petrol,159000,11.976665770490767
Mahindra,2,75243.0,Manual,first,diesel,1495000,14.217637433703022
Honda,3,300000.0,Manual,first,diesel,990000,13.805461232211272
Jaguar,10,12500.0,Automatic,second,diesel,1690000,14.340239678615058
Maruti Suzuki,7,84000.0,Automatic,second,petrol,245000,12.409017571151187
Lexus,2,38000.0,Automatic,second,hybrid/cng,6600000,15.702580358511794
Toyota,8,180000.0,Automatic,second,diesel,1828000,14.418733578042035
Maruti Suzuki,6,58000.0,Manual,first,hybrid/cng,801000,13.593617474489168
Hyundai,9,30.0,Automatic,second,hybrid/cng,195000,12.180759965737863
Maruti Suzuki,1,25000.0,Automatic,first,hybrid/cng,2550000,14.751604309291395
BMW,1,40000.0,Automatic,first,diesel,13000000,16.380459992348886
Ford,13,89000.0,Manual,second,diesel,199999,12.206072645530174
Renault,2,81525.0,Manual,first,petrol,445000,13.005831808336863
Honda,14,85000.0,Automatic,second,hybrid/cng,160000,11.982935344196433
Toyota,12,190000.0,Automatic,second,diesel,650000,13.384729180332174
Maruti Suzuki,5,135000.0,Manual,second,diesel,645000,13.377007146164305
Maruti Suzuki,8,36000.0,Automatic,first,petrol,475000,13.07107218827772
BMW,8,55000.0,Automatic,second,diesel,1490000,14.214287349062356
Hyundai,10,42000.0,Automatic,second,petrol,440000,12.994532278619134
Mahindra,4,109300.0,Manual,first,diesel,950000,13.76421831620775
Honda,16,98000.0,Automatic,second,hybrid/cng,99999,11.512925464970229
Hyundai,10,73000.0,Manual,second,petrol,475000,13.07107218827772
Audi,9,95000.0,Automatic,first,diesel,999999,13.815510557964274
Honda,8,65000.0,Manual,second,hybrid/cng,285000,12.560247968016562
Maruti Suzuki,5,40000.0,Automatic,first,petrol,975000,13.790193775620484
Maruti Suzuki,2,11000.0,Manual,first,hybrid/cng,590000,13.28787951079572
Mahindra,2,36000.0,Automatic,second,diesel,2275111,14.637539839924624
Honda,12,82000.0,Manual,second,hybrid/cng,310000,12.644330802262578
Maruti Suzuki,10,36038.0,Manual,second,petrol,300763,12.614081183044433
Maruti Suzuki,11,140000.0,Manual,second,diesel,278000,12.535379989788607
Maruti Suzuki,5,5500.0,Automatic,first,hybrid/cng,600000,13.304686600863562
Mahindra,8,112000.0,Automatic,first,diesel,935000,13.74830287778897
Maruti Suzuki,8,25.0,Automatic,second,petrol,230000,12.345838935721968
Kia,4,50000.0,Manual,first,diesel,1073000,13.88596995357885
Toyota,7,55000.0,Automatic,first,diesel,2050000,14.53335083891935
Maruti Suzuki,5,90000.0,Manual,second,diesel,590000,13.28787951079572
Audi,11,79000.0,Automatic,second,diesel,1490000,14.214287349062356
Toyota,5,95000.0,Automatic,first,diesel,2975000,14.905754933096265
Maruti Suzuki,9,115000.0,Manual,second,diesel,385000,12.861001210669146
Mahindra,7,300000.0,Manual,first,diesel,435000,12.983103608918753
Maruti Suzuki,14,86000.0,Manual,first,hybrid/cng,207000,12.240478903153711
Tata,1,26500.0,Automatic,second,petrol,745000,13.521140839642674
BMW,13,214000.0,Automatic,first,diesel,400000,12.899222326086994
Maruti Suzuki,10,52000.0,Manual,second,petrol,290000,12.577639650232573
Maruti Suzuki,4,63500.0,Manual,first,hybrid/cng,1000000,13.815511557963774
Tata,2,62000.0,Automatic,first,hybrid/cng,700000,13.45883704259595
Maruti Suzuki,9,300000.0,Manual,second,hybrid/cng,360000,12.793862088206213
Maruti Suzuki,10,168000.0,Manual,second,diesel,370000,12.821260987319457
Maruti Suzuki,7,78000.0,Manual,first,hybrid/cng,280000,12.54254845357358
Toyota,0,3000.0,Automatic,first,petrol,2500000,14.731801689838349
Maruti Suzuki,11,94000.0,Manual,second,hybrid/cng,275000,12.524530013005734
Toyota,6,145000.0,Manual,second,diesel,565000,13.244582780038517
Tata,4,60000.0,Manual,second,petrol,525000,13.171155446333852
Volkswagen,11,300000.0,Manual,second,diesel,440000,12.994532278619134
Maruti Suzuki,6,62217.0,Automatic,second,hybrid/cng,421999,12.952760593018148
Hyundai,9,28240.0,Manual,first,petrol,585000,13.279368835614243
Tata,2,45000.0,Manual,first,diesel,775000,13.560619598657233
Mercedes-Benz,8,64998.0,Automatic,second,diesel,1600000,14.285514812209815
Maruti Suzuki,7,57000.0,Manual,first,diesel,649000,13.38318953651709
Maruti Suzuki,11,68000.0,Manual,first,petrol,395000,12.886643575525625
Maruti Suzuki,5,66000.0,Automatic,first,hybrid/cng,465000,13.049794835104816
Maruti Suzuki,6,300000.0,Manual,first,hybrid/cng,415000,12.936036208848487
Kia,3,37900.0,Automatic,first,diesel,1545000,14.250535115562965
Maruti Suzuki,8,300000.0,Manual,second,petrol,440000,12.994532278619134
Mercedes-Benz,4,51000.0,Automatic,first,petrol,3195000,14.97709795878277
Hyundai,5,56000.0,Manual,first,petrol,985000,13.800397935382136
Maruti Suzuki,7,72000.0,Manual,first,hybrid/cng,750000,13.527829818844937
Maruti Suzuki,9,300000.0,Manual,second,hybrid/cng,400000,12.899222326086994
Maruti Suzuki,3,82000.0,Manual,first,hybrid/cng,975000,13.790193775620484
Maruti Suzuki,14,300000.0,Automatic,first,hybrid/cng,86000,11.362114203075018
Honda,2,14000.0,Automatic,first,hybrid/cng,900000,13.710151153416941
Kia,4,97000.0,Automatic,first,diesel,1450000,14.187074804051692
Renault,6,21378.0,Automatic,second,petrol,756000,13.535797977912118
Maruti Suzuki,9,40000.0,Automatic,second,hybrid/cng,350000,12.765691290604371
Hyundai,6,300000.0,Manual,first,hybrid/cng,460000,13.038983942375959
Toyota,0,9000.0,Automatic,first,diesel,4150000,15.238619133170708
Hyundai,5,35485.0,Manual,second,petrol,565000,13.244582780038517
Honda,10,47000.0,Manual,second,petrol,160000,11.982935344196433
Maruti Suzuki,6,78000.0,Manual,second,hybrid/cng,379000,12.84529412258351
Toyota,11,126870.0,Automatic,first,diesel,735000,13.507627138738266
Honda,11,89000.0,Automatic,second,hybrid/cng,599000,13.303018546545275
Maruti Suzuki,4,98000.0,Manual,first,petrol,600000,13.304686600863562
Maruti Suzuki,1,15000.0,Manual,first,petrol,785000,13.573440270649085
Maruti Suzuki,5,63000.0,Manual,second,hybrid/cng,475000,13.07107218827772
Mercedes-Benz,3,31000.0,Automatic,first,petrol,5499000,15.520076997341182
Ford,3,78000.0,Automatic,first,diesel,3250000,14.99416586199818
Kia,4,59000.0,Manual,first,petrol,1045000,13.85952840031839
Maruti Suzuki,14,23000.0,Manual,first,petrol,345000,12.75130259456002
Tata,13,85000.0,Manual,first,diesel,260000,12.468440756144114
BMW,14,25647.0,Automatic,second,petrol,2700000,14.80876270134486
Mahindra,3,54128.0,Manual,first,diesel,1735000,14.366518547731806
Ford,3,38000.0,Automatic,first,diesel,1500000,14.220976332738882
Tata,0,40000.0,Manual,first,hybrid/cng,800000,13.592368256649284
BMW,4,175000.0,Automatic,first,petrol,4800000,15.38412668421143
Toyota,3,38351.0,Manual,first,diesel,3500000,15.068273812173887
Toyota,12,98695.0,Manual,first,diesel,480000,13.081543466215237
Honda,8,62500.0,Automatic,second,hybrid/cng,550000,13.217675375388819
Toyota,10,270000.0,Manual,second,diesel,940000,13.753636218075409
Porsche,0,16000.0,Automatic,first,petrol,9500000,16.066802461833923
BMW,7,58500.0,Automatic,second,diesel,4050000,15.214227685996272
Honda,14,60000.0,Manual,second,petrol,250000,12.429220196836383
Honda,9,65000.0,Automatic,first,hybrid/cng,560000,13.235693848424024
Honda,8,47000.0,Automatic,second,hybrid/cng,611000,13.322853874813605
Maruti Suzuki,8,4286.0,Manual,second,hybrid/cng,330000,12.706850963741102
Hyundai,10,69000.0,Manual,second,hybrid/cng,365000,12.807655372286902
Honda,2,37000.0,Automatic,first,hybrid/cng,685000,13.437175577097312
Volkswagen,13,48000.0,Automatic,first,hybrid/cng,265000,12.487488878546145
Volkswagen,13,300000.0,Manual,first,diesel,380000,12.847929163278053
Mercedes-Benz,3,19000.0,Automatic,first,diesel,7100000,15.775605482856605
Nissan,6,54000.0,Manual,second,hybrid/cng,190000,12.154784614286667
Maruti Suzuki,13,72000.0,Automatic,second,hybrid/cng,135500,11.816734299348461
Skoda,0,5000.0,Automatic,first,petrol,1569000,14.265949669063597
Honda,7,110000.0,Manual,second,diesel,570000,13.25339339419516
Honda,8,80000.0,Automatic,second,petrol,525000,13.171155446333852
Maruti Suzuki,8,67010.0,Manual,second,hybrid/cng,335000,12.721888795877375
Maruti Suzuki,7,134000.0,Manual,second,diesel,775000,13.560619598657233
Hyundai,12,85000.0,Manual,first,hybrid/cng,145000,11.884495917930655
Maruti Suzuki,3,37000.0,Manual,second,petrol,670000,13.415034483903348
Hyundai,10,28.0,Automatic,first,hybrid/cng,150000,11.918397239722838
Maruti Suzuki,10,48000.0,Manual,second,petrol,225000,12.323860125621126
Ford,3,300000.0,Automatic,first,diesel,3640000,15.10749451433816
Mahindra,6,9000.0,Manual,first,diesel,1075000,13.887832149776026
Honda,9,71000.0,Automatic,second,petrol,465000,13.049794835104816
Maruti Suzuki,0,996.0,Manual,first,hybrid/cng,1060000,13.87378040948403
Honda,17,97000.0,Automatic,second,hybrid/cng,250000,12.429220196836383
Skoda,6,90000.0,Automatic,first,diesel,1850000,14.430696737594902
Maruti Suzuki,3,66000.0,Manual,second,hybrid/cng,365000,12.807655372286902
Hyundai,12,111.0,Automatic,first,hybrid/cng,130000,11.775297421715827
Tata,4,33500.0,Automatic,first,hybrid/cng,325000,12.691583538230217
Mahindra,0,14000.0,Manual,first,petrol,1075000,13.887832149776026
Toyota,5,195698.0,Manual,first,diesel,1999999,14.508657738524219
Maruti Suzuki,15,61000.0,Manual,second,petrol,120000,11.695255355062795
Audi,2,28000.0,Automatic,first,petrol,4200000,15.250595321348806
BMW,9,78000.0,Automatic,second,diesel,1899999,14.457364444136669
Maruti Suzuki,4,49000.0,Manual,first,petrol,690000,13.444448325847754
Tata,3,54000.0,Manual,first,diesel,775000,13.560619598657233
Maruti Suzuki,7,300000.0,Automatic,first,petrol,500000,13.122365377402328
Mahindra,8,56000.0,Manual,second,diesel,845000,13.647093089770562
Mahindra,1,14500.0,Automatic,first,diesel,1735000,14.366518547731806
Maruti Suzuki,6,51000.0,Automatic,first,hybrid/cng,599999,13.304684934198283
Hyundai,12,95000.0,Manual,second,hybrid/cng,225000,12.323860125621126
Maruti Suzuki,7,107000.0,Manual,first,hybrid/cng,750000,13.527829818844937
Skoda,2,16000.0,Automatic,second,petrol,1675000,14.331324320256051
Hyundai,11,75000.0,Automatic,second,hybrid/cng,170000,12.04355959836804
Hyundai,12,96000.0,Automatic,first,hybrid/cng,145000,11.884495917930655
Maruti Suzuki,2,100000.0,Manual,first,hybrid/cng,930000,13.742940940397677
Toyota,3,83000.0,Automatic,first,diesel,3895000,15.175204494026362
Maruti Suzuki,2,18000.0,Manual,second,petrol,595000,13.296318365198623
Maruti Suzuki,7,81890.0,Manual,first,petrol,435000,12.983103608918753
Toyota,4,155000.0,Manual,first,diesel,2400000,14.690979711984754
Maruti Suzuki,2,38000.0,Manual,first,hybrid/cng,600000,13.304686600863562
Maruti Suzuki,14,80000.0,Manual,first,petrol,145000,11.884495917930655
Maruti Suzuki,9,300000.0,Automatic,first,petrol,440000,12.994532278619134
Honda,14,98000.0,Automatic,second,hybrid/cng,320000,12.676079399771027
Mercedes-Benz,5,300000.0,Automatic,first,diesel,4350000,15.285686632949897
BMW,12,65000.0,Automatic,second,diesel,1200000,13.997832948091215
Maruti Suzuki,6,61000.0,Manual,second,diesel,645000,13.377007146164305
Hyundai,10,113000.0,Manual,first,diesel,350000,12.765691290604371
Maruti Suzuki,3,81000.0,Manual,first,hybrid/cng,390000,12.873904582205107
Hyundai,6,135000.0,Automatic,second,diesel,1180000,13.981025843899115
Chevrolet,11,50000.0,Manual,second,hybrid/cng,135000,11.813037464800539
Kia,2,220000.0,Automatic,first,petrol,1550000,14.253766134056512
Maruti Suzuki,6,34000.0,Automatic,second,petrol,290000,12.577639650232573
Maruti Suzuki,17,60000.0,Manual,second,hybrid/cng,160000,11.982935344196433
Toyota,8,300000.0,Manual,first,diesel,1345000,14.111905314512224
Maruti Suzuki,8,72000.0,Manual,first,petrol,280000,12.54254845357358
Toyota,3,30000.0,Automatic,first,petrol,9500000,16.066802461833923
Ford,9,89000.0,Automatic,second,hybrid/cng,599000,13.303018546545275
Ford,7,51421.0,Manual,first,diesel,645000,13.377007146164305
Hyundai,11,100000.0,Manual,second,diesel,400000,12.899222326086994
Maruti Suzuki,8,63653.0,Manual,second,diesel,585000,13.279368835614243
Toyota,10,155000.0,Automatic,second,hybrid/cng,775000,13.560619598657233
Maruti Suzuki,8,25.0,Automatic,second,hybrid/cng,520000,13.161586013632684
Maruti Suzuki,12,65000.0,Manual,second,petrol,177600,12.087294740154986
Mitsubishi,9,80000.0,Automatic,first,diesel,935000,13.74830287778897
Volkswagen,6,65000.0,Automatic,first,petrol,875000,13.681980308196241
Kia,3,30000.0,Automatic,first,diesel,1190000,13.989464705423494
Maruti Suzuki,4,300000.0,Automatic,second,hybrid/cng,490000,13.102162710901053
Hyundai,8,44000.0,Automatic,first,petrol,441000,12.996802422000108
Jaguar,6,76000.0,Automatic,second,diesel,3499999,15.068273526459642
Maruti Suzuki,7,53600.0,Manual,second,diesel,590000,13.28787951079572
Hyundai,6,80000.0,Automatic,second,diesel,1300000,14.077875591662238
Maruti Suzuki,8,92000.0,Manual,first,hybrid/cng,315000,12.660331092405906
Hyundai,3,58241.0,Manual,first,hybrid/cng,585000,13.279368835614243
Hyundai,7,86000.0,Automatic,second,hybrid/cng,899000,13.70903942580019
Honda,19,105000.0,Manual,second,petrol,135000,11.813037464800539
Toyota,8,86000.0,Automatic,first,hybrid/cng,695000,13.451668563394815
Hyundai,7,49600.0,Manual,second,hybrid/cng,565000,13.244582780038517
Maruti Suzuki,10,70123.0,Manual,first,diesel,490000,13.102162710901053
Tata,6,75000.0,Automatic,second,diesel,585000,13.279368835614243
Maruti Suzuki,3,72782.0,Manual,first,petrol,630000,13.353476685668044
Maruti Suzuki,9,72000.0,Manual,second,hybrid/cng,265000,12.487488878546145
Honda,3,57000.0,Manual,second,petrol,585000,13.279368835614243
Hyundai,10,86000.0,Manual,second,diesel,550000,13.217675375388819
Maruti Suzuki,5,56000.0,Manual,first,hybrid/cng,425000,12.959846800844963
Ford,3,35000.0,Automatic,first,petrol,1025000,13.840204146163925
Volkswagen,7,105000.0,Automatic,first,diesel,1900000,14.45736497045232
Toyota,11,250000.0,Manual,second,diesel,9500000,16.066802461833923
Maruti Suzuki,5,94000.0,Manual,first,hybrid/cng,865000,13.670485941982712
Mahindra,3,300000.0,Manual,first,petrol,1925000,14.470437045184406
Maruti Suzuki,10,66000.0,Manual,first,petrol,288888,12.573797810270802
Maruti Suzuki,15,99000.0,Manual,second,hybrid/cng,130000,11.775297421715827
Hyundai,8,56000.0,Manual,first,diesel,710000,13.47302165746721
Volkswagen,9,74000.0,Automatic,first,diesel,535000,13.190023895035274
Hyundai,8,26000.0,Automatic,second,petrol,400000,12.899222326086994
Hyundai,11,90000.0,Manual,second,hybrid/cng,185000,12.128116509451258
Maruti Suzuki,7,83000.0,Manual,first,hybrid/cng,330000,12.706850963741102
Maruti Suzuki,9,90000.0,Automatic,first,petrol,358000,12.788291058675025
Maruti Suzuki,2,40000.0,Manual,first,hybrid/cng,660000,13.399996629152975
Lexus,5,88000.0,Automatic,second,hybrid/cng,4650000,15.35237799261728
Honda,14,143000.0,Automatic,second,hybrid/cng,399999,12.89921982609012
Renault,8,61600.0,Automatic,second,petrol,240000,12.388398368982115
Mahindra,6,95000.0,Manual,second,diesel,550000,13.217675375388819
Mercedes-Benz,4,24000.0,Automatic,second,diesel,4050000,15.214227685996272
Maruti Suzuki,11,70000.0,Manual,first,hybrid/cng,425000,12.959846800844963
Volkswagen,1,11021.0,Manual,first,petrol,1220000,14.014362236381235
Maruti Suzuki,8,80000.0,Manual,second,hybrid/cng,225000,12.323860125621126
Toyota,1,8500.0,Automatic,first,hybrid/cng,3595000,15.095054827301363
Volkswagen,8,90000.0,Automatic,first,diesel,750000,13.527829818844937
BMW,12,300000.0,Automatic,second,diesel,2050000,14.53335083891935
Hyundai,8,66610.0,Automatic,second,hybrid/cng,285000,12.560247968016562
Maruti Suzuki,13,79000.0,Manual,second,diesel,235000,12.367345048436391
Maruti Suzuki,13,117000.0,Manual,first,diesel,250000,12.429220196836383
Datsun,6,300000.0,Manual,first,petrol,300000,12.611541086966115
Maruti Suzuki,11,100000.0,Automatic,second,hybrid/cng,200000,12.206077645517674
Renault,6,300000.0,Manual,first,diesel,840000,13.641158361294979
Honda,9,95000.0,Automatic,first,hybrid/cng,450000,13.017005083966255
Honda,10,21000.0,Automatic,first,hybrid/cng,242000,12.396697137361691
Mahindra,9,80000.0,Manual,first,diesel,490000,13.102162710901053
Hyundai,9,58124.0,Manual,second,petrol,250000,12.429220196836383
Tata,5,82000.0,Manual,second,diesel,625000,13.345508528717259
Jaguar,8,100000.0,Automatic,second,diesel,1490000,14.214287349062356
Mahindra,1,16900.0,Manual,first,diesel,1750000,14.375126917328105
Maruti Suzuki,1,45000.0,Automatic,first,hybrid/cng,725000,13.493928313146206
Mini,11,23000.0,Automatic,second,petrol,1975000,14.496079462646344
Hyundai,3,32000.0,Automatic,first,petrol,900000,13.710151153416941
Maruti Suzuki,4,82000.0,Automatic,first,hybrid/cng,560000,13.235693848424024
Volkswagen,8,67000.0,Manual,second,petrol,451000,13.019224835777257
BMW,2,37500.0,Automatic,first,petrol,5300000,15.483217567201578
Toyota,9,40000.0,Automatic,second,diesel,1375000,14.13396501635527
Volvo,12,84000.0,Automatic,first,diesel,760000,13.541075028051122
Tata,7,34000.0,Automatic,second,petrol,230000,12.345838935721968
Maruti Suzuki,19,28000.0,Manual,second,petrol,58000,10.968215530759236
Maruti Suzuki,7,72000.0,Manual,second,hybrid/cng,750000,13.527829818844937
Maruti Suzuki,10,58000.0,Manual,first,hybrid/cng,360000,12.793862088206213
Volkswagen,11,87500.0,Manual,second,petrol,300000,12.611541086966115
Hyundai,4,70000.0,Manual,first,hybrid/cng,625000,13.345508528717259
Maruti Suzuki,6,100000.0,Manual,second,diesel,575000,13.26212705890841
Toyota,1,10000.0,Automatic,first,petrol,11200000,16.231424425551033
Maruti Suzuki,6,78000.0,Automatic,first,hybrid/cng,349999,12.765688433465597
Maruti Suzuki,10,250000.0,Manual,first,diesel,591000,13.28957298843418
Hyundai,10,137000.0,Manual,second,diesel,560000,13.235693848424024
Maruti Suzuki,7,72300.0,Manual,first,hybrid/cng,749000,13.52649559761195
Tata,5,122087.0,Manual,first,diesel,625000,13.345508528717259
Audi,8,300000.0,Automatic,second,diesel,2590000,14.767168819776032
Hyundai,8,65000.0,Manual,second,petrol,400000,12.899222326086994
Maruti Suzuki,16,54000.0,Manual,first,hybrid/cng,98500,11.49782197939291
Volkswagen,6,300000.0,Manual,second,petrol,650000,13.384729180332174
Hyundai,2,280000.0,Manual,first,hybrid/cng,590000,13.28787951079572
Hyundai,9,82000.0,Automatic,second,diesel,551000,13.219491903015438
Honda,8,129000.0,Manual,second,diesel,595000,13.296318365198623
Hyundai,8,80000.0,Automatic,second,diesel,621000,13.339087971220277
Maruti Suzuki,8,49000.0,Automatic,first,petrol,425000,12.959846800844963
Maruti Suzuki,1,41000.0,Manual,first,hybrid/cng,1135000,13.942144089954521
Mahindra,9,57000.0,Automatic,second,diesel,799000,13.591117476312084
Hyundai,10,87000.0,Manual,second,hybrid/cng,230000,12.345838935721968
Maruti Suzuki,7,80000.0,Automatic,second,petrol,650000,13.384729180332174
Honda,17,85019.0,Manual,second,hybrid/cng,160000,11.982935344196433
Hyundai,5,59000.0,Manual,first,petrol,599000,13.303018546545275
Hyundai,1,69000.0,Manual,first,diesel,975000,13.790193775620484
Maruti Suzuki,8,55500.0,Automatic,first,hybrid/cng,321000,12.679199517372098
Mercedes-Benz,12,75770.0,Automatic,second,diesel,625000,13.345508528717259
Honda,6,38000.0,Automatic,second,hybrid/cng,715000,13.480039220276565
Chevrolet,14,60000.0,Manual,second,petrol,105000,11.561725152903833
Hyundai,1,12340.0,Manual,first,hybrid/cng,190000,12.154784614286667
Ford,4,122000.0,Automatic,first,diesel,2799999,14.845129975145433
Hyundai,10,76000.0,Manual,first,petrol,290000,12.577639650232573
Hyundai,11,63000.0,Manual,first,petrol,279000,12.53897064502647
Honda,10,59000.0,Manual,first,petrol,375000,12.834683971615659
Maruti Suzuki,12,55000.0,Manual,second,hybrid/cng,211000,12.259618151783465
BMW,7,26000.0,Automatic,second,diesel,4450000,15.308414878861498
Hyundai,11,65891.0,Automatic,first,petrol,320000,12.676079399771027
Hyundai,12,55000.0,Manual,second,hybrid/cng,220000,12.301387370778713
Toyota,1,5100.0,Automatic,first,hybrid/cng,3599000,15.09616686491609
Hyundai,11,120000.0,Automatic,second,diesel,250000,12.429220196836383
Maruti Suzuki,6,72000.0,Manual,first,diesel,875000,13.681980308196241
Honda,6,68000.0,Automatic,first,hybrid/cng,635000,13.361381852676738
Datsun,5,112000.0,Manual,first,petrol,285000,12.560247968016562
Hyundai,13,90000.0,Manual,first,hybrid/cng,200000,12.206077645517674
Maruti Suzuki,3,55110.0,Automatic,first,hybrid/cng,450000,13.017005083966255
Honda,7,65000.0,Manual,second,hybrid/cng,399000,12.896719202134523
Chevrolet,13,72000.0,Manual,second,hybrid/cng,75000,11.225256725762893
Maruti Suzuki,3,53000.0,Automatic,first,hybrid/cng,510000,13.1421679654829
Maruti Suzuki,6,33000.0,Automatic,second,petrol,599000,13.303018546545275
Maruti Suzuki,9,34000.0,Automatic,second,hybrid/cng,325000,12.691583538230217
Hyundai,8,65000.0,Manual,first,hybrid/cng,415000,12.936036208848487
Mahindra,7,61000.0,Automatic,first,diesel,1085000,13.897091466615258
Volkswagen,7,83000.0,Automatic,first,diesel,50000,10.819798284210286
Maruti Suzuki,8,80000.0,Automatic,second,hybrid/cng,155000,11.951186847493476
Maruti Suzuki,2,15419.0,Manual,first,hybrid/cng,845000,13.647093089770562
Hyundai,10,68538.0,Manual,first,petrol,335000,12.721888795877375
Mini,11,48000.0,Automatic,second,petrol,1700000,14.346139397261565
Honda,13,61000.0,Automatic,first,hybrid/cng,300000,12.611541086966115
Tata,11,125000.0,Manual,second,diesel,425000,12.959846800844963
Mahindra,1,15000.0,Automatic,first,petrol,1450000,14.187074804051692
Maruti Suzuki,6,57200.0,Manual,first,hybrid/cng,799000,13.591117476312084
Toyota,3,75000.0,Automatic,first,diesel,2600000,14.77102238760702
Mahindra,6,300000.0,Manual,first,diesel,740000,13.51440681653079
Maruti Suzuki,23,25.0,Automatic,second,diesel,110000,11.608244735642321
Toyota,5,51234.0,Manual,first,diesel,850000,13.652992804936396
Maruti Suzuki,8,75000.0,Manual,first,hybrid/cng,325000,12.691583538230217
Volkswagen,11,120000.0,Manual,first,diesel,410000,12.923914877701906
Maruti Suzuki,9,54000.0,Manual,first,diesel,365000,12.807655372286902
Lexus,6,130000.0,Automatic,first,hybrid/cng,5100000,15.444751293772967
Hyundai,5,59980.0,Automatic,first,petrol,1140000,13.946539697563276
BMW,12,73000.0,Automatic,second,diesel,725000,13.493928313146206
Mercedes-Benz,14,300000.0,Automatic,second,petrol,599999,13.304684934198283
Mercedes-Benz,7,70000.0,Automatic,first,petrol,5300000,15.483217567201578
Volkswagen,2,29800.0,Automatic,second,petrol,975000,13.790193775620484
Tata,5,52000.0,Automatic,first,hybrid/cng,515000,13.151924121391561
Toyota,1,25000.0,Automatic,first,hybrid/cng,3460000,15.056779436051206
Maruti Suzuki,4,150000.0,Automatic,first,hybrid/cng,260000,12.468440756144114
Hyundai,13,60000.0,Manual,second,petrol,173000,12.06105265381003
Hyundai,6,69000.0,Manual,first,diesel,725000,13.493928313146206
Mahindra,6,90000.0,Manual,second,diesel,550000,13.217675375388819
Hyundai,16,60000.0,Manual,second,petrol,210000,12.25486757159303
Hyundai,9,84329.0,Manual,second,diesel,665000,13.407543823396258
Maruti Suzuki,2,59000.0,Manual,first,hybrid/cng,598000,13.301347705172173
Mercedes-Benz,7,38000.0,Automatic,first,diesel,1800000,14.403297778421795
Mercedes-Benz,9,70000.0,Automatic,second,diesel,2275000,14.637491049927531
Mercedes-Benz,10,35000.0,Automatic,second,diesel,799000,13.591117476312084
Maruti Suzuki,10,72000.0,Automatic,second,hybrid/cng,260000,12.468440756144114
BMW,10,68000.0,Automatic,second,diesel,1550000,14.253766134056512
Ford,8,300000.0,Manual,second,hybrid/cng,350000,12.765691290604371
Toyota,3,35000.0,Automatic,second,diesel,3100000,14.946912992035967
Honda,9,65000.0,Automatic,second,hybrid/cng,479000,13.079457964073546
Honda,5,50000.0,Manual,first,hybrid/cng,535000,13.190023895035274
Hyundai,4,300000.0,Manual,first,hybrid/cng,599000,13.303018546545275
Hyundai,5,47000.0,Automatic,second,hybrid/cng,795000,13.586098651497313
Mahindra,0,150.0,Automatic,first,hybrid/cng,234567,12.36550080351082
Land Rover,6,85000.0,Automatic,first,diesel,5800000,15.573368647930426
Toyota,11,87000.0,Manual,first,petrol,325000,12.691583538230217
Toyota,11,132000.0,Manual,second,diesel,694999,13.45166712454693
Skoda,14,157851.0,Automatic,first,diesel,385000,12.861001210669146
Ford,7,30000.0,Automatic,second,petrol,740000,13.51440681653079
Maruti Suzuki,11,245000.0,Manual,second,diesel,240000,12.388398368982115
Maruti Suzuki,8,57250.0,Manual,first,hybrid/cng,368000,12.81584093453868
Renault,6,35000.0,Automatic,first,petrol,380000,12.847929163278053
Maruti Suzuki,5,33000.0,Manual,first,hybrid/cng,485000,13.091906231773164
Maruti Suzuki,4,80000.0,Manual,first,hybrid/cng,979999,13.795307850646754
Hyundai,10,46052.0,Automatic,second,petrol,365000,12.807655372286902
Maruti Suzuki,2,29000.0,Automatic,first,hybrid/cng,1050000,13.864301674514206
Nissan,8,300000.0,Automatic,first,petrol,465000,13.049794835104816
Maruti Suzuki,15,75000.0,Manual,second,petrol,95000,11.461642696843066
Maruti Suzuki,7,108000.0,Manual,second,diesel,525000,13.171155446333852
Maruti Suzuki,11,75667.0,Manual,first,hybrid/cng,360000,12.793862088206213
Mahindra,2,20545.0,Manual,second,diesel,2150000,14.580978865220017
BMW,7,112000.0,Automatic,second,diesel,2200000,14.603968372873895
Hyundai,5,55000.0,Automatic,first,hybrid/cng,500000,13.122365377402328
Hyundai,1,13863.0,Manual,first,hybrid/cng,697000,13.454542124461861
Honda,7,68000.0,Automatic,first,hybrid/cng,745000,13.521140839642674
Honda,7,35000.0,Manual,second,petrol,695000,13.451668563394815
Maruti Suzuki,0,2000.0,Automatic,first,hybrid/cng,900000,13.710151153416941
Renault,6,28000.0,Manual,first,petrol,295000,12.59473402514672
Maruti Suzuki,4,82000.0,Automatic,first,hybrid/cng,551000,13.219491903015438
Honda,6,58000.0,Automatic,second,petrol,750000,13.527829818844937
Volkswagen,8,24000.0,Automatic,first,petrol,525000,13.171155446333852
Tata,6,43220.0,Automatic,first,petrol,480000,13.081543466215237
Hyundai,8,59817.0,Manual,first,hybrid/cng,325000,12.691583538230217
Hyundai,7,56000.0,Manual,second,petrol,510000,13.1421679654829
Maruti Suzuki,7,52000.0,Manual,second,hybrid/cng,690000,13.444448325847754
Hyundai,5,300000.0,Manual,first,hybrid/cng,490000,13.102162710901053
Tata,7,76250.0,Automatic,second,diesel,675000,13.42246945133505
Hyundai,11,68000.0,Manual,first,hybrid/cng,245000,12.409017571151187
Toyota,9,100000.0,Automatic,first,hybrid/cng,625000,13.345508528717259
Maruti Suzuki,14,2000.0,Automatic,second,hybrid/cng,120000,11.695255355062795
Maruti Suzuki,8,139546.0,Manual,second,diesel,350000,12.765691290604371
Volvo,7,92000.0,Automatic,second,diesel,2450000,14.711598990684092
Mercedes-Benz,1,16600.0,Automatic,first,diesel,5500000,15.520258832020865
Mahindra,3,60000.0,Manual,first,diesel,1350000,14.115615891155079
Honda,12,71000.0,Manual,second,petrol,365000,12.807655372286902
Ford,4,88000.0,Automatic,second,diesel,2599000,14.770637698386924
Honda,9,69000.0,Manual,second,hybrid/cng,340000,12.73670383776449
Tata,28,110000.0,Manual,second,diesel,150000,11.918397239722838
Hyundai,11,51500.0,Automatic,first,petrol,244999,12.409013489526863
Maruti Suzuki,16,100000.0,Manual,second,petrol,190000,12.154784614286667
Maruti Suzuki,10,81616.0,Manual,second,hybrid/cng,274710,12.523474914965657
Maruti Suzuki,6,69000.0,Manual,first,diesel,815000,13.610944619216111
Hyundai,14,64000.0,Manual,second,hybrid/cng,139000,11.842236406331555
Honda,9,50000.0,Automatic,first,petrol,460000,13.038983942375959
Honda,9,73000.0,Automatic,second,hybrid/cng,549000,13.215855541983634
Renault,10,110000.0,Manual,second,diesel,465000,13.049794835104816
Hyundai,4,120488.0,Manual,first,petrol,865000,13.670485941982712
Maruti Suzuki,3,73300.0,Manual,first,hybrid/cng,1030000,13.845070331079134
Maruti Suzuki,5,29770.0,Automatic,second,petrol,525000,13.171155446333852
Maruti Suzuki,2,130000.0,Automatic,first,hybrid/cng,115000,11.652696102959753
Honda,10,65000.0,Automatic,second,petrol,520000,13.161586013632684
Honda,3,58000.0,Automatic,first,petrol,680000,13.429849547739444
BMW,11,92048.0,Automatic,first,diesel,1100000,13.910821646859095
Honda,7,24000.0,Automatic,second,petrol,745000,13.521140839642674
Hyundai,8,300000.0,Manual,second,diesel,425000,12.959846800844963
Maruti Suzuki,9,103000.0,Manual,second,diesel,560000,13.235693848424024
Maruti Suzuki,3,25000.0,Manual,first,petrol,760000,13.541075028051122
Volkswagen,1,20000.0,Automatic,second,petrol,1650000,14.316286451937186
BMW,10,89000.0,Automatic,first,diesel,1200000,13.997832948091215
Hyundai,10,82000.0,Automatic,second,hybrid/cng,490000,13.102162710901053
Hyundai,8,80000.0,Automatic,second,petrol,365000,12.807655372286902
Maruti Suzuki,9,83500.0,Manual,first,hybrid/cng,725000,13.493928313146206
Maruti Suzuki,4,62000.0,Manual,first,petrol,525000,13.171155446333852
Skoda,9,82000.0,Automatic,first,diesel,460000,13.038983942375959
Hyundai,7,300000.0,Manual,second,diesel,750000,13.527829818844937
Hyundai,13,95000.0,Manual,second,hybrid/cng,115000,11.652696102959753
Jaguar,4,65000.0,Automatic,second,petrol,3300000,15.009433329466965
Mahindra,11,50308.0,Manual,first,diesel,295000,12.59473402514672
Honda,5,57791.0,Manual,first,diesel,730000,13.500801182986649
Honda,6,58960.0,Manual,first,diesel,750000,13.527829818844937
Jeep,7,74500.0,Manual,first,diesel,850000,13.652992804936396
Volkswagen,3,43000.0,Automatic,second,petrol,1170000,13.972515161474428
Maruti Suzuki,5,62000.0,Manual,first,hybrid/cng,576000,13.263864675787632
Maruti Suzuki,13,96000.0,Manual,second,petrol,135000,11.813037464800539
Hyundai,5,71000.0,Manual,first,hybrid/cng,390000,12.873904582205107
Maruti Suzuki,1,11293.0,Manual,first,petrol,575000,13.26212705890841
Hyundai,13,40000.0,Automatic,second,petrol,250000,12.429220196836383
Toyota,10,127000.0,Manual,second,diesel,1630000,14.30409118627969
Volvo,12,300000.0,Automatic,second,diesel,1500000,14.220976332738882
Mercedes-Benz,13,75000.0,Automatic,second,diesel,1490000,14.214287349062356
Honda,7,63000.0,Automatic,first,petrol,645000,13.377007146164305
Hyundai,3,39000.0,Manual,first,diesel,1199000,13.99699926803766
Maruti Suzuki,7,65000.0,Manual,second,petrol,375000,12.834683971615659
Mahindra,12,115000.0,Manual,second,diesel,425000,12.959846800844963
Toyota,6,165256.0,Manual,second,diesel,565000,13.244582780038517
Hyundai,3,27531.0,Manual,first,petrol,1295000,14.07402202531625
Maruti Suzuki,2,105000.0,Manual,first,hybrid/cng,825000,13.623139877437296
Toyota,7,115000.0,Automatic,first,diesel,2795000,14.843343022353025
Hyundai,9,68000.0,Manual,second,hybrid/cng,375000,12.834683971615659
Maruti Suzuki,9,61000.0,Automatic,second,hybrid/cng,530000,13.180634172318978
Honda,5,37100.0,Automatic,second,hybrid/cng,620000,13.3374763699232
Maruti Suzuki,5,31000.0,Manual,first,petrol,500000,13.122365377402328
Maruti Suzuki,21,85000.0,Manual,second,hybrid/cng,95000,11.461642696843066
Toyota,9,100000.0,Manual,second,diesel,650000,13.384729180332174
Mitsubishi,14,80000.0,Automatic,second,petrol,325000,12.691583538230217
Hyundai,15,90000.0,Manual,second,petrol,165000,12.013706813470414
Mahindra,3,65000.0,Automatic,second,diesel,1315000,14.089347984049986
Lexus,5,79000.0,Automatic,first,hybrid/cng,5600000,15.53827733427679
Maruti Suzuki,7,68558.0,Manual,first,hybrid/cng,675000,13.42246945133505
Datsun,4,54000.0,Manual,second,hybrid/cng,199999,12.206072645530174
Maruti Suzuki,6,98130.0,Automatic,second,hybrid/cng,390000,12.873904582205107
Maruti Suzuki,18,85000.0,Manual,second,petrol,85000,11.350418300109132
Maruti Suzuki,11,35000.0,Manual,second,petrol,230000,12.345838935721968
Hyundai,10,54000.0,Manual,second,petrol,195000,12.180759965737863
Maruti Suzuki,10,65000.0,Automatic,second,hybrid/cng,330000,12.706850963741102
Tata,2,46000.0,Automatic,first,diesel,1660000,14.322328762742183
Mercedes-Benz,3,25000.0,Automatic,second,diesel,10750000,16.190416405561198
Mercedes-Benz,10,190000.0,Automatic,second,diesel,2425000,14.70134249472477
Toyota,6,250000.0,Automatic,first,diesel,1799999,14.403297222866392
Maruti Suzuki,6,300000.0,Automatic,first,hybrid/cng,310000,12.644330802262578
Maruti Suzuki,14,90000.0,Manual,second,hybrid/cng,160000,11.982935344196433
Toyota,13,236000.0,Manual,second,diesel,995000,13.81049902116535
Toyota,9,53350.0,Automatic,second,petrol,1190000,13.989464705423494
Maruti Suzuki,7,69053.0,Manual,second,petrol,600000,13.304686600863562
Tata,8,140990.0,Automatic,second,diesel,350000,12.765691290604371
Hyundai,4,67000.0,Manual,first,diesel,825000,13.623139877437296
Tata,4,5589.0,Automatic,first,petrol,725000,13.493928313146206
Volkswagen,12,85000.0,Automatic,first,diesel,500000,13.122365377402328
Audi,6,300000.0,Automatic,first,diesel,5000000,15.424948670398354
Ford,12,83000.0,Automatic,second,petrol,239000,12.384223015005313
Maruti Suzuki,10,150000.0,Automatic,first,hybrid/cng,130000,11.775297421715827
Nissan,12,68000.0,Manual,second,petrol,225000,12.323860125621126
Kia,4,79000.0,Automatic,first,diesel,1080000,13.8924725250259
Volvo,4,36000.0,Automatic,first,diesel,4200000,15.250595321348806
Hyundai,10,89084.0,Manual,first,petrol,249000,12.425212191503038
Land Rover,8,38000.0,Automatic,first,diesel,2650000,14.790070575320824
Hyundai,8,90000.0,Manual,first,hybrid/cng,395000,12.886643575525625
Hyundai,3,35000.0,Automatic,first,diesel,1850000,14.430696737594902
Honda,9,75000.0,Manual,second,diesel,375000,12.834683971615659
Mahindra,4,48155.0,Manual,first,diesel,880000,13.68767832281738
Maruti Suzuki,6,44500.0,Automatic,second,petrol,490000,13.102162710901053
Hyundai,8,20.0,Manual,first,hybrid/cng,150000,11.918397239722838
Ford,7,121600.0,Manual,second,diesel,319000,12.672949516558306
Hyundai,13,82000.0,Manual,second,hybrid/cng,135000,11.813037464800539
Audi,8,99000.0,Automatic,first,diesel,3050000,14.930652476452392
Hyundai,0,1234.0,Manual,first,hybrid/cng,190000,12.154784614286667
Toyota,1,30000.0,Automatic,second,petrol,2750000,14.827111833279051
Maruti Suzuki,12,125000.0,Manual,first,diesel,275000,12.524530013005734
Toyota,9,68000.0,Automatic,second,hybrid/cng,699000,13.457407451830088
Toyota,8,300000.0,Automatic,second,petrol,790000,13.579789490265188
Honda,9,55000.0,Automatic,second,hybrid/cng,300000,12.611541086966115
Mercedes-Benz,10,300000.0,Automatic,second,diesel,1599000,14.284889617206765
Volkswagen,11,300000.0,Manual,second,diesel,425000,12.959846800844963
Honda,2,26500.0,Automatic,first,hybrid/cng,825000,13.623139877437296
Skoda,12,137000.0,Automatic,second,hybrid/cng,340000,12.73670383776449
Maruti Suzuki,14,42583.0,Manual,second,diesel,300000,12.611541086966115
Honda,14,85000.0,Automatic,second,hybrid/cng,200000,12.206077645517674
Renault,5,71000.0,Automatic,first,diesel,599000,13.303018546545275
Maruti Suzuki,14,141000.0,Automatic,second,petrol,79999,11.289781913656018
Maruti Suzuki,2,90000.0,Automatic,first,hybrid/cng,900000,13.710151153416941
Maruti Suzuki,8,78000.0,Manual,second,diesel,535000,13.190023895035274
Tata,2,17200.0,Manual,first,petrol,520000,13.161586013632684
Maruti Suzuki,7,78000.0,Automatic,first,petrol,425000,12.959846800844963
Maruti Suzuki,18,66711.0,Manual,second,petrol,145000,11.884495917930655
Hyundai,13,73000.0,Manual,second,hybrid/cng,110000,11.608244735642321
Nissan,14,69500.0,Automatic,second,petrol,649000,13.38318953651709
Honda,6,62000.0,Manual,second,petrol,665000,13.407543823396258
Volkswagen,8,65000.0,Automatic,second,diesel,380000,12.847929163278053
Volkswagen,7,300000.0,Manual,second,diesel,770000,13.554147092530322
Land Rover,7,78000.0,Automatic,second,diesel,2250000,14.626441218624949
Maruti Suzuki,7,170000.0,Automatic,first,hybrid/cng,240000,12.388398368982115
Volkswagen,10,104000.0,Manual,second,diesel,449000,13.014780393893403
Maruti Suzuki,8,86000.0,Manual,first,hybrid/cng,311000,12.647551406590285
Skoda,6,65000.0,Automatic,first,petrol,1550000,14.253766134056512
Maruti Suzuki,2,90000.0,Automatic,first,petrol,650000,13.384729180332174
Ford,8,100000.0,Automatic,second,diesel,2750000,14.827111833279051
Toyota,1,13000.0,Automatic,first,hybrid/cng,3600000,15.096444681204078
Toyota,4,40700.0,Automatic,first,diesel,3975000,15.195535557642865
Volkswagen,10,72900.0,Automatic,second,diesel,511000,13.144126826131089
Maruti Suzuki,10,75000.0,Automatic,second,hybrid/cng,195000,12.180759965737863
Hyundai,12,78000.0,Manual,second,hybrid/cng,195000,12.180759965737863
Audi,9,75000.0,Automatic,second,diesel,814999,13.610943392223
Maruti Suzuki,3,300000.0,Manual,first,hybrid/cng,635000,13.361381852676738
Maruti Suzuki,9,73000.0,Automatic,first,hybrid/cng,250000,12.429220196836383
Renault,7,49600.0,Manual,second,petrol,299900,12.611207699176356
Ford,10,36000.0,Automatic,first,diesel,300000,12.611541086966115
Maruti Suzuki,5,47000.0,Manual,first,petrol,520000,13.161586013632684
Toyota,6,115000.0,Manual,first,diesel,1970000,14.493544608328255
Maruti Suzuki,8,65000.0,Automatic,second,hybrid/cng,365000,12.807655372286902
Hyundai,14,150000.0,Manual,second,petrol,275000,12.524530013005734
Hyundai,4,67000.0,Manual,first,hybrid/cng,725000,13.493928313146206
Renault,6,48000.0,Automatic,second,hybrid/cng,295000,12.59473402514672
Mahindra,4,85000.0,Manual,first,diesel,1025000,13.840204146163925
Mahindra,0,13000.0,Automatic,first,diesel,1985000,14.50112997588164
Maruti Suzuki,7,58000.0,Automatic,first,hybrid/cng,345000,12.75130259456002
Maruti Suzuki,5,80000.0,Automatic,first,hybrid/cng,535000,13.190023895035274
Mahindra,9,85000.0,Manual,first,diesel,745000,13.521140839642674
Volkswagen,0,1933.0,Automatic,first,petrol,1965000,14.491003312191221
Hyundai,11,65000.0,Manual,second,petrol,225000,12.323860125621126
Audi,8,63000.0,Automatic,second,diesel,1799999,14.403297222866392
Mercedes-Benz,9,53000.0,Automatic,second,diesel,1695000,14.343193888767015
Honda,2,9000.0,Automatic,first,hybrid/cng,1750000,14.375126917328105
Mahindra,6,43900.0,Manual,first,diesel,1290000,14.070153551531353
Hyundai,10,300000.0,Automatic,first,petrol,425000,12.959846800844963
Honda,7,250000.0,Automatic,first,hybrid/cng,190000,12.154784614286667
Jeep,7,71000.0,Manual,first,diesel,1099000,13.909912143303451
Maruti Suzuki,6,76000.0,Automatic,second,hybrid/cng,330000,12.706850963741102
MG,4,81600.0,Automatic,second,petrol,1021000,13.836294076578252
Ford,6,64999.0,Automatic,first,diesel,2899999,14.880221294956703
Mahindra,17,175000.0,Manual,second,diesel,240000,12.388398368982115
Maruti Suzuki,11,89000.0,Manual,first,hybrid/cng,290000,12.577639650232573
Audi,7,65000.0,Automatic,first,diesel,1689000,14.339647787856073
Maruti Suzuki,7,78200.0,Automatic,first,hybrid/cng,290000,12.577639650232573
Maruti Suzuki,6,29500.0,Automatic,first,petrol,695000,13.451668563394815
Maruti Suzuki,1,20000.0,Manual,first,hybrid/cng,1270000,14.054528245836039
Honda,17,85000.0,Manual,second,petrol,170000,12.04355959836804
Tata,12,100000.0,Automatic,second,diesel,160000,11.982935344196433
Maruti Suzuki,6,40000.0,Automatic,first,hybrid/cng,500000,13.122365377402328
Tata,5,50000.0,Automatic,first,hybrid/cng,625000,13.345508528717259
Ford,8,44000.0,Automatic,second,hybrid/cng,455000,13.02805489573287
Hyundai,0,10000.0,Automatic,first,hybrid/cng,240000,12.388398368982115
Maruti Suzuki,4,42000.0,Manual,second,petrol,480000,13.081543466215237
Hyundai,10,60000.0,Manual,second,petrol,280000,12.54254845357358
Honda,11,85000.0,Automatic,second,hybrid/cng,475000,13.07107218827772
Maruti Suzuki,4,40000.0,Automatic,second,hybrid/cng,1000000,13.815511557963774
Maruti Suzuki,2,28850.0,Manual,first,petrol,1630000,14.30409118627969
Hyundai,5,82000.0,Manual,second,diesel,795000,13.586098651497313
Audi,8,45000.0,Automatic,first,diesel,2150000,14.580978865220017
Land Rover,4,53500.0,Automatic,second,diesel,4975000,15.419936129579835
Mahindra,7,45000.0,Automatic,first,diesel,1125000,13.933294482509151
Tata,13,105000.0,Manual,second,diesel,135000,11.813037464800539
Land Rover,4,30000.0,Automatic,first,petrol,14500000,16.489659276356317
Toyota,7,80000.0,Automatic,second,hybrid/cng,1399000,14.151268968443645
Hyundai,9,80000.0,Manual,first,hybrid/cng,249000,12.425212191503038
Hyundai,10,90000.0,Manual,second,diesel,410000,12.923914877701906
Honda,9,109000.0,Manual,second,hybrid/cng,475000,13.07107218827772
Hyundai,2,71000.0,Manual,first,diesel,1545000,14.250535115562965
Maruti Suzuki,4,24.0,Automatic,first,hybrid/cng,1020000,13.83531416565213
Maruti Suzuki,8,43000.0,Manual,second,hybrid/cng,350000,12.765691290604371
Maruti Suzuki,6,66000.0,Automatic,second,hybrid/cng,545000,13.208542908506082
Hyundai,13,98500.0,Manual,second,diesel,319000,12.672949516558306
Ford,15,86861.0,Manual,second,hybrid/cng,148000,11.904974309480183
Maruti Suzuki,5,116500.0,Automatic,first,hybrid/cng,460000,13.038983942375959
Skoda,10,59779.0,Automatic,second,petrol,425000,12.959846800844963
MG,3,43000.0,Automatic,first,petrol,1595000,14.282384921160133
Kia,3,50000.0,Automatic,first,diesel,1360000,14.122995993006082
Toyota,10,89000.0,Automatic,first,diesel,1300000,14.077875591662238
Toyota,11,114918.0,Manual,first,diesel,775000,13.560619598657233
Mahindra,9,83455.0,Manual,second,diesel,890000,13.698977865303197
Maruti Suzuki,6,110000.0,Manual,first,diesel,925000,13.73755009757506
Opel,22,45000.0,Manual,second,petrol,190000,12.154784614286667
Maruti Suzuki,10,200000.0,Automatic,first,hybrid/cng,110000,11.608244735642321
Maruti Suzuki,18,130000.0,Manual,second,petrol,90000,11.407576060361786
Audi,5,59000.0,Automatic,second,diesel,2200000,14.603968372873895
Maruti Suzuki,7,100000.0,Automatic,second,hybrid/cng,340000,12.73670383776449
Mahindra,7,129000.0,Manual,first,diesel,720000,13.487007879880162
Maruti Suzuki,9,88000.0,Manual,second,petrol,575000,13.26212705890841
Maruti Suzuki,5,300000.0,Manual,first,hybrid/cng,490000,13.102162710901053
Hyundai,6,91000.0,Manual,first,diesel,1080000,13.8924725250259
Honda,8,62091.0,Automatic,second,petrol,599000,13.303018546545275
Maruti Suzuki,5,78000.0,Automatic,first,petrol,490000,13.102162710901053
Hyundai,13,135000.0,Automatic,first,hybrid/cng,150000,11.918397239722838
Ford,6,62000.0,Automatic,first,diesel,3450000,15.053885078862573
Maruti Suzuki,8,84000.0,Manual,first,diesel,625001,13.345510128713418
Hyundai,5,128122.0,Manual,first,diesel,750000,13.527829818844937
Nissan,8,54000.0,Automatic,second,petrol,490000,13.102162710901053
Maruti Suzuki,10,84920.0,Automatic,second,hybrid/cng,260000,12.468440756144114
Kia,3,40000.0,Automatic,first,petrol,1550000,14.253766134056512
Maruti Suzuki,14,75000.0,Manual,first,hybrid/cng,190000,12.154784614286667
Toyota,5,40000.0,Automatic,first,diesel,16500000,16.61887099947687
Audi,10,110000.0,Automatic,second,diesel,1650000,14.316286451937186
Maruti Suzuki,7,80000.0,Manual,first,hybrid/cng,390000,12.873904582205107
Maruti Suzuki,15,65000.0,Manual,second,hybrid/cng,60000,11.002116507732017
Mahindra,7,94054.0,Automatic,first,diesel,1131000,13.938613639271164
Hyundai,13,100000.0,Manual,second,petrol,230000,12.345838935721968
Volkswagen,10,82000.0,Manual,second,petrol,300000,12.611541086966115
Honda,5,61000.0,Manual,second,hybrid/cng,530000,13.180634172318978
Kia,4,44197.0,Automatic,first,diesel,1645000,14.31325155008416
Honda,10,84999.0,Manual,second,hybrid/cng,278000,12.535379989788607
Maruti Suzuki,1,39000.0,Manual,first,hybrid/cng,675000,13.42246945133505
Honda,12,60000.0,Automatic,second,hybrid/cng,321999,12.682306824526545
Hyundai,15,80000.0,Manual,first,hybrid/cng,165000,12.013706813470414
Mahindra,4,53000.0,Manual,first,diesel,700000,13.45883704259595
Mahindra,6,61000.0,Manual,first,diesel,945000,13.758941264676379
Mini,5,17000.0,Automatic,second,petrol,4599999,15.341566861459324
Maruti Suzuki,4,54000.0,Manual,first,petrol,430000,12.971542813248437
Tata,16,24000.0,Manual,first,petrol,130000,11.775297421715827
Honda,8,62000.0,Automatic,second,petrol,400000,12.899222326086994
Ford,14,93000.0,Manual,second,diesel,175000,12.07254696717504
Hyundai,6,300000.0,Manual,first,hybrid/cng,476000,13.073175234051686
Maruti Suzuki,5,57000.0,Automatic,first,petrol,595000,13.296318365198623
Maruti Suzuki,5,75000.0,Manual,first,hybrid/cng,515000,13.151924121391561
Mercedes-Benz,6,75000.0,Automatic,first,diesel,2995000,14.912455123421447
Hyundai,3,48000.0,Manual,first,hybrid/cng,550000,13.217675375388819
Mahindra,2,26000.0,Automatic,first,diesel,1790000,14.397726736475999
Maruti Suzuki,8,300000.0,Manual,first,hybrid/cng,399000,12.896719202134523
Maruti Suzuki,6,32000.0,Manual,first,diesel,675000,13.42246945133505
MG,3,9000.0,Automatic,first,petrol,1721000,14.358416656251032
Mercedes-Benz,23,95000.0,Automatic,second,petrol,399000,12.896719202134523
Hyundai,13,67000.0,Manual,first,petrol,210000,12.25486757159303
Toyota,14,187000.0,Manual,second,diesel,540000,13.199326270390594
Audi,9,59000.0,Automatic,first,diesel,2350000,14.669926311652166
Maruti Suzuki,8,100000.0,Automatic,second,hybrid/cng,240000,12.388398368982115
Toyota,11,250000.0,Manual,second,diesel,799999,13.592367006650065
Maruti Suzuki,10,71500.0,Manual,second,diesel,499000,13.120363378739663
Ford,5,51000.0,Manual,first,diesel,395000,12.886643575525625
Tata,7,300000.0,Manual,first,hybrid/cng,445000,13.005831808336863
Honda,6,85000.0,Automatic,first,hybrid/cng,575000,13.26212705890841
Renault,7,30000.0,Automatic,second,petrol,375000,12.834683971615659
Maruti Suzuki,1,14000.0,Automatic,first,hybrid/cng,2225000,14.615267923020578
Maruti Suzuki,0,11000.0,Automatic,first,hybrid/cng,1324999,14.09692301740246
Audi,9,93000.0,Automatic,first,diesel,1090000,13.901689171636098
Hyundai,5,59284.0,Automatic,second,petrol,533000,13.186278579318829
Maruti Suzuki,7,55000.0,Manual,first,hybrid/cng,350000,12.765691290604371
Skoda,7,85000.0,Automatic,first,petrol,1675000,14.331324320256051
Hyundai,14,62000.0,Automatic,second,hybrid/cng,255000,12.449022745701502
Hyundai,3,56000.0,Manual,second,diesel,1590000,14.279245203127035
Renault,6,70000.0,Automatic,second,petrol,325000,12.691583538230217
Honda,8,36000.0,Automatic,second,petrol,625000,13.345508528717259
Honda,9,300000.0,Automatic,second,hybrid/cng,575000,13.26212705890841
Hyundai,2,45000.0,Manual,first,petrol,760000,13.541075028051122
Audi,11,175000.0,Automatic,first,diesel,1375000,14.13396501635527
Maruti Suzuki,7,115000.0,Manual,second,hybrid/cng,330000,12.706850963741102
Skoda,2,48000.0,Manual,first,petrol,1350000,14.115615891155079
Hyundai,2,45000.0,Manual,first,petrol,725000,13.493928313146206
Toyota,10,190000.0,Manual,first,diesel,945000,13.758941264676379
Toyota,2,28000.0,Automatic,first,hybrid/cng,2095000,14.55506458866523
Maruti Suzuki,10,79000.0,Manual,second,hybrid/cng,285000,12.560247968016562
Toyota,5,270000.0,Automatic,first,petrol,1899000,14.456838516387228
Tata,2,14000.0,Automatic,first,diesel,1780000,14.392124484065864
Maruti Suzuki,2,39000.0,Automatic,first,petrol,675000,13.42246945133505
Toyota,14,85000.0,Manual,second,hybrid/cng,235000,12.367345048436391
Maruti Suzuki,14,85000.0,Manual,second,petrol,175000,12.07254696717504
Tata,9,140000.0,Manual,second,diesel,250000,12.429220196836383
Renault,12,50000.0,Manual,second,hybrid/cng,229000,12.34148164933907
Hyundai,3,88000.0,Manual,first,hybrid/cng,575000,13.26212705890841
BMW,7,57000.0,Automatic,second,diesel,1799999,14.403297222866392
Tata,4,85000.0,Manual,first,diesel,625000,13.345508528717259
Honda,14,90000.0,Automatic,second,hybrid/cng,270000,12.506180941677357
Toyota,10,96760.0,Manual,second,diesel,975000,13.790193775620484
Maruti Suzuki,11,64000.0,Manual,first,hybrid/cng,190000,12.154784614286667
Tata,7,52000.0,Automatic,second,petrol,400000,12.899222326086994
Toyota,6,151000.0,Automatic,first,diesel,1650000,14.316286451937186
Maruti Suzuki,6,68364.0,Manual,first,petrol,685000,13.437175577097312
Maruti Suzuki,3,75000.0,Manual,first,hybrid/cng,515000,13.151924121391561
Kia,2,27000.0,Manual,first,diesel,1175000,13.976779556623864
Maruti Suzuki,6,80000.0,Automatic,second,hybrid/cng,351000,12.768544351446794
Hyundai,3,32000.0,Manual,first,diesel,975000,13.790193775620484
Hyundai,15,86000.0,Manual,second,hybrid/cng,125000,11.736077016252437
Maruti Suzuki,9,62000.0,Manual,second,hybrid/cng,125000,11.736077016252437
Hyundai,10,72000.0,Automatic,second,hybrid/cng,445000,13.005831808336863
Maruti Suzuki,8,31000.0,Automatic,second,petrol,4999000,15.424748650435696
Ford,11,119000.0,Manual,second,diesel,450000,13.017005083966255
Toyota,12,168554.0,Manual,second,diesel,985000,13.800397935382136
Maruti Suzuki,15,98000.0,Manual,second,diesel,245000,12.409017571151187
Mercedes-Benz,8,50000.0,Automatic,second,petrol,1585000,14.276095596208146
Maruti Suzuki,15,97000.0,Automatic,second,diesel,120000,11.695255355062795
Maruti Suzuki,8,60837.0,Manual,first,petrol,467000,13.054086677976365
Maruti Suzuki,10,60000.0,Automatic,first,petrol,290000,12.577639650232573
Honda,7,41000.0,Manual,first,diesel,775000,13.560619598657233
Tata,10,74000.0,Manual,first,hybrid/cng,140000,11.849404844423074
Maruti Suzuki,6,76000.0,Manual,second,hybrid/cng,695000,13.451668563394815
Land Rover,5,110000.0,Automatic,second,diesel,14000000,16.454567959008102
Toyota,11,130000.0,Manual,first,diesel,700000,13.45883704259595
Maruti Suzuki,14,123000.0,Manual,second,petrol,210000,12.25486757159303
Hyundai,4,49500.0,Automatic,first,petrol,1099000,13.909912143303451
Renault,3,58000.0,Automatic,second,petrol,475000,13.07107218827772
Hyundai,9,35860.0,Manual,first,petrol,160000,11.982935344196433
Mahindra,5,40000.0,Automatic,first,diesel,850000,13.652992804936396
Ford,8,99000.0,Automatic,second,diesel,1650000,14.316286451937186
Nissan,13,52000.0,Manual,first,petrol,199000,12.201065128819632
Toyota,6,90000.0,Automatic,second,diesel,3485000,15.063978889120767
Maruti Suzuki,3,28000.0,Manual,first,hybrid/cng,485000,13.091906231773164
Ford,3,45000.0,Automatic,first,diesel,3583000,15.091711275382782
Fiat,14,112000.0,Manual,second,diesel,290000,12.577639650232573
Hyundai,13,64000.0,Manual,second,hybrid/cng,255000,12.449022745701502
Volkswagen,6,74656.0,Automatic,first,diesel,1850000,14.430696737594902
Hyundai,8,75000.0,Manual,second,diesel,985000,13.800397935382136
Maruti Suzuki,8,61000.0,Manual,second,diesel,565000,13.244582780038517
Maruti Suzuki,7,72000.0,Manual,second,petrol,260000,12.468440756144114
Maruti Suzuki,10,120000.0,Manual,second,petrol,420000,12.948012371209098
Maruti Suzuki,4,73500.0,Manual,first,hybrid/cng,550000,13.217675375388819
Toyota,9,203000.0,Manual,second,diesel,450000,13.017005083966255
Maruti Suzuki,2,140000.0,Automatic,first,hybrid/cng,400000,12.899222326086994
Toyota,15,84000.0,Manual,second,hybrid/cng,145000,11.884495917930655
Hyundai,2,39000.0,Manual,second,petrol,955000,13.769467666582738
Hyundai,8,78000.0,Manual,second,diesel,825000,13.623139877437296
Maruti Suzuki,3,64000.0,Automatic,first,hybrid/cng,950000,13.76421831620775
Hyundai,6,48000.0,Automatic,second,petrol,899999,13.710150042306449
Maruti Suzuki,4,40000.0,Manual,second,hybrid/cng,525000,13.171155446333852
Audi,8,63000.0,Automatic,second,petrol,1735000,14.366518547731806
Hyundai,1,40000.0,Manual,first,hybrid/cng,730000,13.500801182986649
Honda,15,73000.0,Automatic,second,hybrid/cng,290000,12.577639650232573
Toyota,10,50999.0,Manual,second,diesel,1350000,14.115615891155079
Maruti Suzuki,7,66500.0,Manual,first,petrol,665000,13.407543823396258
Hyundai,6,63000.0,Manual,first,diesel,870000,13.676249640055394
BMW,2,17000.0,Automatic,first,diesel,6250000,15.648092181712572
Maruti Suzuki,4,17500.0,Automatic,first,petrol,595000,13.296318365198623
Mercedes-Benz,8,53000.0,Automatic,first,diesel,3800000,15.150511887854474
Hyundai,8,37200.0,Manual,second,petrol,590000,13.28787951079572
Maruti Suzuki,12,85000.0,Manual,second,hybrid/cng,100000,11.51293546492023
Maruti Suzuki,13,68538.0,Manual,second,hybrid/cng,175000,12.07254696717504
Maruti Suzuki,7,300000.0,Automatic,first,petrol,425000,12.959846800844963
Maruti Suzuki,3,110000.0,Manual,first,hybrid/cng,1051000,13.865253601333421
Hyundai,3,40000.0,Automatic,first,petrol,625000,13.345508528717259
Kia,2,69726.0,Manual,first,diesel,1050000,13.864301674514206
Maruti Suzuki,4,300000.0,Automatic,first,petrol,490000,13.102162710901053
Kia,2,39000.0,Automatic,first,diesel,3100000,14.946912992035967
Maruti Suzuki,5,71000.0,Automatic,first,petrol,925000,13.73755009757506
Maruti Suzuki,14,74000.0,Manual,first,hybrid/cng,145000,11.884495917930655
Maruti Suzuki,3,113707.0,Manual,first,petrol,485000,13.091906231773164
Maruti Suzuki,8,300000.0,Manual,first,diesel,290000,12.577639650232573
Maruti Suzuki,14,58888.0,Manual,second,hybrid/cng,199000,12.201065128819632
Hyundai,6,50480.0,Automatic,first,diesel,1250001,14.038655709277204
Maruti Suzuki,12,77000.0,Manual,first,diesel,299000,12.608202196848836
Audi,9,76000.0,Automatic,second,petrol,1450000,14.187074804051692
Renault,9,138624.0,Manual,first,diesel,420000,12.948012371209098
Hyundai,10,43000.0,Manual,second,petrol,550000,13.217675375388819
Honda,9,82000.0,Manual,second,hybrid/cng,299000,12.608202196848836
Mahindra,13,220000.0,Manual,second,diesel,235000,12.367345048436391
Maruti Suzuki,2,16000.0,Manual,first,hybrid/cng,560000,13.235693848424024
Mahindra,12,73000.0,Manual,second,diesel,365000,12.807655372286902
Toyota,2,38000.0,Automatic,first,hybrid/cng,1550000,14.253766134056512
Maruti Suzuki,1,27164.0,Automatic,first,hybrid/cng,905000,13.715691327653829
Honda,13,174988.0,Automatic,second,hybrid/cng,199500,12.20357452783082
Ford,11,65000.0,Manual,second,diesel,400000,12.899222326086994
Tata,21,80000.0,Manual,second,diesel,49000,10.799595985047786
Tata,12,79800.0,Manual,second,diesel,285000,12.560247968016562
Maruti Suzuki,8,74000.0,Automatic,first,hybrid/cng,689000,13.442998001373553
Jaguar,13,98000.0,Automatic,first,diesel,1250000,14.038654909278163
Maruti Suzuki,8,128000.0,Manual,first,diesel,765000,13.547632419997361
Toyota,9,68000.0,Automatic,second,hybrid/cng,777777,13.564196415397612
Maruti Suzuki,11,72000.0,Manual,second,hybrid/cng,160000,11.982935344196433
BMW,6,55000.0,Automatic,first,diesel,4400000,15.29711532616119
Maruti Suzuki,19,91000.0,Manual,second,petrol,130000,11.775297421715827
Ford,7,200000.0,Automatic,first,diesel,1990000,14.503645699213111
Honda,10,65000.0,Automatic,first,petrol,750000,13.527829818844937
Maruti Suzuki,9,52000.0,Automatic,second,hybrid/cng,330000,12.706850963741102
Maruti Suzuki,8,34000.0,Automatic,second,petrol,399999,12.89921982609012
Maruti Suzuki,12,90000.0,Manual,second,hybrid/cng,85000,11.350418300109132
BMW,5,85000.0,Automatic,first,petrol,3400000,15.039286283703994
Skoda,5,77873.0,Manual,first,petrol,640000,13.369225017834633
Mahindra,2,98000.0,Automatic,first,diesel,1600000,14.285514812209815
Toyota,8,65000.0,Automatic,first,hybrid/cng,1650000,14.316286451937186
Hyundai,5,48000.0,Manual,first,hybrid/cng,660000,13.399996629152975
Ford,8,45000.0,Manual,second,petrol,345000,12.75130259456002
Maruti Suzuki,4,300000.0,Automatic,first,hybrid/cng,949999,13.764217263576723
Maruti Suzuki,5,88000.0,Automatic,first,hybrid/cng,455000,13.02805489573287
Maruti Suzuki,9,81000.0,Manual,second,hybrid/cng,525000,13.171155446333852
Honda,8,66000.0,Automatic,second,petrol,490000,13.102162710901053
Maruti Suzuki,10,145999.0,Manual,first,diesel,375000,12.834683971615659
Toyota,6,188000.0,Manual,first,diesel,1500000,14.220976332738882
Maruti Suzuki,6,210000.0,Manual,second,diesel,500000,13.122365377402328
Ford,13,175000.0,Manual,second,diesel,250000,12.429220196836383
Maruti Suzuki,8,62982.0,Manual,second,petrol,625000,13.345508528717259
Hyundai,3,19500.0,Manual,second,petrol,575000,13.26212705890841
Hyundai,4,47523.0,Manual,first,petrol,495000,13.112315061750808
Maruti Suzuki,6,130000.0,Manual,first,petrol,600000,13.304686600863562
Tata,14,164000.0,Manual,second,diesel,125000,11.736077016252437
Hyundai,18,20.0,Automatic,second,hybrid/cng,90000,11.407576060361786
Maruti Suzuki,9,74000.0,Manual,second,petrol,390000,12.873904582205107
Maruti Suzuki,2,63000.0,Manual,first,hybrid/cng,590000,13.28787951079572
Jeep,2,15000.0,Automatic,first,petrol,7000000,15.76142084987672
Maruti Suzuki,15,40.0,Automatic,first,petrol,62000,11.034905792929415
Toyota,5,300000.0,Automatic,first,diesel,2230000,14.617512591866694
Hyundai,7,82000.0,Automatic,first,hybrid/cng,475000,13.07107218827772
Honda,8,52000.0,Manual,first,petrol,499000,13.120363378739663
Maruti Suzuki,7,300000.0,Manual,first,hybrid/cng,350000,12.765691290604371
Mercedes-Benz,4,190000.0,Automatic,first,diesel,8050000,15.901182773618341
Maruti Suzuki,2,22000.0,Automatic,first,petrol,600000,13.304686600863562
Volvo,1,9700.0,Automatic,first,petrol,6000000,15.607270193858982
Hyundai,8,55000.0,Automatic,second,petrol,280000,12.54254845357358
BMW,7,58900.0,Automatic,second,diesel,4850000,15.394489469099211
Kia,2,48000.0,Manual,second,diesel,1190000,13.989464705423494
Mahindra,2,69120.0,Manual,first,diesel,1595000,14.282384921160133
Hyundai,5,29000.0,Automatic,second,petrol,1000000,13.815511557963774
Renault,2,17000.0,Manual,first,petrol,400000,12.899222326086994
Volkswagen,12,68000.0,Manual,second,diesel,390000,12.873904582205107
Mercedes-Benz,2,25700.0,Automatic,first,diesel,4700000,15.363073279446223
Maruti Suzuki,0,28.0,Automatic,first,hybrid/cng,1320000,14.093143052138025
Tata,5,70000.0,Manual,first,diesel,575000,13.26212705890841
Maruti Suzuki,14,300000.0,Manual,second,petrol,240000,12.388398368982115
Hyundai,5,54252.0,Automatic,first,petrol,525000,13.171155446333852
Toyota,10,78000.0,Automatic,second,hybrid/cng,575000,13.26212705890841
Tata,9,26000.0,Automatic,first,petrol,250000,12.429220196836383
Mercedes-Benz,13,60000.0,Automatic,first,petrol,1150000,13.955273369904273
Maruti Suzuki,6,50000.0,Automatic,first,hybrid/cng,599000,13.303018546545275
Hyundai,14,82487.0,Automatic,second,petrol,279999,12.542544882151386
Maruti Suzuki,6,35000.0,Automatic,first,hybrid/cng,945000,13.758941264676379
Maruti Suzuki,7,85000.0,Automatic,second,diesel,560000,13.235693848424024
Honda,14,96000.0,Automatic,second,hybrid/cng,299000,12.608202196848836
Maruti Suzuki,5,44000.0,Automatic,first,hybrid/cng,430000,12.971542813248437
Volkswagen,10,90000.0,Manual,second,petrol,398888,12.896438461679736
Maruti Suzuki,14,100000.0,Manual,second,hybrid/cng,110000,11.608244735642321
Maruti Suzuki,9,75000.0,Manual,second,hybrid/cng,650000,13.384729180332174
Renault,6,60000.0,Automatic,first,petrol,405000,12.91164481522143
Mahindra,3,59642.0,Manual,first,diesel,1170000,13.972515161474428
Renault,6,100000.0,Manual,first,diesel,835000,13.635188201437066
Hyundai,5,72000.0,Manual,second,diesel,777000,13.563196916350243
Toyota,7,110000.0,Automatic,second,diesel,1563000,14.262118249198675
Maruti Suzuki,8,68000.0,Automatic,second,hybrid/cng,489999,13.102160670086809
Tata,4,26000.0,Manual,first,petrol,759000,13.539758373899955
Hyundai,6,75000.0,Manual,second,hybrid/cng,399000,12.896719202134523
Maruti Suzuki,14,76000.0,Manual,second,petrol,208000,12.245298166364206
BMW,4,45000.0,Automatic,first,petrol,3700000,15.123843647884687
Hyundai,6,76500.0,Manual,first,diesel,800000,13.592368256649284
Porsche,13,56000.0,Automatic,second,diesel,1320000,14.093143052138025
Mahindra,2,12000.0,Manual,first,petrol,949000,13.76316513133229
Maruti Suzuki,4,300000.0,Automatic,first,petrol,625000,13.345508528717259
Toyota,2,35000.0,Automatic,first,petrol,2200000,14.603968372873895
Mahindra,11,10.0,Manual,second,diesel,198000,12.19602736016897
Maruti Suzuki,6,73000.0,Automatic,first,petrol,475000,13.07107218827772
Hyundai,12,97000.0,Manual,second,petrol,150000,11.918397239722838
Toyota,7,300000.0,Automatic,second,diesel,3300000,15.009433329466965
Honda,12,90000.0,Manual,first,petrol,290000,12.577639650232573
Toyota,15,120000.0,Automatic,second,diesel,4200000,15.250595321348806
Hyundai,7,45000.0,Automatic,first,petrol,869000,13.675099554994853
Honda,7,29000.0,Automatic,second,petrol,775000,13.560619598657233
Maruti Suzuki,5,30000.0,Manual,first,petrol,610000,13.321215875492413
Renault,0,12000.0,Manual,first,petrol,625000,13.345508528717259
Maruti Suzuki,8,83000.0,Manual,second,hybrid/cng,450000,13.017005083966255
Mahindra,2,7500.0,Automatic,first,petrol,1250000,14.038654909278163
Hyundai,8,84000.0,Automatic,first,diesel,725000,13.493928313146206
Honda,12,74000.0,Automatic,second,hybrid/cng,310000,12.644330802262578
Maruti Suzuki,12,67000.0,Manual,second,hybrid/cng,290000,12.577639650232573
Maruti Suzuki,5,71000.0,Automatic,first,petrol,649000,13.38318953651709
Chevrolet,13,68892.0,Manual,first,petrol,92000,11.429554725537322
Maruti Suzuki,2,14000.0,Manual,first,hybrid/cng,1109000,13.918970168045353
Tata,9,96000.0,Manual,second,diesel,149000,11.91170829631447
Maruti Suzuki,8,36000.0,Manual,first,hybrid/cng,275000,12.524530013005734
Maruti Suzuki,5,55000.0,Automatic,first,hybrid/cng,395000,12.886643575525625
BMW,4,65000.0,Automatic,second,diesel,4800000,15.38412668421143
Honda,10,86000.0,Automatic,second,hybrid/cng,469000,13.058360179622305
Toyota,4,55000.0,Automatic,first,diesel,2600000,14.77102238760702
Maruti Suzuki,0,8000.0,Manual,first,petrol,100000,11.51293546492023
Maruti Suzuki,9,80000.0,Automatic,first,hybrid/cng,280000,12.54254845357358
Volkswagen,7,78000.0,Automatic,second,petrol,565000,13.244582780038517
Skoda,12,67000.0,Manual,first,diesel,150000,11.918397239722838
BMW,10,48000.0,Automatic,first,diesel,1425000,14.169683073439028
Toyota,11,110000.0,Manual,second,diesel,1353000,14.117835646250953
Maruti Suzuki,8,90000.0,Manual,second,diesel,540000,13.199326270390594
Maruti Suzuki,13,72000.0,Manual,second,hybrid/cng,140000,11.849404844423074
Ford,8,56000.0,Automatic,second,diesel,2250000,14.626441218624949
Hyundai,4,46000.0,Automatic,first,hybrid/cng,590000,13.28787951079572
Maruti Suzuki,11,102000.0,Manual,second,petrol,360000,12.793862088206213
Hyundai,6,57000.0,Manual,second,hybrid/cng,399999,12.89921982609012
Maruti Suzuki,13,78000.0,Manual,first,hybrid/cng,221000,12.30592250537653
Hyundai,13,80000.0,Automatic,second,hybrid/cng,220000,12.301387370778713
Toyota,10,122000.0,Automatic,second,petrol,899000,13.70903942580019
Tata,2,7900.0,Automatic,second,petrol,890000,13.698977865303197
Honda,5,72000.0,Manual,first,hybrid/cng,451000,13.019224835777257
Maruti Suzuki,6,108000.0,Manual,second,diesel,550000,13.217675375388819
Maruti Suzuki,38,68000.0,Manual,second,petrol,120000,11.695255355062795
Toyota,2,36240.0,Manual,first,petrol,1550000,14.253766134056512
Hyundai,19,150000.0,Manual,first,petrol,95000,11.461642696843066
Renault,5,39892.0,Manual,first,petrol,560000,13.235693848424024
Mahindra,8,220000.0,Manual,second,diesel,465000,13.049794835104816
Tata,4,105800.0,Automatic,first,petrol,675000,13.42246945133505
Maruti Suzuki,7,85000.0,Automatic,second,hybrid/cng,460000,13.038983942375959
Maruti Suzuki,0,15000.0,Manual,first,hybrid/cng,280000,12.54254845357358
Honda,8,64000.0,Manual,first,hybrid/cng,585000,13.279368835614243
Maruti Suzuki,4,37000.0,Manual,first,petrol,665000,13.407543823396258
Honda,3,20000.0,Automatic,second,petrol,1325000,14.096923772119156
Volkswagen,13,67000.0,Automatic,second,hybrid/cng,450000,13.017005083966255
Toyota,5,112500.0,Manual,second,diesel,850000,13.652992804936396
Maruti Suzuki,8,72000.0,Automatic,second,petrol,545000,13.208542908506082
Mercedes-Benz,21,87000.0,Automatic,second,petrol,265000,12.487488878546145
Maruti Suzuki,5,1.0,Manual,second,diesel,365000,12.807655372286902
Audi,11,250000.0,Manual,first,diesel,950000,13.76421831620775
Honda,14,189000.0,Manual,first,hybrid/cng,300000,12.611541086966115
Renault,8,38000.0,Manual,second,petrol,235000,12.367345048436391
Hyundai,7,63000.0,Manual,second,hybrid/cng,515000,13.151924121391561
Tata,12,75000.0,Manual,second,hybrid/cng,145000,11.884495917930655
Maruti Suzuki,1,6100.0,Automatic,second,hybrid/cng,2800000,14.845130332288226
Maruti Suzuki,3,64000.0,Manual,first,hybrid/cng,899000,13.70903942580019
Honda,16,95000.0,Automatic,second,hybrid/cng,250000,12.429220196836383
Maruti Suzuki,6,150000.0,Automatic,first,hybrid/cng,220000,12.301387370778713
Renault,8,86000.0,Manual,first,diesel,375001,12.83468663827166
Hyundai,12,120000.0,Automatic,second,diesel,450000,13.017005083966255
Hyundai,12,300000.0,Manual,second,petrol,210000,12.25486757159303
Mercedes-Benz,0,1400.0,Automatic,first,petrol,24500000,17.01418371633128
Maruti Suzuki,10,123000.0,Manual,second,petrol,350000,12.765691290604371
Hyundai,12,300000.0,Manual,first,diesel,295000,12.59473402514672
Skoda,2,84000.0,Automatic,first,petrol,1030000,13.845070331079134
Toyota,9,95000.0,Manual,second,diesel,1145000,13.95091606833254
Hyundai,4,64259.0,Manual,second,hybrid/cng,636000,13.362955414648066
Maruti Suzuki,5,85000.0,Manual,second,hybrid/cng,449000,13.014780393893403
Honda,6,68000.0,Automatic,first,hybrid/cng,550000,13.217675375388819
Maruti Suzuki,8,90000.0,Manual,second,hybrid/cng,689000,13.442998001373553
Maruti Suzuki,5,17405.0,Manual,first,petrol,325000,12.691583538230217
Maruti Suzuki,5,75000.0,Automatic,second,petrol,650000,13.384729180332174
Ford,3,42850.0,Manual,first,diesel,900000,13.710151153416941
Toyota,6,50200.0,Automatic,second,diesel,2400000,14.690979711984754
Audi,12,68000.0,Automatic,second,diesel,750000,13.527829818844937
Kia,2,39000.0,Automatic,first,diesel,1825000,14.417091092943783
Maruti Suzuki,7,58670.0,Manual,first,petrol,365000,12.807655372286902
Maruti Suzuki,5,43000.0,Automatic,second,hybrid/cng,520000,13.161586013632684
Tata,13,138000.0,Manual,first,diesel,222200,12.311337656627584
Maruti Suzuki,8,62000.0,Automatic,second,petrol,365000,12.807655372286902
Maruti Suzuki,15,72000.0,Manual,second,hybrid/cng,115000,11.652696102959753
Hyundai,7,39510.0,Automatic,second,petrol,425100,12.960082066731788
Maruti Suzuki,8,42000.0,Automatic,first,petrol,311000,12.647551406590285
Hyundai,8,300000.0,Manual,first,hybrid/cng,275000,12.524530013005734
Honda,9,50000.0,Manual,first,petrol,249991,12.429184196332372
Maruti Suzuki,5,59000.0,Automatic,first,hybrid/cng,1150000,13.955273369904273
Toyota,2,55000.0,Automatic,first,diesel,2050000,14.53335083891935
Honda,7,85500.0,Manual,second,hybrid/cng,295000,12.59473402514672
Toyota,6,38000.0,Automatic,first,diesel,2975000,14.905754933096265
Maruti Suzuki,3,47000.0,Automatic,first,hybrid/cng,505000,13.132315688453556
Chevrolet,9,61000.0,Manual,second,diesel,184000,12.122696471358964
Maruti Suzuki,7,48125.0,Manual,first,petrol,435000,12.983103608918753
Honda,3,119000.0,Automatic,first,diesel,900000,13.710151153416941
Maruti Suzuki,7,56000.0,Manual,second,diesel,620000,13.3374763699232
Toyota,6,99500.0,Automatic,second,diesel,1949000,14.482827491573198
Hyundai,7,55000.0,Automatic,first,diesel,1190000,13.989464705423494
Chevrolet,12,175300.0,Automatic,second,diesel,395000,12.886643575525625
MG,4,96000.0,Manual,first,diesel,1275000,14.058457520888082
Hyundai,6,300000.0,Manual,first,petrol,595000,13.296318365198623
Honda,9,90200.0,Automatic,second,hybrid/cng,475000,13.07107218827772
Hyundai,6,130000.0,Manual,second,hybrid/cng,195000,12.180759965737863
Maruti Suzuki,3,64035.0,Manual,first,hybrid/cng,975000,13.790193775620484
Hyundai,17,79000.0,Manual,second,hybrid/cng,190000,12.154784614286667
Hyundai,6,54000.0,Automatic,second,diesel,899000,13.70903942580019
Maruti Suzuki,13,68000.0,Manual,second,hybrid/cng,190000,12.154784614286667
Tata,7,300000.0,Automatic,second,diesel,725000,13.493928313146206
Honda,2,25000.0,Automatic,first,petrol,805000,13.598598798635953
BMW,10,50000.0,Automatic,first,diesel,1425000,14.169683073439028
Datsun,7,50000.0,Automatic,first,hybrid/cng,330000,12.706850963741102
Hyundai,13,75000.0,Automatic,second,hybrid/cng,325000,12.691583538230217
MG,1,10300.0,Automatic,second,petrol,2125000,14.56928283092878
Hyundai,15,115000.0,Automatic,second,hybrid/cng,170000,12.04355959836804
Hyundai,7,300000.0,Manual,first,hybrid/cng,375000,12.834683971615659
Honda,5,62000.0,Automatic,first,petrol,650000,13.384729180332174
Hyundai,5,110000.0,Automatic,first,diesel,1290000,14.070153551531353
Maruti Suzuki,10,56000.0,Automatic,second,hybrid/cng,260000,12.468440756144114
Skoda,2,24000.0,Manual,first,petrol,1250000,14.038654909278163
Toyota,3,90000.0,Automatic,first,diesel,1975000,14.496079462646344
Volvo,6,300000.0,Automatic,first,diesel,2750000,14.827111833279051
Toyota,9,84000.0,Automatic,first,diesel,1175000,13.976779556623864
Maruti Suzuki,4,36000.0,Automatic,first,hybrid/cng,475000,13.07107218827772
Maruti Suzuki,8,108000.0,Manual,first,diesel,565000,13.244582780038517
Hyundai,7,24200.0,Automatic,second,hybrid/cng,300000,12.611541086966115
Audi,8,37909.0,Automatic,second,petrol,2899999,14.880221294956703
Hyundai,12,65606.0,Manual,second,hybrid/cng,211000,12.259618151783465
Mahindra,10,300000.0,Manual,first,diesel,799000,13.591117476312084
Hyundai,15,55000.0,Automatic,second,petrol,225000,12.323860125621126
Renault,8,72000.0,Automatic,second,diesel,400000,12.899222326086994
Audi,2,50000.0,Automatic,second,petrol,4500000,15.319588176962746
Maruti Suzuki,1,85000.0,Automatic,first,hybrid/cng,210000,12.25486757159303
Maruti Suzuki,2,40000.0,Automatic,first,petrol,765000,13.547632419997361
Volkswagen,7,70677.0,Manual,first,petrol,549000,13.215855541983634
Maruti Suzuki,10,63079.0,Manual,first,petrol,261000,12.472279517715116
Honda,19,105000.0,Manual,second,petrol,130000,11.775297421715827
Maruti Suzuki,3,56000.0,Manual,first,petrol,625000,13.345508528717259
Maruti Suzuki,15,72000.0,Manual,second,petrol,159000,11.976665770490767
Jeep,1,7000.0,Automatic,first,petrol,6090000,15.622158803889679
Mercedes-Benz,5,300000.0,Automatic,first,petrol,2800000,14.845130332288226
BMW,8,71000.0,Automatic,second,diesel,3000000,14.914123179965662
Volkswagen,12,175000.0,Manual,second,diesel,400000,12.899222326086994
Hyundai,7,85000.0,Automatic,second,diesel,999999,13.815510557964274
Maruti Suzuki,11,300000.0,Manual,second,hybrid/cng,235000,12.367345048436391
Hyundai,3,30941.0,Manual,second,hybrid/cng,625000,13.345508528717259
Maruti Suzuki,8,55962.0,Manual,second,hybrid/cng,215500,12.280720828886404
Maruti Suzuki,7,78000.0,Automatic,first,hybrid/cng,290000,12.577639650232573
Mahindra,2,14000.0,Automatic,second,hybrid/cng,1600000,14.285514812209815
Toyota,12,98000.0,Manual,second,diesel,850000,13.652992804936396
Toyota,9,155000.0,Automatic,second,diesel,1275000,14.058457520888082
Kia,2,17000.0,Automatic,first,petrol,1575000,14.269766465162304
Kia,3,17451.0,Automatic,first,petrol,1265000,14.05058347065728
Maruti Suzuki,2,12000.0,Automatic,first,petrol,520000,13.161586013632684
Toyota,1,18246.0,Automatic,first,hybrid/cng,1950000,14.48334044336031
Datsun,8,53000.0,Manual,second,hybrid/cng,290000,12.577639650232573
Hyundai,10,68000.0,Manual,second,hybrid/cng,385000,12.861001210669146
Toyota,8,215000.0,Manual,second,diesel,1245000,14.034646891093473
Hyundai,7,54000.0,Automatic,first,diesel,1250000,14.038654909278163
Honda,11,85000.0,Manual,second,diesel,299000,12.608202196848836
Hyundai,6,134286.0,Manual,second,diesel,365000,12.807655372286902
Toyota,6,87600.0,Manual,second,diesel,455000,13.02805489573287
Tata,3,26000.0,Automatic,first,hybrid/cng,895000,13.704580114574805
Honda,9,138753.0,Manual,second,diesel,330000,12.706850963741102
Maruti Suzuki,6,167000.0,Manual,second,diesel,715999,13.481435445942783
Hyundai,6,77665.0,Manual,first,petrol,599000,13.303018546545275
Maruti Suzuki,5,53000.0,Automatic,first,hybrid/cng,825000,13.623139877437296
Honda,9,83000.0,Manual,second,hybrid/cng,325000,12.691583538230217
Mercedes-Benz,1,6700.0,Automatic,first,petrol,3825000,15.157069286680647
Chevrolet,12,82098.0,Manual,second,diesel,165000,12.013706813470414
BMW,6,37000.0,Automatic,first,diesel,4800000,15.38412668421143
Hyundai,14,42000.0,Manual,first,petrol,172000,12.055255569732177
Maruti Suzuki,12,65000.0,Manual,first,hybrid/cng,285000,12.560247968016562
Honda,9,82000.0,Automatic,first,petrol,390000,12.873904582205107
Mahindra,9,75000.0,Manual,first,diesel,545000,13.208542908506082
Maruti Suzuki,6,75698.0,Manual,second,petrol,430000,12.971542813248437
Toyota,10,300000.0,Manual,first,diesel,829999,13.62918097977278
Toyota,7,95000.0,Automatic,second,diesel,2625000,14.78059183496017
Maruti Suzuki,12,75211.0,Manual,second,petrol,325000,12.691583538230217
Maruti Suzuki,12,120000.0,Automatic,second,hybrid/cng,155000,11.951186847493476
Maruti Suzuki,3,60000.0,Manual,second,hybrid/cng,570000,13.25339339419516
Maruti Suzuki,6,82000.0,Automatic,second,hybrid/cng,350000,12.765691290604371
Jeep,6,40000.0,Automatic,second,petrol,1150000,13.955273369904273
Hyundai,6,88250.0,Manual,first,diesel,825000,13.623139877437296
Hyundai,8,74156.0,Manual,second,hybrid/cng,295000,12.59473402514672
Toyota,13,90000.0,Manual,second,hybrid/cng,295000,12.59473402514672
Volkswagen,15,38000.0,Automatic,second,petrol,2800000,14.845130332288226
Maruti Suzuki,2,38000.0,Manual,first,petrol,490000,13.102162710901053
Hyundai,1,4431.0,Manual,first,petrol,1090000,13.901689171636098
Maruti Suzuki,7,85000.0,Manual,second,hybrid/cng,340000,12.73670383776449
Ford,18,80000.0,Manual,second,hybrid/cng,110000,11.608244735642321
Hyundai,9,74000.0,Manual,second,diesel,649000,13.38318953651709
Toyota,3,75000.0,Automatic,first,diesel,3310000,15.012459049468003
Toyota,12,300000.0,Manual,second,diesel,680000,13.429849547739444
Maruti Suzuki,9,1000.0,Automatic,first,hybrid/cng,150000,11.918397239722838
Isuzu,4,300000.0,Manual,first,diesel,1695000,14.343193888767015
Maruti Suzuki,15,72000.0,Manual,second,petrol,129999,11.77528972943772
Toyota,13,75000.0,Automatic,first,hybrid/cng,250000,12.429220196836383
Mahindra,8,70000.0,Manual,first,petrol,269000,12.502470376049185
Hyundai,14,86000.0,Automatic,second,hybrid/cng,180000,12.100717685412471
Maruti Suzuki,2,23000.0,Manual,first,petrol,698000,13.455975814408239
Nissan,5,300000.0,Manual,first,petrol,645000,13.377007146164305
Toyota,10,68000.0,Automatic,first,hybrid/cng,585000,13.279368835614243
Honda,5,65850.0,Manual,first,petrol,300000,12.611541086966115
Hyundai,0,3500.0,Manual,first,hybrid/cng,700000,13.45883704259595
Renault,6,53000.0,Automatic,second,hybrid/cng,375000,12.834683971615659
Skoda,9,72000.0,Automatic,second,diesel,474000,13.06896471037963
Maruti Suzuki,14,87000.0,Manual,second,hybrid/cng,95000,11.461642696843066
Maruti Suzuki,12,156300.0,Manual,second,petrol,300000,12.611541086966115
Mercedes-Benz,3,6000.0,Automatic,first,diesel,4650000,15.35237799261728
Hyundai,4,18000.0,Automatic,first,petrol,950000,13.76421831620775
Maruti Suzuki,13,90000.0,Automatic,second,hybrid/cng,240000,12.388398368982115
Honda,9,61000.0,Automatic,first,hybrid/cng,530000,13.180634172318978
Mercedes-Benz,8,35000.0,Automatic,second,petrol,4850000,15.394489469099211
Maruti Suzuki,11,150000.0,Manual,second,petrol,320000,12.676079399771027
Kia,4,50000.0,Automatic,first,diesel,1350000,14.115615891155079
BMW,9,49000.0,Automatic,second,petrol,6800000,15.732433317205148
Maruti Suzuki,3,65000.0,Manual,first,hybrid/cng,450000,13.017005083966255
Bentley,7,22000.0,Automatic,first,petrol,18500000,16.733281344102608
Maruti Suzuki,4,75000.0,Manual,second,hybrid/cng,411000,12.926350926565435
Maruti Suzuki,7,63000.0,Manual,first,hybrid/cng,345000,12.75130259456002
Volkswagen,3,19000.0,Automatic,second,petrol,1180000,13.981025843899115
Toyota,11,28001.0,Manual,first,diesel,575000,13.26212705890841
Maruti Suzuki,10,77000.0,Automatic,first,petrol,260000,12.468440756144114
Audi,10,84000.0,Automatic,second,diesel,850000,13.652992804936396
Maruti Suzuki,6,70000.0,Manual,second,hybrid/cng,395000,12.886643575525625
Honda,5,32500.0,Manual,second,hybrid/cng,725000,13.493928313146206
Maruti Suzuki,12,67000.0,Manual,second,hybrid/cng,240000,12.388398368982115
Chevrolet,9,120000.0,Manual,second,diesel,560000,13.235693848424024
Mahindra,5,60000.0,Automatic,first,diesel,1900000,14.45736497045232
Honda,8,64000.0,Manual,second,hybrid/cng,285000,12.560247968016562
Maruti Suzuki,9,64000.0,Manual,first,hybrid/cng,435000,12.983103608918753
Hyundai,15,128000.0,Automatic,first,hybrid/cng,60000,11.002116507732017
Maruti Suzuki,4,6000.0,Manual,first,petrol,550000,13.217675375388819
Maruti Suzuki,7,58000.0,Manual,first,diesel,651000,13.386266457287837
Hyundai,3,63000.0,Automatic,first,diesel,1550000,14.253766134056512
Maruti Suzuki,11,72000.0,Manual,second,hybrid/cng,235000,12.367345048436391
Renault,10,128000.0,Manual,second,diesel,378000,12.84265212010087
Toyota,9,145500.0,Manual,first,diesel,1240000,14.030622744032508
Renault,5,90000.0,Manual,second,petrol,325000,12.691583538230217
Volvo,5,40000.0,Automatic,first,diesel,6900000,15.747032114495013
Tata,6,56000.0,Manual,first,petrol,260000,12.468440756144114
Mahindra,8,78000.0,Automatic,second,diesel,585000,13.279368835614243
Mercedes-Benz,13,96500.0,Automatic,second,diesel,580000,13.270785106659046
Renault,11,87000.0,Manual,second,diesel,435000,12.983103608918753
Maruti Suzuki,9,87000.0,Manual,second,diesel,550000,13.217675375388819
Maruti Suzuki,10,51000.0,Manual,second,petrol,370000,12.821260987319457
Hyundai,6,120000.0,Manual,first,hybrid/cng,726000,13.495306671216452
Hyundai,11,64000.0,Automatic,second,petrol,329000,12.703816069256568
BMW,14,150000.0,Automatic,second,diesel,650000,13.384729180332174
Maruti Suzuki,16,82000.0,Automatic,second,petrol,180000,12.100717685412471
Tata,3,67000.0,Manual,first,diesel,890000,13.698977865303197
Maruti Suzuki,6,50000.0,Automatic,first,hybrid/cng,250000,12.429220196836383
Renault,7,71000.0,Manual,first,petrol,245000,12.409017571151187
Toyota,10,95000.0,Manual,first,diesel,695000,13.451668563394815
Maruti Suzuki,9,85000.0,Manual,first,petrol,450000,13.017005083966255
Hyundai,11,102091.0,Automatic,second,hybrid/cng,300000,12.611541086966115
Hyundai,10,76000.0,Automatic,second,diesel,465000,13.049794835104816
Tata,2,193000.0,Manual,first,hybrid/cng,684000,13.435714658591923
Maruti Suzuki,14,63000.0,Manual,first,petrol,210000,12.25486757159303
Maruti Suzuki,5,89500.0,Automatic,second,diesel,669300,13.41398916318593
Toyota,9,98000.0,Manual,first,petrol,498888,13.120138905099342
Honda,15,68000.0,Automatic,first,hybrid/cng,315000,12.660331092405906
Maruti Suzuki,14,210000.0,Manual,second,hybrid/cng,199000,12.201065128819632
Mahindra,7,129000.0,Manual,first,diesel,725000,13.493928313146206
Chevrolet,13,53000.0,Automatic,second,diesel,295000,12.59473402514672
Maruti Suzuki,13,45000.0,Manual,second,hybrid/cng,120000,11.695255355062795
MG,4,90000.0,Manual,first,diesel,1375000,14.13396501635527
Skoda,14,45000.0,Manual,second,petrol,165000,12.013706813470414
Nissan,4,16330.0,Automatic,first,petrol,575000,13.26212705890841
Hyundai,9,81000.0,Manual,second,petrol,210000,12.25486757159303
Volkswagen,9,50000.0,Manual,second,diesel,650000,13.384729180332174
Kia,3,25000.0,Automatic,second,diesel,2395000,14.6888942063636
Mercedes-Benz,11,85000.0,Automatic,second,diesel,1150000,13.955273369904273
Tata,15,31000.0,Automatic,second,diesel,105000,11.561725152903833
Mahindra,10,180000.0,Manual,first,diesel,850000,13.652992804936396
Maruti Suzuki,17,135767.0,Manual,first,petrol,150000,11.918397239722838
Maruti Suzuki,2,38000.0,Manual,first,hybrid/cng,1100000,13.910821646859095
Mercedes-Benz,1,25000.0,Automatic,first,diesel,12500000,16.341239282272525
Maruti Suzuki,6,78000.0,Manual,first,diesel,750000,13.527829818844937
Chevrolet,13,90450.0,Automatic,second,hybrid/cng,85000,11.350418300109132
Ford,7,56500.0,Manual,second,diesel,488000,13.098072734013513
Maruti Suzuki,9,182000.0,Automatic,first,hybrid/cng,330000,12.706850963741102
Mahindra,7,66000.0,Automatic,second,hybrid/cng,270000,12.506180941677357
Maruti Suzuki,4,93000.0,Manual,first,hybrid/cng,575000,13.26212705890841
Toyota,5,53000.0,Manual,first,diesel,1650000,14.316286451937186
Maruti Suzuki,6,59000.0,Manual,first,hybrid/cng,390000,12.873904582205107
Renault,9,53000.0,Manual,second,hybrid/cng,210000,12.25486757159303
Hyundai,11,53416.0,Manual,second,petrol,285000,12.560247968016562
Toyota,0,1900.0,Automatic,first,hybrid/cng,2125000,14.56928283092878
Honda,15,77000.0,Automatic,second,hybrid/cng,290000,12.577639650232573
Hyundai,7,49000.0,Manual,first,hybrid/cng,391000,12.876465396508989
Skoda,10,96000.0,Automatic,first,diesel,850000,13.652992804936396
Volvo,6,226350.0,Automatic,first,diesel,2475000,14.72175135802525
Chevrolet,11,21000.0,Manual,first,petrol,195000,12.180759965737863
Honda,6,82502.0,Manual,first,petrol,700000,13.45883704259595
Mahindra,6,67000.0,Manual,first,hybrid/cng,388888,12.871049234837667
Ford,7,105000.0,Manual,second,diesel,649000,13.38318953651709
Maruti Suzuki,13,40000.0,Manual,second,petrol,211000,12.259618151783465
Hyundai,9,58122.0,Manual,second,petrol,280000,12.54254845357358
Skoda,2,23000.0,Automatic,second,petrol,2290000,14.64406281221155
Honda,8,300000.0,Automatic,first,petrol,675000,13.42246945133505
Maruti Suzuki,6,51000.0,Manual,second,hybrid/cng,395000,12.886643575525625
Maruti Suzuki,7,300000.0,Manual,first,diesel,685000,13.437175577097312
Jeep,6,46300.0,Manual,second,diesel,990000,13.805461232211272
Maruti Suzuki,7,38000.0,Manual,first,petrol,530000,13.180634172318978
Honda,16,119000.0,Automatic,second,hybrid/cng,145800,11.889997957243736
Mercedes-Benz,7,57000.0,Automatic,second,diesel,3050000,14.930652476452392
Mahindra,4,50000.0,Automatic,second,diesel,1560000,14.260197020251155
Mahindra,7,118000.0,Automatic,second,diesel,699000,13.457407451830088
Kia,2,23000.0,Automatic,first,petrol,1150000,13.955273369904273
Volkswagen,11,113000.0,Manual,first,diesel,299000,12.608202196848836
Honda,5,43000.0,Manual,second,hybrid/cng,750000,13.527829818844937
Hyundai,21,65804.0,Manual,second,hybrid/cng,50000,10.819798284210286
Hyundai,14,77000.0,Manual,second,hybrid/cng,145000,11.884495917930655
Audi,5,60000.0,Automatic,second,diesel,2350000,14.669926311652166
Toyota,11,132000.0,Manual,second,diesel,693999,13.450227239488942
Hyundai,18,50000.0,Manual,second,petrol,75000,11.225256725762893
Volkswagen,8,144.0,Manual,second,diesel,565000,13.244582780038517
Tata,5,55000.0,Manual,second,hybrid/cng,480000,13.081543466215237
Maruti Suzuki,3,90000.0,Manual,first,hybrid/cng,565000,13.244582780038517
Mercedes-Benz,5,300000.0,Automatic,first,diesel,4900000,15.404745967162468
Toyota,7,68000.0,Automatic,second,diesel,1260000,14.04662307257814
Skoda,12,80000.0,Manual,first,diesel,325000,12.691583538230217
BMW,12,35000.0,Automatic,second,diesel,1250000,14.038654909278163
Mahindra,9,81000.0,Manual,first,diesel,650000,13.384729180332174
Audi,9,72000.0,Automatic,second,diesel,1221000,14.015181572093326
Hyundai,8,55000.0,Manual,first,hybrid/cng,450000,13.017005083966255
Hyundai,7,130000.0,Automatic,second,diesel,799000,13.591117476312084
Maruti Suzuki,13,95500.0,Manual,second,petrol,190000,12.154784614286667
Maruti Suzuki,5,54000.0,Manual,first,hybrid/cng,971000,13.786082777139049
Honda,11,67100.0,Automatic,second,petrol,511000,13.144126826131089
Honda,10,116000.0,Manual,second,diesel,650000,13.384729180332174
Maruti Suzuki,4,142000.0,Automatic,second,hybrid/cng,320000,12.676079399771027
Renault,8,150000.0,Manual,second,diesel,450000,13.017005083966255
Maruti Suzuki,8,88000.0,Manual,second,diesel,665000,13.407543823396258
Tata,2,33000.0,Manual,first,diesel,1450000,14.187074804051692
BMW,14,86000.0,Automatic,second,diesel,1025000,13.840204146163925
Maruti Suzuki,2,30500.0,Manual,first,hybrid/cng,580000,13.270785106659046
Hyundai,12,65165.0,Manual,second,hybrid/cng,155000,11.951186847493476
Maruti Suzuki,10,97694.0,Manual,second,hybrid/cng,665000,13.407543823396258
Toyota,25,30000.0,Automatic,first,petrol,2100000,14.557448378884015
Hyundai,3,40000.0,Manual,first,petrol,700000,13.45883704259595
Hyundai,10,80000.0,Automatic,second,petrol,355000,12.779875885354993
MG,5,46000.0,Automatic,first,hybrid/cng,1250000,14.038654909278163
Tata,10,85000.0,Automatic,second,petrol,250000,12.429220196836383
Honda,5,49500.0,Manual,first,diesel,899000,13.70903942580019
Maruti Suzuki,0,8254.0,Manual,first,petrol,825000,13.623139877437296
BMW,12,135000.0,Automatic,first,diesel,750000,13.527829818844937
Ssangyong,11,120000.0,Automatic,second,diesel,240000,12.388398368982115
Hyundai,6,53300.0,Automatic,second,hybrid/cng,525111,13.171366852154774
Mahindra,8,55000.0,Manual,second,diesel,720000,13.487007879880162
Honda,14,65000.0,Automatic,first,hybrid/cng,180000,12.100717685412471
Hyundai,8,56000.0,Manual,second,petrol,240000,12.388398368982115
Mahindra,11,105000.0,Automatic,second,diesel,461000,13.04115549117383
Maruti Suzuki,12,134000.0,Manual,first,petrol,320000,12.676079399771027
Toyota,0,6500.0,Automatic,first,hybrid/cng,4050000,15.214227685996272
Maruti Suzuki,6,90000.0,Manual,second,hybrid/cng,621000,13.339087971220277
Maruti Suzuki,7,42000.0,Automatic,first,hybrid/cng,385000,12.861001210669146
Hyundai,8,44103.0,Automatic,second,petrol,465000,13.049794835104816
Maruti Suzuki,13,69000.0,Manual,first,petrol,245000,12.409017571151187
Hyundai,8,123913.0,Manual,second,hybrid/cng,333333,12.716900269294165
Maruti Suzuki,15,58000.0,Automatic,second,hybrid/cng,200000,12.206077645517674
Maruti Suzuki,10,35188.0,Manual,first,hybrid/cng,365000,12.807655372286902
Honda,3,34000.0,Automatic,first,petrol,790000,13.579789490265188
Hyundai,2,12214.0,Automatic,first,petrol,953000,13.767371231953732
Maruti Suzuki,14,36836.0,Automatic,first,petrol,240000,12.388398368982115
Honda,7,54000.0,Automatic,second,petrol,715000,13.480039220276565
Maruti Suzuki,10,89000.0,Manual,second,diesel,510000,13.1421679654829
Honda,9,77000.0,Automatic,second,petrol,595000,13.296318365198623
Mahindra,9,267000.0,Manual,second,diesel,310000,12.644330802262578
Maruti Suzuki,5,42000.0,Automatic,first,hybrid/cng,415000,12.936036208848487
Maruti Suzuki,4,28000.0,Manual,first,petrol,445000,13.005831808336863
Maruti Suzuki,10,85000.0,Manual,first,diesel,365000,12.807655372286902
Mitsubishi,13,130000.0,Automatic,second,petrol,250000,12.429220196836383
Tata,5,22000.0,Automatic,second,petrol,7200000,15.789591722875162
Hyundai,10,80000.0,Automatic,second,petrol,350000,12.765691290604371
Maruti Suzuki,7,75000.0,Manual,second,petrol,450000,13.017005083966255
Toyota,11,76000.0,Automatic,first,hybrid/cng,450000,13.017005083966255
Toyota,12,45000.0,Automatic,first,petrol,2300000,14.648420115681892
Renault,7,39000.0,Automatic,first,petrol,270000,12.506180941677357
Mahindra,10,110000.0,Manual,first,diesel,875000,13.681980308196241
Hyundai,15,66000.0,Automatic,second,petrol,275000,12.524530013005734
Maruti Suzuki,7,59968.0,Manual,first,petrol,385000,12.861001210669146
Audi,4,300000.0,Automatic,first,diesel,7174999,15.786113319609958
Maruti Suzuki,6,51000.0,Automatic,first,hybrid/cng,365000,12.807655372286902
Hyundai,5,300000.0,Manual,first,hybrid/cng,575000,13.26212705890841
Toyota,3,24000.0,Automatic,first,diesel,3150000,14.962913328262083
Maruti Suzuki,1,20000.0,Automatic,first,hybrid/cng,400000,12.899222326086994
Honda,7,71000.0,Automatic,first,hybrid/cng,725000,13.493928313146206
Opel,20,70000.0,Manual,second,petrol,68000,11.127277689932466
Hyundai,16,105000.0,Manual,second,petrol,249000,12.425212191503038
Volkswagen,2,40000.0,Manual,second,petrol,1199900,13.997749611354916
Ford,15,95000.0,Manual,second,diesel,150000,11.918397239722838
Mercedes-Benz,10,64000.0,Automatic,second,diesel,1474000,14.20349103015724
Maruti Suzuki,8,58000.0,Manual,first,hybrid/cng,575000,13.26212705890841
Hyundai,1,24600.0,Automatic,first,petrol,1599000,14.284889617206765
MG,2,52000.0,Automatic,second,diesel,3800000,15.150511887854474
Skoda,2,20000.0,Automatic,first,petrol,1100000,13.910821646859095
Hyundai,6,52536.0,Automatic,second,hybrid/cng,780000,13.567050480716235
Honda,8,38000.0,Automatic,second,petrol,750000,13.527829818844937
Honda,5,52400.0,Manual,second,petrol,540000,13.199326270390594
Toyota,4,22000.0,Manual,second,diesel,2300000,14.648420115681892
BMW,11,58000.0,Automatic,second,diesel,2399000,14.690562958662095
Volkswagen,12,100000.0,Manual,second,diesel,375000,12.834683971615659
Hyundai,7,26000.0,Manual,first,petrol,585000,13.279368835614243
Maruti Suzuki,4,185000.0,Manual,first,hybrid/cng,720000,13.487007879880162
Lexus,6,71767.0,Automatic,first,hybrid/cng,3275000,15.001828732394953
Volkswagen,6,82886.0,Automatic,first,diesel,785000,13.573440270649085
Maruti Suzuki,7,90000.0,Manual,first,diesel,650000,13.384729180332174
Tata,0,3500.0,Automatic,first,hybrid/cng,820000,13.617060838751888
Honda,6,52000.0,Automatic,second,hybrid/cng,590000,13.28787951079572
Honda,4,64000.0,Automatic,second,hybrid/cng,550000,13.217675375388819
Maruti Suzuki,7,300000.0,Automatic,first,hybrid/cng,555000,13.22672519452875
Maruti Suzuki,11,82743.0,Manual,first,petrol,215000,12.278397958261774
Honda,9,83000.0,Automatic,second,petrol,560000,13.235693848424024
Maruti Suzuki,10,17000.0,Automatic,second,petrol,345000,12.75130259456002
BMW,14,80000.0,Automatic,second,diesel,933000,13.746161551640268
Maruti Suzuki,8,135000.0,Manual,second,diesel,299000,12.608202196848836
Honda,2,32000.0,Automatic,first,hybrid/cng,1825000,14.417091092943783
Maruti Suzuki,6,110000.0,Automatic,second,petrol,378000,12.84265212010087
Maruti Suzuki,7,53000.0,Manual,first,hybrid/cng,595000,13.296318365198623
Kia,3,89000.0,Automatic,first,diesel,1665000,14.325336281997101
Maruti Suzuki,9,75000.0,Manual,second,hybrid/cng,299999,12.611537753638338
Hyundai,4,74000.0,Automatic,first,diesel,1499999,14.22097566607244
Maruti Suzuki,2,3350.0,Manual,second,petrol,390000,12.873904582205107
Tata,6,80000.0,Automatic,second,diesel,760000,13.541075028051122
Toyota,6,90000.0,Manual,first,diesel,830000,13.629182184591333
Maruti Suzuki,7,43000.0,Manual,first,hybrid/cng,375000,12.834683971615659
Kia,3,16.0,Manual,first,petrol,800000,13.592368256649284
Hyundai,6,87695.0,Manual,first,diesel,799999,13.592367006650065
Maruti Suzuki,5,300000.0,Manual,first,hybrid/cng,475000,13.07107218827772
Hyundai,6,21000.0,Automatic,first,petrol,465000,13.049794835104816
Mahindra,5,30700.0,Automatic,first,diesel,2390000,14.686804342317648
Hyundai,7,69000.0,Manual,first,petrol,470000,13.060490101343552
Maruti Suzuki,14,100000.0,Manual,second,petrol,225000,12.323860125621126
Maruti Suzuki,8,117592.0,Manual,first,petrol,550000,13.217675375388819
Nissan,11,111519.0,Manual,second,diesel,185000,12.128116509451258
Maruti Suzuki,2,42000.0,Manual,first,hybrid/cng,575000,13.26212705890841
Hyundai,3,83000.0,Manual,first,diesel,1290000,14.070153551531353
Maruti Suzuki,5,82123.0,Automatic,first,hybrid/cng,455000,13.02805489573287
Volkswagen,6,106901.0,Automatic,first,diesel,725000,13.493928313146206
Maruti Suzuki,9,68000.0,Manual,second,hybrid/cng,275000,12.524530013005734
Maruti Suzuki,6,25193.0,Manual,first,petrol,370000,12.821260987319457
Maruti Suzuki,9,61479.0,Automatic,first,petrol,365000,12.807655372286902
Hyundai,9,69000.0,Manual,second,petrol,440000,12.994532278619134
Tata,3,31000.0,Manual,second,hybrid/cng,650000,13.384729180332174
Nissan,10,150000.0,Manual,second,diesel,570000,13.25339339419516
Hyundai,13,82000.0,Manual,first,petrol,240000,12.388398368982115
Hyundai,8,80000.0,Manual,first,petrol,505000,13.132315688453556
Mahindra,6,95000.0,Manual,first,diesel,875000,13.681980308196241
BMW,12,100000.0,Automatic,second,diesel,950000,13.76421831620775
Mahindra,11,16.0,Manual,first,diesel,250000,12.429220196836383
Fiat,8,63000.0,Manual,second,diesel,410000,12.923914877701906
Maruti Suzuki,0,10000.0,Automatic,first,hybrid/cng,830000,13.629182184591333
Renault,7,100000.0,Manual,first,petrol,200000,12.206077645517674
Hyundai,13,33000.0,Manual,second,petrol,220000,12.301387370778713
Maruti Suzuki,7,53000.0,Automatic,first,petrol,550000,13.217675375388819
Maruti Suzuki,13,190000.0,Manual,second,hybrid/cng,145000,11.884495917930655
Toyota,5,160000.0,Automatic,first,hybrid/cng,3550000,15.0824584431417
Maruti Suzuki,8,90000.0,Automatic,first,hybrid/cng,360000,12.793862088206213
Maruti Suzuki,7,33555.0,Automatic,first,hybrid/cng,499555,13.121474982898764
Hyundai,5,70000.0,Manual,second,diesel,730000,13.500801182986649
Maruti Suzuki,15,43256.0,Manual,second,petrol,290000,12.577639650232573
Maruti Suzuki,2,53000.0,Manual,first,hybrid/cng,1121000,13.92973259411456
Maruti Suzuki,14,99000.0,Manual,second,diesel,285000,12.560247968016562
Land Rover,3,31527.0,Automatic,second,diesel,5600000,15.53827733427679
BMW,10,68000.0,Automatic,second,diesel,1549000,14.25312076497659
Toyota,10,175000.0,Automatic,second,diesel,1225000,14.018452218287162
Maruti Suzuki,16,89000.0,Automatic,first,hybrid/cng,120000,11.695255355062795
Honda,6,29295.0,Automatic,second,petrol,530000,13.180634172318978
Honda,9,63007.0,Manual,first,petrol,650000,13.384729180332174
Maruti Suzuki,10,61000.0,Automatic,first,petrol,380000,12.847929163278053
Mercedes-Benz,6,45000.0,Automatic,second,diesel,6999999,15.761420707019587
Maruti Suzuki,6,89124.0,Automatic,second,petrol,485000,13.091906231773164
Hyundai,12,76000.0,Manual,second,hybrid/cng,190000,12.154784614286667
Hyundai,12,83000.0,Manual,second,petrol,149000,11.91170829631447
Hyundai,10,73000.0,Manual,second,petrol,530000,13.180634172318978
Maruti Suzuki,8,91000.0,Manual,second,hybrid/cng,421000,12.95039048795861
Toyota,7,46868.0,Automatic,second,petrol,724999,13.493926933836812
Mahindra,7,71000.0,Manual,second,diesel,870000,13.676249640055394
Maruti Suzuki,6,62000.0,Automatic,second,petrol,615000,13.329379172803593
Hyundai,15,28.0,Automatic,second,hybrid/cng,105000,11.561725152903833
Mercedes-Benz,10,80000.0,Automatic,second,diesel,1395000,14.148405690083225
Maruti Suzuki,10,92000.0,Manual,first,hybrid/cng,295000,12.59473402514672
Maruti Suzuki,10,79000.0,Manual,second,hybrid/cng,325000,12.691583538230217
Mitsubishi,9,80000.0,Automatic,second,diesel,1340000,14.108180918195472
Toyota,2,34000.0,Automatic,first,diesel,4400000,15.29711532616119
Mahindra,4,153058.0,Manual,first,diesel,995000,13.81049902116535
Tata,4,69000.0,Manual,first,hybrid/cng,675000,13.42246945133505
Hyundai,5,44500.0,Automatic,second,hybrid/cng,820000,13.617060838751888
Jaguar,10,74000.0,Automatic,first,diesel,2250000,14.626441218624949
Volkswagen,5,40000.0,Manual,first,petrol,765000,13.547632419997361
Toyota,9,111000.0,Manual,second,diesel,750000,13.527829818844937
Renault,3,70000.0,Manual,first,petrol,615000,13.329379172803593
Chevrolet,7,64000.0,Automatic,second,diesel,585000,13.279368835614243
Honda,5,42000.0,Manual,second,hybrid/cng,555000,13.22672519452875
Maruti Suzuki,9,60000.0,Automatic,second,hybrid/cng,325000,12.691583538230217
Honda,3,31000.0,Automatic,second,petrol,840000,13.641158361294979
Tata,1,27000.0,Automatic,first,hybrid/cng,670000,13.415034483903348
Maruti Suzuki,4,120000.0,Manual,second,hybrid/cng,875000,13.681980308196241
Tata,3,47000.0,Automatic,first,diesel,1175000,13.976779556623864
Hyundai,13,30.0,Automatic,first,hybrid/cng,195000,12.180759965737863
Honda,10,90000.0,Manual,second,diesel,515000,13.151924121391561
Hyundai,3,55000.0,Manual,first,hybrid/cng,621000,13.339087971220277
Mercedes-Benz,9,300000.0,Automatic,first,diesel,1651000,14.316892328595602
Hyundai,15,50000.0,Automatic,first,hybrid/cng,35000,10.463131911491967
Maruti Suzuki,13,20.0,Automatic,second,petrol,150000,11.918397239722838
Renault,3,40000.0,Automatic,first,petrol,625000,13.345508528717259
Toyota,6,133000.0,Automatic,first,diesel,1650000,14.316286451937186
Maruti Suzuki,4,80000.0,Automatic,first,hybrid/cng,560000,13.235693848424024
Hyundai,10,70000.0,Automatic,first,petrol,390000,12.873904582205107
Ford,5,63988.0,Automatic,first,diesel,3100000,14.946912992035967
Volkswagen,11,300000.0,Automatic,first,petrol,440000,12.994532278619134
Audi,7,300000.0,Automatic,second,diesel,2950000,14.897316067298997
Hyundai,8,65000.0,Automatic,first,petrol,695000,13.451668563394815
Toyota,17,80000.0,Automatic,first,hybrid/cng,165000,12.013706813470414
Maruti Suzuki,11,80000.0,Manual,first,hybrid/cng,245000,12.409017571151187
Tata,8,80000.0,Manual,second,petrol,125000,11.736077016252437
Mercedes-Benz,5,33500.0,Automatic,first,diesel,1850000,14.430696737594902
Honda,14,96000.0,Automatic,second,hybrid/cng,275000,12.524530013005734
Maruti Suzuki,12,74000.0,Manual,first,petrol,320000,12.676079399771027
Hyundai,10,107000.0,Manual,second,diesel,400000,12.899222326086994
Ssangyong,11,85000.0,Automatic,second,diesel,575000,13.26212705890841
Maruti Suzuki,5,98250.0,Manual,second,diesel,550000,13.217675375388819
Honda,3,69052.0,Manual,second,petrol,577000,13.265599278590988
Renault,4,69000.0,Manual,second,hybrid/cng,475000,13.07107218827772
Maruti Suzuki,6,70150.0,Automatic,second,hybrid/cng,281111,12.546508445417821
Hyundai,1,21000.0,Automatic,first,petrol,1699999,14.346138809026444
Toyota,14,140000.0,Manual,second,diesel,773000,13.558035621229783
Tata,2,65000.0,Automatic,first,hybrid/cng,498000,13.118357364036902
Maruti Suzuki,14,80000.0,Manual,second,hybrid/cng,125000,11.736077016252437
Maruti Suzuki,4,62000.0,Manual,first,hybrid/cng,410000,12.923914877701906
Maruti Suzuki,13,90401.0,Manual,second,petrol,330000,12.706850963741102
Kia,1,20600.0,Manual,first,diesel,1250000,14.038654909278163
Mahindra,7,300000.0,Manual,first,diesel,885000,13.69334405393293
Maruti Suzuki,12,128835.0,Manual,first,petrol,155000,11.951186847493476
Honda,6,83000.0,Manual,first,petrol,670000,13.415034483903348
Volkswagen,8,152000.0,Manual,second,diesel,499999,13.122363377404328
Hyundai,13,100000.0,Manual,second,diesel,295000,12.59473402514672
Hyundai,13,56000.0,Manual,first,petrol,175000,12.07254696717504
Hyundai,8,59000.0,Automatic,second,petrol,279000,12.53897064502647
Toyota,9,295000.0,Manual,first,diesel,1330000,14.100690252077353
Volkswagen,7,68000.0,Automatic,first,diesel,1499999,14.22097566607244
Fiat,12,90000.0,Manual,second,petrol,135000,11.813037464800539
Mahindra,7,78197.0,Manual,first,diesel,950000,13.76421831620775
Toyota,15,75000.0,Automatic,second,hybrid/cng,450000,13.017005083966255
Chevrolet,14,75000.0,Manual,second,diesel,290000,12.577639650232573
Mahindra,3,65000.0,Manual,second,diesel,875000,13.681980308196241
Tata,13,48000.0,Manual,second,diesel,95000,11.461642696843066
Hyundai,7,300000.0,Manual,second,hybrid/cng,450000,13.017005083966255
Hyundai,1,22000.0,Manual,first,petrol,775000,13.560619598657233
Volvo,7,98000.0,Automatic,second,diesel,3000000,14.914123179965662
Jeep,2,39000.0,Automatic,first,petrol,5800000,15.573368647930426
Maruti Suzuki,2,80000.0,Automatic,second,hybrid/cng,1125000,13.933294482509151
Mahindra,4,76108.0,Automatic,first,diesel,1345000,14.111905314512224
Hyundai,3,89500.0,Automatic,second,hybrid/cng,551521,13.220437008085863
Maruti Suzuki,6,90000.0,Manual,first,diesel,525000,13.171155446333852
BMW,4,60000.0,Automatic,first,diesel,6891000,15.745726915456153
Maruti Suzuki,10,106000.0,Manual,second,hybrid/cng,280000,12.54254845357358
Hyundai,6,70000.0,Automatic,first,diesel,949999,13.764217263576723
Mahindra,2,7000.0,Automatic,first,diesel,1620000,14.297937324492327
Hyundai,6,10000.0,Manual,second,petrol,421000,12.95039048795861
Maruti Suzuki,8,86000.0,Manual,first,hybrid/cng,230000,12.345838935721968
Hyundai,13,65000.0,Manual,first,hybrid/cng,240000,12.388398368982115
Maruti Suzuki,3,22000.0,Manual,first,petrol,660000,13.399996629152975
Volkswagen,6,85400.0,Automatic,first,diesel,470000,13.060490101343552
Tata,7,82010.0,Manual,second,hybrid/cng,370000,12.821260987319457
Jeep,5,59000.0,Automatic,second,petrol,1350000,14.115615891155079
Maruti Suzuki,10,75666.0,Manual,second,hybrid/cng,590000,13.28787951079572
Maruti Suzuki,4,63000.0,Manual,second,hybrid/cng,475000,13.07107218827772
Mahindra,8,107000.0,Manual,first,diesel,420000,12.948012371209098
Maruti Suzuki,3,37000.0,Automatic,first,hybrid/cng,430000,12.971542813248437
Maruti Suzuki,2,88392.0,Manual,second,hybrid/cng,920000,13.732130035981154
Maruti Suzuki,6,91000.0,Automatic,first,diesel,660000,13.399996629152975
Maruti Suzuki,9,114000.0,Automatic,second,petrol,375000,12.834683971615659
Mercedes-Benz,13,68000.0,Automatic,second,petrol,900000,13.710151153416941
Maruti Suzuki,12,84000.0,Manual,first,hybrid/cng,270000,12.506180941677357
Toyota,10,90220.0,Automatic,first,diesel,1099999,13.9108207377686
Audi,12,1.0,Automatic,second,diesel,1075000,13.887832149776026
Maruti Suzuki,13,106000.0,Automatic,first,hybrid/cng,160000,11.982935344196433
Mercedes-Benz,11,68000.0,Automatic,second,petrol,1275000,14.058457520888082
Volkswagen,9,40200.0,Manual,first,petrol,499000,13.120363378739663
Hyundai,8,90500.0,Automatic,first,diesel,799999,13.592367006650065
Maruti Suzuki,16,86000.0,Manual,second,hybrid/cng,145000,11.884495917930655
Maruti Suzuki,6,67000.0,Automatic,second,petrol,525000,13.171155446333852
Maruti Suzuki,8,67000.0,Manual,first,petrol,449000,13.014780393893403
Ford,5,40860.0,Automatic,first,hybrid/cng,775000,13.560619598657233
Volkswagen,12,90000.0,Manual,first,petrol,290000,12.577639650232573
Maruti Suzuki,5,81520.0,Automatic,first,hybrid/cng,360000,12.793862088206213
Hyundai,5,52000.0,Manual,second,hybrid/cng,695000,13.451668563394815
Hyundai,11,68000.0,Manual,second,hybrid/cng,379000,12.84529412258351
Mercedes-Benz,8,300000.0,Automatic,first,petrol,2900000,14.88022163978423
Honda,12,60000.0,Automatic,second,hybrid/cng,321000,12.679199517372098
Maruti Suzuki,1,30000.0,Manual,first,hybrid/cng,765000,13.547632419997361
Volkswagen,11,65000.0,Automatic,first,petrol,349000,12.762830066509972
Maruti Suzuki,7,93000.0,Manual,second,diesel,600000,13.304686600863562
Tata,6,190000.0,Manual,first,diesel,250000,12.429220196836383
Mercedes-Benz,16,300000.0,Automatic,second,diesel,1000000,13.815511557963774
Maruti Suzuki,1,35000.0,Automatic,second,hybrid/cng,510000,13.1421679654829
Maruti Suzuki,7,84127.0,Manual,first,petrol,375000,12.834683971615659
Honda,5,37000.0,Automatic,second,petrol,935000,13.74830287778897
Renault,7,58000.0,Manual,first,diesel,555000,13.22672519452875
Tata,4,61000.0,Automatic,first,hybrid/cng,561000,13.237477967034438
Maruti Suzuki,11,70000.0,Manual,second,petrol,220000,12.301387370778713
Maruti Suzuki,22,51000.0,Manual,first,petrol,78000,11.264476926102367
Mahindra,27,225897.0,Manual,second,diesel,190000,12.154784614286667
Nissan,2,17000.0,Manual,first,petrol,745000,13.521140839642674
Maruti Suzuki,9,72000.0,Automatic,second,petrol,367000,12.813119851828635
Tata,14,82000.0,Manual,first,diesel,135000,11.813037464800539
Hyundai,3,20121.0,Manual,second,petrol,665000,13.407543823396258
Maruti Suzuki,5,95000.0,Automatic,first,hybrid/cng,430000,12.971542813248437
Toyota,9,168000.0,Manual,first,diesel,1551000,14.254411086903794
Mahindra,3,17000.0,Manual,second,petrol,925000,13.73755009757506
Maruti Suzuki,1,62000.0,Manual,first,hybrid/cng,1260000,14.04662307257814
Maruti Suzuki,4,47000.0,Automatic,first,hybrid/cng,995000,13.81049902116535
Mahindra,6,48248.0,Manual,second,diesel,750000,13.527829818844937
Mahindra,2,42000.0,Manual,first,diesel,905000,13.715691327653829
Honda,9,71800.0,Manual,second,hybrid/cng,470000,13.060490101343552
Maruti Suzuki,9,85000.0,Manual,second,petrol,298000,12.604852121186608
Maruti Suzuki,11,41000.0,Automatic,first,hybrid/cng,385000,12.861001210669146
Renault,11,86000.0,Manual,second,diesel,225000,12.323860125621126
Maruti Suzuki,7,64000.0,Automatic,second,hybrid/cng,390000,12.873904582205107
Maruti Suzuki,14,150549.0,Manual,first,diesel,380000,12.847929163278053
Honda,10,65000.0,Automatic,first,petrol,380000,12.847929163278053
Honda,7,45000.0,Automatic,second,petrol,775000,13.560619598657233
Maruti Suzuki,9,45000.0,Manual,first,hybrid/cng,345000,12.75130259456002
Maruti Suzuki,2,56000.0,Automatic,first,hybrid/cng,500000,13.122365377402328
Maruti Suzuki,3,50000.0,Automatic,second,petrol,480000,13.081543466215237
Maruti Suzuki,5,68738.0,Manual,first,hybrid/cng,900000,13.710151153416941
Maruti Suzuki,8,75000.0,Automatic,second,hybrid/cng,200000,12.206077645517674
Mahindra,11,300000.0,Automatic,second,diesel,575000,13.26212705890841
Maruti Suzuki,9,56800.0,Manual,second,hybrid/cng,699999,13.458835614025542
BMW,11,54000.0,Automatic,first,diesel,1100000,13.910821646859095
Toyota,16,55000.0,Automatic,second,petrol,295000,12.59473402514672
Maruti Suzuki,8,59521.0,Manual,first,petrol,245000,12.409017571151187
Hyundai,13,100000.0,Manual,second,hybrid/cng,125000,11.736077016252437
Ford,5,126353.0,Manual,second,diesel,780000,13.567050480716235
Hyundai,4,48298.0,Automatic,second,petrol,945000,13.758941264676379
Maruti Suzuki,6,27000.0,Automatic,first,petrol,365000,12.807655372286902
Hyundai,7,58212.0,Automatic,first,diesel,825000,13.623139877437296
Maruti Suzuki,7,59000.0,Manual,second,hybrid/cng,320000,12.676079399771027
Maruti Suzuki,6,180000.0,Automatic,first,hybrid/cng,351000,12.768544351446794
Mercedes-Benz,7,60000.0,Automatic,first,diesel,2250000,14.626441218624949
Tata,2,43000.0,Manual,first,hybrid/cng,695000,13.451668563394815
Maruti Suzuki,5,49000.0,Manual,second,hybrid/cng,450000,13.017005083966255
Mahindra,11,57450.0,Manual,first,diesel,385000,12.861001210669146
Maruti Suzuki,11,808.0,Automatic,second,hybrid/cng,240000,12.388398368982115
Maruti Suzuki,13,79.0,Manual,second,petrol,275000,12.524530013005734
Lexus,2,80000.0,Automatic,first,hybrid/cng,6700000,15.717618233614914
Lexus,2,30000.0,Automatic,first,petrol,6000000,15.607270193858982
Tata,8,72000.0,Manual,second,hybrid/cng,200000,12.206077645517674
Mahindra,9,300000.0,Automatic,first,diesel,575000,13.26212705890841
Maruti Suzuki,1,32000.0,Manual,first,hybrid/cng,1171000,13.973369496550454
Maruti Suzuki,3,42000.0,Manual,first,hybrid/cng,515000,13.151924121391561
Maruti Suzuki,10,86000.0,Manual,second,hybrid/cng,335000,12.721888795877375
Hyundai,8,230000.0,Manual,first,petrol,270000,12.506180941677357
Hyundai,12,77000.0,Manual,first,petrol,390000,12.873904582205107
Volvo,12,45000.0,Automatic,second,diesel,1300000,14.077875591662238
Hyundai,5,75000.0,Manual,first,hybrid/cng,595000,13.296318365198623
Maruti Suzuki,5,70737.0,Automatic,second,diesel,811000,13.606024566142413
Maruti Suzuki,9,71455.0,Manual,first,hybrid/cng,365000,12.807655372286902
Mercedes-Benz,5,40000.0,Automatic,second,diesel,2000000,14.508658238524095
Mahindra,6,71000.0,Manual,first,diesel,945000,13.758941264676379
Hyundai,14,18.0,Automatic,second,hybrid/cng,105000,11.561725152903833
Jeep,6,300000.0,Manual,first,diesel,980000,13.795308871054397
Honda,11,90000.0,Manual,first,petrol,375000,12.834683971615659
Audi,11,125000.0,Automatic,second,diesel,900000,13.710151153416941
Honda,6,42000.0,Manual,second,diesel,375000,12.834683971615659
Honda,6,77000.0,Manual,first,diesel,550000,13.217675375388819
Maruti Suzuki,5,68000.0,Automatic,second,petrol,425000,12.959846800844963
Land Rover,5,97000.0,Automatic,second,diesel,3000000,14.914123179965662
BMW,2,11000.0,Automatic,first,petrol,6700000,15.717618233614914
Maruti Suzuki,6,77738.0,Manual,second,hybrid/cng,490000,13.102162710901053
Maruti Suzuki,5,106000.0,Manual,first,diesel,580000,13.270785106659046
Kia,3,81236.0,Automatic,first,petrol,970000,13.785052381406869
Hyundai,8,71000.0,Manual,first,hybrid/cng,690000,13.444448325847754
Maruti Suzuki,9,90000.0,Automatic,second,hybrid/cng,275000,12.524530013005734
Maruti Suzuki,7,102000.0,Manual,second,petrol,540000,13.199326270390594
BMW,12,80000.0,Automatic,second,diesel,650000,13.384729180332174
Maruti Suzuki,11,98000.0,Manual,first,diesel,385000,12.861001210669146
Jaguar,3,19000.0,Automatic,first,petrol,6175000,15.636019602421621
Volkswagen,6,93173.0,Automatic,first,diesel,1950000,14.48334044336031
Honda,21,102300.0,Manual,second,petrol,125000,11.736077016252437
Force,8,300000.0,Automatic,first,hybrid/cng,560000,13.235693848424024
Ford,7,144000.0,Automatic,first,diesel,2200000,14.603968372873895
Honda,11,81000.0,Automatic,first,hybrid/cng,320000,12.676079399771027
Maruti Suzuki,5,71000.0,Manual,second,hybrid/cng,450000,13.017005083966255
Toyota,14,288000.0,Manual,second,diesel,699000,13.457407451830088
Tata,13,29.0,Automatic,second,petrol,45000,10.714439990727769
Maruti Suzuki,9,72147.0,Automatic,second,hybrid/cng,210000,12.25486757159303
Toyota,11,125000.0,Manual,second,diesel,1075000,13.887832149776026
Maruti Suzuki,4,65846.0,Manual,first,hybrid/cng,870000,13.676249640055394
Maruti Suzuki,6,36000.0,Automatic,first,petrol,665000,13.407543823396258
Maruti Suzuki,7,35000.0,Automatic,first,hybrid/cng,450000,13.017005083966255
Land Rover,5,28000.0,Automatic,first,petrol,4375000,15.291417306345254
Honda,10,76000.0,Manual,second,hybrid/cng,233000,12.358798024384122
Ford,16,158000.0,Automatic,second,petrol,120000,11.695255355062795
Mahindra,1,250000.0,Automatic,first,petrol,2275000,14.637491049927531
Maruti Suzuki,2,40000.0,Automatic,first,petrol,775000,13.560619598657233
Honda,8,141000.0,Manual,second,diesel,610000,13.321215875492413
Mahindra,12,220000.0,Manual,second,diesel,240000,12.388398368982115
Skoda,14,82000.0,Manual,first,diesel,475000,13.07107218827772
Hyundai,8,300000.0,Manual,first,hybrid/cng,435000,12.983103608918753
Honda,10,67000.0,Automatic,first,petrol,290000,12.577639650232573
Maruti Suzuki,12,95000.0,Manual,second,hybrid/cng,225000,12.323860125621126
Mahindra,3,70000.0,Manual,first,diesel,1350000,14.115615891155079
Hyundai,12,46000.0,Manual,second,petrol,321000,12.679199517372098
Renault,4,52000.0,Automatic,first,hybrid/cng,350000,12.765691290604371
Tata,4,70716.0,Manual,first,petrol,490000,13.102162710901053
Audi,6,55000.0,Automatic,second,diesel,1400000,14.151983508870947
Maruti Suzuki,7,75000.0,Manual,first,hybrid/cng,580000,13.270785106659046
Kia,2,25000.0,Automatic,second,diesel,3599000,15.09616686491609
Maruti Suzuki,4,46000.0,Manual,first,petrol,365000,12.807655372286902
Lexus,8,109000.0,Automatic,second,hybrid/cng,2800000,14.845130332288226
Hyundai,11,63000.0,Manual,second,petrol,185000,12.128116509451258
Maruti Suzuki,6,55000.0,Automatic,second,petrol,565000,13.244582780038517
Hyundai,2,35000.0,Automatic,first,petrol,685000,13.437175577097312
Hyundai,8,63000.0,Manual,second,hybrid/cng,425000,12.959846800844963
Maruti Suzuki,10,73000.0,Manual,second,hybrid/cng,355000,12.779875885354993
Maruti Suzuki,4,67850.0,Automatic,first,hybrid/cng,675000,13.42246945133505
Hyundai,12,53000.0,Manual,second,hybrid/cng,275000,12.524530013005734
Hyundai,3,22000.0,Manual,first,petrol,549000,13.215855541983634
Renault,8,82000.0,Manual,first,diesel,575000,13.26212705890841
Mahindra,3,23883.0,Automatic,second,petrol,2245000,14.624216524592692
Hyundai,9,52000.0,Automatic,second,hybrid/cng,445000,13.005831808336863
Chevrolet,10,90000.0,Manual,second,diesel,330000,12.706850963741102
Volkswagen,12,32000.0,Automatic,second,petrol,450000,13.017005083966255
Maruti Suzuki,20,56000.0,Manual,second,petrol,50000,10.819798284210286
Maruti Suzuki,8,95000.0,Manual,second,petrol,510000,13.1421679654829
Toyota,11,150000.0,Automatic,second,diesel,1390000,14.144815024531075
Mahindra,10,113000.0,Automatic,second,diesel,795000,13.586098651497313
Tata,12,98000.0,Manual,second,petrol,145000,11.884495917930655
Mercedes-Benz,6,70000.0,Automatic,first,diesel,2250000,14.626441218624949
Hyundai,16,89127.0,Manual,second,hybrid/cng,115000,11.652696102959753
Maruti Suzuki,8,65000.0,Manual,second,hybrid/cng,335399,12.723079128371246
Chevrolet,11,136000.0,Manual,second,diesel,440000,12.994532278619134
BMW,9,70000.0,Automatic,first,diesel,915000,13.726680437153236
Land Rover,3,37000.0,Automatic,first,petrol,9600000,16.077273760604726
Toyota,3,30000.0,Automatic,first,hybrid/cng,9800000,16.097893045681612
Volkswagen,7,55200.0,Automatic,first,petrol,590000,13.28787951079572
Tata,2,29000.0,Automatic,first,hybrid/cng,700000,13.45883704259595
Hyundai,9,79000.0,Manual,first,petrol,340000,12.73670383776449
Toyota,4,36000.0,Automatic,second,diesel,2390000,14.686804342317648
Hyundai,12,78000.0,Manual,first,hybrid/cng,250000,12.429220196836383
Datsun,6,50002.0,Manual,first,petrol,270000,12.506180941677357
Maruti Suzuki,3,40022.0,Manual,first,petrol,640000,13.369225017834633
Renault,5,160000.0,Automatic,first,petrol,420000,12.948012371209098
Nissan,10,80000.0,Manual,second,diesel,379000,12.84529412258351
Honda,9,58000.0,Automatic,second,hybrid/cng,500000,13.122365377402328
Tata,2,10000.0,Automatic,first,petrol,990000,13.805461232211272
Toyota,7,115000.0,Automatic,second,diesel,1685000,14.337276715240233
Hyundai,5,50000.0,Automatic,first,hybrid/cng,490000,13.102162710901053
Hyundai,5,24000.0,Automatic,first,petrol,725000,13.493928313146206
Kia,4,38271.0,Automatic,second,petrol,1045000,13.85952840031839
Maruti Suzuki,0,12340.0,Manual,first,hybrid/cng,360000,12.793862088206213
Hyundai,10,86000.0,Manual,second,diesel,445000,13.005831808336863
Maruti Suzuki,1,79650.0,Automatic,first,hybrid/cng,710000,13.47302165746721
Honda,14,69500.0,Automatic,second,hybrid/cng,286000,12.563750586299374
Kia,4,35000.0,Manual,first,diesel,950000,13.76421831620775
Tata,5,47000.0,Manual,first,petrol,599999,13.304684934198283
Maruti Suzuki,11,90000.0,Manual,second,hybrid/cng,560000,13.235693848424024
Mahindra,3,28000.0,Manual,first,diesel,1445000,14.183620571569953
Renault,5,36000.0,Manual,second,petrol,310000,12.644330802262578
Maruti Suzuki,15,72000.0,Manual,second,petrol,129000,11.767575435251748
Volkswagen,11,61000.0,Automatic,first,petrol,410000,12.923914877701906
Maruti Suzuki,6,66000.0,Manual,first,hybrid/cng,390000,12.873904582205107
Land Rover,12,23102.0,Automatic,second,diesel,4795000,15.383084474850227
Maruti Suzuki,9,67729.0,Manual,first,hybrid/cng,455000,13.02805489573287
Maruti Suzuki,5,34000.0,Manual,first,hybrid/cng,565000,13.244582780038517
Maruti Suzuki,4,51421.0,Manual,first,petrol,785000,13.573440270649085
Maruti Suzuki,6,66000.0,Automatic,first,hybrid/cng,530000,13.180634172318978
Honda,8,85000.0,Manual,second,hybrid/cng,310000,12.644330802262578
Maruti Suzuki,2,21000.0,Automatic,first,hybrid/cng,1300000,14.077875591662238
Maruti Suzuki,0,35.0,Automatic,second,hybrid/cng,1250000,14.038654909278163
Maruti Suzuki,11,262630.0,Automatic,first,petrol,365000,12.807655372286902
Mahindra,5,42000.0,Manual,second,diesel,1400000,14.151983508870947
Maruti Suzuki,1,15000.0,Manual,first,petrol,600000,13.304686600863562
Toyota,9,163000.0,Manual,first,diesel,1550000,14.253766134056512
Volkswagen,13,110000.0,Automatic,second,hybrid/cng,188000,12.144202560946876
Maruti Suzuki,6,94000.0,Manual,first,diesel,839999,13.641157170819497
Maruti Suzuki,3,90000.0,Automatic,first,hybrid/cng,950000,13.76421831620775
Maruti Suzuki,1,28.0,Manual,first,hybrid/cng,615000,13.329379172803593
Hyundai,14,120000.0,Automatic,second,hybrid/cng,160000,11.982935344196433
Maruti Suzuki,6,32000.0,Automatic,first,petrol,690000,13.444448325847754
Mahindra,8,122000.0,Automatic,second,diesel,850000,13.652992804936396
Honda,11,77000.0,Manual,first,hybrid/cng,299000,12.608202196848836
Maruti Suzuki,4,40000.0,Manual,first,petrol,650000,13.384729180332174
Maruti Suzuki,4,300000.0,Automatic,first,hybrid/cng,580000,13.270785106659046
Jeep,6,52000.0,Manual,first,diesel,1049000,13.863348840666827
Maruti Suzuki,7,86000.0,Manual,first,diesel,550000,13.217675375388819
Hyundai,8,96290.0,Manual,second,petrol,377000,12.840003118946523
Mahindra,11,61000.0,Manual,second,diesel,450000,13.017005083966255
Kia,3,80500.0,Automatic,first,diesel,2651000,14.790447862487236
Maruti Suzuki,6,80000.0,Manual,second,diesel,750000,13.527829818844937
Maruti Suzuki,9,100000.0,Manual,second,hybrid/cng,260000,12.468440756144114
Mahindra,9,140000.0,Automatic,second,diesel,749000,13.52649559761195
BMW,3,18800.0,Automatic,first,petrol,4950000,15.414898336565054
Hyundai,6,50000.0,Manual,second,diesel,580000,13.270785106659046
Tata,0,3800.0,Automatic,first,hybrid/cng,850000,13.652992804936396
Toyota,10,174000.0,Manual,second,diesel,895000,13.704580114574805
Volkswagen,15,112000.0,Automatic,second,hybrid/cng,150000,11.918397239722838
Maruti Suzuki,9,82000.0,Manual,second,hybrid/cng,235000,12.367345048436391
Renault,10,100000.0,Manual,second,diesel,360000,12.793862088206213
Hyundai,5,90000.0,Manual,first,diesel,1120000,13.928840136128022
Hyundai,14,66000.0,Automatic,second,petrol,295000,12.59473402514672
Lexus,5,57000.0,Automatic,second,petrol,3900000,15.176487367510099
Audi,10,69.0,Automatic,second,diesel,1600000,14.285514812209815
Maruti Suzuki,8,160000.0,Manual,second,diesel,430000,12.971542813248437
Toyota,6,140000.0,Manual,first,diesel,1751000,14.375698182370053
Hyundai,6,77000.0,Automatic,first,diesel,875000,13.681980308196241
Maruti Suzuki,6,32000.0,Manual,second,petrol,395000,12.886643575525625
Hyundai,15,212023.0,Automatic,second,hybrid/cng,145000,11.884495917930655
Mahindra,14,71000.0,Manual,second,diesel,295000,12.59473402514672
Hyundai,11,63000.0,Manual,second,petrol,220000,12.301387370778713
Hyundai,5,28000.0,Automatic,first,petrol,925000,13.73755009757506
Maruti Suzuki,2,71200.0,Manual,first,hybrid/cng,472000,13.064736383209516
Maruti Suzuki,8,80000.0,Manual,first,petrol,453000,13.023649611968253
Mahindra,18,132884.0,Manual,second,diesel,230000,12.345838935721968
Mahindra,7,300000.0,Automatic,first,diesel,1450000,14.187074804051692
Toyota,6,80000.0,Automatic,second,hybrid/cng,649999,13.38472764187182
Hyundai,10,30000.0,Manual,first,petrol,210000,12.25486757159303
Ford,9,58000.0,Manual,first,diesel,337000,12.727841176689147
Toyota,18,200000.0,Manual,second,diesel,220000,12.301387370778713
Maruti Suzuki,8,72000.0,Manual,second,hybrid/cng,390000,12.873904582205107
Maruti Suzuki,8,74000.0,Automatic,second,hybrid/cng,445000,13.005831808336863
Tata,10,66000.0,Automatic,second,petrol,105000,11.561725152903833
Maruti Suzuki,11,130000.0,Manual,second,petrol,265000,12.487488878546145
Mahindra,0,7000.0,Automatic,first,diesel,1575000,14.269766465162304
Hyundai,12,300000.0,Manual,first,hybrid/cng,245000,12.409017571151187
Kia,4,87000.0,Manual,second,diesel,1030000,13.845070331079134
Mahindra,7,55000.0,Manual,first,diesel,435000,12.983103608918753
Hyundai,15,120000.0,Manual,first,petrol,170000,12.04355959836804
Hyundai,5,66651.0,Automatic,second,diesel,1021000,13.836294076578252
Hyundai,13,108000.0,Manual,second,petrol,300000,12.611541086966115
Maruti Suzuki,8,70000.0,Manual,first,hybrid/cng,445000,13.005831808336863
Toyota,10,135000.0,Manual,second,diesel,1095000,13.90626583447433
Honda,7,52000.0,Automatic,first,hybrid/cng,585000,13.279368835614243
Maruti Suzuki,19,20000.0,Automatic,first,hybrid/cng,50000,10.819798284210286
Ford,9,52500.0,Automatic,first,petrol,559999,13.235692062711331
Honda,8,125000.0,Manual,second,hybrid/cng,400000,12.899222326086994
Maruti Suzuki,13,33600.0,Manual,second,petrol,225000,12.323860125621126
Mahindra,7,103000.0,Automatic,second,diesel,595000,13.296318365198623
Maruti Suzuki,5,65000.0,Manual,first,hybrid/cng,360000,12.793862088206213
Maruti Suzuki,4,68000.0,Manual,second,hybrid/cng,485000,13.091906231773164
Mercedes-Benz,8,95000.0,Automatic,first,diesel,1795000,14.400516137007425
Maruti Suzuki,4,62000.0,Manual,first,hybrid/cng,831000,13.630386277206295
Chevrolet,16,38319.0,Manual,second,petrol,139000,11.842236406331555
Maruti Suzuki,3,40000.0,Manual,second,petrol,935000,13.74830287778897
Maruti Suzuki,17,60000.0,Manual,second,petrol,125000,11.736077016252437
Isuzu,7,75000.0,Automatic,first,diesel,1450000,14.187074804051692
Hyundai,10,55000.0,Manual,second,petrol,465000,13.049794835104816
Volkswagen,13,78000.0,Manual,second,diesel,290000,12.577639650232573
Maruti Suzuki,7,101000.0,Manual,first,diesel,650000,13.384729180332174
Mahindra,16,9350.0,Manual,second,diesel,400000,12.899222326086994
Maruti Suzuki,9,67000.0,Manual,second,petrol,349999,12.765688433465597
Volkswagen,9,90000.0,Manual,second,diesel,390000,12.873904582205107
Tata,7,81000.0,Manual,second,diesel,725000,13.493928313146206
Maruti Suzuki,13,72000.0,Manual,second,hybrid/cng,265000,12.487488878546145
Maruti Suzuki,12,28000.0,Manual,second,hybrid/cng,299000,12.608202196848836
Mahindra,3,64000.0,Manual,second,diesel,1231000,14.023338217513945
Mahindra,9,93000.0,Manual,first,diesel,675000,13.42246945133505
Tata,5,41000.0,Automatic,second,petrol,525000,13.171155446333852
Honda,5,56000.0,Manual,first,hybrid/cng,555000,13.22672519452875
Volkswagen,5,28000.0,Manual,first,petrol,850000,13.652992804936396
Honda,14,93500.0,Manual,second,petrol,209999,12.254862809699606
Hyundai,17,95000.0,Manual,first,petrol,60000,11.002116507732017
Audi,9,140000.0,Automatic,second,diesel,1275000,14.058457520888082
Honda,6,80000.0,Manual,second,diesel,630000,13.353476685668044
Maruti Suzuki,3,64000.0,Manual,first,petrol,925000,13.73755009757506
Renault,8,84000.0,Manual,second,hybrid/cng,450000,13.017005083966255
Mercedes-Benz,5,30000.0,Automatic,second,diesel,4990000,15.422946668128484
Skoda,6,94425.0,Automatic,first,diesel,1300000,14.077875591662238
Toyota,14,72000.0,Manual,second,petrol,225000,12.323860125621126
Chevrolet,14,56700.0,Automatic,second,petrol,135000,11.813037464800539
Audi,7,29600.0,Automatic,second,diesel,2049000,14.532862915263866
Audi,7,95000.0,Automatic,first,diesel,1700000,14.346139397261565
Toyota,10,89000.0,Automatic,second,hybrid/cng,550000,13.217675375388819
Maruti Suzuki,9,100000.0,Automatic,second,hybrid/cng,250000,12.429220196836383
Maruti Suzuki,12,47259.0,Manual,second,hybrid/cng,325000,12.691583538230217
Honda,13,300000.0,Manual,second,petrol,215000,12.278397958261774
Hyundai,5,60000.0,Manual,first,diesel,745000,13.521140839642674
Maruti Suzuki,8,111000.0,Automatic,second,hybrid/cng,200000,12.206077645517674
Hyundai,9,43000.0,Manual,second,petrol,349000,12.762830066509972
Hyundai,2,170000.0,Manual,first,petrol,830000,13.629182184591333
Hyundai,9,48000.0,Manual,first,petrol,365000,12.807655372286902
Toyota,0,6000.0,Automatic,first,diesel,5500000,15.520258832020865
Maruti Suzuki,8,62000.0,Manual,first,hybrid/cng,619000,13.335862167174314
Honda,3,32000.0,Automatic,first,petrol,590000,13.28787951079572
Tata,3,71000.0,Automatic,first,diesel,1750000,14.375126917328105
Chevrolet,14,93000.0,Manual,second,petrol,169000,12.037659911047468
Hyundai,5,34000.0,Manual,first,hybrid/cng,489000,13.100119813444692
Toyota,3,300000.0,Automatic,first,petrol,1025000,13.840204146163925
Maruti Suzuki,6,65000.0,Automatic,first,hybrid/cng,450000,13.017005083966255
Maruti Suzuki,8,77718.0,Manual,first,hybrid/cng,360000,12.793862088206213
Toyota,0,11000.0,Automatic,first,hybrid/cng,1800000,14.403297778421795
Mahindra,1,31500.0,Manual,first,diesel,1690000,14.340239678615058
Honda,14,51000.0,Automatic,first,hybrid/cng,192000,12.165255859329688
Audi,12,67000.0,Automatic,second,diesel,1100000,13.910821646859095
Maruti Suzuki,7,120000.0,Automatic,second,hybrid/cng,280000,12.54254845357358
Hyundai,13,59800.0,Manual,first,hybrid/cng,165999,12.01974306733868
Skoda,9,39500.0,Manual,second,petrol,349000,12.762830066509972
Mahindra,11,87000.0,Manual,second,diesel,575000,13.26212705890841
Maruti Suzuki,3,59000.0,Manual,second,hybrid/cng,515000,13.151924121391561
Honda,16,90000.0,Manual,second,petrol,145000,11.884495917930655
Maruti Suzuki,3,47000.0,Manual,second,petrol,575000,13.26212705890841
Maruti Suzuki,4,62000.0,Manual,first,hybrid/cng,975000,13.790193775620484
Hyundai,7,89410.0,Manual,first,diesel,790000,13.579789490265188
Honda,14,100000.0,Automatic,second,hybrid/cng,180000,12.100717685412471
Honda,3,52689.0,Automatic,first,petrol,710000,13.47302165746721
Jaguar,10,68000.0,Automatic,second,diesel,1025000,13.840204146163925
Maruti Suzuki,15,76000.0,Manual,second,hybrid/cng,175000,12.07254696717504
Volkswagen,5,92000.0,Automatic,second,diesel,640000,13.369225017834633
Maruti Suzuki,6,54000.0,Manual,first,diesel,670000,13.415034483903348
Volkswagen,9,66000.0,Manual,second,diesel,490000,13.102162710901053
Hyundai,5,45000.0,Automatic,first,petrol,725000,13.493928313146206
Audi,12,86310.0,Manual,first,diesel,950000,13.76421831620775
Hyundai,11,58836.0,Manual,second,petrol,235000,12.367345048436391
Toyota,7,100000.0,Automatic,second,petrol,895000,13.704580114574805
Mahindra,3,69846.0,Automatic,first,diesel,1090000,13.901689171636098
Maruti Suzuki,9,150000.0,Automatic,second,petrol,170000,12.04355959836804
Hyundai,6,95000.0,Manual,first,diesel,899000,13.70903942580019
Mercedes-Benz,3,280000.0,Automatic,first,diesel,6850000,15.739759356223798
Toyota,12,56000.0,Automatic,second,hybrid/cng,365000,12.807655372286902
Maruti Suzuki,5,26000.0,Manual,first,petrol,330000,12.706850963741102
Toyota,12,115000.0,Manual,second,diesel,415000,12.936036208848487
Maruti Suzuki,3,31000.0,Manual,first,petrol,745000,13.521140839642674
Tata,6,77400.0,Manual,first,diesel,495000,13.112315061750808
Mercedes-Benz,8,35300.0,Automatic,second,diesel,1875000,14.444119750719839
Mahindra,4,52000.0,Automatic,first,diesel,950000,13.76421831620775
Ford,6,49000.0,Automatic,first,diesel,2490000,14.727793670047236
Maruti Suzuki,7,72000.0,Manual,second,petrol,540000,13.199326270390594
Maruti Suzuki,8,185000.0,Automatic,first,hybrid/cng,205000,12.230770136157428
Maruti Suzuki,12,90000.0,Manual,second,hybrid/cng,125000,11.736077016252437
Maruti Suzuki,19,250000.0,Manual,second,petrol,75000,11.225256725762893
Toyota,13,105000.0,Manual,second,diesel,421000,12.95039048795861
Maruti Suzuki,6,54553.0,Manual,second,petrol,325000,12.691583538230217
Kia,3,77000.0,Manual,first,diesel,1151000,13.956142556513372
Tata,2,55000.0,Automatic,first,diesel,1290000,14.070153551531353
Mercedes-Benz,1,15000.0,Automatic,first,diesel,3800000,15.150511887854474
Toyota,7,99000.0,Manual,second,diesel,1875000,14.444119750719839
Honda,13,90000.0,Automatic,second,hybrid/cng,150000,11.918397239722838
Maruti Suzuki,1,120000.0,Automatic,first,hybrid/cng,950000,13.76421831620775
Maruti Suzuki,8,114000.0,Manual,first,petrol,499000,13.120363378739663
Chevrolet,8,120000.0,Manual,second,diesel,245000,12.409017571151187
Maruti Suzuki,7,51000.0,Manual,second,hybrid/cng,490000,13.102162710901053
Mahindra,9,123000.0,Manual,second,diesel,725000,13.493928313146206
Honda,14,94000.0,Automatic,second,petrol,475000,13.07107218827772
Honda,8,69000.0,Manual,second,hybrid/cng,575000,13.26212705890841
Renault,10,96500.0,Manual,second,diesel,270000,12.506180941677357
Mercedes-Benz,4,29000.0,Automatic,second,diesel,4000000,15.201805169084134
Lexus,8,11000.0,Automatic,first,hybrid/cng,6000000,15.607270193858982
Ford,9,68530.0,Manual,second,diesel,325000,12.691583538230217
Kia,2,26793.0,Manual,first,petrol,821000,13.61827960646062
Honda,7,52639.0,Automatic,first,petrol,474000,13.06896471037963
Honda,11,66000.0,Manual,second,hybrid/cng,285000,12.560247968016562
Tata,1,7500.0,Manual,first,diesel,1675000,14.331324320256051
Porsche,4,20000.0,Automatic,first,petrol,15000000,16.52356082573315
BMW,12,50000.0,Automatic,first,diesel,1250000,14.038654909278163
Maruti Suzuki,20,110000.0,Manual,second,petrol,100000,11.51293546492023
Skoda,11,107316.0,Manual,first,diesel,435000,12.983103608918753
Toyota,18,114831.0,Automatic,second,petrol,225000,12.323860125621126
Mahindra,8,80000.0,Manual,second,diesel,450000,13.017005083966255
Hyundai,8,63500.0,Manual,first,hybrid/cng,735000,13.507627138738266
Maruti Suzuki,13,55000.0,Manual,second,petrol,255000,12.449022745701502
Tata,6,98000.0,Manual,first,diesel,525000,13.171155446333852
Ford,6,93000.0,Automatic,first,diesel,1999000,14.508158113732536
BMW,7,156000.0,Automatic,first,diesel,2000000,14.508658238524095
Tata,3,279990.0,Manual,first,petrol,660000,13.399996629152975
Maruti Suzuki,4,19000.0,Automatic,first,petrol,485000,13.091906231773164
Tata,3,25000.0,Automatic,first,petrol,650000,13.384729180332174
Kia,3,43123.0,Automatic,first,petrol,1445000,14.183620571569953
Toyota,9,65000.0,Automatic,second,hybrid/cng,624999,13.345506928718539
Renault,7,55000.0,Automatic,second,hybrid/cng,219000,12.296831574998258
Toyota,16,10000.0,Automatic,second,hybrid/cng,230000,12.345838935721968
Mercedes-Benz,8,57000.0,Automatic,first,diesel,1290000,14.070153551531353
Hyundai,14,84500.0,Manual,second,petrol,180000,12.100717685412471
Maruti Suzuki,8,25.0,Automatic,second,hybrid/cng,280000,12.54254845357358
Toyota,14,80000.0,Manual,second,hybrid/cng,325000,12.691583538230217
Nissan,10,78500.0,Automatic,second,hybrid/cng,470000,13.060490101343552
Maruti Suzuki,8,24000.0,Automatic,first,hybrid/cng,320000,12.676079399771027
Maruti Suzuki,2,23000.0,Manual,first,hybrid/cng,595000,13.296318365198623
Maruti Suzuki,0,5000.0,Manual,first,hybrid/cng,1225000,14.018452218287162
Kia,2,39000.0,Manual,second,diesel,1350000,14.115615891155079
Maruti Suzuki,13,73422.0,Manual,second,hybrid/cng,225000,12.323860125621126
Hyundai,4,172000.0,Manual,second,diesel,545000,13.208542908506082
Maruti Suzuki,7,47000.0,Manual,second,petrol,390000,12.873904582205107
Maruti Suzuki,6,72000.0,Manual,first,diesel,575000,13.26212705890841
Toyota,15,75000.0,Manual,second,hybrid/cng,235000,12.367345048436391
Maruti Suzuki,7,23109.0,Automatic,first,hybrid/cng,425000,12.959846800844963
Maruti Suzuki,8,128069.0,Manual,first,diesel,325000,12.691583538230217
Hyundai,9,47000.0,Manual,first,diesel,649999,13.38472764187182
Hyundai,1,70000.0,Automatic,first,diesel,1800000,14.403297778421795
Renault,8,17000.0,Manual,second,petrol,295000,12.59473402514672
Maruti Suzuki,6,93500.0,Automatic,first,hybrid/cng,550000,13.217675375388819
Honda,14,126000.0,Manual,second,petrol,375000,12.834683971615659
Maruti Suzuki,12,83000.0,Manual,second,petrol,210000,12.25486757159303
Maruti Suzuki,8,47884.0,Manual,first,petrol,450000,13.017005083966255
Land Rover,5,64000.0,Automatic,first,diesel,7900000,15.882373444019521
Kia,3,23000.0,Automatic,first,diesel,2695000,14.80690913338268
Toyota,3,31500.0,Automatic,first,diesel,3699000,15.12357334115789
Maruti Suzuki,3,75000.0,Manual,first,hybrid/cng,499000,13.120363378739663
Maruti Suzuki,5,65000.0,Automatic,second,petrol,585000,13.279368835614243
Hyundai,6,28000.0,Automatic,first,hybrid/cng,650000,13.384729180332174
Maruti Suzuki,9,87419.0,Manual,second,petrol,520000,13.161586013632684
Hyundai,6,65000.0,Manual,first,diesel,445000,13.005831808336863
Volkswagen,9,69000.0,Automatic,second,petrol,525000,13.171155446333852
Maruti Suzuki,15,90000.0,Manual,second,petrol,120000,11.695255355062795
Audi,3,8000.0,Automatic,first,petrol,5900000,15.59046307836746
BMW,1,70000.0,Automatic,first,diesel,6600000,15.702580358511794
Maruti Suzuki,12,35.0,Automatic,second,hybrid/cng,140000,11.849404844423074
Ford,8,69000.0,Manual,first,diesel,499000,13.120363378739663
Maruti Suzuki,7,75000.0,Automatic,first,hybrid/cng,230000,12.345838935721968
Maruti Suzuki,12,75000.0,Manual,second,hybrid/cng,210000,12.25486757159303
Toyota,1,49000.0,Manual,first,hybrid/cng,830000,13.629182184591333
Maruti Suzuki,1,22000.0,Manual,first,petrol,939999,13.753635154246187
Maruti Suzuki,8,85000.0,Manual,first,hybrid/cng,260000,12.468440756144114
Renault,7,102500.0,Automatic,second,diesel,600000,13.304686600863562
Maruti Suzuki,12,112.0,Manual,second,diesel,399000,12.896719202134523
Maruti Suzuki,7,57500.0,Automatic,first,hybrid/cng,565000,13.244582780038517
Maruti Suzuki,6,46000.0,Automatic,first,hybrid/cng,500000,13.122365377402328
Skoda,10,300000.0,Automatic,second,diesel,610000,13.321215875492413
Land Rover,4,54000.0,Automatic,second,petrol,7500000,15.830413711839864
Maruti Suzuki,10,86000.0,Manual,second,hybrid/cng,585000,13.279368835614243
Toyota,7,300000.0,Automatic,second,diesel,2500000,14.731801689838349
Hyundai,7,40000.0,Manual,first,petrol,449000,13.014780393893403
Hyundai,9,70000.0,Automatic,second,petrol,575000,13.26212705890841
Maruti Suzuki,13,103000.0,Manual,second,petrol,295000,12.59473402514672
Hyundai,5,42000.0,Manual,first,hybrid/cng,450000,13.017005083966255
Hyundai,6,57000.0,Automatic,first,petrol,1075000,13.887832149776026
Honda,15,120000.0,Manual,second,petrol,225000,12.323860125621126
Hyundai,2,105000.0,Automatic,first,hybrid/cng,170000,12.04355959836804
Chevrolet,10,60000.0,Automatic,second,diesel,450000,13.017005083966255
Maruti Suzuki,12,150000.0,Automatic,second,hybrid/cng,210000,12.25486757159303
Honda,14,75000.0,Manual,second,hybrid/cng,250000,12.429220196836383
Chevrolet,18,90000.0,Manual,second,petrol,149000,11.91170829631447
Maruti Suzuki,7,57000.0,Manual,first,diesel,650000,13.384729180332174
Hyundai,5,82000.0,Manual,first,hybrid/cng,455000,13.02805489573287
Maruti Suzuki,2,27100.0,Manual,first,hybrid/cng,645000,13.377007146164305
Hyundai,4,75000.0,Automatic,second,diesel,1675000,14.331324320256051
Tata,1,20000.0,Automatic,first,hybrid/cng,655000,13.39239204133378
Hyundai,4,300000.0,Manual,first,petrol,580000,13.270785106659046
Mercedes-Benz,5,9000.0,Automatic,first,petrol,3500000,15.068273812173887
Maruti Suzuki,7,170000.0,Automatic,first,hybrid/cng,275000,12.524530013005734
Hyundai,15,103000.0,Manual,second,hybrid/cng,95000,11.461642696843066
Tata,6,76209.0,Automatic,second,petrol,666000,13.4090464510229
Maruti Suzuki,6,300000.0,Automatic,first,hybrid/cng,749000,13.52649559761195
Volkswagen,5,70450.0,Automatic,first,diesel,2200000,14.603968372873895
Mahindra,2,13000.0,Automatic,first,petrol,2150000,14.580978865220017
Hyundai,2,38000.0,Manual,first,petrol,1175000,13.976779556623864
Audi,9,44000.0,Automatic,first,diesel,1670000,14.328334783195153
Skoda,3,8600.0,Automatic,first,petrol,1700000,14.346139397261565
Hyundai,13,85000.0,Manual,second,petrol,300000,12.611541086966115
BMW,6,70000.0,Automatic,first,diesel,2090000,14.55267510240978
Hyundai,8,300000.0,Automatic,first,diesel,545000,13.208542908506082
Maruti Suzuki,13,112000.0,Automatic,second,hybrid/cng,240000,12.388398368982115
Toyota,9,150000.0,Manual,first,diesel,975000,13.790193775620484
Maruti Suzuki,2,58000.0,Manual,first,hybrid/cng,590000,13.28787951079572
Renault,5,55234.0,Manual,second,hybrid/cng,550000,13.217675375388819
Toyota,10,100000.0,Automatic,first,hybrid/cng,1150000,13.955273369904273
Toyota,8,119830.0,Manual,second,diesel,535000,13.190023895035274
Maruti Suzuki,10,82000.0,Manual,second,hybrid/cng,315000,12.660331092405906
Audi,6,44000.0,Automatic,second,petrol,7500000,15.830413711839864
Maruti Suzuki,4,64000.0,Automatic,first,petrol,785000,13.573440270649085
Audi,10,95000.0,Automatic,first,diesel,840000,13.641158361294979
Mahindra,9,98000.0,Manual,second,diesel,650000,13.384729180332174
Hyundai,5,39000.0,Manual,first,hybrid/cng,540000,13.199326270390594
Maruti Suzuki,6,66000.0,Manual,first,hybrid/cng,380000,12.847929163278053
Toyota,6,120000.0,Automatic,second,diesel,3400000,15.039286283703994
Maruti Suzuki,13,150000.0,Automatic,second,hybrid/cng,140000,11.849404844423074
Hyundai,1,10000.0,Automatic,first,petrol,775000,13.560619598657233
Skoda,3,62000.0,Automatic,second,petrol,2425000,14.70134249472477
Maruti Suzuki,7,76000.0,Automatic,second,petrol,620000,13.3374763699232
Hyundai,2,21000.0,Manual,first,petrol,860000,13.664688831019712
Renault,5,49600.0,Automatic,first,petrol,369000,12.818554633046093
Maruti Suzuki,3,14607.0,Automatic,first,petrol,597000,13.299674067415213
Land Rover,9,75000.0,Automatic,first,diesel,2000000,14.508658238524095
Honda,14,74000.0,Manual,second,petrol,240000,12.388398368982115
Ford,5,61000.0,Manual,first,diesel,475000,13.07107218827772
Maruti Suzuki,5,61000.0,Automatic,second,diesel,845000,13.647093089770562
Maruti Suzuki,3,54900.0,Manual,first,hybrid/cng,549000,13.215855541983634
Honda,5,55000.0,Automatic,first,hybrid/cng,545000,13.208542908506082
Hyundai,9,92000.0,Manual,second,diesel,450000,13.017005083966255
Honda,10,90000.0,Manual,second,diesel,490000,13.102162710901053
Maruti Suzuki,5,53000.0,Automatic,first,petrol,395000,12.886643575525625
Hyundai,5,64000.0,Manual,first,hybrid/cng,550000,13.217675375388819
Honda,12,70000.0,Manual,second,petrol,350000,12.765691290604371
Maruti Suzuki,6,55644.0,Manual,first,hybrid/cng,495000,13.112315061750808
Maruti Suzuki,6,68000.0,Manual,first,hybrid/cng,390000,12.873904582205107
Toyota,11,113000.0,Automatic,second,diesel,950000,13.76421831620775
Maruti Suzuki,11,300000.0,Manual,second,hybrid/cng,525500,13.172107372246904
Maruti Suzuki,7,57000.0,Manual,first,hybrid/cng,385000,12.861001210669146
Maruti Suzuki,19,120000.0,Manual,second,hybrid/cng,150000,11.918397239722838
Maruti Suzuki,2,55000.0,Automatic,first,hybrid/cng,690000,13.444448325847754
Toyota,10,75000.0,Automatic,second,diesel,1200000,13.997832948091215
Mercedes-Benz,9,45000.0,Automatic,second,diesel,4100000,15.226497775576945
Toyota,13,165000.0,Manual,second,diesel,975000,13.790193775620484
Maruti Suzuki,12,129698.0,Manual,second,hybrid/cng,130000,11.775297421715827
Maruti Suzuki,11,59000.0,Manual,second,petrol,219999,12.301382825334498
Maruti Suzuki,9,15000.0,Automatic,second,petrol,360000,12.793862088206213
Honda,9,78000.0,Manual,second,hybrid/cng,459000,13.036807667689546
Maruti Suzuki,6,57125.0,Manual,first,hybrid/cng,800000,13.592368256649284
Ford,7,79840.0,Manual,first,diesel,515000,13.151924121391561
Hyundai,11,300000.0,Automatic,first,petrol,335000,12.721888795877375
Tata,0,4700.0,Automatic,first,hybrid/cng,945000,13.758941264676379
Honda,17,130000.0,Automatic,second,hybrid/cng,198000,12.19602736016897
Maruti Suzuki,7,85000.0,Automatic,first,petrol,455000,13.02805489573287
Maruti Suzuki,10,115000.0,Manual,second,petrol,180000,12.100717685412471
Toyota,4,72000.0,Automatic,first,diesel,2175000,14.59253968227493
Maruti Suzuki,3,73086.0,Manual,first,petrol,630000,13.353476685668044
Honda,9,40000.0,Manual,second,diesel,481000,13.083624628087817
Tata,2,19300.0,Manual,first,hybrid/cng,684000,13.435714658591923
Maruti Suzuki,14,77200.0,Manual,second,hybrid/cng,139000,11.842236406331555
Hyundai,12,74000.0,Manual,second,hybrid/cng,170000,12.04355959836804
Ford,8,68000.0,Manual,first,diesel,499000,13.120363378739663
Hyundai,14,60000.0,Automatic,second,petrol,275000,12.524530013005734
Renault,4,52000.0,Automatic,first,hybrid/cng,350000,12.765691290604371
Hyundai,2,14000.0,Manual,second,hybrid/cng,625000,13.345508528717259
Ford,11,108000.0,Manual,second,diesel,190000,12.154784614286667
Hyundai,14,25.0,Automatic,first,hybrid/cng,80000,11.289794413577894
Toyota,2,29000.0,Automatic,first,hybrid/cng,1750000,14.375126917328105
Maruti Suzuki,14,74000.0,Manual,second,petrol,330000,12.706850963741102
Maruti Suzuki,7,82000.0,Automatic,second,hybrid/cng,385000,12.861001210669146
Maruti Suzuki,8,45000.0,Automatic,first,petrol,299000,12.608202196848836
Hyundai,3,36046.0,Automatic,first,petrol,1463000,14.196000363529027
Maruti Suzuki,15,225000.0,Manual,second,petrol,210000,12.25486757159303
Honda,5,44199.0,Automatic,first,petrol,635000,13.361381852676738
Mercedes-Benz,7,43000.0,Automatic,first,diesel,2650000,14.790070575320824
Maruti Suzuki,5,64504.0,Manual,first,hybrid/cng,520000,13.161586013632684
Maruti Suzuki,0,29000.0,Manual,first,hybrid/cng,1199999,13.997832114758229
Hyundai,3,18000.0,Automatic,first,hybrid/cng,700000,13.45883704259595
Maruti Suzuki,6,32000.0,Manual,first,petrol,685000,13.437175577097312
Maruti Suzuki,4,45000.0,Manual,first,petrol,950000,13.76421831620775
Maruti Suzuki,10,89000.0,Manual,second,hybrid/cng,325000,12.691583538230217
Honda,14,58000.0,Automatic,second,hybrid/cng,350000,12.765691290604371
Maruti Suzuki,14,85000.0,Manual,second,hybrid/cng,148000,11.904974309480183
Hyundai,5,53000.0,Manual,first,hybrid/cng,490000,13.102162710901053
Land Rover,5,87000.0,Automatic,second,diesel,2700000,14.80876270134486
Maruti Suzuki,9,88000.0,Manual,second,diesel,340000,12.73670383776449
Renault,5,46231.0,Manual,second,diesel,650000,13.384729180332174
Maruti Suzuki,5,53000.0,Automatic,first,petrol,490000,13.102162710901053
Mercedes-Benz,2,14000.0,Automatic,second,petrol,11500000,16.257857680289998
Mercedes-Benz,7,272300.0,Automatic,second,diesel,3325000,15.016980532823926
Hyundai,10,92000.0,Manual,second,petrol,320000,12.676079399771027
Chevrolet,14,70000.0,Automatic,second,diesel,303000,12.621491384816093
Maruti Suzuki,7,63000.0,Manual,first,hybrid/cng,345000,12.75130259456002
Toyota,5,55000.0,Automatic,first,diesel,2140000,14.576316854287645
Hyundai,11,75000.0,Automatic,second,hybrid/cng,399000,12.896719202134523
Mahindra,10,91000.0,Manual,second,diesel,585000,13.279368835614243
Skoda,8,88888.0,Automatic,second,petrol,355000,12.779875885354993
Hyundai,13,130000.0,Automatic,first,hybrid/cng,130000,11.775297421715827
Ford,5,93585.0,Automatic,first,hybrid/cng,599999,13.304684934198283
Maruti Suzuki,6,51000.0,Manual,first,hybrid/cng,395000,12.886643575525625
Maruti Suzuki,9,47858.0,Automatic,first,hybrid/cng,335000,12.721888795877375
Hyundai,6,70000.0,Manual,first,hybrid/cng,525000,13.171155446333852
Volkswagen,11,61000.0,Manual,second,diesel,290000,12.577639650232573
Volkswagen,14,65000.0,Manual,second,hybrid/cng,199999,12.206072645530174
Maruti Suzuki,10,100000.0,Automatic,first,hybrid/cng,180000,12.100717685412471
Maruti Suzuki,6,60000.0,Manual,second,hybrid/cng,245000,12.409017571151187
Chevrolet,9,65000.0,Automatic,second,diesel,485000,13.091906231773164
Maruti Suzuki,8,115000.0,Automatic,first,diesel,551000,13.219491903015438
Ford,13,96000.0,Automatic,second,diesel,351000,12.768544351446794
BMW,8,97000.0,Automatic,first,diesel,1600000,14.285514812209815
Honda,9,46000.0,Automatic,second,petrol,349000,12.762830066509972
Tata,6,43000.0,Automatic,first,hybrid/cng,535000,13.190023895035274
Chevrolet,13,97000.0,Automatic,second,diesel,410000,12.923914877701906
Maruti Suzuki,8,61000.0,Manual,second,petrol,230000,12.345838935721968
Honda,8,38000.0,Manual,first,diesel,775000,13.560619598657233
Maruti Suzuki,11,76000.0,Manual,second,petrol,284000,12.556733038263905
Hyundai,8,94000.0,Automatic,second,diesel,745000,13.521140839642674
Volkswagen,7,300000.0,Manual,second,diesel,740000,13.51440681653079
Tata,14,9167.0,Manual,first,petrol,55000,10.915106645867503
Maruti Suzuki,12,78000.0,Manual,second,hybrid/cng,195000,12.180759965737863
BMW,9,20000.0,Automatic,first,diesel,3700000,15.123843647884687
Ford,8,88500.0,Automatic,second,diesel,1585000,14.276095596208146
Honda,7,59700.0,Automatic,second,hybrid/cng,568000,13.249878458265119
Maruti Suzuki,9,62000.0,Automatic,second,hybrid/cng,120000,11.695255355062795
Ford,5,300000.0,Automatic,first,hybrid/cng,849000,13.651815643149092
Honda,12,86000.0,Automatic,second,petrol,390000,12.873904582205107
Hyundai,12,29000.0,Manual,second,petrol,199999,12.206072645530174
Honda,5,19000.0,Automatic,first,petrol,695000,13.451668563394815
Toyota,0,3600.0,Automatic,first,hybrid/cng,2200000,14.603968372873895
Hyundai,9,104000.0,Automatic,second,hybrid/cng,245000,12.409017571151187
Skoda,11,69000.0,Manual,first,diesel,349999,12.765688433465597
Maruti Suzuki,12,58500.0,Manual,second,hybrid/cng,250000,12.429220196836383
Maruti Suzuki,13,59000.0,Manual,second,hybrid/cng,246000,12.413090879946887
Maruti Suzuki,13,85000.0,Automatic,second,hybrid/cng,155000,11.951186847493476
Maruti Suzuki,8,59000.0,Manual,second,diesel,820000,13.617060838751888
Maruti Suzuki,0,19000.0,Manual,first,petrol,728000,13.498057700804253
Toyota,9,177000.0,Manual,first,diesel,575000,13.26212705890841
Honda,9,58000.0,Automatic,second,hybrid/cng,510000,13.1421679654829
Maruti Suzuki,7,60000.0,Manual,second,hybrid/cng,295000,12.59473402514672
Skoda,1,15000.0,Automatic,first,petrol,4200000,15.250595321348806
MG,1,42500.0,Automatic,first,petrol,1850000,14.430696737594902
Maruti Suzuki,5,82453.0,Automatic,second,hybrid/cng,360000,12.793862088206213
Maruti Suzuki,5,251174.0,Automatic,first,diesel,100000,11.51293546492023
Hyundai,11,42900.0,Automatic,first,hybrid/cng,385000,12.861001210669146
Maruti Suzuki,5,19000.0,Manual,first,petrol,525000,13.171155446333852
Renault,3,18000.0,Automatic,second,petrol,550000,13.217675375388819
Hyundai,6,79100.0,Manual,second,hybrid/cng,535000,13.190023895035274
Ambassador,21,1.0,Manual,second,petrol,155000,11.951186847493476
Toyota,16,140000.0,Manual,second,hybrid/cng,225000,12.323860125621126
Maruti Suzuki,2,30000.0,Manual,first,petrol,950000,13.76421831620775
Maruti Suzuki,6,80000.0,Automatic,first,petrol,499999,13.122363377404328
Maruti Suzuki,9,55000.0,Automatic,second,hybrid/cng,400000,12.899222326086994
Honda,8,71000.0,Automatic,second,petrol,549999,13.217673557208654
Maruti Suzuki,2,80000.0,Manual,first,hybrid/cng,499999,13.122363377404328
Ford,9,63500.0,Manual,first,petrol,244999,12.409013489526863
MG,5,45000.0,Automatic,second,petrol,1290000,14.070153551531353
Maruti Suzuki,2,24000.0,Manual,first,hybrid/cng,639000,13.367661298303675
Maruti Suzuki,2,8000.0,Automatic,second,petrol,669000,13.41354083387756
Hyundai,13,85000.0,Automatic,second,hybrid/cng,150000,11.918397239722838
Hyundai,19,50000.0,Manual,second,petrol,68000,11.127277689932466
Maruti Suzuki,7,62000.0,Automatic,first,petrol,535000,13.190023895035274
Skoda,2,14000.0,Automatic,first,petrol,1680000,14.33430494661736
Maruti Suzuki,8,72500.0,Automatic,first,hybrid/cng,270000,12.506180941677357
Hyundai,13,20198.0,Manual,first,petrol,175000,12.07254696717504
Maruti Suzuki,1,17000.0,Manual,first,petrol,1495000,14.217637433703022
Ford,8,44000.0,Automatic,second,petrol,450000,13.017005083966255
Maruti Suzuki,12,70000.0,Manual,second,diesel,345000,12.75130259456002
Toyota,10,225000.0,Manual,second,diesel,550000,13.217675375388819
Mahindra,25,78000.0,Manual,second,diesel,80000,11.289794413577894
Maruti Suzuki,6,40200.0,Manual,second,petrol,550000,13.217675375388819
Honda,16,50000.0,Automatic,first,hybrid/cng,40000,10.596659732783579
Volkswagen,7,77948.0,Manual,second,diesel,549999,13.217673557208654
Honda,3,62000.0,Automatic,first,petrol,1050000,13.864301674514206
Renault,7,24000.0,Automatic,second,hybrid/cng,230000,12.345838935721968
Maruti Suzuki,6,102200.0,Manual,first,hybrid/cng,320000,12.676079399771027
Hyundai,5,100000.0,Manual,first,diesel,865000,13.670485941982712
Maruti Suzuki,14,118979.0,Manual,first,diesel,200000,12.206077645517674
Tata,1,10000.0,Automatic,first,diesel,2700000,14.80876270134486
Mercedes-Benz,11,130000.0,Automatic,second,diesel,1890000,14.452087916136215
Honda,9,56000.0,Automatic,first,hybrid/cng,365000,12.807655372286902
Mahindra,9,115217.0,Manual,first,diesel,775000,13.560619598657233
Hyundai,5,42000.0,Automatic,first,petrol,1635000,14.3071539739341
Maruti Suzuki,10,50000.0,Automatic,second,petrol,350000,12.765691290604371
Honda,14,72000.0,Manual,second,petrol,298000,12.604852121186608
Maruti Suzuki,0,12000.0,Manual,first,hybrid/cng,1450000,14.187074804051692
Hyundai,7,70000.0,Manual,first,diesel,510000,13.1421679654829
Jeep,7,45000.0,Manual,first,diesel,1250000,14.038654909278163
Mahindra,11,180000.0,Automatic,second,diesel,350000,12.765691290604371
Maruti Suzuki,12,82000.0,Manual,second,hybrid/cng,289000,12.574185427296195
Maruti Suzuki,0,14000.0,Manual,first,hybrid/cng,1175000,13.976779556623864
Maruti Suzuki,6,65000.0,Automatic,second,hybrid/cng,525000,13.171155446333852
Maruti Suzuki,6,85000.0,Manual,first,hybrid/cng,325000,12.691583538230217
Mahindra,6,46000.0,Manual,second,diesel,870000,13.676249640055394
Maruti Suzuki,14,45000.0,Manual,second,hybrid/cng,250000,12.429220196836383
Toyota,1,300000.0,Automatic,first,hybrid/cng,3850000,15.163583966004193
Maruti Suzuki,9,100000.0,Manual,second,hybrid/cng,625000,13.345508528717259
Maruti Suzuki,9,63000.0,Manual,first,diesel,435000,12.983103608918753
Maruti Suzuki,8,138922.0,Manual,second,hybrid/cng,285000,12.560247968016562
Maruti Suzuki,11,57500.0,Manual,first,petrol,570000,13.25339339419516
Mahindra,10,85000.0,Automatic,second,diesel,550000,13.217675375388819
Ford,7,24000.0,Automatic,first,petrol,8200000,15.919644834185693
Maruti Suzuki,2,80000.0,Manual,first,petrol,250000,12.429220196836383
Maruti Suzuki,8,300000.0,Automatic,second,petrol,460000,13.038983942375959
Honda,5,51000.0,Manual,first,petrol,575000,13.26212705890841
Honda,12,60000.0,Manual,second,petrol,280000,12.54254845357358
Volkswagen,8,300000.0,Manual,first,hybrid/cng,425000,12.959846800844963
Maruti Suzuki,12,78000.0,Manual,second,hybrid/cng,365000,12.807655372286902
Ford,6,300000.0,Automatic,first,diesel,2650000,14.790070575320824
Maruti Suzuki,10,57862.0,Manual,second,petrol,288000,12.570719231334277
Hyundai,9,89000.0,Manual,second,petrol,260000,12.468440756144114
Maruti Suzuki,3,63946.0,Automatic,first,petrol,615000,13.329379172803593
Maruti Suzuki,3,64852.0,Automatic,first,hybrid/cng,650000,13.384729180332174
Audi,10,66000.0,Automatic,first,diesel,890000,13.698977865303197
Maruti Suzuki,7,98656.0,Manual,second,hybrid/cng,355000,12.779875885354993
Hyundai,1,15000.0,Automatic,first,petrol,1750000,14.375126917328105
Audi,0,6912.0,Automatic,first,hybrid/cng,8000000,15.894952224644102
Maruti Suzuki,8,62125.0,Manual,second,hybrid/cng,320000,12.676079399771027
Mercedes-Benz,9,73000.0,Automatic,second,diesel,1975000,14.496079462646344
Maruti Suzuki,6,72000.0,Automatic,first,hybrid/cng,645000,13.377007146164305
Maruti Suzuki,8,125000.0,Manual,first,petrol,414000,12.933623668263472
Hyundai,7,77971.0,Manual,first,diesel,765000,13.547632419997361
Honda,12,60000.0,Automatic,first,hybrid/cng,490000,13.102162710901053
Nissan,6,300000.0,Manual,first,petrol,450000,13.017005083966255
Maruti Suzuki,19,5000.0,Automatic,second,petrol,40000,10.596659732783579
Honda,10,65000.0,Automatic,first,petrol,400000,12.899222326086994
Maruti Suzuki,7,55000.0,Manual,second,diesel,420000,12.948012371209098
Audi,13,78000.0,Automatic,second,diesel,790000,13.579789490265188
Volkswagen,5,76832.0,Automatic,second,petrol,945000,13.758941264676379
Hyundai,3,28987.0,Automatic,first,diesel,1700000,14.346139397261565
Hyundai,7,55000.0,Automatic,second,petrol,870000,13.676249640055394
Toyota,10,100080.0,Manual,second,diesel,410000,12.923914877701906
Hyundai,7,64000.0,Manual,first,hybrid/cng,375000,12.834683971615659
Toyota,8,142000.0,Automatic,second,diesel,1385000,14.141211419624977
Hyundai,6,80000.0,Automatic,second,petrol,110000,11.608244735642321
Maruti Suzuki,7,79000.0,Manual,second,hybrid/cng,305000,12.628070334272698
Mahindra,2,14555.0,Automatic,first,diesel,1095000,13.90626583447433
Maruti Suzuki,12,98000.0,Manual,first,hybrid/cng,450000,13.017005083966255
Hyundai,9,42500.0,Automatic,second,petrol,625000,13.345508528717259
Maruti Suzuki,14,60000.0,Automatic,first,petrol,175000,12.07254696717504
Maruti Suzuki,7,300000.0,Automatic,first,petrol,495000,13.112315061750808
Maruti Suzuki,0,35.0,Manual,first,hybrid/cng,1180000,13.981025843899115
Maruti Suzuki,6,85000.0,Manual,second,petrol,380000,12.847929163278053
Hyundai,8,300000.0,Manual,second,hybrid/cng,465000,13.049794835104816
Maruti Suzuki,1,58094.0,Automatic,first,hybrid/cng,350000,12.765691290604371
Maruti Suzuki,3,110085.0,Automatic,second,hybrid/cng,1000000,13.815511557963774
Honda,13,78000.0,Manual,second,petrol,210000,12.25486757159303
Mercedes-Benz,12,49000.0,Automatic,second,diesel,990000,13.805461232211272
Honda,10,99939.0,Manual,second,petrol,340000,12.73670383776449
Maruti Suzuki,8,300000.0,Manual,second,hybrid/cng,625000,13.345508528717259
Maruti Suzuki,11,35000.0,Manual,second,hybrid/cng,190000,12.154784614286667
Maruti Suzuki,14,45078.0,Manual,first,petrol,135000,11.813037464800539
Tata,8,36000.0,Manual,first,petrol,180000,12.100717685412471
MG,4,48000.0,Automatic,first,petrol,1430000,14.173185701536545
Maruti Suzuki,8,300000.0,Automatic,second,petrol,565000,13.244582780038517
Hyundai,12,98000.0,Manual,second,hybrid/cng,145000,11.884495917930655
Hyundai,4,46462.0,Manual,first,petrol,709000,13.471612215950506
Nissan,12,62538.0,Manual,second,hybrid/cng,149999,11.918390573078392
Hyundai,7,15000.0,Automatic,first,petrol,1895000,14.45472992420301
Maruti Suzuki,5,164681.0,Automatic,second,hybrid/cng,1050000,13.864301674514206
Maruti Suzuki,4,87000.0,Manual,second,hybrid/cng,600000,13.304686600863562
Maruti Suzuki,5,84000.0,Manual,second,hybrid/cng,445000,13.005831808336863
Tata,10,164278.0,Manual,second,diesel,110000,11.608244735642321
Maruti Suzuki,7,65000.0,Manual,second,hybrid/cng,725000,13.493928313146206
Mercedes-Benz,6,39507.0,Automatic,first,petrol,1925000,14.470437045184406
Maruti Suzuki,10,165000.0,Manual,second,hybrid/cng,280000,12.54254845357358
Jeep,3,300000.0,Automatic,first,diesel,2199000,14.603513724288955
Honda,8,55000.0,Automatic,second,hybrid/cng,575000,13.26212705890841
Maruti Suzuki,8,61620.0,Manual,first,diesel,465000,13.049794835104816
Volkswagen,11,44000.0,Automatic,first,petrol,375000,12.834683971615659
Maruti Suzuki,0,58000.0,Automatic,first,hybrid/cng,380000,12.847929163278053
Renault,3,280000.0,Manual,second,petrol,375000,12.834683971615659
Maruti Suzuki,6,94000.0,Automatic,first,hybrid/cng,290000,12.577639650232573
Toyota,4,84450.0,Manual,second,petrol,622000,13.340696979437066
Hyundai,13,148000.0,Automatic,second,petrol,290000,12.577639650232573
Maruti Suzuki,7,90000.0,Automatic,second,hybrid/cng,195000,12.180759965737863
Honda,9,20000.0,Manual,first,petrol,475000,13.07107218827772
BMW,5,48000.0,Automatic,second,diesel,3750000,15.137266664613225
Lexus,6,280000.0,Automatic,first,petrol,5650000,15.547166280113759
Hyundai,10,70900.0,Manual,first,hybrid/cng,525000,13.171155446333852
Volkswagen,7,53000.0,Automatic,second,petrol,489000,13.100119813444692
Honda,12,78000.0,Automatic,second,hybrid/cng,285000,12.560247968016562
Skoda,8,50000.0,Automatic,first,petrol,500000,13.122365377402328
Maruti Suzuki,3,48000.0,Manual,second,hybrid/cng,565000,13.244582780038517
Mahindra,3,22000.0,Automatic,first,petrol,1375000,14.13396501635527
Maruti Suzuki,9,59200.0,Manual,second,petrol,425000,12.959846800844963
BMW,2,110000.0,Automatic,first,diesel,7800000,15.86963441986494
Mahindra,9,91000.0,Manual,second,diesel,380000,12.847929163278053
Ford,4,51000.0,Automatic,first,petrol,875000,13.681980308196241
Maruti Suzuki,12,75000.0,Manual,first,hybrid/cng,260000,12.468440756144114
Hyundai,11,60000.0,Manual,second,petrol,350000,12.765691290604371
Nissan,15,53000.0,Automatic,first,hybrid/cng,175000,12.07254696717504
Renault,6,50743.0,Manual,first,petrol,316000,12.663500657121004
Audi,8,55500.0,Automatic,second,diesel,2250000,14.626441218624949
Maruti Suzuki,14,89000.0,Manual,second,petrol,149000,11.91170829631447
Toyota,7,90000.0,Automatic,first,petrol,1325000,14.096923772119156
Hyundai,6,52000.0,Manual,first,hybrid/cng,511000,13.144126826131089
Volkswagen,10,60000.0,Manual,second,diesel,333000,12.715900771961074
Tata,3,40000.0,Manual,second,diesel,1080000,13.8924725250259
Maruti Suzuki,16,87913.0,Manual,second,petrol,95000,11.461642696843066
Maruti Suzuki,12,78850.0,Automatic,second,hybrid/cng,265000,12.487488878546145
Maruti Suzuki,4,80000.0,Manual,first,hybrid/cng,979999,13.795307850646754
Maruti Suzuki,5,60000.0,Automatic,first,hybrid/cng,270000,12.506180941677357
Toyota,9,132000.0,Manual,second,diesel,860000,13.664688831019712
Toyota,8,72000.0,Automatic,second,hybrid/cng,2150000,14.580978865220017
Maruti Suzuki,10,95000.0,Automatic,second,petrol,380000,12.847929163278053
Maruti Suzuki,7,94000.0,Manual,second,hybrid/cng,590000,13.28787951079572
BMW,6,98500.0,Automatic,second,diesel,2400000,14.690979711984754
Toyota,10,120000.0,Automatic,second,hybrid/cng,400000,12.899222326086994
Ford,4,41000.0,Manual,second,petrol,450000,13.017005083966255
Renault,10,176000.0,Manual,second,diesel,465000,13.049794835104816
BMW,6,300000.0,Automatic,first,diesel,4700000,15.363073279446223
Mahindra,12,88500.0,Manual,second,diesel,485000,13.091906231773164
Mitsubishi,9,87000.0,Automatic,second,diesel,890000,13.698977865303197
Maruti Suzuki,8,129000.0,Manual,first,diesel,625000,13.345508528717259
Maruti Suzuki,13,45000.0,Manual,first,diesel,211000,12.259618151783465
Ford,6,33650.0,Automatic,first,hybrid/cng,690000,13.444448325847754
Maruti Suzuki,14,75198.0,Manual,first,petrol,180000,12.100717685412471
Maruti Suzuki,4,18100.0,Manual,first,petrol,650000,13.384729180332174
Hyundai,2,41000.0,Automatic,first,diesel,1575000,14.269766465162304
Mahindra,9,74749.0,Manual,first,diesel,661000,13.401510631691982
Maruti Suzuki,13,79000.0,Manual,first,hybrid/cng,270000,12.506180941677357
Mahindra,9,55000.0,Manual,second,diesel,749000,13.52649559761195
Volkswagen,11,69000.0,Manual,second,diesel,395000,12.886643575525625
Hyundai,8,62000.0,Automatic,second,hybrid/cng,425000,12.959846800844963
Honda,6,83568.0,Manual,second,diesel,850000,13.652992804936396
Maruti Suzuki,5,60000.0,Automatic,first,hybrid/cng,540000,13.199326270390594
BMW,10,107000.0,Automatic,second,diesel,2800000,14.845130332288226
Maruti Suzuki,6,72000.0,Manual,first,hybrid/cng,510000,13.1421679654829
Maruti Suzuki,15,56000.0,Manual,second,petrol,255000,12.449022745701502
Hyundai,14,35000.0,Manual,first,petrol,214999,12.2783933071098
Honda,9,33500.0,Manual,first,hybrid/cng,475000,13.07107218827772
Maruti Suzuki,5,37000.0,Automatic,second,petrol,750000,13.527829818844937
Maruti Suzuki,8,70000.0,Manual,first,petrol,575000,13.26212705890841
Skoda,13,65000.0,Automatic,first,diesel,515000,13.151924121391561
Maruti Suzuki,6,53000.0,Automatic,second,hybrid/cng,525000,13.171155446333852
Maruti Suzuki,9,72000.0,Manual,first,hybrid/cng,265000,12.487488878546145
Maruti Suzuki,7,76443.0,Manual,first,petrol,310000,12.644330802262578
Maruti Suzuki,6,95000.0,Automatic,second,hybrid/cng,385000,12.861001210669146
Toyota,3,30000.0,Automatic,second,petrol,900000,13.710151153416941
Maruti Suzuki,6,50450.0,Manual,first,hybrid/cng,368000,12.81584093453868
Honda,7,70000.0,Automatic,second,petrol,640000,13.369225017834633
Maruti Suzuki,9,111000.0,Manual,second,hybrid/cng,300000,12.611541086966115
Honda,4,300000.0,Automatic,first,petrol,845000,13.647093089770562
Hyundai,5,56000.0,Automatic,first,hybrid/cng,611000,13.322853874813605
Kia,1,39000.0,Manual,first,petrol,865000,13.670485941982712
Hyundai,5,43000.0,Manual,second,hybrid/cng,485000,13.091906231773164
Volkswagen,10,71000.0,Manual,first,hybrid/cng,329000,12.703816069256568
Kia,2,220000.0,Automatic,first,petrol,1550000,14.253766134056512
Hyundai,4,50000.0,Manual,first,hybrid/cng,550000,13.217675375388819
Toyota,5,68000.0,Automatic,first,diesel,2650000,14.790070575320824
Honda,8,93000.0,Automatic,second,hybrid/cng,615000,13.329379172803593
Hyundai,9,58000.0,Manual,second,hybrid/cng,315000,12.660331092405906
Skoda,9,110000.0,Automatic,second,diesel,550000,13.217675375388819
Renault,2,25000.0,Manual,first,hybrid/cng,600000,13.304686600863562
Hyundai,5,98000.0,Automatic,first,diesel,850000,13.652992804936396
Audi,12,80000.0,Automatic,first,diesel,1150000,13.955273369904273
Mahindra,6,100214.0,Automatic,second,diesel,1183000,13.983564988268704
Maruti Suzuki,4,41000.0,Automatic,second,hybrid/cng,491000,13.104201443434462
Honda,14,85000.0,Automatic,second,hybrid/cng,190000,12.154784614286667
Land Rover,1,170000.0,Automatic,first,petrol,8990000,16.0116235176825
Maruti Suzuki,9,85000.0,Manual,second,petrol,180000,12.100717685412471
Maruti Suzuki,5,22600.0,Manual,second,hybrid/cng,975000,13.790193775620484
Hyundai,1,27000.0,Manual,first,petrol,1425000,14.169683073439028
Honda,10,61472.0,Manual,second,petrol,249000,12.425212191503038
Tata,4,26000.0,Manual,second,petrol,445000,13.005831808336863
Renault,7,300000.0,Manual,first,petrol,295000,12.59473402514672
Mercedes-Benz,8,130000.0,Automatic,first,diesel,2550000,14.751604309291395
Maruti Suzuki,2,23000.0,Manual,first,petrol,675000,13.42246945133505
Skoda,6,280000.0,Automatic,second,diesel,3000000,14.914123179965662
BMW,11,54000.0,Automatic,first,diesel,1295000,14.07402202531625
Honda,8,63000.0,Manual,second,diesel,515000,13.151924121391561
Volkswagen,6,85000.0,Manual,first,diesel,475000,13.07107218827772
Hyundai,2,34165.0,Manual,first,hybrid/cng,775000,13.560619598657233
Maruti Suzuki,10,18.0,Automatic,second,hybrid/cng,230000,12.345838935721968
Hyundai,12,65000.0,Manual,second,hybrid/cng,275000,12.524530013005734
Maruti Suzuki,8,51000.0,Manual,second,hybrid/cng,395000,12.886643575525625
Honda,5,49000.0,Automatic,first,petrol,800000,13.592368256649284
Maruti Suzuki,6,75200.0,Manual,second,hybrid/cng,599000,13.303018546545275
Ford,3,82000.0,Manual,first,diesel,3475000,15.061105324750772
Honda,13,80000.0,Automatic,second,hybrid/cng,220000,12.301387370778713
Maruti Suzuki,8,81200.0,Manual,first,hybrid/cng,649999,13.38472764187182
Maruti Suzuki,14,72000.0,Manual,first,hybrid/cng,85000,11.350418300109132
Maruti Suzuki,18,45000.0,Manual,second,petrol,80000,11.289794413577894
Mahindra,1,24000.0,Automatic,first,diesel,2451000,14.712007070506903
Maruti Suzuki,17,100000.0,Manual,second,petrol,180000,12.100717685412471
Hyundai,9,48000.0,Manual,second,diesel,110000,11.608244735642321
Maruti Suzuki,0,36.0,Automatic,first,hybrid/cng,187000,12.138869243416009
Honda,8,54000.0,Manual,first,diesel,295000,12.59473402514672
Maruti Suzuki,9,135000.0,Automatic,first,hybrid/cng,215000,12.278397958261774
Honda,14,83000.0,Manual,first,hybrid/cng,280000,12.54254845357358
Maruti Suzuki,2,40000.0,Automatic,second,petrol,1220000,14.014362236381235
Renault,7,57990.0,Automatic,first,diesel,551100,13.219673374422394
Hyundai,7,82500.0,Automatic,first,diesel,1100000,13.910821646859095
Honda,5,35274.0,Automatic,second,petrol,1149999,13.955272500339433
Honda,9,58000.0,Automatic,first,petrol,515000,13.151924121391561
Maruti Suzuki,11,110000.0,Manual,second,diesel,699999,13.458835614025542
Nissan,5,70000.0,Manual,first,diesel,695000,13.451668563394815
Volkswagen,9,107000.0,Automatic,second,petrol,499999,13.122363377404328
Tata,8,24000.0,Automatic,second,petrol,186000,12.133507329024972
Kia,4,48000.0,Automatic,first,diesel,2699999,14.808762330974558
Nissan,14,98500.0,Manual,second,hybrid/cng,148000,11.904974309480183
Toyota,10,126500.0,Manual,second,diesel,795000,13.586098651497313
Hyundai,5,51000.0,Manual,second,hybrid/cng,399999,12.89921982609012
Maruti Suzuki,9,82000.0,Automatic,second,hybrid/cng,240000,12.388398368982115
Maruti Suzuki,14,23.0,Automatic,second,petrol,95000,11.461642696843066
Mahindra,3,3000.0,Manual,first,diesel,1075000,13.887832149776026
Honda,8,210000.0,Manual,first,petrol,540000,13.199326270390594
Maruti Suzuki,9,70000.0,Manual,second,diesel,539999,13.199324418540456
Maruti Suzuki,8,62000.0,Automatic,first,hybrid/cng,250000,12.429220196836383
Maruti Suzuki,3,64000.0,Manual,first,hybrid/cng,899000,13.70903942580019
Maruti Suzuki,7,32.0,Automatic,second,hybrid/cng,375000,12.834683971615659
Maruti Suzuki,9,44000.0,Manual,first,hybrid/cng,290000,12.577639650232573
Maruti Suzuki,9,72000.0,Manual,second,hybrid/cng,695000,13.451668563394815
Maruti Suzuki,3,63000.0,Manual,first,hybrid/cng,575000,13.26212705890841
Maruti Suzuki,1,8700.0,Automatic,first,petrol,1285999,14.067047183779701
Maruti Suzuki,18,25000.0,Manual,second,petrol,80000,11.289794413577894
Hyundai,14,71000.0,Manual,second,hybrid/cng,225000,12.323860125621126
Maruti Suzuki,6,51000.0,Automatic,second,petrol,650000,13.384729180332174
Maruti Suzuki,2,9054.0,Manual,second,petrol,635000,13.361381852676738
Renault,11,65000.0,Manual,second,diesel,325000,12.691583538230217
Ford,9,134000.0,Manual,second,diesel,232000,12.354496960983985
Hyundai,4,87500.0,Manual,first,diesel,1120000,13.928840136128022
Maruti Suzuki,2,32000.0,Manual,first,hybrid/cng,1099000,13.909912143303451
Maruti Suzuki,3,80000.0,Manual,first,hybrid/cng,510000,13.1421679654829
Maruti Suzuki,8,100000.0,Automatic,second,hybrid/cng,350000,12.765691290604371
Nissan,8,92000.0,Manual,first,diesel,450000,13.017005083966255
Maruti Suzuki,18,100000.0,Automatic,second,hybrid/cng,95000,11.461642696843066
Jeep,3,160000.0,Automatic,first,diesel,2970000,14.904072847479162
Toyota,7,133000.0,Automatic,second,diesel,1465000,14.19736648302693
Honda,5,55000.0,Automatic,first,petrol,899000,13.70903942580019
Honda,8,47179.0,Manual,second,petrol,365000,12.807655372286902
Hyundai,19,120000.0,Manual,second,petrol,120000,11.695255355062795
Mahindra,8,150000.0,Manual,second,diesel,710000,13.47302165746721
Maruti Suzuki,6,22595.0,Manual,first,petrol,298000,12.604852121186608
Mercedes-Benz,9,82000.0,Automatic,second,diesel,3350000,15.024471202308668
Hyundai,11,63000.0,Manual,second,hybrid/cng,425000,12.959846800844963
Mahindra,3,14000.0,Automatic,first,diesel,1620000,14.297937324492327
Volkswagen,7,84000.0,Automatic,second,diesel,675000,13.42246945133505
Maruti Suzuki,2,58000.0,Manual,first,hybrid/cng,1070000,13.883170141017091
Maruti Suzuki,17,70000.0,Automatic,second,petrol,99999,11.512925464970229
Toyota,8,50000.0,Manual,first,hybrid/cng,350000,12.765691290604371
Audi,12,87000.0,Automatic,second,diesel,975000,13.790193775620484
Tata,6,300000.0,Manual,first,petrol,450000,13.017005083966255
Hyundai,2,44000.0,Manual,first,petrol,670000,13.415034483903348
Maruti Suzuki,3,300000.0,Manual,first,hybrid/cng,1000000,13.815511557963774
Mahindra,14,66000.0,Manual,second,diesel,270000,12.506180941677357
Ford,10,90000.0,Manual,second,diesel,365000,12.807655372286902
Honda,1,11293.0,Automatic,first,petrol,1600000,14.285514812209815
Ford,7,143063.0,Manual,first,diesel,609999,13.321214236149494
Honda,7,69000.0,Automatic,second,petrol,649999,13.38472764187182
Maruti Suzuki,4,52000.0,Manual,first,hybrid/cng,530000,13.180634172318978
Maruti Suzuki,4,300000.0,Manual,second,petrol,454000,13.025854679664231
Toyota,7,57000.0,Automatic,first,diesel,2025000,14.521080752349816
Maruti Suzuki,7,35000.0,Manual,first,petrol,350000,12.765691290604371
Hyundai,7,300000.0,Automatic,first,petrol,910000,13.721200977393528
Maruti Suzuki,9,60000.0,Automatic,second,hybrid/cng,250000,12.429220196836383
Maruti Suzuki,14,300000.0,Manual,second,petrol,229000,12.34148164933907
Maruti Suzuki,7,68000.0,Manual,second,hybrid/cng,390000,12.873904582205107
Honda,17,97100.0,Automatic,second,hybrid/cng,380000,12.847929163278053
Kia,4,45000.0,Automatic,first,diesel,1645000,14.31325155008416
Maruti Suzuki,13,112000.0,Manual,second,petrol,160000,11.982935344196433
Tata,9,80000.0,Manual,first,petrol,285000,12.560247968016562
Toyota,5,105000.0,Manual,second,diesel,675000,13.42246945133505
Toyota,12,81000.0,Manual,second,hybrid/cng,275000,12.524530013005734
Tata,13,47000.0,Manual,second,petrol,33000,10.404293143019792
Honda,12,83000.0,Automatic,second,petrol,279000,12.53897064502647
Maruti Suzuki,22,80000.0,Manual,second,petrol,60000,11.002116507732017
Toyota,4,300000.0,Manual,first,diesel,3200000,14.978661680269907
BMW,14,76486.0,Automatic,second,diesel,1190000,13.989464705423494
Toyota,9,91000.0,Automatic,first,diesel,1495000,14.217637433703022
Toyota,13,170000.0,Manual,second,diesel,975000,13.790193775620484
Hyundai,10,106985.0,Manual,second,diesel,355000,12.779875885354993
Hyundai,6,76814.0,Manual,first,petrol,350000,12.765691290604371
Honda,7,55000.0,Automatic,second,petrol,690000,13.444448325847754
Maruti Suzuki,7,3240.0,Manual,second,petrol,290000,12.577639650232573
Hyundai,13,78630.0,Manual,first,hybrid/cng,200000,12.206077645517674
Hyundai,10,65000.0,Manual,second,petrol,480000,13.081543466215237
Skoda,9,80000.0,Automatic,first,diesel,1175000,13.976779556623864
Toyota,14,245000.0,Manual,second,diesel,525000,13.171155446333852
Tata,7,65000.0,Manual,first,petrol,375000,12.834683971615659
Renault,9,94000.0,Manual,second,diesel,449000,13.014780393893403
Hyundai,12,85000.0,Automatic,first,hybrid/cng,425000,12.959846800844963
Ford,7,95000.0,Automatic,first,diesel,2000000,14.508658238524095
Jeep,5,45723.0,Manual,first,diesel,1299000,14.07710606547538
Mercedes-Benz,3,203000.0,Automatic,first,diesel,4650000,15.35237799261728
Hyundai,1,7000.0,Manual,first,hybrid/cng,895000,13.704580114574805
Maruti Suzuki,7,88000.0,Manual,second,hybrid/cng,630000,13.353476685668044
Honda,15,108000.0,Automatic,second,hybrid/cng,200000,12.206077645517674
BMW,2,20000.0,Automatic,first,petrol,5750000,15.564710586686562
Honda,9,80000.0,Manual,second,diesel,453000,13.023649611968253
Renault,8,43600.0,Manual,first,petrol,255000,12.449022745701502
Maruti Suzuki,16,69000.0,Manual,second,petrol,110000,11.608244735642321
Maruti Suzuki,7,26000.0,Automatic,second,petrol,450000,13.017005083966255
Toyota,2,47448.0,Automatic,first,petrol,929999,13.742939865129438
Hyundai,13,90000.0,Manual,first,hybrid/cng,110000,11.608244735642321
Ford,12,129000.0,Manual,second,diesel,299000,12.608202196848836
Hyundai,11,46628.0,Manual,first,petrol,185000,12.128116509451258
Maruti Suzuki,3,66000.0,Manual,first,hybrid/cng,557000,13.230322314239945
Mahindra,12,119000.0,Manual,second,diesel,610000,13.321215875492413
Mahindra,7,70000.0,Automatic,first,diesel,1350000,14.115615891155079
Maruti Suzuki,2,25000.0,Manual,second,petrol,335000,12.721888795877375
Honda,11,85000.0,Automatic,second,petrol,400000,12.899222326086994
Maruti Suzuki,9,122000.0,Manual,second,hybrid/cng,255000,12.449022745701502
Hyundai,4,28000.0,Manual,first,petrol,750000,13.527829818844937
Maruti Suzuki,5,72000.0,Manual,first,hybrid/cng,1041000,13.855693308211437
Toyota,0,6000.0,Automatic,first,hybrid/cng,2250000,14.626441218624949
Mahindra,2,22000.0,Automatic,first,diesel,1545000,14.250535115562965
Maruti Suzuki,0,7250.0,Manual,first,petrol,780000,13.567050480716235
Maruti Suzuki,3,54000.0,Manual,first,hybrid/cng,975000,13.790193775620484
Volkswagen,8,86000.0,Manual,second,diesel,560000,13.235693848424024
Maruti Suzuki,6,90000.0,Automatic,first,diesel,800000,13.592368256649284
Volkswagen,1,2300.0,Manual,first,petrol,1700000,14.346139397261565
Toyota,3,300000.0,Automatic,first,diesel,3250000,14.99416586199818
Maruti Suzuki,24,12580.0,Automatic,first,hybrid/cng,47000,10.757924157061597
Maruti Suzuki,1,240000.0,Manual,first,hybrid/cng,1230000,14.0225255403564
Honda,7,56000.0,Manual,first,diesel,495000,13.112315061750808
Maruti Suzuki,6,45700.0,Manual,second,petrol,650000,13.384729180332174
Mercedes-Benz,7,50000.0,Automatic,second,diesel,3600000,15.096444681204078
Maruti Suzuki,2,38000.0,Manual,first,hybrid/cng,1050000,13.864301674514206
Maruti Suzuki,6,44700.0,Automatic,second,petrol,410000,12.923914877701906
Skoda,7,94000.0,Automatic,first,diesel,790000,13.579789490265188
Maruti Suzuki,11,300000.0,Manual,second,hybrid/cng,225000,12.323860125621126
Nissan,8,300000.0,Automatic,first,hybrid/cng,3800000,15.150511887854474
Maruti Suzuki,5,73500.0,Manual,first,hybrid/cng,465000,13.049794835104816
Hyundai,6,52000.0,Manual,first,diesel,690000,13.444448325847754
Honda,5,50000.0,Manual,second,hybrid/cng,670000,13.415034483903348
Honda,9,94000.0,Manual,first,diesel,645000,13.377007146164305
Maruti Suzuki,7,25000.0,Automatic,second,hybrid/cng,395000,12.886643575525625
Maruti Suzuki,3,22.0,Manual,second,petrol,535000,13.190023895035274
Mercedes-Benz,11,57000.0,Automatic,second,diesel,1349999,14.115615150414612
Maruti Suzuki,14,76917.0,Manual,second,hybrid/cng,265000,12.487488878546145
Toyota,7,58200.0,Automatic,first,diesel,3525000,15.07539127791641
Tata,5,50000.0,Automatic,first,hybrid/cng,650000,13.384729180332174
Isuzu,2,26000.0,Manual,first,diesel,1599000,14.284889617206765
Kia,4,32550.0,Manual,first,petrol,740000,13.51440681653079
Audi,11,89000.0,Automatic,second,diesel,929000,13.74186509422166
Maruti Suzuki,5,61382.0,Automatic,first,petrol,495000,13.112315061750808
Maruti Suzuki,2,18305.0,Manual,first,petrol,495000,13.112315061750808
Volkswagen,10,67000.0,Manual,second,hybrid/cng,293000,12.587931300962664
Maruti Suzuki,10,72786.0,Manual,first,petrol,475000,13.07107218827772
Maruti Suzuki,4,50000.0,Manual,first,petrol,340000,12.73670383776449
Maruti Suzuki,5,28303.0,Manual,first,petrol,635000,13.361381852676738
Volkswagen,11,74000.0,Manual,first,diesel,759000,13.539758373899955
Maruti Suzuki,8,86000.0,Manual,first,hybrid/cng,240000,12.388398368982115
Tata,6,34128.0,Manual,first,petrol,440000,12.994532278619134
Ford,20,300000.0,Manual,second,petrol,93000,11.440365524765756
Hyundai,0,4000.0,Manual,first,petrol,835000,13.635188201437066
Maruti Suzuki,3,51600.0,Manual,first,petrol,515000,13.151924121391561
Honda,9,86529.0,Manual,first,diesel,590000,13.28787951079572
Maruti Suzuki,11,28000.0,Automatic,first,petrol,320000,12.676079399771027
Mahindra,7,83255.0,Automatic,first,diesel,871001,13.677399552043255
Maruti Suzuki,12,80000.0,Manual,second,petrol,195000,12.180759965737863
Maruti Suzuki,7,65000.0,Manual,second,diesel,645000,13.377007146164305
Tata,5,61000.0,Automatic,second,hybrid/cng,400000,12.899222326086994
Mercedes-Benz,0,16000.0,Automatic,first,petrol,21500000,16.88356353960952
Toyota,3,40000.0,Automatic,first,diesel,2650000,14.790070575320824
Hyundai,14,91200.0,Manual,second,hybrid/cng,152000,11.931642378754141
Honda,14,69.0,Automatic,second,hybrid/cng,220000,12.301387370778713
Mercedes-Benz,16,84000.0,Automatic,second,diesel,895000,13.704580114574805
Maruti Suzuki,13,50000.0,Automatic,second,hybrid/cng,109999,11.608235644774552
Mahindra,6,99000.0,Manual,second,diesel,1400000,14.151983508870947
Land Rover,5,71000.0,Automatic,second,diesel,11700000,16.275099485238066
Hyundai,5,26000.0,Automatic,first,petrol,945000,13.758941264676379
BMW,6,64000.0,Automatic,second,diesel,2399000,14.690562958662095
MG,0,8000.0,Automatic,first,petrol,2190000,14.599412558413583
Datsun,7,60000.0,Manual,first,petrol,170000,12.04355959836804
Maruti Suzuki,9,58000.0,Manual,second,hybrid/cng,315000,12.660331092405906
Maruti Suzuki,1,42000.0,Automatic,first,hybrid/cng,606666,13.315735319835268
Toyota,7,146000.0,Automatic,first,diesel,2600000,14.77102238760702
Hyundai,7,41435.0,Manual,first,petrol,676000,13.423949834313948
Hyundai,5,128500.0,Manual,first,diesel,465000,13.049794835104816
Audi,9,122000.0,Automatic,first,diesel,1900000,14.45736497045232
Volkswagen,14,70000.0,Manual,second,hybrid/cng,269000,12.502470376049185
Maruti Suzuki,3,57000.0,Automatic,first,petrol,810000,13.60479076121576
Hyundai,4,30000.0,Manual,first,petrol,875000,13.681980308196241
Maruti Suzuki,11,37000.0,Manual,first,hybrid/cng,411000,12.926350926565435
Maruti Suzuki,1,250000.0,Automatic,first,hybrid/cng,1095000,13.90626583447433
Hyundai,12,74000.0,Automatic,first,hybrid/cng,130000,11.775297421715827
Tata,2,38400.0,Automatic,first,diesel,1200000,13.997832948091215
Honda,8,38000.0,Automatic,second,petrol,625000,13.345508528717259
Hyundai,8,64000.0,Automatic,second,petrol,775000,13.560619598657233
Chevrolet,8,100000.0,Manual,second,diesel,240000,12.388398368982115
Hyundai,1,12000.0,Automatic,first,petrol,1549999,14.253765488895429
Maruti Suzuki,5,100000.0,Manual,second,hybrid/cng,365000,12.807655372286902
Hyundai,6,44500.0,Automatic,second,petrol,765000,13.547632419997361
Hyundai,2,37444.0,Automatic,first,hybrid/cng,758500,13.539099396161417
Ford,5,40868.0,Automatic,first,hybrid/cng,775000,13.560619598657233
Mahindra,2,300000.0,Manual,first,diesel,1050000,13.864301674514206
Hyundai,5,39000.0,Automatic,second,hybrid/cng,785000,13.573440270649085
Ford,9,58000.0,Automatic,second,petrol,490000,13.102162710901053
Toyota,0,3500.0,Automatic,first,diesel,4150000,15.238619133170708
Hyundai,13,96000.0,Manual,second,hybrid/cng,190000,12.154784614286667
Maruti Suzuki,11,67000.0,Manual,first,hybrid/cng,250000,12.429220196836383
Maruti Suzuki,9,92000.0,Manual,first,diesel,211000,12.259618151783465
Chevrolet,14,27000.0,Manual,second,petrol,90000,11.407576060361786
Skoda,8,107423.0,Automatic,first,diesel,560000,13.235693848424024
Toyota,9,139000.0,Manual,first,diesel,1550000,14.253766134056512
Hyundai,5,19000.0,Automatic,first,petrol,925000,13.73755009757506
Hyundai,5,73000.0,Automatic,second,petrol,865000,13.670485941982712
Hyundai,15,72386.0,Manual,second,petrol,185000,12.128116509451258
Hyundai,10,62000.0,Manual,second,hybrid/cng,185000,12.128116509451258
Toyota,17,50000.0,Manual,first,diesel,380000,12.847929163278053
Tata,3,34000.0,Automatic,first,diesel,1650000,14.316286451937186
Hyundai,9,58000.0,Automatic,first,hybrid/cng,449900,13.016782837542953
Maruti Suzuki,4,51000.0,Manual,first,hybrid/cng,595000,13.296318365198623
Renault,6,75000.0,Manual,second,hybrid/cng,280000,12.54254845357358
Skoda,6,106000.0,Automatic,first,diesel,2250000,14.626441218624949
Hyundai,6,81000.0,Automatic,first,hybrid/cng,435000,12.983103608918753
Mercedes-Benz,2,29000.0,Automatic,first,diesel,6800000,15.732433317205148
Honda,10,38000.0,Automatic,second,petrol,475000,13.07107218827772
Toyota,7,92459.0,Manual,first,diesel,530000,13.180634172318978
Maruti Suzuki,6,82000.0,Automatic,second,petrol,620000,13.3374763699232
Skoda,8,64000.0,Automatic,first,petrol,1375000,14.13396501635527
Ford,5,41256.0,Automatic,first,hybrid/cng,775000,13.560619598657233
Maruti Suzuki,14,85000.0,Manual,second,petrol,230000,12.345838935721968
Volvo,4,94000.0,Automatic,first,diesel,3950000,15.18922639004183
Maruti Suzuki,0,10700.0,Manual,first,hybrid/cng,890000,13.698977865303197
Mahindra,5,83000.0,Automatic,first,diesel,990000,13.805461232211272
Tata,12,150000.0,Manual,first,diesel,125000,11.736077016252437
Maruti Suzuki,4,42000.0,Automatic,first,petrol,1040000,13.854732232655556
Mercedes-Benz,10,300000.0,Automatic,second,petrol,1050000,13.864301674514206
Toyota,3,114000.0,Manual,first,diesel,3349000,15.024172650372893
Toyota,8,145000.0,Automatic,first,diesel,1820000,14.414347608503377
Volkswagen,7,76555.0,Automatic,first,petrol,775000,13.560619598657233
Hyundai,12,78000.0,Manual,first,hybrid/cng,142000,11.863589378812122
Hyundai,11,59800.0,Manual,second,petrol,410000,12.923914877701906
Maruti Suzuki,7,23115.0,Automatic,first,hybrid/cng,425000,12.959846800844963
Maruti Suzuki,9,103650.0,Manual,second,petrol,398000,12.894209796826232
Hyundai,10,300000.0,Automatic,second,hybrid/cng,465000,13.049794835104816
Mercedes-Benz,4,23000.0,Automatic,first,petrol,3900000,15.176487367510099
Tata,2,19000.0,Automatic,first,diesel,2000000,14.508658238524095
Hyundai,14,46000.0,Automatic,first,petrol,325000,12.691583538230217
Volkswagen,14,100000.0,Manual,first,diesel,178000,12.08954444723597
Mahindra,6,90000.0,Manual,second,diesel,1290000,14.070153551531353
Mercedes-Benz,3,18000.0,Automatic,first,diesel,6700000,15.717618233614914
Maruti Suzuki,5,50000.0,Manual,first,hybrid/cng,710000,13.47302165746721
Tata,1,9000.0,Automatic,first,diesel,2690000,14.805052123325165
Ford,5,40683.0,Automatic,first,hybrid/cng,775000,13.560619598657233
Maruti Suzuki,3,50000.0,Manual,first,hybrid/cng,525000,13.171155446333852
BMW,11,69000.0,Automatic,second,diesel,1475000,14.204169225721929
Chevrolet,13,45000.0,Manual,second,petrol,140000,11.849404844423074
Toyota,12,126000.0,Manual,second,diesel,525000,13.171155446333852
Honda,15,101000.0,Automatic,second,hybrid/cng,75000,11.225256725762893
Honda,13,65000.0,Manual,second,hybrid/cng,245000,12.409017571151187
Maruti Suzuki,14,60000.0,Automatic,second,hybrid/cng,90000,11.407576060361786
BMW,1,9000.0,Automatic,second,petrol,5299000,15.483028870189733
Maruti Suzuki,10,41100.0,Manual,first,petrol,290000,12.577639650232573
Maruti Suzuki,9,51000.0,Manual,first,petrol,450000,13.017005083966255
Maruti Suzuki,13,80000.0,Manual,first,hybrid/cng,210000,12.25486757159303
Hyundai,9,86090.0,Manual,second,hybrid/cng,449999,13.017002861746503
Mahindra,3,48000.0,Manual,first,petrol,900000,13.710151153416941
Maruti Suzuki,6,79000.0,Manual,first,petrol,600000,13.304686600863562
Mahindra,8,35000.0,Manual,first,hybrid/cng,265000,12.487488878546145
Toyota,8,110000.0,Automatic,second,diesel,1545000,14.250535115562965
Mercedes-Benz,19,158000.0,Automatic,second,diesel,388000,12.868763195921677
Hyundai,10,37000.0,Automatic,second,hybrid/cng,360000,12.793862088206213
BMW,7,69000.0,Automatic,second,diesel,3649000,15.109963989466232
Maruti Suzuki,7,63000.0,Automatic,first,hybrid/cng,340000,12.73670383776449
Nissan,10,80000.0,Manual,second,diesel,340000,12.73670383776449
Maruti Suzuki,7,295840.0,Manual,first,petrol,280000,12.54254845357358
Hyundai,8,57101.0,Automatic,second,hybrid/cng,370000,12.821260987319457
Honda,4,23500.0,Manual,second,hybrid/cng,575000,13.26212705890841
Maruti Suzuki,1,28000.0,Manual,first,petrol,875000,13.681980308196241
Honda,6,45600.0,Automatic,first,petrol,595000,13.296318365198623
Datsun,7,40400.0,Manual,first,petrol,239999,12.388394202324129
Maruti Suzuki,0,3000.0,Automatic,first,petrol,1195000,13.993657580167481
Maruti Suzuki,6,34000.0,Automatic,first,hybrid/cng,350000,12.765691290604371
Hyundai,7,112986.0,Manual,second,hybrid/cng,400000,12.899222326086994
Maruti Suzuki,8,58000.0,Automatic,second,petrol,350000,12.765691290604371
Honda,8,54000.0,Manual,first,petrol,625000,13.345508528717259
Maruti Suzuki,4,57805.0,Manual,first,petrol,405000,12.91164481522143
Maruti Suzuki,1,22000.0,Automatic,first,petrol,575000,13.26212705890841
Chevrolet,17,300000.0,Manual,second,diesel,270000,12.506180941677357
Maruti Suzuki,3,24008.0,Manual,first,petrol,480000,13.081543466215237
Maruti Suzuki,2,12000.0,Manual,first,petrol,465000,13.049794835104816
Maruti Suzuki,1,40000.0,Automatic,first,hybrid/cng,680000,13.429849547739444
Honda,11,56000.0,Manual,second,hybrid/cng,299000,12.608202196848836
Volkswagen,2,43000.0,Manual,second,petrol,1045000,13.85952840031839
Hyundai,9,76000.0,Manual,second,petrol,255000,12.449022745701502
Mahindra,8,110000.0,Automatic,second,diesel,950000,13.76421831620775
Toyota,1,500.0,Automatic,first,hybrid/cng,4400000,15.29711532616119
Honda,9,48000.0,Manual,second,petrol,570000,13.25339339419516
Hyundai,16,175000.0,Manual,second,diesel,250000,12.429220196836383
Renault,10,110000.0,Manual,second,diesel,495000,13.112315061750808
Toyota,3,28000.0,Automatic,second,diesel,4100000,15.226497775576945
Ford,5,42380.0,Automatic,first,hybrid/cng,775000,13.560619598657233
Maruti Suzuki,6,90000.0,Manual,first,diesel,860000,13.664688831019712
Maruti Suzuki,9,54000.0,Manual,second,hybrid/cng,349000,12.762830066509972
Honda,16,114000.0,Automatic,second,hybrid/cng,375000,12.834683971615659
Hyundai,8,76000.0,Manual,first,hybrid/cng,490000,13.102162710901053
Mahindra,5,43000.0,Manual,first,diesel,775000,13.560619598657233
Mahindra,8,82000.0,Automatic,second,diesel,998000,13.813509557297108
Toyota,0,500.0,Automatic,first,hybrid/cng,12900000,16.372737946851277
Maruti Suzuki,7,61000.0,Automatic,second,hybrid/cng,499000,13.120363378739663
Maruti Suzuki,11,96000.0,Manual,first,diesel,575000,13.26212705890841
Hyundai,2,49596.0,Manual,first,diesel,1735000,14.366518547731806
Mahindra,3,61105.0,Manual,second,diesel,1695000,14.343193888767015
Maruti Suzuki,7,73000.0,Manual,first,hybrid/cng,751000,13.529162262303307
Maruti Suzuki,10,71000.0,Manual,first,hybrid/cng,210000,12.25486757159303
Maruti Suzuki,3,210000.0,Manual,first,petrol,395000,12.886643575525625
Tata,6,51167.0,Automatic,first,petrol,865001,13.670487098050073
Maruti Suzuki,3,100000.0,Automatic,second,petrol,515000,13.151924121391561
Mercedes-Benz,3,14000.0,Automatic,first,diesel,5200000,15.46416937585933
Hyundai,12,1.0,Manual,second,diesel,248000,12.421188057397055
Ford,8,90000.0,Automatic,second,diesel,1933000,14.474584275520908
Maruti Suzuki,19,48000.0,Manual,second,petrol,68000,11.127277689932466
Maruti Suzuki,5,300000.0,Manual,first,petrol,975000,13.790193775620484
Tata,8,98000.0,Manual,first,petrol,425000,12.959846800844963
Maruti Suzuki,2,160000.0,Manual,first,petrol,525000,13.171155446333852
Toyota,9,127000.0,Manual,second,diesel,449000,13.014780393893403
Hyundai,12,102000.0,Manual,second,petrol,195000,12.180759965737863
Renault,5,60000.0,Automatic,second,petrol,845000,13.647093089770562
Skoda,7,55000.0,Automatic,first,hybrid/cng,575000,13.26212705890841
Chevrolet,14,100000.0,Manual,first,hybrid/cng,125000,11.736077016252437
Tata,5,33000.0,Automatic,first,hybrid/cng,490000,13.102162710901053
Honda,8,74000.0,Manual,second,hybrid/cng,499900,13.12216535779974
Honda,17,97422.0,Automatic,second,hybrid/cng,191000,12.160033942617156
Maruti Suzuki,7,59000.0,Automatic,second,hybrid/cng,475000,13.07107218827772
Tata,0,4500.0,Automatic,first,petrol,1575000,14.269766465162304
Honda,13,72000.0,Automatic,second,hybrid/cng,388888,12.871049234837667
Honda,6,50000.0,Automatic,first,hybrid/cng,250000,12.429220196836383
Tata,14,61000.0,Manual,second,petrol,199999,12.206072645530174
Maruti Suzuki,2,40000.0,Automatic,first,hybrid/cng,695000,13.451668563394815
BMW,4,24000.0,Automatic,first,diesel,4300000,15.274125813221904
BMW,9,74000.0,Automatic,first,diesel,1775000,14.389311544271775
Skoda,10,59000.0,Automatic,second,petrol,700000,13.45883704259595
Hyundai,13,102500.0,Manual,second,diesel,320000,12.676079399771027
Maruti Suzuki,16,120000.0,Manual,second,diesel,200000,12.206077645517674
Hyundai,14,140000.0,Manual,second,petrol,98000,11.49273296168228
Land Rover,5,55000.0,Automatic,first,petrol,16500000,16.61887099947687
Mahindra,2,14555.0,Automatic,first,diesel,1095000,13.90626583447433
Maruti Suzuki,4,300000.0,Manual,first,hybrid/cng,450000,13.017005083966255
Maruti Suzuki,9,162000.0,Automatic,first,hybrid/cng,599000,13.303018546545275
Hyundai,2,42000.0,Manual,first,petrol,985000,13.800397935382136
Hyundai,13,67000.0,Automatic,second,petrol,225000,12.323860125621126
Fiat,5,135000.0,Manual,second,diesel,450000,13.017005083966255
Mercedes-Benz,6,55000.0,Automatic,second,petrol,3850000,15.163583966004193
Maruti Suzuki,9,51133.0,Manual,first,hybrid/cng,395000,12.886643575525625
Honda,9,57000.0,Manual,second,petrol,329991,12.706823690724569
Maruti Suzuki,1,12007.0,Manual,first,hybrid/cng,455000,13.02805489573287
Hyundai,8,62000.0,Automatic,first,petrol,490000,13.102162710901053
Hyundai,7,54479.0,Manual,second,petrol,865000,13.670485941982712
BMW,13,90000.0,Automatic,first,diesel,1099999,13.9108207377686
Maruti Suzuki,18,32000.0,Manual,first,petrol,120000,11.695255355062795
Jaguar,5,41000.0,Automatic,first,diesel,3300000,15.009433329466965
Toyota,0,20000.0,Automatic,first,hybrid/cng,3400000,15.039286283703994
Maruti Suzuki,13,70000.0,Manual,second,petrol,250000,12.429220196836383
Hyundai,0,11000.0,Manual,first,petrol,950000,13.76421831620775
Hyundai,7,82000.0,Manual,second,petrol,475000,13.07107218827772
Hyundai,4,26000.0,Manual,second,petrol,1040000,13.854732232655556
Honda,9,79000.0,Automatic,second,petrol,525000,13.171155446333852
Skoda,5,120000.0,Manual,first,diesel,840000,13.641158361294979
Jeep,2,51000.0,Automatic,first,diesel,2800000,14.845130332288226
Audi,8,41000.0,Automatic,second,diesel,1145000,13.95091606833254
Maruti Suzuki,9,80000.0,Manual,first,hybrid/cng,325000,12.691583538230217
Maruti Suzuki,8,71000.0,Manual,second,hybrid/cng,488888,13.099890748824972
Renault,6,56765.0,Automatic,first,petrol,388000,12.868763195921677
Hyundai,7,85000.0,Automatic,second,hybrid/cng,899000,13.70903942580019
Toyota,8,188394.0,Automatic,first,diesel,1800000,14.403297778421795
Tata,11,110000.0,Manual,second,diesel,85000,11.350418300109132
Maruti Suzuki,5,39800.0,Manual,first,petrol,425000,12.959846800844963
Mahindra,2,29705.0,Automatic,first,diesel,2695000,14.80690913338268
Honda,14,103000.0,Automatic,first,hybrid/cng,170000,12.04355959836804
Nissan,12,75000.0,Manual,second,petrol,280000,12.54254845357358
Maruti Suzuki,6,85000.0,Automatic,first,hybrid/cng,380000,12.847929163278053
Maruti Suzuki,1,12340.0,Manual,first,hybrid/cng,130000,11.775297421715827
Volvo,4,300000.0,Automatic,first,diesel,5600000,15.53827733427679
Ford,8,52000.0,Manual,second,diesel,470000,13.060490101343552
Maruti Suzuki,10,81158.0,Manual,second,hybrid/cng,270000,12.506180941677357
Maruti Suzuki,6,93000.0,Manual,first,hybrid/cng,445000,13.005831808336863
BMW,1,6500.0,Automatic,first,diesel,12900000,16.372737946851277
Maruti Suzuki,6,43000.0,Automatic,second,petrol,640000,13.369225017834633
Maruti Suzuki,4,42000.0,Manual,first,hybrid/cng,865000,13.670485941982712
Maruti Suzuki,6,62000.0,Manual,first,diesel,475000,13.07107218827772
Audi,9,25000.0,Automatic,first,diesel,1275000,14.058457520888082
Maruti Suzuki,6,48000.0,Automatic,second,petrol,350000,12.765691290604371
Maruti Suzuki,11,45000.0,Manual,second,petrol,265000,12.487488878546145
Honda,8,105000.0,Automatic,first,petrol,695000,13.451668563394815
Maruti Suzuki,6,25000.0,Automatic,first,petrol,625111,13.345686112664136
BMW,3,46000.0,Automatic,first,diesel,5150000,15.454507466814658
Renault,5,78000.0,Manual,first,petrol,390000,12.873904582205107
Hyundai,5,41000.0,Automatic,second,hybrid/cng,875000,13.681980308196241
Hyundai,9,95000.0,Automatic,first,hybrid/cng,170000,12.04355959836804
Land Rover,5,29700.0,Automatic,second,diesel,17400000,16.67198082165602
Maruti Suzuki,2,85024.0,Automatic,first,hybrid/cng,450000,13.017005083966255
Fiat,9,79000.0,Manual,second,diesel,415000,12.936036208848487
Maruti Suzuki,10,72000.0,Automatic,first,hybrid/cng,350000,12.765691290604371
Hyundai,14,130000.0,Manual,second,hybrid/cng,160000,11.982935344196433
Honda,13,100000.0,Manual,second,petrol,295000,12.59473402514672
Maruti Suzuki,7,300000.0,Automatic,first,petrol,490000,13.102162710901053
Maruti Suzuki,12,130000.0,Automatic,second,hybrid/cng,105000,11.561725152903833
Maruti Suzuki,3,36831.0,Automatic,first,petrol,1210000,14.006131744018864
Jeep,5,68530.0,Automatic,second,petrol,1075000,13.887832149776026
Maruti Suzuki,2,96000.0,Manual,second,petrol,725000,13.493928313146206
Audi,7,52000.0,Automatic,first,petrol,2175000,14.59253968227493
Maruti Suzuki,12,75235.0,Manual,second,petrol,325000,12.691583538230217
Renault,10,72000.0,Manual,first,diesel,420000,12.948012371209098
Skoda,7,130000.0,Manual,second,diesel,689000,13.442998001373553
Maruti Suzuki,10,70000.0,Manual,second,hybrid/cng,511000,13.144126826131089
Maruti Suzuki,14,96000.0,Manual,second,hybrid/cng,199000,12.201065128819632
Hyundai,6,50000.0,Automatic,second,petrol,525000,13.171155446333852
Hyundai,9,89000.0,Manual,second,diesel,770000,13.554147092530322
Skoda,6,65000.0,Manual,first,diesel,830000,13.629182184591333
Hyundai,2,42200.0,Automatic,second,diesel,1840000,14.425276673063282
MG,3,48000.0,Manual,first,diesel,1385000,14.141211419624977
Nissan,6,62000.0,Manual,first,hybrid/cng,345000,12.75130259456002
Tata,8,98000.0,Manual,first,petrol,348888,12.762509099019503
Toyota,10,124653.0,Manual,second,diesel,1760000,14.38082493519599
Honda,16,119000.0,Automatic,second,hybrid/cng,145000,11.884495917930655
Mahindra,8,89000.0,Manual,first,diesel,870000,13.676249640055394
Hyundai,8,24500.0,Automatic,second,hybrid/cng,310000,12.644330802262578
Renault,4,35000.0,Manual,first,petrol,435000,12.983103608918753
Maruti Suzuki,7,53000.0,Automatic,first,hybrid/cng,399999,12.89921982609012
Toyota,14,85000.0,Automatic,second,petrol,300000,12.611541086966115
Maruti Suzuki,4,42554.0,Manual,first,petrol,835000,13.635188201437066
Volvo,1,6200.0,Automatic,first,petrol,6000000,15.607270193858982
Hyundai,9,47000.0,Manual,first,diesel,475000,13.07107218827772
Hyundai,11,78220.0,Manual,second,petrol,310000,12.644330802262578
Kia,4,32028.0,Automatic,second,diesel,1550000,14.253766134056512
Audi,9,57000.0,Automatic,second,diesel,1195000,13.993657580167481
Mercedes-Benz,8,98000.0,Automatic,second,diesel,2050000,14.53335083891935
Maruti Suzuki,7,58000.0,Automatic,first,hybrid/cng,399999,12.89921982609012
Maruti Suzuki,14,112000.0,Manual,first,petrol,170000,12.04355959836804
Renault,8,80000.0,Manual,first,diesel,545000,13.208542908506082
Maruti Suzuki,11,65000.0,Manual,first,hybrid/cng,350000,12.765691290604371
Hyundai,7,120000.0,Automatic,second,diesel,820000,13.617060838751888
Honda,9,80000.0,Automatic,second,petrol,585000,13.279368835614243
Hyundai,12,50000.0,Automatic,second,petrol,345111,12.751624281011246
Maruti Suzuki,7,42000.0,Automatic,first,hybrid/cng,485000,13.091906231773164
Honda,8,78000.0,Manual,second,diesel,335999,12.724866438945341
Hyundai,14,25.0,Automatic,second,hybrid/cng,100000,11.51293546492023
Maserati,7,21000.0,Automatic,second,petrol,8000000,15.894952224644102
Hyundai,4,22000.0,Automatic,first,petrol,625000,13.345508528717259
Honda,2,11000.0,Automatic,first,petrol,1275000,14.058457520888082
Audi,7,72000.0,Automatic,second,diesel,1860000,14.436087583323648
Hyundai,6,48000.0,Manual,first,hybrid/cng,280000,12.54254845357358
Maruti Suzuki,7,99600.0,Manual,first,diesel,745000,13.521140839642674
Audi,10,52000.0,Automatic,second,diesel,620000,13.3374763699232
Maruti Suzuki,12,71000.0,Manual,first,hybrid/cng,298000,12.604852121186608
Maruti Suzuki,7,80000.0,Manual,first,hybrid/cng,775000,13.560619598657233
Maruti Suzuki,9,82000.0,Manual,second,hybrid/cng,650000,13.384729180332174
Maruti Suzuki,12,243000.0,Manual,second,diesel,235000,12.367345048436391
Maruti Suzuki,5,65000.0,Manual,first,hybrid/cng,475000,13.07107218827772
Maruti Suzuki,5,35.0,Automatic,second,hybrid/cng,440000,12.994532278619134
Skoda,3,57000.0,Manual,first,petrol,1190000,13.989464705423494
Honda,3,300000.0,Manual,first,diesel,965000,13.779884416590017
Maruti Suzuki,2,220000.0,Manual,first,petrol,980000,13.795308871054397
Toyota,6,86000.0,Automatic,first,diesel,2700000,14.80876270134486
Maruti Suzuki,5,53000.0,Manual,first,petrol,300000,12.611541086966115
Hyundai,5,57000.0,Automatic,second,hybrid/cng,595000,13.296318365198623
Mahindra,6,43700.0,Manual,second,petrol,345000,12.75130259456002
Kia,1,12000.0,Manual,first,petrol,970000,13.785052381406869
Toyota,7,82000.0,Manual,second,petrol,790000,13.579789490265188
Audi,12,160000.0,Automatic,second,diesel,975000,13.790193775620484
Volkswagen,6,75000.0,Automatic,first,diesel,595000,13.296318365198623
Porsche,1,7700.0,Automatic,first,petrol,13600000,16.42558042423569
Skoda,10,105904.0,Automatic,second,diesel,1040000,13.854732232655556
Maruti Suzuki,4,55000.0,Manual,first,hybrid/cng,375000,12.834683971615659
Maruti Suzuki,11,92000.0,Manual,first,diesel,415000,12.936036208848487
Hyundai,5,72000.0,Automatic,first,petrol,855000,13.658857917508856
Hyundai,3,83228.0,Manual,second,petrol,699000,13.457407451830088
Hyundai,5,140000.0,Manual,second,hybrid,420000,12.948012371209098
Maruti Suzuki,10,71000.0,Automatic,first,hybrid,210000,12.25486757159303
Maruti Suzuki,10,99000.0,Manual,second,hybrid,350000,12.765691290604371
Tata,1,30000.0,Manual,first,hybrid,720000,13.487007879880162
Mercedes-Benz,3,57000.0,Automatic,first,diesel,9575000,16.07466619746962
Maruti Suzuki,12,120000.0,Manual,first,diesel,640000,13.369225017834633
Nissan,7,78000.0,Automatic,second,petrol,398000,12.894209796826232
Maruti Suzuki,6,72000.0,Manual,second,hybrid,735000,13.507627138738266
Hyundai,12,50000.0,Automatic,second,hybrid,165000,12.013706813470414
Maruti Suzuki,2,300000.0,Manual,second,hybrid,1200000,13.997832948091215
Maruti Suzuki,7,62480.0,Automatic,second,petrol,500000,13.122365377402328
Mercedes-Benz,8,51000.0,Automatic,second,diesel,1695000,14.343193888767015
Maruti Suzuki,15,62000.0,Manual,second,petrol,225000,12.323860125621126
Hyundai,13,55216.0,Automatic,second,petrol,295000,12.59473402514672
Land Rover,5,42003.0,Automatic,first,diesel,3850000,15.163583966004193
Maruti Suzuki,9,30000.0,Manual,first,petrol,509000,13.140205260167273
Maruti Suzuki,19,60000.0,Automatic,second,hybrid,75000,11.225256725762893
Mercedes-Benz,8,62000.0,Automatic,second,diesel,1399999,14.151982794585487
Maruti Suzuki,7,68000.0,Manual,first,hybrid,490000,13.102162710901053
Maruti Suzuki,5,86000.0,Automatic,first,hybrid,425000,12.959846800844963
Hyundai,15,104000.0,Automatic,second,hybrid,225000,12.323860125621126
Nissan,2,18000.0,Manual,first,petrol,740000,13.51440681653079
Honda,16,89000.0,Manual,first,petrol,235000,12.367345048436391
Chevrolet,8,84231.0,Automatic,second,diesel,650000,13.384729180332174
Toyota,8,40000.0,Manual,first,petrol,390000,12.873904582205107
Jeep,1,8000.0,Automatic,first,petrol,6150000,15.631962802384313
Maruti Suzuki,2,47120.0,Manual,first,hybrid,525180,13.171498244061793
Honda,15,96000.0,Automatic,second,hybrid,200000,12.206077645517674
Mahindra,2,8100.0,Manual,first,diesel,1625000,14.301018989130402
Mahindra,6,87000.0,Manual,second,diesel,849000,13.651815643149092
BMW,2,30000.0,Automatic,first,petrol,5975000,15.60309482314585
Hyundai,13,70000.0,Automatic,second,hybrid,85000,11.350418300109132
Toyota,4,68000.0,Automatic,first,diesel,3121000,14.95366434166299
Maruti Suzuki,7,300000.0,Automatic,first,hybrid,525000,13.171155446333852
Hyundai,12,86000.0,Manual,second,hybrid,175000,12.07254696717504
Hyundai,3,48000.0,Manual,first,diesel,1630000,14.30409118627969
Toyota,7,108476.0,Automatic,first,diesel,1995000,14.506155109559108
Toyota,6,110000.0,Automatic,second,petrol,600000,13.304686600863562
Hyundai,6,300000.0,Automatic,first,hybrid,450000,13.017005083966255
Renault,10,108000.0,Manual,second,diesel,365000,12.807655372286902
Datsun,8,72142.0,Manual,second,hybrid,178000,12.08954444723597
Maruti Suzuki,1,39000.0,Manual,first,hybrid,1240000,14.030622744032508
Ford,6,121000.0,Automatic,first,diesel,2650000,14.790070575320824
Mahindra,9,73000.0,Manual,second,diesel,750000,13.527829818844937
Mercedes-Benz,7,75000.0,Automatic,second,diesel,1875000,14.444119750719839
Maruti Suzuki,6,120000.0,Automatic,second,petrol,590000,13.28787951079572
Hyundai,8,85000.0,Manual,first,petrol,725000,13.493928313146206
Maruti Suzuki,1,53000.0,Manual,first,hybrid,580000,13.270785106659046
Hyundai,8,90000.0,Manual,first,hybrid,375000,12.834683971615659
Toyota,10,131000.0,Automatic,second,diesel,2100000,14.557448378884015
Maruti Suzuki,6,72000.0,Automatic,first,petrol,695000,13.451668563394815
Nissan,11,60000.0,Manual,second,petrol,330000,12.706850963741102
Hyundai,12,107000.0,Manual,first,hybrid,160000,11.982935344196433
Renault,4,105000.0,Manual,first,hybrid,385000,12.861001210669146
MG,4,38000.0,Automatic,first,petrol,1150000,13.955273369904273
Hyundai,11,32230.0,Automatic,first,petrol,885000,13.69334405393293
Maruti Suzuki,10,79000.0,Manual,second,petrol,359000,12.791080452981857
Ford,8,148000.0,Manual,second,diesel,550000,13.217675375388819
Porsche,1,11000.0,Automatic,first,petrol,8850000,15.995928129978456
Maruti Suzuki,3,73000.0,Automatic,first,hybrid,450000,13.017005083966255
Renault,5,50000.0,Manual,second,petrol,515000,13.151924121391561
Toyota,0,1.0,Automatic,first,hybrid,3098000,14.946267622747795
Maruti Suzuki,14,76926.0,Manual,first,petrol,220000,12.301387370778713
MG,4,27000.0,Automatic,second,petrol,1250000,14.038654909278163
Hyundai,7,118000.0,Manual,second,diesel,525000,13.171155446333852
Ford,11,96000.0,Automatic,second,diesel,165000,12.013706813470414
Hyundai,15,130000.0,Manual,second,hybrid,150000,11.918397239722838
Maruti Suzuki,5,114300.0,Automatic,second,hybrid,450000,13.017005083966255
Ford,7,90000.0,Automatic,second,diesel,1890000,14.452087916136215
Hyundai,13,42300.0,Automatic,second,hybrid,190000,12.154784614286667
Hyundai,6,74000.0,Manual,first,hybrid,390000,12.873904582205107
Honda,14,107200.0,Automatic,second,hybrid,315000,12.660331092405906
Mercedes-Benz,7,42000.0,Automatic,second,petrol,2275000,14.637491049927531
Maruti Suzuki,6,50000.0,Manual,second,petrol,500000,13.122365377402328
Honda,10,76800.0,Manual,second,diesel,590000,13.28787951079572
Hyundai,11,73000.0,Manual,first,hybrid,300000,12.611541086966115
Maruti Suzuki,8,61000.0,Manual,second,hybrid,395000,12.886643575525625
Maruti Suzuki,8,115000.0,Automatic,second,hybrid,260000,12.468440756144114
Toyota,0,3000.0,Automatic,first,hybrid,3000000,14.914123179965662
Mercedes-Benz,16,114256.0,Automatic,second,diesel,600000,13.304686600863562
Volkswagen,13,77900.0,Manual,second,petrol,225000,12.323860125621126
Hyundai,5,46000.0,Manual,first,petrol,510000,13.1421679654829
Mercedes-Benz,11,89000.0,Automatic,second,diesel,799000,13.591117476312084
Maruti Suzuki,2,21500.0,Automatic,first,petrol,860000,13.664688831019712
Renault,6,50000.0,Automatic,first,petrol,365000,12.807655372286902
Maruti Suzuki,7,52551.0,Manual,second,hybrid,550000,13.217675375388819
Maruti Suzuki,4,56000.0,Automatic,second,hybrid,430000,12.971542813248437
Maruti Suzuki,0,27500.0,Automatic,first,hybrid,180000,12.100717685412471
Hyundai,5,31771.0,Manual,first,petrol,465000,13.049794835104816
Maruti Suzuki,8,52000.0,Automatic,second,hybrid,325000,12.691583538230217
Mercedes-Benz,7,94000.0,Automatic,first,petrol,3400000,15.039286283703994
Maruti Suzuki,6,40500.0,Manual,second,petrol,445000,13.005831808336863
Honda,15,122000.0,Automatic,second,hybrid,140000,11.849404844423074
Maruti Suzuki,11,71924.0,Manual,first,hybrid,258190,12.461454900086938
Hyundai,2,25000.0,Automatic,first,petrol,1175000,13.976779556623864
Ford,5,56516.0,Automatic,first,petrol,785000,13.573440270649085
Audi,11,99000.0,Automatic,first,diesel,1265000,14.05058347065728
Hyundai,12,97000.0,Automatic,second,hybrid,245000,12.409017571151187
Maruti Suzuki,4,42586.0,Manual,first,hybrid,1025007,13.840210975402236
Hyundai,12,40500.0,Manual,second,hybrid,285000,12.560247968016562
Hyundai,15,53000.0,Manual,second,petrol,235000,12.367345048436391
Toyota,13,82000.0,Manual,second,petrol,175000,12.07254696717504
Maruti Suzuki,7,31000.0,Manual,first,hybrid,430000,12.971542813248437
Maruti Suzuki,2,62000.0,Manual,first,petrol,575000,13.26212705890841
Maruti Suzuki,9,81000.0,Manual,first,diesel,680000,13.429849547739444
Maruti Suzuki,5,70000.0,Manual,second,diesel,625000,13.345508528717259
BMW,8,100000.0,Automatic,first,diesel,2370000,14.678400935052153
Maruti Suzuki,6,43394.0,Manual,first,hybrid,420000,12.948012371209098
Maruti Suzuki,6,78000.0,Manual,second,petrol,310000,12.644330802262578
Maruti Suzuki,7,90000.0,Manual,second,hybrid,340000,12.73670383776449
Maruti Suzuki,11,77000.0,Manual,second,hybrid,495000,13.112315061750808
Honda,9,55000.0,Automatic,first,hybrid,575000,13.26212705890841
Mercedes-Benz,10,115000.0,Automatic,first,diesel,1595000,14.282384921160133
Maruti Suzuki,5,63205.0,Automatic,first,hybrid,520000,13.161586013632684
Volkswagen,9,103000.0,Automatic,first,diesel,655000,13.39239204133378
Datsun,6,76825.0,Automatic,first,hybrid,268000,12.498745990829315
Honda,12,60000.0,Automatic,second,hybrid,321999,12.682306824526545
Hyundai,8,140000.0,Manual,second,hybrid,195000,12.180759965737863
Maruti Suzuki,7,55000.0,Automatic,second,petrol,311000,12.647551406590285
Tata,5,40000.0,Manual,second,hybrid,675000,13.42246945133505
Maruti Suzuki,13,123000.0,Manual,second,diesel,265000,12.487488878546145
Maruti Suzuki,5,95000.0,Automatic,first,hybrid,1300000,14.077875591662238
Honda,8,72205.0,Automatic,first,petrol,610000,13.321215875492413
Renault,4,52000.0,Automatic,first,hybrid,350000,12.765691290604371
Maruti Suzuki,6,30.0,Automatic,second,hybrid,510000,13.1421679654829
Maruti Suzuki,2,42000.0,Automatic,second,petrol,645000,13.377007146164305
Honda,7,63000.0,Manual,second,diesel,475000,13.07107218827772
Maruti Suzuki,1,16000.0,Automatic,first,petrol,1150000,13.955273369904273
Mini,7,34000.0,Automatic,second,petrol,3200000,14.978661680269907
Mini,8,58000.0,Automatic,second,petrol,2325000,14.659231027111028
Maruti Suzuki,3,53517.0,Manual,first,petrol,483000,13.087774003025942
Hyundai,6,77000.0,Manual,second,diesel,790000,13.579789490265188
Hyundai,6,55000.0,Manual,second,petrol,410000,12.923914877701906
Mercedes-Benz,10,80000.0,Automatic,second,diesel,2950000,14.897316067298997
Maruti Suzuki,5,50000.0,Manual,first,hybrid,450000,13.017005083966255
Maruti Suzuki,13,80000.0,Automatic,second,petrol,155000,11.951186847493476
Honda,16,66000.0,Automatic,second,hybrid,250000,12.429220196836383
Tata,8,55000.0,Manual,first,hybrid,175000,12.07254696717504
Volkswagen,9,83600.0,Automatic,second,petrol,850000,13.652992804936396
Maruti Suzuki,7,65000.0,Manual,second,hybrid,725000,13.493928313146206
Mahindra,8,85000.0,Manual,first,diesel,1275000,14.058457520888082
Hyundai,4,39688.0,Automatic,second,petrol,949999,13.764217263576723
Audi,11,110000.0,Automatic,second,diesel,1090000,13.901689171636098
Maruti Suzuki,7,69700.0,Manual,second,hybrid,340000,12.73670383776449
Ford,8,82450.0,Automatic,second,diesel,1345000,14.111905314512224
Lexus,5,79000.0,Automatic,first,hybrid,5600000,15.53827733427679
Audi,13,78000.0,Automatic,second,diesel,775000,13.560619598657233
Honda,6,54000.0,Manual,first,petrol,799000,13.591117476312084
Honda,22,111000.0,Manual,second,petrol,240000,12.388398368982115
BMW,15,134000.0,Automatic,second,diesel,549000,13.215855541983634
Toyota,9,88000.0,Automatic,second,diesel,1475000,14.204169225721929
Hyundai,10,94000.0,Automatic,second,petrol,465000,13.049794835104816
Maruti Suzuki,13,98523.0,Manual,second,petrol,168000,12.031725210748633
Maruti Suzuki,7,55000.0,Manual,first,petrol,650000,13.384729180332174
Ford,6,140000.0,Manual,first,diesel,689000,13.442998001373553
Maruti Suzuki,4,90000.0,Automatic,second,hybrid,830000,13.629182184591333
Hyundai,0,60200.0,Automatic,first,hybrid,150000,11.918397239722838
Maruti Suzuki,13,54000.0,Manual,second,petrol,190000,12.154784614286667
Mercedes-Benz,11,124000.0,Automatic,second,diesel,1170000,13.972515161474428
Mercedes-Benz,7,46000.0,Automatic,second,petrol,2200000,14.603968372873895
Maruti Suzuki,8,51000.0,Automatic,first,hybrid,350000,12.765691290604371
Maruti Suzuki,10,74000.0,Manual,second,petrol,230000,12.345838935721968
Maruti Suzuki,10,65000.0,Manual,second,hybrid,315000,12.660331092405906
Honda,15,82000.0,Automatic,first,hybrid,160000,11.982935344196433
Maruti Suzuki,3,93000.0,Manual,first,petrol,550000,13.217675375388819
Honda,9,70000.0,Automatic,second,hybrid,550000,13.217675375388819
Maruti Suzuki,6,70000.0,Automatic,first,hybrid,551000,13.219491903015438
Tata,13,72000.0,Manual,second,diesel,225000,12.323860125621126
Maruti Suzuki,11,120000.0,Manual,first,hybrid,220000,12.301387370778713
Hyundai,10,38000.0,Manual,first,petrol,285000,12.560247968016562
Maruti Suzuki,6,42000.0,Manual,second,hybrid,335000,12.721888795877375
Maruti Suzuki,8,88472.0,Manual,second,petrol,560000,13.235693848424024
Maruti Suzuki,4,23300.0,Manual,first,hybrid,545000,13.208542908506082
Hyundai,13,50500.0,Manual,first,petrol,215000,12.278397958261774
Ford,13,95000.0,Manual,second,diesel,350000,12.765691290604371
Maruti Suzuki,6,105000.0,Manual,first,hybrid,449999,13.017002861746503
Mercedes-Benz,4,28000.0,Automatic,first,petrol,12000000,16.300417291085605
Maruti Suzuki,0,36960.0,Manual,first,hybrid,680000,13.429849547739444
Volkswagen,5,55000.0,Manual,second,petrol,600000,13.304686600863562
Maruti Suzuki,0,18000.0,Manual,first,hybrid,1195000,13.993657580167481
Tata,8,20.0,Manual,second,diesel,110000,11.608244735642321
Ford,8,65000.0,Automatic,first,petrol,500000,13.122365377402328
Maruti Suzuki,7,62800.0,Manual,second,hybrid,315000,12.660331092405906
Maruti Suzuki,6,42000.0,Manual,second,hybrid,445000,13.005831808336863
Maruti Suzuki,1,6000.0,Automatic,first,hybrid,1250000,14.038654909278163
BMW,9,50000.0,Automatic,second,diesel,1190000,13.989464705423494
Maruti Suzuki,1,19000.0,Manual,first,petrol,1185000,13.98525417643287
Hyundai,7,56000.0,Manual,second,petrol,459000,13.036807667689546
Honda,8,70000.0,Automatic,second,hybrid,590000,13.28787951079572
Maruti Suzuki,5,63000.0,Manual,second,hybrid,450000,13.017005083966255
Toyota,3,21077.0,Automatic,first,petrol,910000,13.721200977393528
Kia,2,47437.0,Automatic,first,diesel,3499000,15.067988057145726
Maruti Suzuki,2,75000.0,Manual,first,petrol,350000,12.765691290604371
Maruti Suzuki,8,38000.0,Automatic,second,petrol,398000,12.894209796826232
Toyota,10,150000.0,Manual,second,diesel,360000,12.793862088206213
BMW,9,48000.0,Automatic,second,diesel,1545000,14.250535115562965
Maruti Suzuki,6,29000.0,Automatic,second,petrol,455000,13.02805489573287
Maruti Suzuki,2,37000.0,Automatic,first,petrol,880000,13.68767832281738
Toyota,5,160000.0,Automatic,first,hybrid,3550000,15.0824584431417
Hyundai,6,83000.0,Automatic,first,diesel,1075000,13.887832149776026
Maruti Suzuki,6,95000.0,Automatic,second,hybrid,595000,13.296318365198623
Honda,15,85000.0,Automatic,first,hybrid,110000,11.608244735642321
Hyundai,9,300000.0,Manual,first,petrol,547000,13.212205909556012
Hyundai,4,65000.0,Manual,first,hybrid,680000,13.429849547739444
Jeep,2,49000.0,Automatic,first,diesel,3300000,15.009433329466965
Hyundai,8,140858.0,Automatic,second,diesel,690000,13.444448325847754
Honda,11,300000.0,Manual,second,petrol,330000,12.706850963741102
Hyundai,16,140000.0,Manual,second,petrol,190000,12.154784614286667
Honda,9,72000.0,Manual,second,diesel,380000,12.847929163278053
Maruti Suzuki,6,68000.0,Automatic,second,hybrid,320000,12.676079399771027
Hyundai,14,78500.0,Manual,second,petrol,225000,12.323860125621126
Honda,15,40006.0,Manual,second,hybrid,240000,12.388398368982115
Maruti Suzuki,10,83000.0,Manual,first,petrol,450000,13.017005083966255
Volkswagen,12,85000.0,Automatic,second,diesel,650000,13.384729180332174
Maruti Suzuki,1,134500.0,Automatic,second,hybrid,950000,13.76421831620775
Volkswagen,10,64000.0,Manual,second,petrol,350000,12.765691290604371
Honda,14,33000.0,Manual,first,petrol,411000,12.926350926565435
Land Rover,1,6000.0,Automatic,second,petrol,8475111,15.9526444264827
Honda,7,144000.0,Manual,first,diesel,675000,13.42246945133505
Maruti Suzuki,6,51000.0,Manual,first,hybrid,725000,13.493928313146206
Hyundai,15,136000.0,Manual,second,hybrid,150000,11.918397239722838
Maruti Suzuki,4,39000.0,Automatic,first,hybrid,880000,13.68767832281738
Maruti Suzuki,6,63000.0,Automatic,first,hybrid,530000,13.180634172318978
Maruti Suzuki,10,72000.0,Manual,second,hybrid,555000,13.22672519452875
Skoda,14,84500.0,Manual,second,hybrid,188000,12.144202560946876
Toyota,7,57500.0,Automatic,first,diesel,3450000,15.053885078862573
Honda,8,115000.0,Manual,second,diesel,494000,13.11029282045951
Maruti Suzuki,9,64422.0,Manual,second,hybrid,588000,13.28448392755959
Maruti Suzuki,6,86000.0,Manual,first,hybrid,400000,12.899222326086994
Maruti Suzuki,6,59000.0,Manual,first,hybrid,825000,13.623139877437296
Hyundai,9,72000.0,Manual,second,hybrid,450000,13.017005083966255
Mercedes-Benz,9,122000.0,Automatic,second,diesel,1800000,14.403297778421795
Honda,15,78000.0,Manual,second,hybrid,74000,11.211833885608513
Honda,8,45135.0,Manual,second,petrol,379000,12.84529412258351
Tata,4,80123.0,Automatic,first,petrol,695000,13.451668563394815
Maruti Suzuki,5,66000.0,Automatic,first,hybrid,465000,13.049794835104816
Ford,7,81000.0,Manual,second,diesel,465000,13.049794835104816
Maruti Suzuki,7,89000.0,Manual,second,petrol,310000,12.644330802262578
Maruti Suzuki,13,112000.0,Automatic,second,hybrid,240000,12.388398368982115
Toyota,4,71000.0,Automatic,second,diesel,2375000,14.680508416503422
Maruti Suzuki,7,54000.0,Manual,first,hybrid,325000,12.691583538230217
Maruti Suzuki,9,67266.0,Manual,second,hybrid,307700,12.636883811223605
Maruti Suzuki,4,73000.0,Manual,first,petrol,735000,13.507627138738266
Hyundai,15,86000.0,Manual,second,hybrid,125000,11.736077016252437
Toyota,9,68000.0,Automatic,second,hybrid,699000,13.457407451830088
Skoda,2,19500.0,Manual,first,petrol,1150000,13.955273369904273
Hyundai,15,117000.0,Manual,second,petrol,160000,11.982935344196433
Audi,9,82233.0,Automatic,first,diesel,885000,13.69334405393293
Toyota,0,1234.0,Manual,first,petrol,700000,13.45883704259595
Land Rover,6,50000.0,Automatic,second,diesel,2650000,14.790070575320824
Maruti Suzuki,9,80000.0,Manual,first,petrol,370000,12.821260987319457
Mahindra,8,54000.0,Manual,second,diesel,875000,13.681980308196241
Maruti Suzuki,4,37512.0,Manual,second,petrol,795000,13.586098651497313
BMW,9,69000.0,Automatic,second,diesel,1250000,14.038654909278163
Land Rover,9,110000.0,Automatic,second,diesel,1499000,14.22030944419592
Mercedes-Benz,2,42000.0,Automatic,first,diesel,12600000,16.349207451286784
Ford,6,25000.0,Automatic,first,petrol,625000,13.345508528717259
Tata,10,100000.0,Manual,first,petrol,140000,11.849404844423074
Maruti Suzuki,2,300000.0,Manual,second,hybrid,1075000,13.887832149776026
Hyundai,3,34000.0,Automatic,first,petrol,625000,13.345508528717259
Maruti Suzuki,9,66633.0,Manual,second,hybrid,300000,12.611541086966115
Hyundai,13,65000.0,Manual,second,petrol,160000,11.982935344196433
Nissan,3,38777.0,Automatic,first,petrol,749000,13.52649559761195
Maruti Suzuki,1,67000.0,Manual,first,hybrid,750000,13.527829818844937
Land Rover,5,51000.0,Automatic,first,diesel,3800000,15.150511887854474
Renault,7,60000.0,Manual,second,hybrid,325000,12.691583538230217
Maruti Suzuki,2,38000.0,Manual,first,hybrid,545000,13.208542908506082
Maruti Suzuki,10,120000.0,Automatic,first,hybrid,200000,12.206077645517674
Maruti Suzuki,8,40000.0,Manual,first,hybrid,395000,12.886643575525625
Maruti Suzuki,7,20000.0,Automatic,first,petrol,475000,13.07107218827772
Maruti Suzuki,2,67000.0,Manual,first,hybrid,595000,13.296318365198623
Honda,12,68000.0,Manual,first,petrol,365000,12.807655372286902
Maruti Suzuki,7,80000.0,Manual,first,hybrid,375000,12.834683971615659
Maruti Suzuki,8,60000.0,Automatic,second,petrol,410000,12.923914877701906
Mahindra,9,145000.0,Manual,second,diesel,875000,13.681980308196241
Toyota,5,165000.0,Automatic,second,diesel,2249000,14.625996675583417
Toyota,16,92000.0,Automatic,second,hybrid,260000,12.468440756144114
Toyota,10,129000.0,Automatic,second,diesel,1240000,14.030622744032508
Honda,16,89000.0,Manual,first,petrol,230000,12.345838935721968
Renault,7,17500.0,Automatic,first,petrol,315000,12.660331092405906
Maruti Suzuki,4,56867.0,Manual,second,hybrid,650000,13.384729180332174
Maruti Suzuki,5,87000.0,Manual,second,hybrid,990000,13.805461232211272
Volkswagen,10,49000.0,Automatic,second,petrol,450000,13.017005083966255
Maruti Suzuki,9,75254.0,Manual,first,hybrid,299000,12.608202196848836
Mitsubishi,10,89000.0,Manual,second,diesel,750000,13.527829818844937
Maruti Suzuki,16,95000.0,Automatic,first,hybrid,66000,11.097425172408931
Mercedes-Benz,9,73000.0,Automatic,first,diesel,1675000,14.331324320256051
Maruti Suzuki,5,81000.0,Automatic,second,petrol,590000,13.28787951079572
Renault,2,42000.0,Manual,first,petrol,450000,13.017005083966255
Honda,12,128000.0,Manual,second,petrol,475000,13.07107218827772
Honda,8,40000.0,Manual,first,petrol,590000,13.28787951079572
Honda,7,60000.0,Manual,first,hybrid,460000,13.038983942375959
Tata,3,19925.0,Automatic,first,hybrid,799999,13.592367006650065
Toyota,14,97000.0,Automatic,second,hybrid,240000,12.388398368982115
Ford,9,82000.0,Automatic,second,petrol,495000,13.112315061750808
Maruti Suzuki,11,106000.0,Manual,second,hybrid,265000,12.487488878546145
Maruti Suzuki,14,90000.0,Manual,second,hybrid,115000,11.652696102959753
Hyundai,8,89000.0,Automatic,second,hybrid,865000,13.670485941982712
Hyundai,10,54752.0,Manual,second,petrol,530000,13.180634172318978
Maruti Suzuki,0,3455.0,Manual,first,petrol,950000,13.76421831620775
Maruti Suzuki,5,66000.0,Manual,second,diesel,1075000,13.887832149776026
Maruti Suzuki,5,68000.0,Manual,second,hybrid,551000,13.219491903015438
Hyundai,8,25000.0,Manual,second,petrol,495000,13.112315061750808
Hyundai,9,89523.0,Manual,second,petrol,215000,12.278397958261774
Hyundai,4,55412.0,Automatic,first,petrol,595000,13.296318365198623
Maruti Suzuki,12,200000.0,Manual,second,diesel,380000,12.847929163278053
Mercedes-Benz,7,68000.0,Automatic,second,diesel,2750000,14.827111833279051
Hyundai,11,64205.0,Automatic,second,hybrid,259999,12.468436909997665
Maruti Suzuki,15,200000.0,Manual,second,petrol,178000,12.08954444723597
Maruti Suzuki,6,39000.0,Automatic,second,petrol,490000,13.102162710901053
Honda,12,85000.0,Manual,second,petrol,355000,12.779875885354993
Renault,3,51000.0,Manual,second,petrol,610000,13.321215875492413
Tata,2,14001.0,Automatic,second,petrol,849999,13.652991628466498
Maruti Suzuki,11,7500.0,Automatic,second,hybrid,210000,12.25486757159303
Renault,4,110000.0,Automatic,first,diesel,975000,13.790193775620484
Audi,9,89000.0,Automatic,second,diesel,1280000,14.062371417145494
Volkswagen,3,39000.0,Automatic,first,petrol,970000,13.785052381406869
Hyundai,9,60000.0,Manual,second,hybrid,290000,12.577639650232573
Volkswagen,3,71000.0,Manual,first,petrol,560000,13.235693848424024
Skoda,8,157000.0,Automatic,second,diesel,645000,13.377007146164305
Hyundai,8,106000.0,Automatic,second,diesel,930000,13.742940940397677
Hyundai,4,60000.0,Manual,first,petrol,760000,13.541075028051122
Tata,7,48100.0,Automatic,second,petrol,260000,12.468440756144114
Maruti Suzuki,1,23000.0,Manual,first,hybrid,640000,13.369225017834633
Maruti Suzuki,6,70000.0,Manual,first,petrol,420000,12.948012371209098
Maruti Suzuki,13,68650.0,Manual,second,hybrid,175000,12.07254696717504
Hyundai,13,85000.0,Manual,second,petrol,110000,11.608244735642321
Hyundai,5,62000.0,Manual,first,hybrid,465000,13.049794835104816
Hyundai,13,50000.0,Manual,second,hybrid,175000,12.07254696717504
Toyota,12,95747.0,Automatic,second,petrol,711000,13.47442911525415
Maruti Suzuki,16,20000.0,Automatic,second,hybrid,80000,11.289794413577894
Maruti Suzuki,7,67000.0,Manual,second,hybrid,279000,12.53897064502647
Hyundai,5,69000.0,Automatic,first,petrol,649999,13.38472764187182
Hyundai,9,53000.0,Automatic,first,hybrid,429000,12.969214528909768
Tata,0,120.0,Manual,first,hybrid,750000,13.527829818844937
Maruti Suzuki,7,60000.0,Manual,first,petrol,610000,13.321215875492413
Renault,5,45610.0,Automatic,first,petrol,689400,13.44357838360055
Hyundai,5,44000.0,Automatic,first,diesel,890000,13.698977865303197
Honda,14,81000.0,Manual,first,petrol,340000,12.73670383776449
Maruti Suzuki,7,139120.0,Manual,second,diesel,420000,12.948012371209098
Hyundai,14,56000.0,Manual,first,hybrid,250000,12.429220196836383
Volkswagen,8,118000.0,Manual,first,petrol,630000,13.353476685668044
Maruti Suzuki,9,74000.0,Manual,first,diesel,460000,13.038983942375959
Maruti Suzuki,3,20000.0,Manual,first,petrol,1030000,13.845070331079134
Maruti Suzuki,13,130000.0,Automatic,second,hybrid,130000,11.775297421715827
Honda,6,58000.0,Automatic,first,petrol,525000,13.171155446333852
Maruti Suzuki,9,62000.0,Manual,second,hybrid,125500,11.74006900564972
Maruti Suzuki,10,165000.0,Manual,second,petrol,200000,12.206077645517674
Toyota,8,190000.0,Automatic,second,diesel,1800000,14.403297778421795
Tata,6,98523.0,Manual,first,diesel,650000,13.384729180332174
Maruti Suzuki,8,71000.0,Manual,second,petrol,395000,12.886643575525625
Toyota,5,300000.0,Manual,second,petrol,599999,13.304684934198283
Maruti Suzuki,8,95000.0,Manual,second,hybrid,250000,12.429220196836383
MG,3,26000.0,Automatic,first,petrol,1400000,14.151983508870947
Hyundai,6,68000.0,Manual,first,hybrid,511000,13.144126826131089
Maruti Suzuki,12,67000.0,Manual,second,petrol,160000,11.982935344196433
Maruti Suzuki,6,45000.0,Automatic,second,petrol,495000,13.112315061750808
Honda,13,75000.0,Manual,first,hybrid,225000,12.323860125621126
Toyota,16,75000.0,Manual,first,diesel,722222,13.490089234452142
Maruti Suzuki,13,110000.0,Automatic,second,petrol,125000,11.736077016252437
Honda,9,56000.0,Automatic,second,petrol,645000,13.377007146164305
Toyota,1,29000.0,Automatic,first,hybrid,2750000,14.827111833279051
Hyundai,2,36304.0,Manual,first,petrol,1750000,14.375126917328105
Toyota,12,178000.0,Automatic,second,diesel,1250000,14.038654909278163
Honda,10,70000.0,Automatic,first,petrol,525000,13.171155446333852
Maruti Suzuki,13,81000.0,Automatic,second,hybrid,154000,11.944714374881176
Mini,5,41400.0,Automatic,second,petrol,4500000,15.319588176962746
Honda,5,129000.0,Automatic,second,petrol,1650000,14.316286451937186
Maruti Suzuki,6,57376.0,Manual,second,petrol,365000,12.807655372286902
Maruti Suzuki,5,67000.0,Automatic,second,hybrid,481000,13.083624628087817
Maruti Suzuki,4,92000.0,Automatic,first,hybrid,450000,13.017005083966255
Tata,3,19925.0,Automatic,first,hybrid,895000,13.704580114574805
Maruti Suzuki,18,125000.0,Manual,second,petrol,160000,11.982935344196433
Maruti Suzuki,12,79000.0,Manual,second,hybrid,299000,12.608202196848836
Maruti Suzuki,14,63000.0,Manual,second,petrol,215000,12.278397958261774
Hyundai,12,57000.0,Manual,second,petrol,425000,12.959846800844963
Land Rover,5,55000.0,Automatic,second,diesel,11500000,16.257857680289998
Volkswagen,7,90000.0,Manual,second,diesel,590000,13.28787951079572
Maruti Suzuki,5,65000.0,Automatic,second,hybrid,820000,13.617060838751888
Maruti Suzuki,7,113000.0,Manual,second,diesel,675000,13.42246945133505
Maruti Suzuki,7,1930.0,Automatic,second,hybrid,657000,13.395440819535605
Maruti Suzuki,8,18000.0,Manual,first,petrol,185000,12.128116509451258
Maruti Suzuki,7,70000.0,Automatic,first,hybrid,415000,12.936036208848487
Maruti Suzuki,9,120000.0,Manual,second,hybrid,250000,12.429220196836383
Hyundai,6,63000.0,Manual,first,petrol,265000,12.487488878546145
Nissan,11,96000.0,Manual,second,hybrid,195000,12.180759965737863
Toyota,8,77430.0,Automatic,second,diesel,1580000,14.272936037914342
Maruti Suzuki,9,79000.0,Automatic,second,petrol,400000,12.899222326086994
Hyundai,14,116000.0,Manual,second,hybrid,120000,11.695255355062795
Mahindra,13,95000.0,Manual,second,diesel,185000,12.128116509451258
Hyundai,9,86090.0,Manual,second,hybrid,399999,12.89921982609012
Hyundai,4,55000.0,Manual,first,hybrid,630000,13.353476685668044
Volkswagen,6,19000.0,Manual,second,petrol,695000,13.451668563394815
Hyundai,14,88000.0,Manual,second,petrol,165000,12.013706813470414
Mercedes-Benz,7,10000.0,Automatic,second,petrol,1375000,14.13396501635527
Maruti Suzuki,7,60000.0,Manual,first,petrol,515000,13.151924121391561
Maruti Suzuki,9,55000.0,Manual,second,diesel,325000,12.691583538230217
Maruti Suzuki,3,40000.0,Manual,first,petrol,519999,13.16158409055761
Honda,14,105000.0,Automatic,second,hybrid,275000,12.524530013005734
Maruti Suzuki,0,1750.0,Automatic,first,hybrid,750000,13.527829818844937
Maruti Suzuki,15,55000.0,Manual,first,petrol,225000,12.323860125621126
Toyota,10,56000.0,Manual,first,diesel,451000,13.019224835777257
Maruti Suzuki,2,29000.0,Manual,first,hybrid,599000,13.303018546545275
Maruti Suzuki,4,97000.0,Manual,first,hybrid,939000,13.752571823152559
Mercedes-Benz,6,45000.0,Automatic,second,diesel,2850000,14.862829903121964
Chevrolet,10,95000.0,Manual,second,diesel,380000,12.847929163278053
Hyundai,3,55000.0,Automatic,first,petrol,1700000,14.346139397261565
Honda,6,35234.0,Automatic,second,petrol,751000,13.529162262303307
Maruti Suzuki,8,48000.0,Manual,first,hybrid,415000,12.936036208848487
Honda,5,69000.0,Manual,first,petrol,725000,13.493928313146206
Volkswagen,13,90000.0,Manual,second,diesel,300000,12.611541086966115
Hyundai,12,88000.0,Automatic,first,hybrid,440000,12.994532278619134
Tata,12,50000.0,Manual,second,petrol,80000,11.289794413577894
Hyundai,3,28000.0,Automatic,first,petrol,950000,13.76421831620775
Mahindra,12,120000.0,Manual,second,diesel,595000,13.296318365198623
Maruti Suzuki,8,51000.0,Manual,second,hybrid,375000,12.834683971615659
Maruti Suzuki,5,147000.0,Automatic,first,hybrid,875000,13.681980308196241
Ford,10,105000.0,Manual,second,diesel,325000,12.691583538230217
Skoda,5,35000.0,Automatic,second,petrol,1825000,14.417091092943783
Hyundai,12,72000.0,Manual,second,hybrid,260000,12.468440756144114
Ford,7,89000.0,Automatic,first,diesel,2000000,14.508658238524095
Hyundai,5,58000.0,Automatic,second,hybrid,950000,13.76421831620775
Volkswagen,7,62000.0,Manual,first,hybrid,425000,12.959846800844963
Maruti Suzuki,5,100000.0,Automatic,second,hybrid,400000,12.899222326086994
Toyota,10,70000.0,Automatic,first,hybrid,511000,13.144126826131089
Hyundai,15,88000.0,Automatic,second,petrol,220000,12.301387370778713
Maruti Suzuki,6,78000.0,Automatic,first,hybrid,400000,12.899222326086994
Mahindra,3,45000.0,Automatic,second,diesel,1350000,14.115615891155079
Toyota,11,195000.0,Manual,second,diesel,640000,13.369225017834633
Hyundai,10,62000.0,Manual,first,petrol,185000,12.128116509451258
Honda,14,90000.0,Automatic,second,hybrid,210000,12.25486757159303
Hyundai,13,64000.0,Manual,second,hybrid,325000,12.691583538230217
Tata,6,80000.0,Automatic,first,diesel,560000,13.235693848424024
Maruti Suzuki,8,69000.0,Manual,second,hybrid,475000,13.07107218827772
BMW,13,151244.0,Automatic,second,diesel,1365000,14.126665719201661
Tata,9,103000.0,Automatic,second,diesel,285000,12.560247968016562
Renault,3,65200.0,Automatic,first,hybrid,485000,13.091906231773164
Maruti Suzuki,7,59500.0,Manual,first,hybrid,621000,13.339087971220277
BMW,7,42000.0,Automatic,first,diesel,3150000,14.962913328262083
Hyundai,14,110000.0,Manual,first,hybrid,120000,11.695255355062795
Toyota,0,30000.0,Automatic,first,hybrid,2700000,14.80876270134486
Maruti Suzuki,4,42214.0,Manual,first,hybrid,1025000,13.840204146163925
Hyundai,2,73000.0,Manual,first,petrol,711000,13.47442911525415
Hyundai,13,100000.0,Automatic,second,hybrid,240000,12.388398368982115
Maruti Suzuki,6,78000.0,Automatic,first,hybrid,450000,13.017005083966255
Maruti Suzuki,6,62956.0,Manual,first,petrol,365000,12.807655372286902
Kia,5,35200.0,Automatic,second,diesel,1380000,14.137594781770806
Maruti Suzuki,9,60000.0,Manual,first,petrol,495000,13.112315061750808
Mahindra,2,50000.0,Manual,second,diesel,1450000,14.187074804051692
Mercedes-Benz,11,78000.0,Automatic,first,diesel,1599000,14.284889617206765
Hyundai,12,151000.0,Manual,second,hybrid,225000,12.323860125621126
Maruti Suzuki,5,69600.0,Manual,first,hybrid,439000,12.992256969959042
Toyota,6,165000.0,Automatic,second,diesel,3250000,14.99416586199818
Mercedes-Benz,6,28691.0,Automatic,second,petrol,2400000,14.690979711984754
Mahindra,2,22000.0,Automatic,second,petrol,1575000,14.269766465162304
Maruti Suzuki,12,74000.0,Manual,first,hybrid,235000,12.367345048436391
Maruti Suzuki,10,70000.0,Automatic,first,hybrid,285000,12.560247968016562
Maruti Suzuki,5,63000.0,Automatic,second,hybrid,820000,13.617060838751888
Ford,4,58000.0,Manual,second,petrol,575000,13.26212705890841
Tata,7,111677.0,Automatic,second,diesel,1325000,14.096923772119156
Hyundai,4,85326.0,Manual,second,diesel,520000,13.161586013632684
Honda,16,82000.0,Automatic,first,petrol,170000,12.04355959836804
Honda,15,100502.0,Automatic,second,hybrid,365365,12.808654869883005
Maruti Suzuki,9,87532.0,Manual,first,diesel,690000,13.444448325847754
Maruti Suzuki,11,70000.0,Manual,second,hybrid,195000,12.180759965737863
Hyundai,8,88000.0,Manual,second,diesel,645000,13.377007146164305
Hyundai,4,66000.0,Manual,first,hybrid,610000,13.321215875492413
Hyundai,14,150000.0,Manual,second,hybrid,82000,11.314486721293981
Nissan,3,17000.0,Automatic,first,petrol,845000,13.647093089770562
Maruti Suzuki,3,32000.0,Automatic,second,petrol,560000,13.235693848424024
Maruti Suzuki,6,22000.0,Automatic,second,petrol,530000,13.180634172318978
Maruti Suzuki,14,70000.0,Manual,first,petrol,265000,12.487488878546145
Maruti Suzuki,7,60750.0,Automatic,second,hybrid,465000,13.049794835104816
Maruti Suzuki,4,52000.0,Manual,first,hybrid,530000,13.180634172318978
Ford,6,33650.0,Automatic,first,hybrid,689999,13.444446876573442
Maruti Suzuki,14,90000.0,Manual,second,petrol,265000,12.487488878546145
Renault,7,79000.0,Manual,second,petrol,230000,12.345838935721968
Hyundai,4,71000.0,Manual,first,hybrid,525000,13.171155446333852
Honda,16,87000.0,Automatic,second,petrol,470000,13.060490101343552
BMW,4,9000.0,Automatic,first,petrol,8400000,15.943742382861155
Maruti Suzuki,7,58000.0,Automatic,second,hybrid,590000,13.28787951079572
Honda,19,75000.0,Automatic,second,petrol,199000,12.201065128819632
Maruti Suzuki,9,72000.0,Manual,first,petrol,371000,12.82396003700373
Toyota,5,43000.0,Automatic,first,hybrid,3175000,14.97081850526951
Hyundai,10,300000.0,Automatic,second,hybrid,479000,13.079457964073546
Maruti Suzuki,15,300000.0,Manual,first,hybrid,110000,11.608244735642321
Mitsubishi,14,100000.0,Automatic,second,petrol,399000,12.896719202134523
Maruti Suzuki,5,25000.0,Automatic,first,petrol,960000,13.774689605110144
Maruti Suzuki,6,55000.0,Manual,second,hybrid,395000,12.886643575525625
Maruti Suzuki,5,175001.0,Manual,second,hybrid,350000,12.765691290604371
Honda,13,92200.0,Automatic,second,petrol,290000,12.577639650232573
Hyundai,4,75000.0,Automatic,second,hybrid,600000,13.304686600863562
Honda,12,81859.0,Manual,second,petrol,320000,12.676079399771027
Toyota,1,300000.0,Automatic,first,hybrid,3850000,15.163583966004193
Toyota,8,161000.0,Automatic,second,diesel,2075000,14.54547219357453
Maruti Suzuki,14,87000.0,Manual,first,petrol,320000,12.676079399771027
Jeep,5,65976.0,Automatic,first,petrol,1450000,14.187074804051692
Honda,7,62300.0,Manual,first,hybrid,634999,13.36138027787483
Maruti Suzuki,12,93000.0,Manual,first,hybrid,425000,12.959846800844963
Maruti Suzuki,4,60000.0,Manual,first,petrol,750000,13.527829818844937
Hyundai,5,68000.0,Manual,first,hybrid,575000,13.26212705890841
Maruti Suzuki,13,140000.0,Automatic,second,hybrid,130000,11.775297421715827
Maruti Suzuki,6,82000.0,Manual,first,hybrid,385000,12.861001210669146
Toyota,6,58000.0,Automatic,first,petrol,560000,13.235693848424024
Maruti Suzuki,5,65322.0,Manual,second,petrol,625000,13.345508528717259
Toyota,7,188000.0,Manual,second,diesel,1425000,14.169683073439028
Hyundai,10,63000.0,Automatic,second,petrol,425000,12.959846800844963
Volkswagen,2,25000.0,Manual,first,petrol,1290000,14.070153551531353
Hyundai,4,25000.0,Automatic,first,petrol,621000,13.339087971220277
Hyundai,16,68000.0,Manual,first,petrol,110000,11.608244735642321
Skoda,7,125300.0,Automatic,first,diesel,1495000,14.217637433703022
Mercedes-Benz,8,28000.0,Automatic,first,diesel,3000000,14.914123179965662
Nissan,10,133000.0,Manual,second,diesel,450000,13.017005083966255
Maruti Suzuki,4,52100.0,Manual,first,hybrid,1000000,13.815511557963774
Maruti Suzuki,1,44000.0,Manual,first,hybrid,1175000,13.976779556623864
Honda,8,112000.0,Manual,first,petrol,785000,13.573440270649085
Hyundai,3,25000.0,Manual,second,petrol,640000,13.369225017834633
Maruti Suzuki,3,156000.0,Automatic,first,hybrid,560000,13.235693848424024
Maruti Suzuki,2,17600.0,Manual,first,hybrid,625000,13.345508528717259
Toyota,2,81000.0,Automatic,first,diesel,2550000,14.751604309291395
Hyundai,3,53000.0,Automatic,first,hybrid,650000,13.384729180332174
Ford,5,64000.0,Manual,second,diesel,745000,13.521140839642674
Tata,8,71000.0,Manual,first,diesel,475000,13.07107218827772
Nissan,0,3313.0,Automatic,first,petrol,780000,13.567050480716235
Hyundai,6,34000.0,Automatic,second,petrol,545000,13.208542908506082
Hyundai,15,65000.0,Automatic,second,hybrid,180000,12.100717685412471
Hyundai,0,10000.0,Automatic,first,hybrid,900000,13.710151153416941
Maruti Suzuki,10,34260.0,Manual,second,diesel,365000,12.807655372286902
Maruti Suzuki,10,72000.0,Automatic,first,petrol,361000,12.796636007394284
Maruti Suzuki,7,100000.0,Automatic,first,hybrid,380000,12.847929163278053
Maruti Suzuki,5,73000.0,Manual,first,hybrid,465000,13.049794835104816
BMW,2,43000.0,Automatic,first,petrol,5200000,15.46416937585933
Maruti Suzuki,4,56000.0,Automatic,first,hybrid,890000,13.698977865303197
Maruti Suzuki,5,75000.0,Automatic,second,diesel,750000,13.527829818844937
Honda,10,79000.0,Manual,second,hybrid,415000,12.936036208848487
Maruti Suzuki,13,60500.0,Manual,second,diesel,360000,12.793862088206213
Renault,8,61000.0,Manual,second,petrol,240000,12.388398368982115
Hyundai,6,27000.0,Manual,second,hybrid,525000,13.171155446333852
Hyundai,5,57000.0,Manual,first,petrol,525000,13.171155446333852
Mahindra,4,68728.0,Manual,second,diesel,1150000,13.955273369904273
Maruti Suzuki,6,62217.0,Automatic,second,hybrid,421999,12.952760593018148
Mercedes-Benz,7,64000.0,Automatic,second,diesel,2299000,14.64798523871695
Maruti Suzuki,13,92500.0,Automatic,second,hybrid,148000,11.904974309480183
Maruti Suzuki,5,28000.0,Manual,first,hybrid,375000,12.834683971615659
Hyundai,12,57000.0,Manual,second,petrol,155000,11.951186847493476
Ford,8,60000.0,Automatic,second,petrol,495000,13.112315061750808
Audi,10,72000.0,Automatic,second,diesel,725000,13.493928313146206
Toyota,7,105000.0,Automatic,second,petrol,1050000,13.864301674514206
Maruti Suzuki,4,81000.0,Manual,second,petrol,950000,13.76421831620775
Hyundai,7,38000.0,Manual,second,petrol,450000,13.017005083966255
Renault,4,110000.0,Automatic,first,diesel,975000,13.790193775620484
Maruti Suzuki,7,78250.0,Manual,second,hybrid,375000,12.834683971615659
Maruti Suzuki,7,19000.0,Manual,first,petrol,550000,13.217675375388819
Hyundai,13,46000.0,Manual,second,petrol,145000,11.884495917930655
Maruti Suzuki,14,77000.0,Manual,second,petrol,299000,12.608202196848836
Hyundai,11,64000.0,Manual,second,hybrid,260000,12.468440756144114
Tata,2,20000.0,Manual,first,hybrid,649000,13.38318953651709
Toyota,1,58000.0,Automatic,first,hybrid,3750000,15.137266664613225
Hyundai,5,25619.0,Automatic,second,petrol,798000,13.589865129563993
Maruti Suzuki,6,46313.0,Manual,first,hybrid,350000,12.765691290604371
Maruti Suzuki,7,63000.0,Automatic,second,hybrid,550000,13.217675375388819
Hyundai,7,101000.0,Manual,first,diesel,695000,13.451668563394815
Honda,7,93000.0,Automatic,second,hybrid,650000,13.384729180332174
Maruti Suzuki,16,89000.0,Manual,second,diesel,293000,12.587931300962664
Kia,4,55000.0,Automatic,first,diesel,1499000,14.22030944419592
Hyundai,7,65000.0,Automatic,second,diesel,950000,13.76421831620775
Maruti Suzuki,6,60000.0,Manual,second,hybrid,320000,12.676079399771027
Maruti Suzuki,4,42132.0,Manual,first,hybrid,1024999,13.840203170554645
Hyundai,1,12000.0,Manual,first,petrol,725000,13.493928313146206
Mahindra,6,48000.0,Manual,first,hybrid,375000,12.834683971615659
Mahindra,3,21000.0,Manual,second,diesel,1550000,14.253766134056512
Jeep,5,61000.0,Automatic,first,petrol,1350000,14.115615891155079
Honda,11,95000.0,Manual,second,diesel,310000,12.644330802262578
Tata,9,10085.0,Automatic,first,hybrid,250000,12.429220196836383
Maruti Suzuki,14,149000.0,Manual,second,hybrid,180000,12.100717685412471
Mahindra,4,53000.0,Automatic,second,diesel,1300000,14.077875591662238
Maruti Suzuki,2,45000.0,Manual,first,hybrid,695000,13.451668563394815
Volvo,7,80000.0,Automatic,second,diesel,1840000,14.425276673063282
BMW,11,70000.0,Automatic,second,diesel,1700000,14.346139397261565
Maruti Suzuki,5,39000.0,Manual,first,petrol,498000,13.118357364036902
Maruti Suzuki,3,53499.0,Manual,first,petrol,620000,13.3374763699232
Tata,2,9100.0,Automatic,first,petrol,720000,13.487007879880162
BMW,10,110000.0,Automatic,second,diesel,1600000,14.285514812209815
Renault,5,30000.0,Automatic,first,hybrid,390000,12.873904582205107
Maruti Suzuki,4,42000.0,Automatic,first,hybrid,998000,13.813509557297108
Honda,6,65234.0,Automatic,first,petrol,699000,13.457407451830088
Maruti Suzuki,16,100000.0,Automatic,second,hybrid,80000,11.289794413577894
Maruti Suzuki,4,28000.0,Manual,first,petrol,415000,12.936036208848487
Audi,4,40000.0,Automatic,second,diesel,4150000,15.238619133170708
Hyundai,13,45000.0,Automatic,first,petrol,395000,12.886643575525625
Hyundai,15,84000.0,Automatic,second,hybrid,240000,12.388398368982115
Mercedes-Benz,4,43000.0,Automatic,second,petrol,11500000,16.257857680289998
Honda,4,53000.0,Automatic,first,petrol,975000,13.790193775620484
Maruti Suzuki,7,24806.0,Automatic,first,petrol,725000,13.493928313146206
Ford,11,126141.0,Manual,second,diesel,259000,12.464587201678082
Hyundai,9,66980.0,Automatic,second,petrol,448000,13.012550743537489
Toyota,10,78000.0,Automatic,second,hybrid,575000,13.26212705890841
Toyota,13,91000.0,Manual,first,petrol,245000,12.409017571151187
Maruti Suzuki,6,53000.0,Automatic,second,hybrid,525000,13.171155446333852
Ford,6,59460.0,Manual,first,petrol,585000,13.279368835614243
Land Rover,6,86008.0,Automatic,first,diesel,3450000,15.053885078862573
Toyota,0,6100.0,Automatic,first,hybrid,2300000,14.648420115681892
Toyota,11,76000.0,Automatic,first,hybrid,450000,13.017005083966255
BMW,8,55231.0,Automatic,second,diesel,1550000,14.253766134056512
Maruti Suzuki,2,47000.0,Manual,first,hybrid,925000,13.73755009757506
Hyundai,9,94371.0,Manual,second,petrol,327850,12.700314515862498
Tata,9,30000.0,Manual,second,petrol,130000,11.775297421715827
Maruti Suzuki,7,78412.0,Automatic,first,petrol,525000,13.171155446333852
Skoda,9,97852.0,Manual,second,hybrid,399000,12.896719202134523
Maruti Suzuki,10,66339.0,Automatic,second,petrol,370000,12.821260987319457
Skoda,5,62000.0,Manual,first,petrol,595000,13.296318365198623
Maruti Suzuki,2,20000.0,Automatic,first,petrol,700000,13.45883704259595
BMW,12,80000.0,Automatic,second,diesel,1250000,14.038654909278163
Maruti Suzuki,1,3000.0,Automatic,first,hybrid,600000,13.304686600863562
Maruti Suzuki,6,57200.0,Manual,first,hybrid,799000,13.591117476312084
Maruti Suzuki,15,82000.0,Manual,second,petrol,178000,12.08954444723597
Toyota,12,22.0,Manual,second,diesel,860000,13.664688831019712
Honda,16,98000.0,Manual,second,hybrid,385000,12.861001210669146
Hyundai,17,102820.0,Manual,second,petrol,123000,11.719947764402807
Maruti Suzuki,1,48000.0,Manual,second,hybrid,720000,13.487007879880162
Maruti Suzuki,6,55000.0,Manual,first,petrol,395000,12.886643575525625
Maruti Suzuki,14,75000.0,Manual,second,diesel,188888,12.148914819925347
Maruti Suzuki,8,54000.0,Automatic,second,petrol,625000,13.345508528717259
Force,6,270000.0,Manual,second,diesel,1090000,13.901689171636098
Maruti Suzuki,14,98120.0,Manual,second,petrol,140000,11.849404844423074
Mercedes-Benz,10,114000.0,Automatic,second,diesel,3151000,14.963230738098929
Mahindra,9,99774.0,Manual,second,diesel,875000,13.681980308196241
Toyota,9,105000.0,Manual,second,diesel,1150000,13.955273369904273
Hyundai,9,70475.0,Manual,second,diesel,390000,12.873904582205107
Hyundai,15,91000.0,Manual,first,petrol,250000,12.429220196836383
Volkswagen,3,47000.0,Automatic,second,petrol,1075000,13.887832149776026
Maruti Suzuki,6,63000.0,Automatic,first,hybrid,325000,12.691583538230217
Maruti Suzuki,7,15000.0,Automatic,second,petrol,573000,13.258642740896052
Ford,10,62200.0,Manual,second,hybrid,365000,12.807655372286902
Hyundai,11,72000.0,Automatic,second,diesel,485000,13.091906231773164
Volvo,10,116000.0,Automatic,second,diesel,1050000,13.864301674514206
Maruti Suzuki,2,40000.0,Automatic,second,hybrid,680000,13.429849547739444
Hyundai,6,28000.0,Automatic,first,hybrid,650000,13.384729180332174
Hyundai,6,81000.0,Automatic,first,diesel,1150000,13.955273369904273
Maruti Suzuki,1,100000.0,Automatic,first,hybrid,1100000,13.910821646859095
Maruti Suzuki,6,24568.0,Automatic,first,hybrid,595000,13.296318365198623
Ford,8,100000.0,Manual,second,diesel,560000,13.235693848424024
Hyundai,6,48000.0,Manual,first,hybrid,480000,13.081543466215237
Toyota,0,4000.0,Automatic,first,hybrid,3950000,15.18922639004183
Maruti Suzuki,7,62000.0,Automatic,first,hybrid,411000,12.926350926565435
Volvo,9,108000.0,Automatic,first,diesel,1250000,14.038654909278163
Maruti Suzuki,13,90000.0,Automatic,second,hybrid,140500,11.852969885168331
Ford,6,58000.0,Manual,first,diesel,550000,13.217675375388819
Honda,7,84000.0,Manual,first,hybrid,450000,13.017005083966255
Mahindra,3,48271.0,Automatic,second,petrol,895000,13.704580114574805
Hyundai,6,46000.0,Manual,first,hybrid,545000,13.208542908506082
Maruti Suzuki,6,60000.0,Automatic,first,petrol,395000,12.886643575525625
Skoda,8,93857.0,Automatic,second,petrol,390000,12.873904582205107
Mahindra,12,15600.0,Automatic,second,diesel,135000,11.813037464800539
Maruti Suzuki,8,38850.0,Automatic,first,petrol,410000,12.923914877701906
Honda,14,80000.0,Automatic,second,hybrid,315000,12.660331092405906
Maruti Suzuki,7,78000.0,Automatic,first,petrol,619999,13.337474757021274
Toyota,3,37000.0,Automatic,first,petrol,1010000,13.825461878915961
Maruti Suzuki,8,75000.0,Manual,second,hybrid,719999,13.487006490992238
Mercedes-Benz,13,300000.0,Automatic,second,petrol,755555,13.535209181045238
Kia,1,20000.0,Automatic,first,diesel,1900000,14.45736497045232
Honda,7,117000.0,Manual,first,petrol,450000,13.017005083966255
Honda,7,79000.0,Automatic,second,hybrid,720000,13.487007879880162
Toyota,5,55000.0,Automatic,first,petrol,2650000,14.790070575320824
Kia,3,11000.0,Automatic,first,diesel,2995000,14.912455123421447
Hyundai,3,29938.0,Manual,first,petrol,543000,13.204866440535003
Maruti Suzuki,9,69000.0,Automatic,first,petrol,410000,12.923914877701906
Hyundai,7,79000.0,Automatic,first,petrol,675000,13.42246945133505
Maruti Suzuki,6,16500.0,Automatic,second,diesel,950000,13.76421831620775
Maruti Suzuki,6,29678.0,Automatic,first,petrol,438000,12.989976472461
Maruti Suzuki,6,66000.0,Automatic,second,hybrid,535000,13.190023895035274
Ford,8,56000.0,Manual,first,diesel,339000,12.733758336210744
Honda,6,75000.0,Automatic,first,diesel,595000,13.296318365198623
Maruti Suzuki,1,4900.0,Automatic,first,petrol,590000,13.28787951079572
Chevrolet,9,118182.0,Automatic,second,diesel,505000,13.132315688453556
Maruti Suzuki,6,51000.0,Manual,second,diesel,585000,13.279368835614243
Maruti Suzuki,10,80000.0,Manual,second,hybrid,495000,13.112315061750808
Honda,9,67000.0,Automatic,second,hybrid,565000,13.244582780038517
Maruti Suzuki,9,30.0,Automatic,second,hybrid,300000,12.611541086966115
Renault,4,65000.0,Manual,first,petrol,523000,13.167338655091122
Honda,6,66000.0,Automatic,second,hybrid,799000,13.591117476312084
Tata,7,72000.0,Manual,first,diesel,750000,13.527829818844937
Ford,7,78663.0,Automatic,first,diesel,1679884,14.334235896655517
Hyundai,2,41000.0,Manual,first,petrol,835000,13.635188201437066
Hyundai,8,66000.0,Manual,first,petrol,495000,13.112315061750808
Maruti Suzuki,9,34.0,Automatic,second,hybrid,275000,12.524530013005734
Honda,4,88000.0,Manual,first,hybrid,690000,13.444448325847754
Hyundai,15,70000.0,Automatic,second,petrol,125000,11.736077016252437
Hyundai,4,45635.0,Manual,second,petrol,897000,13.706812255867513
Volkswagen,6,40000.0,Manual,first,petrol,525000,13.171155446333852
Hyundai,12,75000.0,Manual,first,hybrid,150000,11.918397239722838
Ford,5,115000.0,Manual,first,diesel,475000,13.07107218827772
Mercedes-Benz,0,3500.0,Automatic,first,diesel,30500000,17.233237274364523
Audi,8,65000.0,Automatic,first,hybrid,3600000,15.096444681204078
Maruti Suzuki,8,170000.0,Automatic,first,hybrid,270000,12.506180941677357
Maruti Suzuki,6,68000.0,Manual,first,hybrid,415000,12.936036208848487
Maruti Suzuki,17,115233.0,Automatic,second,hybrid,85000,11.350418300109132
Mercedes-Benz,3,15000.0,Automatic,first,petrol,5100000,15.444751293772967
BMW,12,53160.0,Automatic,second,diesel,899000,13.70903942580019
Maruti Suzuki,0,15000.0,Automatic,first,hybrid,150000,11.918397239722838
Maruti Suzuki,5,20000.0,Automatic,first,hybrid,350000,12.765691290604371
Toyota,5,117000.0,Automatic,first,petrol,2495000,14.72979968796928
Maruti Suzuki,7,72300.0,Manual,first,hybrid,749000,13.52649559761195
Ford,7,90000.0,Manual,second,hybrid,500000,13.122365377402328
Maruti Suzuki,13,100000.0,Automatic,first,hybrid,130000,11.775297421715827
Volkswagen,7,52232.0,Automatic,second,diesel,575000,13.26212705890841
Ford,11,87000.0,Manual,second,diesel,385000,12.861001210669146
Hyundai,13,56000.0,Automatic,second,petrol,275000,12.524530013005734
BMW,3,32000.0,Automatic,second,petrol,7999000,15.894827216846577
Skoda,1,33000.0,Manual,first,petrol,1390000,14.144815024531075
Maruti Suzuki,6,55000.0,Automatic,first,hybrid,250000,12.429220196836383
Honda,11,107000.0,Automatic,second,petrol,550000,13.217675375388819
Honda,19,122000.0,Automatic,second,petrol,250000,12.429220196836383
Maruti Suzuki,3,46000.0,Manual,second,petrol,599900,13.304519920584285
Maruti Suzuki,5,64000.0,Automatic,second,hybrid,820000,13.617060838751888
Maruti Suzuki,14,45000.0,Manual,second,hybrid,250000,12.429220196836383
Maruti Suzuki,12,70000.0,Manual,second,hybrid,160000,11.982935344196433
Mini,9,72000.0,Automatic,second,petrol,1445000,14.183620571569953
Renault,5,61000.0,Automatic,second,petrol,925000,13.73755009757506
Audi,13,103000.0,Automatic,second,diesel,650000,13.384729180332174
Lexus,6,71767.0,Automatic,first,hybrid,3125000,14.954945161152589
Maruti Suzuki,8,48000.0,Manual,first,petrol,325000,12.691583538230217
Hyundai,4,42000.0,Manual,first,petrol,1350000,14.115615891155079
Hyundai,5,72000.0,Manual,first,petrol,485000,13.091906231773164
Tata,1,27000.0,Manual,first,hybrid,731000,13.502170106720037
Maruti Suzuki,6,90000.0,Manual,first,hybrid,425000,12.959846800844963
Toyota,20,96000.0,Manual,second,diesel,349000,12.762830066509972
Mercedes-Benz,3,80000.0,Automatic,second,petrol,3190000,14.975531788240602
Skoda,4,41000.0,Automatic,first,petrol,1825000,14.417091092943783
Hyundai,10,100000.0,Automatic,second,petrol,410000,12.923914877701906
Maruti Suzuki,12,78000.0,Manual,second,hybrid,480000,13.081543466215237
Mahindra,4,93000.0,Manual,second,diesel,645000,13.377007146164305
Honda,10,62405.0,Manual,first,petrol,435000,12.983103608918753
Maruti Suzuki,0,22000.0,Automatic,first,hybrid,1300000,14.077875591662238
Mahindra,9,80000.0,Manual,second,diesel,450000,13.017005083966255
Mahindra,7,189000.0,Manual,second,diesel,345000,12.75130259456002
Hyundai,12,180000.0,Automatic,second,hybrid,150000,11.918397239722838
Hyundai,11,68000.0,Automatic,first,petrol,350000,12.765691290604371
Maruti Suzuki,6,58746.0,Automatic,second,petrol,615000,13.329379172803593
Hyundai,11,90000.0,Manual,second,diesel,345000,12.75130259456002
Toyota,9,68000.0,Automatic,second,hybrid,777777,13.564196415397612
Hyundai,13,57000.0,Manual,second,petrol,230000,12.345838935721968
Volkswagen,5,300000.0,Automatic,second,diesel,825000,13.623139877437296
Hyundai,1,53000.0,Manual,first,petrol,885000,13.69334405393293
Hyundai,7,43000.0,Automatic,second,petrol,420000,12.948012371209098
BMW,12,72000.0,Automatic,second,diesel,721000,13.488395803228677
Maruti Suzuki,8,75000.0,Manual,second,hybrid,250000,12.429220196836383
Ford,4,46000.0,Automatic,second,diesel,3250000,14.99416586199818
Hyundai,15,140000.0,Automatic,second,hybrid,45000,10.714439990727769
Maruti Suzuki,5,68000.0,Manual,second,hybrid,1065000,13.878486296092358
Mahindra,11,80000.0,Automatic,second,diesel,450000,13.017005083966255
Mercedes-Benz,11,72000.0,Automatic,second,diesel,1550000,14.253766134056512
Maruti Suzuki,14,83.0,Automatic,second,hybrid,160000,11.982935344196433
Maruti Suzuki,7,42000.0,Manual,second,petrol,325000,12.691583538230217
Maruti Suzuki,4,42147.0,Manual,first,hybrid,1024999,13.840203170554645
Honda,8,60000.0,Automatic,second,petrol,775000,13.560619598657233
Maruti Suzuki,6,40100.0,Automatic,first,petrol,384000,12.85840043573314
Mercedes-Benz,7,85000.0,Automatic,second,diesel,1950000,14.48334044336031
Maruti Suzuki,1,34000.0,Automatic,first,hybrid,1200000,13.997832948091215
Skoda,5,56644.0,Automatic,first,petrol,1185000,13.98525417643287
Hyundai,12,65000.0,Manual,second,hybrid,160000,11.982935344196433
Mahindra,5,99000.0,Automatic,first,diesel,1150000,13.955273369904273
Honda,9,98000.0,Manual,second,petrol,465000,13.049794835104816
Maruti Suzuki,4,78000.0,Manual,first,hybrid,589000,13.286183160425152
Hyundai,3,77000.0,Manual,second,diesel,700000,13.45883704259595
Renault,7,61000.0,Manual,second,hybrid,320000,12.676079399771027
Maruti Suzuki,4,70000.0,Automatic,first,hybrid,427500,12.965711906537503
Maruti Suzuki,7,99572.0,Manual,second,diesel,515000,13.151924121391561
Renault,7,58000.0,Automatic,first,petrol,375000,12.834683971615659
Hyundai,8,210000.0,Automatic,second,hybrid,185000,12.128116509451258
Hyundai,11,60000.0,Manual,second,hybrid,400000,12.899222326086994
Hyundai,4,47000.0,Automatic,first,hybrid,550000,13.217675375388819
Hyundai,8,60000.0,Manual,second,hybrid,350000,12.765691290604371
Maruti Suzuki,14,69500.0,Manual,second,hybrid,210000,12.25486757159303
Maruti Suzuki,2,80000.0,Automatic,first,petrol,550000,13.217675375388819
Tata,8,82000.0,Manual,first,petrol,390000,12.873904582205107
Maruti Suzuki,6,50000.0,Automatic,first,hybrid,599000,13.303018546545275
Maruti Suzuki,13,100600.0,Manual,second,petrol,260000,12.468440756144114
Maruti Suzuki,4,85000.0,Manual,first,hybrid,465000,13.049794835104816
Maruti Suzuki,4,240000.0,Manual,first,hybrid,680000,13.429849547739444
Toyota,9,144000.0,Manual,second,diesel,1099000,13.909912143303451
Maruti Suzuki,2,38000.0,Manual,second,hybrid,1025000,13.840204146163925
Mahindra,9,100000.0,Automatic,second,diesel,410000,12.923914877701906
BMW,12,72000.0,Automatic,second,diesel,1151000,13.956142556513372
Hyundai,8,37000.0,Manual,second,petrol,495000,13.112315061750808
Hyundai,7,300000.0,Automatic,second,hybrid,472000,13.064736383209516
Tata,5,68000.0,Manual,second,diesel,1160000,13.963931425151141
Maruti Suzuki,9,75000.0,Automatic,second,hybrid,175000,12.07254696717504
Hyundai,7,300000.0,Manual,second,petrol,500000,13.122365377402328
Hyundai,1,30000.0,Automatic,first,petrol,1450000,14.187074804051692
Maruti Suzuki,9,151000.0,Manual,second,hybrid,525000,13.171155446333852
Honda,13,101000.0,Automatic,first,hybrid,215000,12.278397958261774
Datsun,9,120000.0,Automatic,first,hybrid,138000,11.835016210489899
MG,2,4700.0,Manual,first,petrol,1390000,14.144815024531075
Nissan,8,142162.0,Manual,second,diesel,425000,12.959846800844963
Audi,8,100000.0,Automatic,second,diesel,1380000,14.137594781770806
Hyundai,4,39000.0,Manual,first,petrol,1190000,13.989464705423494
Hyundai,6,46000.0,Manual,first,hybrid,545000,13.208542908506082
Mahindra,6,81000.0,Manual,second,diesel,850000,13.652992804936396
Maruti Suzuki,0,15000.0,Manual,first,hybrid,380000,12.847929163278053
Honda,15,83000.0,Manual,second,petrol,330001,12.706853994030357
Hyundai,16,78000.0,Manual,first,petrol,225000,12.323860125621126
Maruti Suzuki,3,57000.0,Manual,first,hybrid,1050000,13.864301674514206
Maruti Suzuki,18,78500.0,Automatic,second,hybrid,95000,11.461642696843066
Honda,9,81000.0,Manual,second,petrol,399000,12.896719202134523
Maruti Suzuki,2,49000.0,Manual,first,hybrid,575000,13.26212705890841
Honda,14,81000.0,Manual,second,petrol,335000,12.721888795877375
BMW,10,136000.0,Automatic,first,diesel,2250000,14.626441218624949
Datsun,9,90000.0,Manual,second,petrol,170000,12.04355959836804
Audi,11,99990.0,Automatic,second,diesel,859999,13.664687668229691
Maruti Suzuki,2,29000.0,Manual,first,hybrid,850000,13.652992804936396
Volkswagen,9,80000.0,Automatic,first,diesel,640000,13.369225017834633
Maruti Suzuki,1,18000.0,Manual,first,petrol,390000,12.873904582205107
BMW,10,23010.0,Automatic,first,diesel,1375010,14.133972289050808
Maruti Suzuki,10,66000.0,Manual,second,petrol,220000,12.301387370778713
Mercedes-Benz,9,51000.0,Automatic,second,diesel,4100000,15.226497775576945
Mahindra,13,100000.0,Manual,second,diesel,300000,12.611541086966115
Volvo,8,166000.0,Automatic,second,diesel,1750000,14.375126917328105
Renault,4,26000.0,Automatic,first,hybrid,490000,13.102162710901053
Hyundai,13,75000.0,Manual,second,hybrid,229000,12.34148164933907
Maruti Suzuki,5,32388.0,Manual,second,petrol,400000,12.899222326086994
Renault,8,300000.0,Manual,first,petrol,250000,12.429220196836383
Honda,9,82670.0,Manual,second,hybrid,364999,12.80765263256463
Audi,12,124000.0,Automatic,second,diesel,675000,13.42246945133505
Renault,11,119000.0,Manual,second,diesel,425000,12.959846800844963
Maruti Suzuki,1,4000.0,Manual,first,petrol,495000,13.112315061750808
Honda,9,69000.0,Manual,first,petrol,475000,13.07107218827772
Honda,13,72000.0,Automatic,second,hybrid,388888,12.871049234837667
Hyundai,8,32000.0,Manual,second,petrol,495000,13.112315061750808
Renault,12,123000.0,Manual,second,diesel,340000,12.73670383776449
Honda,9,141000.0,Automatic,second,petrol,325000,12.691583538230217
Maruti Suzuki,11,96000.0,Manual,second,hybrid,195000,12.180759965737863
Mahindra,10,126000.0,Manual,second,diesel,305000,12.628070334272698
Maruti Suzuki,6,56000.0,Manual,first,hybrid,390000,12.873904582205107
Maruti Suzuki,6,75000.0,Automatic,second,petrol,755000,13.534474352733596
Audi,11,90000.0,Automatic,first,diesel,975000,13.790193775620484
Audi,7,55053.0,Automatic,first,diesel,2990000,14.910784279814974
Land Rover,9,82000.0,Automatic,second,diesel,2250000,14.626441218624949
BMW,13,110000.0,Automatic,second,diesel,1225000,14.018452218287162
Hyundai,12,94000.0,Manual,second,diesel,295000,12.59473402514672
Jaguar,10,89000.0,Automatic,second,diesel,1490000,14.214287349062356
Hyundai,14,127000.0,Automatic,second,hybrid,209000,12.250094315624496
Maruti Suzuki,17,77000.0,Manual,second,hybrid,198000,12.19602736016897
Maruti Suzuki,1,31000.0,Manual,first,hybrid,650000,13.384729180332174
Volkswagen,9,37000.0,Automatic,first,petrol,535000,13.190023895035274
Ford,8,44000.0,Automatic,second,hybrid,440000,12.994532278619134
Maruti Suzuki,8,10099.0,Automatic,second,hybrid,370000,12.821260987319457
Maruti Suzuki,7,42618.0,Manual,second,petrol,571000,13.255146239950099
Maruti Suzuki,5,75000.0,Manual,first,hybrid,395000,12.886643575525625
Maruti Suzuki,5,75000.0,Manual,first,hybrid,595000,13.296318365198623
Maruti Suzuki,9,100000.0,Manual,second,hybrid,260000,12.468440756144114
Toyota,7,123775.0,Manual,second,diesel,1711000,14.352589137327696
Honda,10,75000.0,Manual,first,hybrid,420000,12.948012371209098
Hyundai,0,30.0,Automatic,first,hybrid,320000,12.676079399771027
Maruti Suzuki,7,11035.0,Manual,first,petrol,300000,12.611541086966115
Mahindra,10,75000.0,Manual,second,diesel,600000,13.304686600863562
MG,2,19000.0,Automatic,first,petrol,1900000,14.45736497045232
Mahindra,2,3500.0,Manual,first,petrol,1000000,13.815511557963774
Maruti Suzuki,8,46000.0,Manual,second,petrol,230000,12.345838935721968
Maruti Suzuki,6,80000.0,Automatic,first,hybrid,388000,12.868763195921677
Maruti Suzuki,10,46000.0,Manual,first,hybrid,275000,12.524530013005734
Maruti Suzuki,2,34000.0,Manual,second,hybrid,550000,13.217675375388819
Maruti Suzuki,3,25184.0,Manual,first,petrol,700000,13.45883704259595
Hyundai,5,54800.0,Manual,second,hybrid,700000,13.45883704259595
Hyundai,8,60000.0,Manual,second,petrol,494999,13.112313041550827
Mahindra,7,55000.0,Manual,second,hybrid,245000,12.409017571151187
Maruti Suzuki,14,48000.0,Manual,second,diesel,235000,12.367345048436391
Maruti Suzuki,0,4500.0,Automatic,first,hybrid,760000,13.541075028051122
Maruti Suzuki,1,25000.0,Automatic,first,hybrid,1750000,14.375126917328105
Mercedes-Benz,12,95000.0,Automatic,second,diesel,1775000,14.389311544271775
Maruti Suzuki,5,32000.0,Automatic,second,petrol,430000,12.971542813248437
Honda,8,55000.0,Automatic,second,hybrid,575000,13.26212705890841
Jeep,2,18000.0,Automatic,first,petrol,1975000,14.496079462646344
Volkswagen,7,150000.0,Automatic,second,petrol,575000,13.26212705890841
Renault,0,29000.0,Manual,first,hybrid,699000,13.457407451830088
Honda,8,60000.0,Automatic,second,petrol,745000,13.521140839642674
Hyundai,5,96000.0,Automatic,second,petrol,750000,13.527829818844937
Hyundai,9,53000.0,Automatic,first,hybrid,429000,12.969214528909768
Tata,13,43500.0,Manual,second,diesel,285000,12.560247968016562
Tata,5,60000.0,Manual,second,diesel,1349000,14.114874876479462
Maruti Suzuki,4,100000.0,Manual,second,hybrid,950000,13.76421831620775
Hyundai,8,29000.0,Automatic,first,hybrid,650000,13.384729180332174
Honda,7,59800.0,Automatic,second,petrol,550000,13.217675375388819
Tata,3,83235.0,Manual,first,diesel,760000,13.541075028051122
Honda,17,141000.0,Automatic,second,petrol,325000,12.691583538230217
Hyundai,4,30000.0,Automatic,second,diesel,2399000,14.690562958662095
Maruti Suzuki,6,83000.0,Automatic,first,hybrid,330000,12.706850963741102
Mercedes-Benz,8,52000.0,Automatic,second,diesel,1099000,13.909912143303451
Hyundai,12,74000.0,Manual,second,hybrid,150000,11.918397239722838
Honda,0,4100.0,Automatic,first,petrol,1500000,14.220976332738882
Hyundai,12,68550.0,Manual,second,petrol,235000,12.367345048436391
Maruti Suzuki,3,52329.0,Manual,first,hybrid,1025000,13.840204146163925
Tata,1,8000.0,Manual,first,petrol,625000,13.345508528717259
Skoda,11,135000.0,Manual,second,diesel,375000,12.834683971615659
Maruti Suzuki,7,78000.0,Manual,first,hybrid,320000,12.676079399771027
Maruti Suzuki,12,118000.0,Manual,second,diesel,295000,12.59473402514672
Tata,4,58000.0,Automatic,first,hybrid,575000,13.26212705890841
Nissan,8,65000.0,Automatic,second,petrol,395000,12.886643575525625
Mercedes-Benz,9,72000.0,Automatic,second,diesel,1799000,14.402742068796885
Honda,8,101000.0,Automatic,second,hybrid,595000,13.296318365198623
Hyundai,10,90000.0,Automatic,second,hybrid,200000,12.206077645517674
BMW,6,25000.0,Automatic,second,diesel,4400000,15.29711532616119
Maruti Suzuki,12,60000.0,Manual,second,hybrid,149000,11.91170829631447
Maruti Suzuki,8,74000.0,Manual,first,hybrid,360000,12.793862088206213
Maruti Suzuki,7,57500.0,Automatic,first,petrol,575000,13.26212705890841
Skoda,6,65000.0,Automatic,first,diesel,2350000,14.669926311652166
Maruti Suzuki,14,105000.0,Manual,second,hybrid,185000,12.128116509451258
Volkswagen,12,67000.0,Automatic,second,petrol,260000,12.468440756144114
Tata,9,148000.0,Manual,second,diesel,150000,11.918397239722838
Maruti Suzuki,6,46000.0,Automatic,first,hybrid,500000,13.122365377402328
Maruti Suzuki,17,75000.0,Manual,second,petrol,110000,11.608244735642321
Toyota,9,160000.0,Manual,second,diesel,1090000,13.901689171636098
Maruti Suzuki,7,15.0,Automatic,first,hybrid,500000,13.122365377402328
Chevrolet,8,65000.0,Automatic,first,diesel,590000,13.28787951079572
Maruti Suzuki,7,52000.0,Automatic,second,petrol,350000,12.765691290604371
Jeep,4,43000.0,Automatic,second,diesel,1835000,14.422555584429787
Hyundai,4,55000.0,Automatic,second,hybrid,475000,13.07107218827772
Hyundai,18,108000.0,Manual,second,petrol,125000,11.736077016252437
Maruti Suzuki,5,69000.0,Manual,first,hybrid,590000,13.28787951079572
Maruti Suzuki,14,50000.0,Automatic,second,hybrid,75000,11.225256725762893
Maruti Suzuki,10,87000.0,Automatic,second,hybrid,195000,12.180759965737863
Hyundai,10,300000.0,Manual,second,hybrid,485000,13.091906231773164
Maruti Suzuki,10,79000.0,Manual,first,hybrid,245000,12.409017571151187
Hyundai,5,38000.0,Automatic,first,petrol,975000,13.790193775620484
Datsun,5,47000.0,Automatic,first,petrol,250000,12.429220196836383
Renault,10,128000.0,Manual,second,diesel,500000,13.122365377402328
Hyundai,3,16.0,Automatic,second,petrol,1050000,13.864301674514206
Hyundai,10,56000.0,Automatic,second,hybrid,269000,12.502470376049185
Skoda,2,30000.0,Automatic,first,petrol,1190000,13.989464705423494
Toyota,10,76000.0,Automatic,first,petrol,575000,13.26212705890841
Honda,13,90000.0,Manual,second,hybrid,238000,12.380030154325457
Datsun,6,60.0,Manual,second,hybrid,180000,12.100717685412471
Mercedes-Benz,7,75000.0,Automatic,second,diesel,4800000,15.38412668421143
Maruti Suzuki,5,147200.0,Automatic,second,diesel,490000,13.102162710901053
Toyota,6,195000.0,Automatic,second,diesel,1890000,14.452087916136215
Hyundai,3,65000.0,Manual,first,hybrid,675000,13.42246945133505
Mahindra,8,90000.0,Manual,second,diesel,355000,12.779875885354993
Renault,2,60000.0,Manual,first,petrol,500000,13.122365377402328
Maruti Suzuki,5,98207.0,Manual,second,diesel,635000,13.361381852676738
Maruti Suzuki,4,155000.0,Manual,second,diesel,590000,13.28787951079572
Chevrolet,12,65000.0,Manual,first,diesel,155000,11.951186847493476
Toyota,12,82000.0,Manual,second,hybrid,375000,12.834683971615659
Maruti Suzuki,12,99000.0,Manual,second,petrol,330000,12.706850963741102
Ford,10,15.0,Automatic,second,diesel,380000,12.847929163278053
Maruti Suzuki,3,62347.0,Manual,first,petrol,670000,13.415034483903348
Ford,3,34000.0,Manual,first,petrol,745000,13.521140839642674
Maruti Suzuki,8,51000.0,Manual,second,hybrid,375000,12.834683971615659
Maruti Suzuki,13,53646.0,Manual,second,petrol,210000,12.25486757159303
Skoda,6,75000.0,Automatic,first,diesel,2000000,14.508658238524095
Maruti Suzuki,5,52500.0,Manual,first,hybrid,549000,13.215855541983634
Hyundai,10,85000.0,Manual,second,hybrid,230000,12.345838935721968
Toyota,9,198000.0,Manual,second,diesel,910000,13.721200977393528
Hyundai,14,55600.0,Automatic,second,petrol,200000,12.206077645517674
Hyundai,4,55000.0,Automatic,first,petrol,1090000,13.901689171636098
Maruti Suzuki,9,95000.0,Manual,first,hybrid,649999,13.38472764187182
Hyundai,7,53000.0,Automatic,second,petrol,490000,13.102162710901053
Skoda,7,39000.0,Automatic,second,petrol,1175000,13.976779556623864
Tata,14,100000.0,Automatic,second,diesel,180000,12.100717685412471
Ford,6,65000.0,Automatic,second,diesel,2790000,14.841552512220423
Maruti Suzuki,2,42000.0,Automatic,first,hybrid,520000,13.161586013632684
Maruti Suzuki,13,68538.0,Manual,second,hybrid,175000,12.07254696717504
Ford,6,78083.0,Automatic,first,diesel,1500000,14.220976332738882
Hyundai,11,68000.0,Automatic,first,petrol,379999,12.84792653170257
Ford,7,81235.0,Manual,second,diesel,675000,13.42246945133505
Hyundai,8,57000.0,Manual,first,petrol,650000,13.384729180332174
Ford,6,31000.0,Automatic,second,petrol,465000,13.049794835104816
Renault,6,45000.0,Automatic,first,petrol,374999,12.834681304952548
Mercedes-Benz,7,57000.0,Automatic,second,diesel,1750000,14.375126917328105
Mahindra,1,5000.0,Automatic,second,diesel,2299999,14.648419680899378
Maruti Suzuki,6,49000.0,Automatic,second,petrol,415000,12.936036208848487
Maruti Suzuki,13,86000.0,Manual,second,petrol,335000,12.721888795877375
Toyota,16,120000.0,Automatic,second,petrol,355000,12.779875885354993
Honda,10,35000.0,Automatic,second,petrol,450000,13.017005083966255
Maruti Suzuki,5,210000.0,Manual,second,hybrid,350000,12.765691290604371
Maruti Suzuki,14,50000.0,Manual,second,petrol,179000,12.095146671399466
Hyundai,5,32000.0,Manual,first,petrol,740000,13.51440681653079
Maruti Suzuki,10,60000.0,Automatic,second,hybrid,285000,12.560247968016562
Hyundai,11,70000.0,Automatic,first,petrol,288000,12.570719231334277
Maruti Suzuki,5,53000.0,Automatic,first,diesel,725000,13.493928313146206
Maruti Suzuki,6,86000.0,Manual,first,petrol,675000,13.42246945133505
Maruti Suzuki,9,45000.0,Manual,second,petrol,235000,12.367345048436391
Hyundai,5,50000.0,Automatic,first,hybrid,490000,13.102162710901053
Hyundai,8,43000.0,Manual,second,petrol,240000,12.388398368982115
Ford,4,60000.0,Automatic,second,diesel,3100000,14.946912992035967
Toyota,11,129000.0,Manual,second,diesel,420000,12.948012371209098
Land Rover,1,13000.0,Automatic,first,petrol,11700000,16.275099485238066
Toyota,10,126000.0,Automatic,second,diesel,1391000,14.145534189812583
Kia,3,46000.0,Automatic,second,diesel,2850000,14.862829903121964
Nissan,7,70805.0,Automatic,second,petrol,423800,12.957019284417138
Hyundai,5,77519.0,Manual,first,petrol,584000,13.277657974137664
Maruti Suzuki,6,78000.0,Manual,first,petrol,525000,13.171155446333852
Honda,6,51000.0,Automatic,first,diesel,650000,13.384729180332174
Maruti Suzuki,5,59500.0,Manual,first,hybrid,550000,13.217675375388819
Hyundai,12,90000.0,Manual,second,hybrid,215000,12.278397958261774
Maruti Suzuki,3,50000.0,Manual,first,hybrid,510000,13.1421679654829
Hyundai,5,65000.0,Automatic,first,hybrid,675000,13.42246945133505
Maruti Suzuki,5,45000.0,Manual,second,hybrid,425000,12.959846800844963
Maruti Suzuki,12,65000.0,Manual,second,hybrid,190000,12.154784614286667
Maruti Suzuki,6,43500.0,Automatic,second,hybrid,450000,13.017005083966255
Hyundai,7,29900.0,Automatic,second,petrol,220000,12.301387370778713
Maruti Suzuki,3,51000.0,Manual,first,hybrid,1051000,13.865253601333421
Mercedes-Benz,11,78000.0,Automatic,second,petrol,850000,13.652992804936396
Maruti Suzuki,0,42000.0,Manual,first,hybrid,699999,13.458835614025542
Maruti Suzuki,8,67000.0,Manual,first,petrol,500000,13.122365377402328
Maruti Suzuki,5,80000.0,Manual,second,petrol,400000,12.899222326086994
Hyundai,13,89000.0,Manual,second,hybrid,210000,12.25486757159303
Maruti Suzuki,8,16000.0,Automatic,first,petrol,470000,13.060490101343552
Renault,2,16000.0,Automatic,second,petrol,750000,13.527829818844937
Hyundai,1,5000.0,Automatic,second,petrol,1595000,14.282384921160133
Hyundai,8,72000.0,Automatic,second,hybrid,697000,13.454542124461861
Datsun,6,28.0,Automatic,first,hybrid,210000,12.25486757159303
Toyota,7,77000.0,Automatic,first,petrol,1050000,13.864301674514206
Hyundai,8,54000.0,Manual,second,petrol,390000,12.873904582205107
Volkswagen,3,33500.0,Automatic,first,petrol,2850000,14.862829903121964
Tata,4,38000.0,Manual,first,hybrid,675000,13.42246945133505
Toyota,0,6000.0,Manual,first,hybrid,1410000,14.159100971573958
Maruti Suzuki,6,300000.0,Automatic,second,diesel,790000,13.579789490265188
Volkswagen,2,20000.0,Automatic,second,petrol,1595000,14.282384921160133
Skoda,2,68000.0,Automatic,first,petrol,2250000,14.626441218624949
Volkswagen,6,68000.0,Automatic,second,petrol,725000,13.493928313146206
Maruti Suzuki,3,68000.0,Manual,first,hybrid,499999,13.122363377404328
Honda,12,59000.0,Manual,second,hybrid,375000,12.834683971615659
Volkswagen,3,41900.0,Manual,first,petrol,945000,13.758941264676379
Maruti Suzuki,7,55000.0,Manual,first,petrol,650000,13.384729180332174
Maruti Suzuki,8,70000.0,Automatic,first,hybrid,180000,12.100717685412471
Audi,11,97253.0,Automatic,first,diesel,1090000,13.901689171636098
Maruti Suzuki,2,89000.0,Automatic,first,hybrid,675000,13.42246945133505
Land Rover,4,50000.0,Automatic,second,diesel,12700000,16.357112630168974
Toyota,5,22000.0,Manual,first,petrol,598000,13.301347705172173
Mahindra,4,80000.0,Automatic,first,diesel,1589000,14.278616074845276
Volkswagen,8,80000.0,Automatic,second,petrol,525000,13.171155446333852
Hyundai,11,67000.0,Automatic,first,petrol,525000,13.171155446333852
Volkswagen,10,58000.0,Automatic,first,diesel,550000,13.217675375388819
Hyundai,13,300000.0,Manual,second,hybrid,190000,12.154784614286667
Ford,8,70000.0,Manual,second,diesel,380000,12.847929163278053
Maruti Suzuki,10,25.0,Automatic,second,hybrid,230000,12.345838935721968
Porsche,7,57000.0,Automatic,second,petrol,4450000,15.308414878861498
Maruti Suzuki,7,122000.0,Automatic,second,hybrid,320000,12.676079399771027
Hyundai,3,72000.0,Automatic,first,diesel,1511000,14.228282903068026
Honda,17,75000.0,Manual,second,petrol,225000,12.323860125621126
Hyundai,7,44000.0,Automatic,first,hybrid,711000,13.47442911525415
BMW,9,27189.0,Automatic,first,diesel,2400000,14.690979711984754
Mercedes-Benz,7,75000.0,Automatic,second,diesel,3150000,14.962913328262083
Hyundai,11,80000.0,Manual,second,hybrid,199999,12.206072645530174
Maruti Suzuki,12,96542.0,Automatic,second,diesel,240000,12.388398368982115
Maruti Suzuki,5,230000.0,Automatic,first,hybrid,400000,12.899222326086994
Maruti Suzuki,10,68000.0,Manual,second,hybrid,465000,13.049794835104816
Maruti Suzuki,2,52000.0,Manual,first,hybrid,550000,13.217675375388819
Mahindra,8,90000.0,Manual,second,diesel,765000,13.547632419997361
Hyundai,16,123000.0,Manual,second,petrol,130000,11.775297421715827
Kia,0,20000.0,Automatic,first,diesel,2250000,14.626441218624949
Maruti Suzuki,1,32000.0,Manual,first,hybrid,625000,13.345508528717259
Tata,2,78997.0,Manual,first,hybrid,627000,13.348703414510117
Maruti Suzuki,7,60000.0,Automatic,first,diesel,500000,13.122365377402328
Maruti Suzuki,18,89000.0,Manual,second,petrol,99000,11.502885230075814
Maruti Suzuki,7,58000.0,Manual,first,hybrid,390000,12.873904582205107
Hyundai,1,35000.0,Manual,first,petrol,870000,13.676249640055394
Hyundai,15,90200.0,Manual,second,hybrid,250000,12.429220196836383
Maruti Suzuki,0,2100.0,Manual,first,hybrid,925000,13.73755009757506
Maruti Suzuki,7,84000.0,Manual,second,diesel,590000,13.28787951079572
Mercedes-Benz,11,128000.0,Automatic,first,diesel,1150000,13.955273369904273
Maruti Suzuki,6,156000.0,Manual,first,hybrid,225000,12.323860125621126
Hyundai,8,101724.0,Manual,second,diesel,739999,13.514405465180353
Maruti Suzuki,17,25000.0,Automatic,first,hybrid,150000,11.918397239722838
Volvo,6,110000.0,Automatic,first,diesel,3400000,15.039286283703994
Renault,9,55000.0,Manual,second,diesel,599000,13.303018546545275
Honda,20,125000.0,Automatic,second,hybrid,135000,11.813037464800539
Land Rover,11,113400.0,Automatic,second,diesel,1275000,14.058457520888082
Honda,7,46121.0,Automatic,first,hybrid,475000,13.07107218827772
Audi,12,82449.0,Automatic,second,petrol,829000,13.627976640389322
BMW,9,53000.0,Automatic,second,diesel,1799999,14.403297222866392
Ford,10,95000.0,Manual,second,diesel,359000,12.791080452981857
Maruti Suzuki,8,22.0,Automatic,second,hybrid,180000,12.100717685412471
Hyundai,1,35000.0,Manual,first,hybrid,700000,13.45883704259595
Maruti Suzuki,4,65000.0,Manual,first,hybrid,948888,13.763047105524546
Maruti Suzuki,7,105000.0,Manual,second,hybrid,795000,13.586098651497313
Maruti Suzuki,6,81258.0,Manual,second,hybrid,260000,12.468440756144114
BMW,13,110000.0,Automatic,second,diesel,750000,13.527829818844937
Hyundai,0,2300.0,Automatic,first,petrol,1200500,13.998249527629353
Hyundai,2,6199.0,Manual,first,petrol,874999,13.681979165339751
Mercedes-Benz,10,56000.0,Automatic,second,petrol,1575000,14.269766465162304
Maruti Suzuki,3,85000.0,Manual,first,hybrid,975000,13.790193775620484
Maruti Suzuki,3,80000.0,Automatic,first,petrol,1200000,13.997832948091215
Honda,8,52000.0,Automatic,first,petrol,395000,12.886643575525625
Renault,5,29000.0,Manual,second,diesel,695000,13.451668563394815
Hyundai,8,39451.0,Automatic,second,petrol,440000,12.994532278619134
Kia,4,55090.0,Automatic,first,petrol,1500000,14.220976332738882
Maruti Suzuki,8,105000.0,Automatic,first,hybrid,310000,12.644330802262578
Maruti Suzuki,2,13000.0,Automatic,second,hybrid,590000,13.28787951079572
Mercedes-Benz,6,15000.0,Automatic,second,diesel,2750000,14.827111833279051
Hyundai,5,51000.0,Manual,second,hybrid,485000,13.091906231773164
Maruti Suzuki,4,35.0,Automatic,first,hybrid,400000,12.899222326086994
Toyota,12,160059.0,Manual,second,diesel,1290000,14.070153551531353
Maruti Suzuki,13,100000.0,Automatic,second,hybrid,290000,12.577639650232573
Maruti Suzuki,6,110000.0,Manual,second,diesel,835000,13.635188201437066
Honda,10,60000.0,Manual,second,hybrid,425000,12.959846800844963
Skoda,1,5400.0,Automatic,first,petrol,1390000,14.144815024531075
Maruti Suzuki,4,63000.0,Manual,first,petrol,489999,13.102160670086809
Maruti Suzuki,8,77000.0,Manual,second,hybrid,600000,13.304686600863562
Mercedes-Benz,10,57396.0,Automatic,second,diesel,1400000,14.151983508870947
Maruti Suzuki,5,35000.0,Automatic,first,hybrid,525000,13.171155446333852
Hyundai,4,65500.0,Automatic,first,diesel,1700000,14.346139397261565
Tata,6,72000.0,Manual,first,petrol,400000,12.899222326086994
Renault,5,30000.0,Automatic,first,hybrid,259000,12.464587201678082
Maruti Suzuki,7,78000.0,Automatic,second,petrol,515000,13.151924121391561
Maruti Suzuki,13,113000.0,Manual,second,diesel,300000,12.611541086966115
Maruti Suzuki,6,53545.0,Automatic,first,petrol,725000,13.493928313146206
Hyundai,5,83999.0,Automatic,first,petrol,799999,13.592367006650065
Renault,5,65142.0,Manual,second,petrol,345000,12.75130259456002
Hyundai,3,89500.0,Automatic,second,hybrid,551521,13.220437008085863
Maruti Suzuki,7,50000.0,Manual,first,petrol,725000,13.493928313146206
Honda,12,83000.0,Automatic,second,hybrid,355000,12.779875885354993
Hyundai,7,76000.0,Automatic,first,petrol,775000,13.560619598657233
Maruti Suzuki,8,104000.0,Manual,second,diesel,590000,13.28787951079572
Volkswagen,13,62000.0,Manual,second,diesel,250000,12.429220196836383
Honda,6,52000.0,Automatic,first,petrol,571000,13.255146239950099
Maruti Suzuki,3,40.0,Automatic,first,hybrid,550000,13.217675375388819
Maruti Suzuki,6,73000.0,Manual,second,petrol,445000,13.005831808336863
Hyundai,13,300000.0,Manual,second,hybrid,165000,12.013706813470414
Volkswagen,8,82000.0,Manual,second,petrol,435000,12.983103608918753
Maruti Suzuki,7,37180.0,Manual,second,petrol,359000,12.791080452981857
Hyundai,5,22000.0,Manual,first,petrol,650000,13.384729180332174
Hyundai,2,35380.0,Manual,second,diesel,1085000,13.897091466615258
Hyundai,13,80000.0,Automatic,first,hybrid,112000,11.626263078808801
Maruti Suzuki,7,65800.0,Automatic,second,petrol,450000,13.017005083966255
Maruti Suzuki,2,16000.0,Automatic,first,petrol,875000,13.681980308196241
Hyundai,5,39000.0,Automatic,first,petrol,1200000,13.997832948091215
Volkswagen,12,128000.0,Manual,second,diesel,250000,12.429220196836383
Tata,2,50481.0,Automatic,first,petrol,720000,13.487007879880162
Maruti Suzuki,11,102000.0,Automatic,second,hybrid,200000,12.206077645517674
Land Rover,6,75000.0,Automatic,second,diesel,2450000,14.711598990684092
Maruti Suzuki,6,66000.0,Automatic,second,hybrid,525000,13.171155446333852
Hyundai,1,38053.0,Manual,first,hybrid,739000,13.513054553109397
Honda,16,95000.0,Automatic,second,hybrid,225000,12.323860125621126
Maruti Suzuki,17,80000.0,Manual,second,hybrid,125000,11.736077016252437
Hyundai,10,98000.0,Automatic,second,diesel,850000,13.652992804936396
Hyundai,13,120000.0,Automatic,second,hybrid,321000,12.679199517372098
Skoda,2,21000.0,Automatic,first,petrol,1300000,14.077875591662238
Maruti Suzuki,7,97000.0,Automatic,second,hybrid,350000,12.765691290604371
Hyundai,1,8000.0,Manual,first,petrol,1400000,14.151983508870947
Mini,11,98000.0,Automatic,second,diesel,1550000,14.253766134056512
Maruti Suzuki,8,55000.0,Automatic,second,hybrid,361000,12.796636007394284
Maruti Suzuki,9,38000.0,Automatic,second,hybrid,350000,12.765691290604371
Audi,11,140000.0,Automatic,second,diesel,1091000,13.902606181405073
Toyota,8,274649.0,Manual,second,diesel,825000,13.623139877437296
Toyota,5,28000.0,Manual,second,diesel,3300000,15.009433329466965
Maruti Suzuki,2,38456.0,Manual,first,hybrid,1125000,13.933294482509151
Lexus,4,67000.0,Automatic,first,hybrid,3900000,15.176487367510099
Hyundai,13,72000.0,Manual,second,hybrid,255000,12.449022745701502
Porsche,7,62000.0,Automatic,second,diesel,3275000,15.001828732394953
Renault,8,60000.0,Manual,first,petrol,175000,12.07254696717504
Hyundai,15,90000.0,Automatic,second,hybrid,165000,12.013706813470414
Maruti Suzuki,6,110000.0,Manual,second,diesel,725000,13.493928313146206
Hyundai,13,55000.0,Manual,second,hybrid,195000,12.180759965737863
Maruti Suzuki,7,90000.0,Automatic,first,petrol,165000,12.013706813470414
Maruti Suzuki,17,177500.0,Manual,second,hybrid,135000,11.813037464800539
Hyundai,15,43000.0,Manual,second,diesel,325000,12.691583538230217
Hyundai,7,35000.0,Manual,first,petrol,445000,13.005831808336863
Toyota,14,182000.0,Manual,second,diesel,420000,12.948012371209098
Maruti Suzuki,20,65238.0,Manual,first,petrol,75000,11.225256725762893
Honda,6,46000.0,Manual,first,hybrid,545000,13.208542908506082
Hyundai,11,103000.0,Manual,first,hybrid,210000,12.25486757159303
Honda,13,70000.0,Manual,second,petrol,280000,12.54254845357358
Hyundai,2,68000.0,Manual,first,hybrid,675000,13.42246945133505
Maruti Suzuki,7,61231.0,Automatic,second,hybrid,475000,13.07107218827772
Toyota,10,127000.0,Manual,second,diesel,1640000,14.310207409556293
BMW,6,62000.0,Automatic,first,petrol,3900000,15.176487367510099
Maruti Suzuki,7,75000.0,Automatic,first,hybrid,399000,12.896719202134523
Honda,10,76000.0,Manual,second,diesel,465000,13.049794835104816
Maruti Suzuki,2,45000.0,Automatic,first,hybrid,840000,13.641158361294979
Honda,10,59121.0,Manual,first,petrol,449999,13.017002861746503
Hyundai,4,48000.0,Manual,first,hybrid,635000,13.361381852676738
Skoda,12,72000.0,Automatic,second,diesel,395000,12.886643575525625
BMW,10,87000.0,Automatic,second,diesel,1775111,14.38937407749257
Maruti Suzuki,5,40093.0,Manual,first,hybrid,520000,13.161586013632684
Renault,3,23575.0,Automatic,first,petrol,660000,13.399996629152975
Maruti Suzuki,10,73000.0,Manual,first,hybrid,570000,13.25339339419516
Hyundai,4,69045.0,Automatic,first,petrol,1475000,14.204169225721929
Maruti Suzuki,7,75000.0,Manual,second,diesel,799000,13.591117476312084
Maruti Suzuki,6,22000.0,Manual,second,petrol,565000,13.244582780038517
Skoda,9,66000.0,Automatic,second,diesel,525000,13.171155446333852
Mahindra,6,99500.0,Automatic,second,diesel,1000000,13.815511557963774
Datsun,7,60000.0,Manual,first,petrol,190000,12.154784614286667
Maruti Suzuki,5,63000.0,Automatic,first,hybrid,520000,13.161586013632684
Hyundai,5,55000.0,Automatic,first,petrol,685000,13.437175577097312
Maruti Suzuki,8,52000.0,Manual,first,hybrid,360000,12.793862088206213
Maruti Suzuki,9,41000.0,Manual,first,petrol,450000,13.017005083966255
Hyundai,1,12340.0,Automatic,first,hybrid,250000,12.429220196836383
Skoda,14,81000.0,Automatic,second,diesel,275000,12.524530013005734
Maruti Suzuki,4,28500.0,Manual,first,petrol,422000,12.952762962683588
Maruti Suzuki,7,55000.0,Automatic,second,hybrid,490000,13.102162710901053
Maruti Suzuki,7,85000.0,Manual,first,hybrid,391000,12.876465396508989
Hyundai,3,13000.0,Manual,first,petrol,1400000,14.151983508870947
Kia,5,47000.0,Manual,second,petrol,990000,13.805461232211272
Tata,2,50000.0,Manual,first,hybrid,900000,13.710151153416941
Nissan,8,78000.0,Automatic,second,hybrid,325000,12.691583538230217
Toyota,8,72000.0,Automatic,first,diesel,1650000,14.316286451937186
Ford,8,72000.0,Automatic,first,diesel,2150000,14.580978865220017
Toyota,6,69000.0,Automatic,second,petrol,2350000,14.669926311652166
Toyota,5,47615.0,Manual,first,diesel,2125000,14.56928283092878
Maruti Suzuki,5,11250.0,Automatic,first,petrol,690000,13.444448325847754
Maruti Suzuki,6,191000.0,Manual,second,hybrid,240000,12.388398368982115
Maruti Suzuki,14,65000.0,Manual,second,petrol,85000,11.350418300109132
Renault,2,34947.0,Automatic,first,petrol,680000,13.429849547739444
Maruti Suzuki,3,53000.0,Manual,first,petrol,615000,13.329379172803593
Renault,6,70000.0,Manual,first,diesel,695000,13.451668563394815
Kia,3,58000.0,Automatic,first,diesel,1675000,14.331324320256051
Volkswagen,13,49000.0,Automatic,first,hybrid,230000,12.345838935721968
Volkswagen,8,64000.0,Automatic,first,petrol,650000,13.384729180332174
Maruti Suzuki,2,28000.0,Manual,first,hybrid,625000,13.345508528717259
Land Rover,3,52000.0,Automatic,first,petrol,9700000,16.08763654656639
Maruti Suzuki,3,48000.0,Automatic,second,hybrid,560000,13.235693848424024
Tata,3,61000.0,Automatic,second,diesel,1550000,14.253766134056512
Maruti Suzuki,7,76000.0,Automatic,first,hybrid,280000,12.54254845357358
Toyota,9,197000.0,Automatic,first,diesel,1375000,14.13396501635527
Skoda,7,116000.0,Automatic,first,diesel,1551000,14.254411086903794
Tata,5,72000.0,Manual,first,petrol,575000,13.26212705890841
Toyota,8,39000.0,Automatic,first,petrol,625000,13.345508528717259
Skoda,9,98000.0,Automatic,first,diesel,445000,13.005831808336863
Maruti Suzuki,8,64236.0,Manual,second,hybrid,350000,12.765691290604371
Mercedes-Benz,7,66000.0,Automatic,second,diesel,3350000,15.024471202308668
Maruti Suzuki,7,63000.0,Automatic,first,petrol,675000,13.42246945133505
Toyota,3,30000.0,Automatic,first,hybrid,9800000,16.097893045681612
Honda,4,11000.0,Manual,first,petrol,575000,13.26212705890841
Maruti Suzuki,2,17000.0,Automatic,first,petrol,740000,13.51440681653079
Maruti Suzuki,13,78000.0,Manual,second,hybrid,170000,12.04355959836804
Maruti Suzuki,11,73000.0,Manual,second,petrol,310000,12.644330802262578
Tata,6,103000.0,Automatic,second,diesel,820000,13.617060838751888
Maruti Suzuki,7,44708.0,Manual,second,petrol,360000,12.793862088206213
Maruti Suzuki,9,91500.0,Manual,first,petrol,370000,12.821260987319457
Volkswagen,6,79000.0,Manual,first,petrol,690000,13.444448325847754
Maruti Suzuki,4,65000.0,Manual,first,hybrid,415000,12.936036208848487
Hyundai,10,60142.0,Manual,second,petrol,295000,12.59473402514672
Hyundai,2,36380.0,Automatic,first,petrol,1450000,14.187074804051692
Hyundai,9,38000.0,Automatic,first,petrol,460000,13.038983942375959
Maruti Suzuki,8,55000.0,Automatic,second,hybrid,361000,12.796636007394284
Ford,7,83000.0,Manual,first,petrol,469000,13.058360179622305
Maruti Suzuki,7,72000.0,Manual,second,hybrid,721000,13.488395803228677
Maruti Suzuki,4,84000.0,Manual,first,petrol,310000,12.644330802262578
Hyundai,8,58000.0,Automatic,second,petrol,925000,13.73755009757506
Toyota,7,97000.0,Automatic,second,diesel,1449000,14.186384911433706
Ford,13,97000.0,Manual,second,petrol,132000,11.790564777297387
Maruti Suzuki,4,86550.0,Manual,first,hybrid,949500,13.76369186241981
BMW,13,103000.0,Automatic,second,diesel,650000,13.384729180332174
Ford,11,69000.0,Manual,second,hybrid,345000,12.75130259456002
Toyota,14,245000.0,Manual,second,diesel,525000,13.171155446333852
Hyundai,6,300000.0,Automatic,first,petrol,950000,13.76421831620775
Toyota,12,175000.0,Manual,second,diesel,1025000,13.840204146163925
Tata,6,69000.0,Automatic,first,petrol,380000,12.847929163278053
Maruti Suzuki,6,40210.0,Automatic,first,hybrid,525000,13.171155446333852
Hyundai,3,18121.0,Manual,first,petrol,550000,13.217675375388819
Land Rover,1,7100.0,Automatic,first,petrol,13000000,16.380459992348886
Maruti Suzuki,8,16491.0,Automatic,first,petrol,375000,12.834683971615659
Maruti Suzuki,4,300000.0,Automatic,first,hybrid,535000,13.190023895035274
Mahindra,6,64000.0,Manual,second,diesel,895000,13.704580114574805
Honda,15,86368.0,Automatic,second,hybrid,185000,12.128116509451258
Mahindra,8,70000.0,Automatic,second,hybrid,300000,12.611541086966115
Tata,3,31000.0,Automatic,second,diesel,1700000,14.346139397261565
Maruti Suzuki,1,31000.0,Manual,first,hybrid,1375000,14.13396501635527
Volvo,6,41950.0,Automatic,first,petrol,6499999,15.687312734865866
Hyundai,2,31000.0,Automatic,first,petrol,1725000,14.360738188157574
Volkswagen,7,79085.0,Automatic,second,diesel,1825000,14.417091092943783
Hyundai,6,85000.0,Manual,second,hybrid,489000,13.100119813444692
Maruti Suzuki,7,70000.0,Automatic,first,petrol,550000,13.217675375388819
Honda,16,105000.0,Automatic,first,hybrid,200000,12.206077645517674
Maruti Suzuki,8,72000.0,Manual,second,hybrid,230000,12.345838935721968
Mercedes-Benz,5,58000.0,Automatic,first,diesel,4475000,15.314017133154755
Maruti Suzuki,13,69838.0,Manual,second,hybrid,175000,12.07254696717504
Maruti Suzuki,5,68000.0,Manual,first,petrol,550000,13.217675375388819
Skoda,1,11000.0,Automatic,first,petrol,1550000,14.253766134056512
Volkswagen,5,78500.0,Automatic,first,diesel,1750000,14.375126917328105
Hyundai,2,83000.0,Manual,first,diesel,965000,13.779884416590017
Hyundai,3,11000.0,Manual,first,petrol,875000,13.681980308196241
Maruti Suzuki,3,52428.0,Manual,first,hybrid,1045000,13.85952840031839
Maruti Suzuki,4,42126.0,Manual,first,hybrid,1025001,13.840205121772254
Kia,1,19000.0,Automatic,first,diesel,1300000,14.077875591662238
BMW,9,85000.0,Automatic,second,diesel,1375000,14.13396501635527
Hyundai,3,40215.0,Automatic,first,diesel,790000,13.579789490265188
Tata,6,137000.0,Automatic,second,hybrid,230000,12.345838935721968
Maruti Suzuki,4,90000.0,Manual,second,hybrid,615000,13.329379172803593
Honda,7,59000.0,Automatic,second,petrol,895000,13.704580114574805
Hyundai,8,58000.0,Manual,first,hybrid,460000,13.038983942375959
BMW,13,80594.0,Automatic,second,diesel,1450000,14.187074804051692
MG,1,15000.0,Automatic,first,petrol,2149000,14.580513640957252
Maruti Suzuki,7,62000.0,Automatic,second,hybrid,359000,12.791080452981857
BMW,10,69000.0,Automatic,second,diesel,850000,13.652992804936396
Porsche,4,50000.0,Automatic,first,hybrid,11000000,16.213405921671733
Volkswagen,11,89000.0,Manual,second,diesel,350000,12.765691290604371
Hyundai,8,78000.0,Manual,second,hybrid,635000,13.361381852676738
Volkswagen,11,41000.0,Automatic,second,petrol,445000,13.005831808336863
Maruti Suzuki,5,61000.0,Automatic,second,hybrid,690000,13.444448325847754
Maruti Suzuki,14,81000.0,Automatic,second,hybrid,95000,11.461642696843066
Hyundai,2,19000.0,Manual,first,petrol,1379999,14.137594057133388
Mahindra,5,44000.0,Manual,second,diesel,745000,13.521140839642674
Honda,9,21000.0,Automatic,first,hybrid,272000,12.513561021741964
Toyota,10,122000.0,Automatic,second,petrol,799000,13.591117476312084
Skoda,5,65000.0,Manual,second,petrol,790000,13.579789490265188
Tata,2,35000.0,Automatic,first,diesel,1650000,14.316286451937186
Maruti Suzuki,14,65000.0,Manual,second,petrol,265000,12.487488878546145
Tata,6,39000.0,Manual,first,petrol,320000,12.676079399771027
Honda,5,17000.0,Automatic,first,petrol,750000,13.527829818844937
Skoda,1,4000.0,Automatic,first,petrol,1650000,14.316286451937186
Hyundai,8,37000.0,Manual,second,petrol,495000,13.112315061750808
Hyundai,3,62250.0,Automatic,first,hybrid,599000,13.303018546545275
Volkswagen,4,36521.0,Automatic,first,petrol,798000,13.589865129563993
Mahindra,8,50000.0,Manual,first,hybrid,330000,12.706850963741102
Renault,5,52004.0,Manual,first,petrol,325000,12.691583538230217
Volkswagen,6,48000.0,Automatic,first,petrol,700000,13.45883704259595
Hyundai,6,71422.0,Automatic,first,diesel,1450000,14.187074804051692
Honda,7,68000.0,Manual,first,petrol,760000,13.541075028051122
Toyota,5,105000.0,Automatic,second,diesel,1795000,14.400516137007425
Toyota,5,40000.0,Automatic,first,petrol,2595000,14.769097459938507
Hyundai,4,50000.0,Manual,second,diesel,740000,13.51440681653079
Maruti Suzuki,2,13000.0,Automatic,second,petrol,575000,13.26212705890841
Renault,6,67000.0,Manual,second,petrol,225000,12.323860125621126
Maruti Suzuki,14,35.0,Automatic,first,hybrid,72000,11.184435286790631
Ford,14,75000.0,Manual,second,diesel,190000,12.154784614286667
Mini,5,55000.0,Automatic,second,diesel,3700000,15.123843647884687
Ford,8,80000.0,Manual,second,diesel,2750000,14.827111833279051
Ambassador,1,54000.0,Manual,first,petrol,421000,12.95039048795861
Maruti Suzuki,10,58000.0,Automatic,second,petrol,265000,12.487488878546145
Kia,3,100000.0,Automatic,first,diesel,2700000,14.80876270134486
Toyota,6,90000.0,Automatic,second,petrol,1299000,14.07710606547538
Maruti Suzuki,6,65000.0,Automatic,second,hybrid,565000,13.244582780038517
Skoda,7,64000.0,Automatic,second,petrol,875000,13.681980308196241
Maruti Suzuki,3,57510.0,Manual,first,hybrid,850000,13.652992804936396
Mercedes-Benz,3,32000.0,Automatic,first,petrol,5500000,15.520258832020865
Hyundai,13,95168.0,Manual,first,hybrid,110000,11.608244735642321
Honda,8,56171.0,Manual,second,petrol,625000,13.345508528717259
Maruti Suzuki,4,46000.0,Automatic,first,petrol,720000,13.487007879880162
BMW,2,19999.0,Automatic,first,petrol,6699999,15.717618084361195
Hyundai,5,31000.0,Manual,first,petrol,1175000,13.976779556623864
Tata,13,87000.0,Manual,second,diesel,260000,12.468440756144114
Honda,4,52000.0,Automatic,first,hybrid,1050000,13.864301674514206
Honda,18,81011.0,Automatic,second,petrol,210000,12.25486757159303
Maruti Suzuki,10,69000.0,Manual,second,petrol,275000,12.524530013005734
Hyundai,3,40000.0,Manual,first,hybrid,715000,13.480039220276565
Jaguar,8,33000.0,Automatic,second,diesel,3700000,15.123843647884687
Renault,6,107000.0,Automatic,second,diesel,590000,13.28787951079572
Maruti Suzuki,14,120000.0,Automatic,first,hybrid,150000,11.918397239722838
Volkswagen,11,52000.0,Automatic,second,petrol,329000,12.703816069256568
Bajaj,1,45000.0,Manual,first,hybrid,145000,11.884495917930655
Toyota,15,175000.0,Manual,second,diesel,635000,13.361381852676738
Maruti Suzuki,7,61210.0,Automatic,second,hybrid,460000,13.038983942375959
Hyundai,17,85000.0,Automatic,second,hybrid,70000,11.156264806643742
Maruti Suzuki,8,148000.0,Automatic,first,hybrid,300000,12.611541086966115
Mercedes-Benz,9,28000.0,Automatic,first,diesel,1625000,14.301018989130402
Renault,11,72300.0,Manual,second,diesel,370000,12.821260987319457
MG,4,64000.0,Manual,first,diesel,1450000,14.187074804051692
Chevrolet,10,72400.0,Automatic,first,diesel,475000,13.07107218827772
Tata,1,40000.0,Automatic,first,hybrid,670000,13.415034483903348
Hyundai,12,85000.0,Automatic,second,hybrid,100000,11.51293546492023
Maruti Suzuki,8,55000.0,Automatic,second,hybrid,451000,13.019224835777257
Tata,0,75.0,Automatic,first,hybrid,875000,13.681980308196241
Hyundai,4,46941.0,Automatic,second,petrol,1317000,14.090867740026573
Datsun,9,51000.0,Manual,first,petrol,190000,12.154784614286667
Maruti Suzuki,9,60000.0,Automatic,first,hybrid,550000,13.217675375388819
Hyundai,3,28000.0,Manual,first,petrol,875000,13.681980308196241
BMW,11,75000.0,Automatic,second,diesel,750000,13.527829818844937
Ford,6,89000.0,Manual,second,diesel,390000,12.873904582205107
Mahindra,8,90000.0,Automatic,first,diesel,795000,13.586098651497313
Honda,14,150000.0,Manual,second,petrol,350000,12.765691290604371
Maruti Suzuki,3,36499.0,Manual,first,petrol,365000,12.807655372286902
Hyundai,12,35.0,Automatic,second,hybrid,150000,11.918397239722838
Maruti Suzuki,8,92000.0,Automatic,second,hybrid,295000,12.59473402514672
BMW,8,77000.0,Automatic,second,diesel,3099000,14.94659035945457
Maruti Suzuki,4,32000.0,Automatic,first,petrol,675000,13.42246945133505
Ford,16,300000.0,Manual,second,diesel,135000,11.813037464800539
Honda,17,10000.0,Automatic,second,hybrid,225000,12.323860125621126
Honda,9,57000.0,Manual,first,petrol,350000,12.765691290604371
Toyota Land,11,90000.0,Automatic,second,diesel,8200000,15.919644834185693
Maruti Suzuki,6,78231.0,Manual,first,hybrid,799000,13.591117476312084
Maruti Suzuki,14,74000.0,Manual,second,hybrid,175000,12.07254696717504
Maruti Suzuki,6,74000.0,Automatic,first,petrol,355000,12.779875885354993
Jeep,5,42500.0,Manual,second,diesel,1375000,14.13396501635527
Mahindra,6,80000.0,Manual,second,diesel,850000,13.652992804936396
Maruti Suzuki,10,65000.0,Manual,second,hybrid,550000,13.217675375388819
Honda,3,15000.0,Manual,first,petrol,650000,13.384729180332174
Maruti Suzuki,6,72890.0,Automatic,first,hybrid,690000,13.444448325847754
Maruti Suzuki,8,125000.0,Automatic,first,petrol,345000,12.75130259456002
Maruti Suzuki,8,95000.0,Manual,second,hybrid,421000,12.95039048795861
Hyundai,10,86000.0,Manual,second,hybrid,175000,12.07254696717504
Honda,5,45000.0,Automatic,first,petrol,920000,13.732130035981154
Maruti Suzuki,9,83381.0,Automatic,first,petrol,490000,13.102162710901053
Honda,17,75000.0,Automatic,second,hybrid,149999,11.918390573078392
Maruti Suzuki,5,120000.0,Automatic,second,hybrid,850000,13.652992804936396
Hyundai,8,36000.0,Manual,second,petrol,495000,13.112315061750808
Maruti Suzuki,5,75000.0,Manual,first,hybrid,850000,13.652992804936396
Renault,9,98000.0,Manual,second,diesel,500000,13.122365377402328
Hyundai,13,78000.0,Manual,second,hybrid,225000,12.323860125621126
Toyota,1,20000.0,Automatic,first,hybrid,3300000,15.009433329466965
Toyota,1,14500.0,Automatic,second,hybrid,1699000,14.345550989235415
Maruti Suzuki,8,72000.0,Automatic,first,petrol,360000,12.793862088206213
Honda,14,75000.0,Manual,second,hybrid,251000,12.433212202169729
Hyundai,10,34000.0,Manual,first,petrol,550000,13.217675375388819
Jeep,5,72000.0,Automatic,second,petrol,1000000,13.815511557963774
Fiat,13,85000.0,Manual,second,diesel,255000,12.449022745701502
Toyota,6,127000.0,Automatic,first,hybrid,1550000,14.253766134056512
Toyota,6,86000.0,Manual,first,petrol,950000,13.76421831620775
Hyundai,11,7251.0,Automatic,first,hybrid,170000,12.04355959836804
Renault,6,70000.0,Manual,first,petrol,299000,12.608202196848836
Maruti Suzuki,7,300000.0,Automatic,first,hybrid,385000,12.861001210669146
Maruti Suzuki,2,27000.0,Manual,first,hybrid,1050000,13.864301674514206
Jaguar,11,68000.0,Automatic,second,diesel,1075000,13.887832149776026
Maruti Suzuki,10,95000.0,Manual,second,hybrid,299999,12.611537753638338
Tata,6,108000.0,Automatic,second,diesel,991000,13.80647082239335
Maruti Suzuki,5,62000.0,Automatic,second,hybrid,820000,13.617060838751888
Toyota,11,133000.0,Manual,second,diesel,530000,13.180634172318978
Hyundai,10,100000.0,Automatic,second,hybrid,280000,12.54254845357358
Tata,7,170000.0,Manual,first,diesel,300000,12.611541086966115
Maruti Suzuki,8,78000.0,Manual,second,petrol,590000,13.28787951079572
Toyota,15,92000.0,Automatic,second,hybrid,370000,12.821260987319457
Maruti Suzuki,13,104400.0,Automatic,second,petrol,130000,11.775297421715827
Honda,6,40000.0,Automatic,first,petrol,865000,13.670485941982712
Honda,8,93000.0,Automatic,second,hybrid,425000,12.959846800844963
Chevrolet,13,34000.0,Manual,first,hybrid,125000,11.736077016252437
Maruti Suzuki,7,70000.0,Automatic,first,hybrid,425000,12.959846800844963
Tata,6,62000.0,Automatic,first,hybrid,490000,13.102162710901053
Maruti Suzuki,3,36000.0,Manual,first,petrol,570000,13.25339339419516
Maruti Suzuki,7,54000.0,Automatic,first,diesel,395000,12.886643575525625
Maruti Suzuki,1,24853.0,Manual,first,hybrid,675000,13.42246945133505
Chevrolet,13,67240.0,Manual,second,petrol,120000,11.695255355062795
Maruti Suzuki,12,160000.0,Automatic,first,hybrid,160000,11.982935344196433
Honda,17,95000.0,Manual,second,hybrid,170000,12.04355959836804
Datsun,8,100000.0,Manual,first,hybrid,170000,12.04355959836804
Maruti Suzuki,3,18000.0,Manual,first,petrol,345000,12.75130259456002
Maruti Suzuki,4,46000.0,Automatic,second,hybrid,525000,13.171155446333852
Maruti Suzuki,6,62583.0,Manual,second,diesel,580000,13.270785106659046
Hyundai,14,45000.0,Manual,second,petrol,185000,12.128116509451258
Maruti Suzuki,9,85000.0,Manual,first,petrol,375000,12.834683971615659
Maruti Suzuki,7,34000.0,Manual,second,hybrid,395000,12.886643575525625
Maruti Suzuki,1,25000.0,Automatic,first,hybrid,1995000,14.506155109559108
Toyota,3,20000.0,Automatic,second,diesel,3025000,14.922421980025536
Maruti Suzuki,8,38000.0,Manual,first,petrol,325000,12.691583538230217
Jeep,5,40000.0,Automatic,second,diesel,1190000,13.989464705423494
Toyota,13,48500.0,Manual,second,petrol,335000,12.721888795877375
Mercedes-Benz,8,68000.0,Automatic,second,diesel,1475000,14.204169225721929
Maruti Suzuki,5,95000.0,Automatic,first,hybrid,550000,13.217675375388819
Land Rover,7,120000.0,Automatic,second,diesel,3500000,15.068273812173887
Maruti Suzuki,6,58000.0,Automatic,first,hybrid,350000,12.765691290604371
Honda,10,69700.0,Manual,second,petrol,480000,13.081543466215237
Hyundai,10,82000.0,Automatic,second,hybrid,420000,12.948012371209098
Maruti Suzuki,12,156874.0,Automatic,second,hybrid,175000,12.07254696717504
Hyundai,6,60000.0,Automatic,second,diesel,1100000,13.910821646859095
Maruti Suzuki,6,50000.0,Automatic,second,hybrid,470000,13.060490101343552
Maruti Suzuki,9,115000.0,Automatic,first,hybrid,100000,11.51293546492023
Maruti Suzuki,13,82000.0,Manual,second,petrol,310000,12.644330802262578
Renault,4,18047.0,Automatic,second,petrol,405000,12.91164481522143
Kia,3,37000.0,Automatic,first,petrol,1085000,13.897091466615258
Maruti Suzuki,1,19155.0,Manual,first,hybrid,1220000,14.014362236381235
Honda,7,54000.0,Manual,second,petrol,580000,13.270785106659046
Renault,11,73500.0,Manual,second,diesel,259000,12.464587201678082
Ssangyong,11,59000.0,Automatic,second,diesel,400003,12.89922982604012
Hyundai,7,98000.0,Manual,first,hybrid,564000,13.242811303528269
Toyota,15,75000.0,Manual,second,hybrid,235000,12.367345048436391
Renault,7,91715.0,Automatic,first,hybrid,329000,12.703816069256568
Hyundai,4,52000.0,Manual,first,hybrid,600000,13.304686600863562
Toyota,6,144000.0,Automatic,second,diesel,3150000,14.962913328262083
Maruti Suzuki,18,80000.0,Automatic,first,hybrid,58000,10.968215530759236
Maruti Suzuki,6,73000.0,Automatic,first,hybrid,320000,12.676079399771027
Hyundai,6,75000.0,Manual,second,diesel,675000,13.42246945133505
BMW,7,166666.0,Automatic,second,diesel,1666666,14.326336381730245
Maruti Suzuki,1,35000.0,Automatic,first,hybrid,950000,13.76421831620775
Mercedes-Benz,20,37800.0,Automatic,second,petrol,825000,13.623139877437296
Maruti Suzuki,16,69000.0,Manual,second,petrol,70000,11.156264806643742
Maruti Suzuki,14,67449.0,Manual,first,petrol,140000,11.849404844423074
Maruti Suzuki,10,87000.0,Manual,first,hybrid,270000,12.506180941677357
Ford,8,85000.0,Automatic,second,petrol,550000,13.217675375388819
Maruti Suzuki,5,28000.0,Manual,first,hybrid,375000,12.834683971615659
Jeep,6,39000.0,Automatic,first,petrol,1050000,13.864301674514206
Toyota,16,210000.0,Manual,second,diesel,270000,12.506180941677357
Maruti Suzuki,9,44000.0,Manual,second,hybrid,355000,12.779875885354993
Mahindra,6,80000.0,Manual,second,diesel,850000,13.652992804936396
Renault,6,94000.0,Automatic,first,petrol,350000,12.765691290604371
Hyundai,16,74000.0,Manual,second,petrol,149000,11.91170829631447
Maruti Suzuki,2,8000.0,Automatic,first,petrol,775000,13.560619598657233
Land Rover,8,96900.0,Automatic,second,diesel,2745000,14.825291997224427
Mahindra,5,55000.0,Automatic,second,diesel,1275000,14.058457520888082
Honda,7,3000.0,Manual,first,hybrid,295000,12.59473402514672
Maruti Suzuki,5,140000.0,Automatic,second,hybrid,310000,12.644330802262578
Maruti Suzuki,8,34000.0,Automatic,first,petrol,425000,12.959846800844963
Ford,9,89000.0,Automatic,second,hybrid,599000,13.303018546545275
Mahindra,15,110000.0,Manual,second,diesel,330000,12.706850963741102
Maruti Suzuki,16,89000.0,Manual,second,diesel,295000,12.59473402514672
Maruti Suzuki,1,27000.0,Automatic,first,hybrid,1670000,14.328334783195153
Maruti Suzuki,8,61980.0,Automatic,second,petrol,435000,12.983103608918753
Tata,9,121580.0,Manual,second,diesel,225000,12.323860125621126
Hyundai,2,8500.0,Automatic,first,petrol,950000,13.76421831620775
Maruti Suzuki,5,72000.0,Automatic,second,hybrid,464000,13.047641986378483
Maruti Suzuki,13,69000.0,Manual,second,hybrid,185000,12.128116509451258
Hyundai,5,57000.0,Manual,first,hybrid,520000,13.161586013632684
Hyundai,14,43000.0,Automatic,first,petrol,320000,12.676079399771027
Hyundai,11,68000.0,Manual,second,hybrid,375000,12.834683971615659
Maruti Suzuki,4,14796.0,Manual,first,petrol,475000,13.07107218827772
Maruti Suzuki,10,25.0,Automatic,second,hybrid,170000,12.04355959836804
Maruti Suzuki,11,75000.0,Automatic,first,hybrid,250000,12.429220196836383
Honda,7,74000.0,Automatic,second,petrol,765000,13.547632419997361
Maruti Suzuki,7,68000.0,Manual,second,petrol,300000,12.611541086966115
Maruti Suzuki,11,70000.0,Manual,second,diesel,490000,13.102162710901053
Hyundai,7,66000.0,Manual,second,diesel,360000,12.793862088206213
Honda,12,55000.0,Automatic,second,petrol,335000,12.721888795877375
Maruti Suzuki,8,76300.0,Manual,first,hybrid,395000,12.886643575525625
Maruti Suzuki,6,39815.0,Automatic,first,petrol,660000,13.399996629152975
Maruti Suzuki,5,300000.0,Manual,second,hybrid,200000,12.206077645517674
MG,3,30000.0,Manual,second,petrol,1450000,14.187074804051692
Ford,7,55000.0,Automatic,second,hybrid,600000,13.304686600863562
Maruti Suzuki,5,300000.0,Manual,first,petrol,290000,12.577639650232573
Audi,6,78700.0,Automatic,second,diesel,2051000,14.533838524621439
Mahindra,11,84000.0,Manual,second,diesel,450000,13.017005083966255
Honda,10,64000.0,Manual,first,petrol,510000,13.1421679654829
Maruti Suzuki,6,58000.0,Manual,first,diesel,650000,13.384729180332174
Maruti Suzuki,10,130000.0,Manual,second,hybrid,600000,13.304686600863562
Kia,2,15000.0,Automatic,first,petrol,1350000,14.115615891155079
Hyundai,7,82000.0,Automatic,first,hybrid,475000,13.07107218827772
Renault,3,17738.0,Automatic,second,petrol,435000,12.983103608918753
Maruti Suzuki,10,91000.0,Manual,second,hybrid,470000,13.060490101343552
Maruti Suzuki,12,68000.0,Manual,second,petrol,190000,12.154784614286667
Renault,4,110000.0,Automatic,first,diesel,975000,13.790193775620484
Toyota,12,89000.0,Manual,second,diesel,1050000,13.864301674514206
Honda,7,52000.0,Manual,second,petrol,435000,12.983103608918753
Hyundai,9,78000.0,Manual,second,petrol,344999,12.751299696013497
Hyundai,5,64052.0,Manual,second,hybrid,374000,12.832013750189885
Renault,6,48123.0,Automatic,second,petrol,295000,12.59473402514672
Hyundai,14,85000.0,Manual,first,petrol,145000,11.884495917930655
Maruti Suzuki,11,64231.0,Automatic,first,petrol,295000,12.59473402514672
MG,0,10269.0,Automatic,first,petrol,2475000,14.72175135802525
Mahindra,8,95000.0,Manual,second,diesel,400000,12.899222326086994
Maruti Suzuki,9,61000.0,Automatic,second,hybrid,530000,13.180634172318978
Hyundai,4,86000.0,Manual,second,hybrid,445000,13.005831808336863
Land Rover,6,20000.0,Automatic,second,diesel,2975000,14.905754933096265
Maruti Suzuki,2,40000.0,Manual,first,petrol,695000,13.451668563394815
Hyundai,14,100000.0,Automatic,first,hybrid,80000,11.289794413577894
Honda,5,110000.0,Automatic,first,diesel,695000,13.451668563394815
Hyundai,3,45000.0,Automatic,first,diesel,1725000,14.360738188157574
MG,5,17000.0,Automatic,first,petrol,1299000,14.07710606547538
Honda,14,300000.0,Manual,second,petrol,325000,12.691583538230217
Maruti Suzuki,8,74000.0,Manual,second,hybrid,280000,12.54254845357358
BMW,12,116260.0,Automatic,second,diesel,945000,13.758941264676379
Maruti Suzuki,10,80000.0,Manual,second,petrol,450000,13.017005083966255
MG,3,29000.0,Automatic,second,petrol,1611000,14.292366282891383
Honda,9,93000.0,Automatic,second,hybrid,470000,13.060490101343552
Toyota,3,38000.0,Automatic,second,diesel,3050000,14.930652476452392
Audi,9,92000.0,Automatic,second,diesel,2875000,14.871563580039615
Kia,4,25000.0,Automatic,first,petrol,1400000,14.151983508870947
Maruti Suzuki,4,300000.0,Automatic,first,hybrid,580000,13.270785106659046
Volkswagen,5,48000.0,Manual,first,petrol,555000,13.22672519452875
Tata,6,60000.0,Automatic,second,hybrid,350000,12.765691290604371
Maruti Suzuki,8,97000.0,Automatic,second,diesel,600000,13.304686600863562
Maruti Suzuki,7,130000.0,Manual,second,hybrid,340000,12.73670383776449
Hyundai,13,68000.0,Manual,second,petrol,295000,12.59473402514672
Mahindra,16,78000.0,Manual,second,diesel,220000,12.301387370778713
Mahindra,8,87000.0,Manual,second,diesel,595000,13.296318365198623
Honda,10,48000.0,Manual,first,petrol,310000,12.644330802262578
Hyundai,7,75000.0,Automatic,second,petrol,770000,13.554147092530322
Toyota,0,16000.0,Automatic,first,hybrid,3500000,15.068273812173887
Maruti Suzuki,6,39505.0,Automatic,first,petrol,650000,13.384729180332174
Hyundai,7,63000.0,Manual,second,diesel,925000,13.73755009757506
Mahindra,8,100000.0,Manual,second,diesel,1055000,13.869052272759154
Maruti Suzuki,14,32000.0,Manual,second,petrol,110000,11.608244735642321
Maruti Suzuki,11,49000.0,Manual,first,petrol,385000,12.861001210669146
Maruti Suzuki,5,88000.0,Manual,first,hybrid,450000,13.017005083966255
Hyundai,6,49001.0,Automatic,second,petrol,1125000,13.933294482509151
Maruti Suzuki,7,62000.0,Manual,second,hybrid,390000,12.873904582205107
Hyundai,6,53000.0,Manual,second,petrol,635000,13.361381852676738
Maruti Suzuki,7,71000.0,Manual,second,petrol,235000,12.367345048436391
Kia,4,37000.0,Manual,first,petrol,998000,13.813509557297108
Ford,5,18000.0,Manual,second,petrol,580000,13.270785106659046
Maruti Suzuki,5,58735.0,Automatic,first,hybrid,375000,12.834683971615659
Skoda,10,65000.0,Automatic,second,diesel,1050000,13.864301674514206
Honda,19,11800.0,Automatic,first,hybrid,99999,11.512925464970229
Volkswagen,11,89000.0,Automatic,first,diesel,475000,13.07107218827772
Volkswagen,8,44000.0,Manual,second,hybrid,400000,12.899222326086994
Honda,7,60000.0,Automatic,second,petrol,750000,13.527829818844937
Mahindra,10,150000.0,Manual,first,diesel,940000,13.753636218075409
Maruti Suzuki,6,80000.0,Automatic,first,petrol,545000,13.208542908506082
Toyota,2,20000.0,Automatic,first,diesel,3250000,14.99416586199818
Honda,14,109000.0,Automatic,second,hybrid,140000,11.849404844423074
Maruti Suzuki,8,58000.0,Manual,first,hybrid,575000,13.26212705890841
Maruti Suzuki,8,69000.0,Manual,second,diesel,690000,13.444448325847754
Maruti Suzuki,9,52000.0,Manual,second,petrol,395000,12.886643575525625
Nissan,13,64213.0,Manual,first,petrol,230000,12.345838935721968
Volkswagen,12,95000.0,Manual,second,diesel,280000,12.54254845357358
Maruti Suzuki,8,110000.0,Automatic,second,hybrid,330000,12.706850963741102
Maruti Suzuki,2,27000.0,Automatic,first,hybrid,1495000,14.217637433703022
Maruti Suzuki,7,200000.0,Automatic,first,hybrid,330000,12.706850963741102
Mercedes-Benz,7,106000.0,Automatic,second,diesel,3600000,15.096444681204078
Toyota,11,127000.0,Automatic,second,diesel,1090000,13.901689171636098
Hyundai,4,43000.0,Manual,first,hybrid,665000,13.407543823396258
Hyundai,7,89000.0,Automatic,first,diesel,699000,13.457407451830088
BMW,2,9000.0,Automatic,first,diesel,3700000,15.123843647884687
Honda,8,72000.0,Automatic,first,hybrid,390000,12.873904582205107
Skoda,11,65000.0,Automatic,second,petrol,315000,12.660331092405906
Hyundai,9,60000.0,Manual,second,hybrid,290000,12.577639650232573
Hyundai,2,23500.0,Manual,first,hybrid,799999,13.592367006650065
Mercedes-Benz,9,50000.0,Automatic,first,diesel,2250000,14.626441218624949
Kia,1,14000.0,Automatic,first,diesel,1400000,14.151983508870947
Maruti Suzuki,9,80000.0,Manual,second,petrol,315000,12.660331092405906
Maruti Suzuki,6,66000.0,Automatic,second,hybrid,495000,13.112315061750808
Tata,3,35000.0,Automatic,first,hybrid,600000,13.304686600863562
Honda,12,68000.0,Manual,second,petrol,199000,12.201065128819632
Honda,12,67000.0,Automatic,second,hybrid,390000,12.873904582205107
Maruti Suzuki,13,90000.0,Automatic,second,hybrid,230000,12.345838935721968
Volkswagen,10,65644.0,Automatic,first,petrol,575000,13.26212705890841
Honda,9,43000.0,Manual,first,petrol,465000,13.049794835104816
Porsche,6,89000.0,Automatic,second,diesel,4900000,15.404745967162468
Maruti Suzuki,8,70000.0,Manual,first,hybrid,455000,13.02805489573287
Maruti Suzuki,7,29500.0,Manual,second,petrol,300000,12.611541086966115
Kia,3,88000.0,Automatic,first,diesel,1650000,14.316286451937186
Hyundai,9,58000.0,Automatic,first,hybrid,449900,13.016782837542953
Tata,6,65000.0,Automatic,first,hybrid,475000,13.07107218827772
Renault,6,25000.0,Automatic,first,petrol,380000,12.847929163278053
Renault,4,58000.0,Automatic,first,petrol,624000,13.343907249914384
Honda,10,68569.0,Manual,second,diesel,525000,13.171155446333852
Maruti Suzuki,6,47000.0,Automatic,first,hybrid,380000,12.847929163278053
Jeep,7,65000.0,Manual,second,diesel,1125000,13.933294482509151
Renault,7,65693.0,Manual,second,petrol,624290,13.344371884799838
Toyota,0,2000.0,Automatic,first,hybrid,3050000,14.930652476452392
Maruti Suzuki,5,270000.0,Automatic,second,hybrid,500000,13.122365377402328
Maruti Suzuki,93,88000.0,Manual,first,hybrid,349000,12.762830066509972
Toyota,11,69000.0,Automatic,second,diesel,1850000,14.430696737594902
Hyundai,7,75000.0,Manual,second,petrol,310000,12.644330802262578
Maruti Suzuki,12,96000.0,Manual,second,hybrid,349999,12.765688433465597
Toyota,0,5000.0,Automatic,first,diesel,4100000,15.226497775576945
BMW,10,144000.0,Automatic,second,diesel,750000,13.527829818844937
Hyundai,3,27000.0,Automatic,first,petrol,1550000,14.253766134056512
Toyota,8,150000.0,Manual,second,diesel,1125000,13.933294482509151
Skoda,7,168877.0,Automatic,first,diesel,525000,13.171155446333852
Hyundai,16,89000.0,Automatic,second,hybrid,200000,12.206077645517674
Honda,10,58000.0,Automatic,first,hybrid,325000,12.691583538230217
BMW,4,37000.0,Automatic,first,diesel,5800000,15.573368647930426
Honda,16,75000.0,Automatic,first,hybrid,99999,11.512925464970229
Ford,9,41000.0,Automatic,second,petrol,449999,13.017002861746503
Maruti Suzuki,6,22000.0,Automatic,second,petrol,700000,13.45883704259595
Tata,7,95000.0,Manual,second,diesel,649000,13.38318953651709
Datsun,6,29000.0,Automatic,second,petrol,225000,12.323860125621126
Honda,14,96000.0,Automatic,second,hybrid,195000,12.180759965737863
Audi,9,68000.0,Automatic,first,diesel,1035000,13.849912950864715
Hyundai,10,68530.0,Manual,first,petrol,290000,12.577639650232573
Honda,15,77000.0,Automatic,second,hybrid,285000,12.560247968016562
Maruti Suzuki,8,57000.0,Automatic,second,petrol,525000,13.171155446333852
Maruti Suzuki,13,74216.0,Manual,second,petrol,120000,11.695255355062795
Maruti Suzuki,10,65000.0,Automatic,second,petrol,135000,11.813037464800539
Maruti Suzuki,12,72000.0,Manual,second,hybrid,265000,12.487488878546145
Mercedes-Benz,12,99500.0,Automatic,first,diesel,901000,13.711261646467772
Jaguar,8,68000.0,Automatic,first,diesel,2195000,14.60169306007217
Hyundai,6,78000.0,Automatic,first,hybrid,745000,13.521140839642674
Hyundai,14,97000.0,Manual,first,hybrid,190000,12.154784614286667
Renault,8,77000.0,Manual,second,diesel,595000,13.296318365198623
Maruti Suzuki,12,52000.0,Automatic,second,petrol,240000,12.388398368982115
Maruti Suzuki,12,55000.0,Manual,second,hybrid,295000,12.59473402514672
Maruti Suzuki,12,59350.0,Manual,second,petrol,185000,12.128116509451258
Tata,2,16000.0,Automatic,first,petrol,668000,13.41204494952365
Jaguar,6,42000.0,Automatic,second,diesel,6200000,15.64006001130563
Nissan,7,78000.0,Automatic,first,petrol,375000,12.834683971615659
Hyundai,1,16976.0,Automatic,first,petrol,1250000,14.038654909278163
Skoda,7,55000.0,Automatic,first,hybrid,575000,13.26212705890841
Maruti Suzuki,16,80500.0,Manual,first,petrol,135000,11.813037464800539
Mahindra,4,70000.0,Manual,second,diesel,1199000,13.99699926803766
Hyundai,7,67000.0,Automatic,second,hybrid,525000,13.171155446333852
Maruti Suzuki,4,43434.0,Manual,first,petrol,515000,13.151924121391561
Hyundai,6,33200.0,Automatic,first,petrol,1600000,14.285514812209815
Maruti Suzuki,8,71000.0,Manual,second,hybrid,265000,12.487488878546145
Maruti Suzuki,11,73000.0,Manual,second,diesel,300000,12.611541086966115
Volkswagen,7,136000.0,Manual,first,petrol,350000,12.765691290604371
Honda,11,141000.0,Automatic,second,petrol,325000,12.691583538230217
Ford,8,9000.0,Automatic,first,petrol,625000,13.345508528717259
Maruti Suzuki,13,78300.0,Manual,first,hybrid,175000,12.07254696717504
Maruti Suzuki,9,83000.0,Manual,second,diesel,485000,13.091906231773164
Maruti Suzuki,2,42000.0,Manual,first,petrol,760000,13.541075028051122
Maruti Suzuki,2,16583.0,Manual,first,petrol,590000,13.28787951079572
Hyundai,9,38532.0,Manual,second,petrol,371000,12.82396003700373
Tata,1,17840.0,Manual,first,hybrid,599999,13.304684934198283
Maruti Suzuki,6,100000.0,Manual,second,petrol,890000,13.698977865303197
Maruti Suzuki,8,71000.0,Manual,second,petrol,310000,12.644330802262578
Maruti Suzuki,10,90000.0,Manual,second,petrol,360000,12.793862088206213
BMW,1,9500.0,Automatic,second,petrol,5275000,15.478489426899847
Maruti Suzuki,3,21000.0,Manual,first,petrol,710000,13.47302165746721
Toyota,12,200000.0,Manual,second,diesel,1200000,13.997832948091215
Honda,12,55000.0,Automatic,second,petrol,341000,12.739640688812674
Volkswagen,11,60000.0,Manual,second,hybrid,260000,12.468440756144114
Toyota,3,52000.0,Manual,first,diesel,3650000,15.11023799953124
Toyota,8,35000.0,Manual,second,petrol,540000,13.199326270390594
Maruti Suzuki,2,70000.0,Manual,first,hybrid,670000,13.415034483903348
Maruti Suzuki,7,87000.0,Manual,first,hybrid,400000,12.899222326086994
Maruti Suzuki,10,52000.0,Manual,first,hybrid,260000,12.468440756144114
Mercedes-Benz,5,60000.0,Automatic,second,diesel,4500000,15.319588176962746
Maruti Suzuki,4,70198.0,Manual,second,hybrid,570000,13.25339339419516
Chevrolet,14,200000.0,Automatic,second,diesel,340000,12.73670383776449
Hyundai,13,300000.0,Automatic,second,petrol,370000,12.821260987319457
Maruti Suzuki,8,80000.0,Manual,second,petrol,335000,12.721888795877375
Toyota,9,260000.0,Manual,second,diesel,850000,13.652992804936396
Maruti Suzuki,9,125000.0,Automatic,second,petrol,495000,13.112315061750808
Tata,9,200000.0,Manual,second,diesel,150000,11.918397239722838
Maruti Suzuki,13,112000.0,Manual,second,hybrid,230000,12.345838935721968
Hyundai,3,58000.0,Manual,second,petrol,1035000,13.849912950864715
Mahindra,7,56000.0,Automatic,second,diesel,1260000,14.04662307257814
Maruti Suzuki,8,130000.0,Automatic,first,hybrid,250000,12.429220196836383
Mahindra,2,45000.0,Manual,first,petrol,765000,13.547632419997361
Maruti Suzuki,12,67000.0,Manual,second,diesel,225000,12.323860125621126
Maruti Suzuki,5,120000.0,Manual,second,hybrid,450000,13.017005083966255
Mahindra,2,11492.0,Automatic,first,petrol,1449999,14.187074114396758
Honda,6,56000.0,Manual,first,hybrid,585000,13.279368835614243
Honda,12,82000.0,Automatic,second,petrol,295000,12.59473402514672
Hyundai,6,50000.0,Manual,first,hybrid,550000,13.217675375388819
Mercedes-Benz,7,34500.0,Automatic,first,diesel,4500000,15.319588176962746
Isuzu,6,83000.0,Automatic,second,diesel,2200000,14.603968372873895
Maruti Suzuki,7,82000.0,Manual,first,hybrid,690000,13.444448325847754
Skoda,6,69999.0,Manual,second,diesel,766666,13.549807827013783
Audi,12,89000.0,Automatic,second,diesel,900000,13.710151153416941
Audi,11,88000.0,Automatic,second,diesel,1250000,14.038654909278163
Toyota,7,170000.0,Manual,second,diesel,1825000,14.417091092943783
Skoda,11,79000.0,Manual,second,diesel,285000,12.560247968016562
Toyota,8,86500.0,Automatic,second,diesel,2000000,14.508658238524095
Ford,8,36000.0,Manual,second,petrol,329000,12.703816069256568
Tata,5,26000.0,Automatic,first,petrol,485000,13.091906231773164
Maruti Suzuki,3,46000.0,Manual,second,hybrid,980000,13.795308871054397
Maruti Suzuki,13,77000.0,Manual,second,hybrid,199000,12.201065128819632
Maruti Suzuki,12,93000.0,Automatic,second,hybrid,96000,11.472113887062386
Toyota,11,52600.0,Manual,first,diesel,651300,13.38672717992407
Maruti Suzuki,12,68900.0,Manual,second,hybrid,160000,11.982935344196433
Hyundai,7,52582.0,Manual,first,hybrid,430000,12.971542813248437
Tata,2,36000.0,Manual,first,petrol,575000,13.26212705890841
Mercedes-Benz,8,31000.0,Automatic,first,diesel,3100000,14.946912992035967
Maruti Suzuki,11,77000.0,Manual,second,hybrid,499999,13.122363377404328
Hyundai,13,67000.0,Manual,first,petrol,295000,12.59473402514672
Kia,2,25000.0,Automatic,first,diesel,1899996,14.457362865188054
Maruti Suzuki,6,49191.0,Manual,second,diesel,845000,13.647093089770562
Volkswagen,1,11000.0,Automatic,first,petrol,1825000,14.417091092943783
Maruti Suzuki,3,45000.0,Manual,first,hybrid,509000,13.140205260167273
Maruti Suzuki,9,110000.0,Manual,first,petrol,425000,12.959846800844963
Maruti Suzuki,6,67000.0,Automatic,second,hybrid,338000,12.73080413304066
Maruti Suzuki,7,85000.0,Manual,second,hybrid,491000,13.104201443434462
Hyundai,4,43513.0,Manual,first,petrol,1125000,13.933294482509151
Hyundai,13,110000.0,Automatic,first,hybrid,250000,12.429220196836383
Hyundai,10,72000.0,Automatic,second,hybrid,445000,13.005831808336863
Hyundai,5,30000.0,Manual,first,petrol,650000,13.384729180332174
Maruti Suzuki,9,88000.0,Manual,first,hybrid,450000,13.017005083966255
Maruti Suzuki,1,52000.0,Manual,first,hybrid,700000,13.45883704259595
Audi,10,91000.0,Automatic,first,diesel,1350000,14.115615891155079
Honda,17,61000.0,Automatic,second,hybrid,160000,11.982935344196433
Hyundai,7,69870.0,Manual,second,petrol,320000,12.676079399771027
Honda,15,73000.0,Automatic,second,hybrid,390000,12.873904582205107
Maruti Suzuki,7,11050.0,Manual,second,petrol,390000,12.873904582205107
Hyundai,3,51000.0,Manual,first,hybrid,660000,13.399996629152975
Maruti Suzuki,10,70000.0,Automatic,second,petrol,220000,12.301387370778713
Jeep,6,57000.0,Automatic,first,petrol,1350000,14.115615891155079
Hyundai,5,62000.0,Automatic,first,petrol,840000,13.641158361294979
Volkswagen,13,140000.0,Manual,second,diesel,240000,12.388398368982115
Toyota,7,58000.0,Automatic,second,diesel,1924999,14.470436525704022
Hyundai,12,179000.0,Manual,second,hybrid,290000,12.577639650232573
Hyundai,0,3500.0,Automatic,first,petrol,1800000,14.403297778421795
Volkswagen,9,117000.0,Manual,second,diesel,625000,13.345508528717259
Maruti Suzuki,13,70000.0,Manual,second,petrol,240000,12.388398368982115
Maruti Suzuki,9,52000.0,Manual,first,hybrid,345000,12.75130259456002
BMW,8,80000.0,Automatic,second,diesel,2600000,14.77102238760702
Tata,6,25000.0,Automatic,first,petrol,679000,13.428377879293798
Hyundai,11,110000.0,Manual,first,petrol,198000,12.19602736016897
Tata,5,40000.0,Automatic,second,petrol,425000,12.959846800844963
Hyundai,7,63000.0,Automatic,first,hybrid,549000,13.215855541983634
Renault,8,38000.0,Automatic,second,petrol,395000,12.886643575525625
Volkswagen,9,124000.0,Automatic,second,petrol,400000,12.899222326086994
Maruti Suzuki,6,61000.0,Automatic,second,hybrid,350000,12.765691290604371
Maruti Suzuki,8,82000.0,Manual,second,diesel,350000,12.765691290604371
Toyota,8,138625.0,Manual,second,diesel,1161101,13.964880112118136
Hyundai,6,48000.0,Automatic,second,diesel,1070000,13.883170141017091
Maruti Suzuki,6,30000.0,Manual,first,petrol,670000,13.415034483903348
Hyundai,6,62000.0,Manual,first,petrol,295000,12.59473402514672
Honda,10,64000.0,Automatic,second,petrol,625000,13.345508528717259
Honda,13,68530.0,Manual,second,hybrid,225000,12.323860125621126
Maruti Suzuki,4,66000.0,Automatic,first,hybrid,980000,13.795308871054397
Renault,5,48000.0,Manual,first,hybrid,550000,13.217675375388819
Hyundai,10,77000.0,Manual,first,petrol,275000,12.524530013005734
Honda,8,150000.0,Automatic,second,diesel,350000,12.765691290604371
Honda,16,141000.0,Automatic,second,petrol,325000,12.691583538230217
Ford,7,95000.0,Manual,second,diesel,535000,13.190023895035274
Mercedes-Benz,6,85000.0,Automatic,first,diesel,3850000,15.163583966004193
Mercedes-Benz,5,71000.0,Automatic,first,diesel,4100000,15.226497775576945
Maruti Suzuki,14,63000.0,Manual,first,petrol,165000,12.013706813470414
Volkswagen,7,54000.0,Automatic,second,petrol,949000,13.76316513133229
Hyundai,10,94000.0,Manual,first,petrol,350000,12.765691290604371
Maruti Suzuki,3,24000.0,Manual,first,hybrid,590000,13.28787951079572
Maruti Suzuki,6,70000.0,Manual,second,hybrid,420000,12.948012371209098
Maruti Suzuki,7,56700.0,Automatic,second,petrol,350000,12.765691290604371
Maruti Suzuki,7,33000.0,Manual,first,petrol,275000,12.524530013005734
Maruti Suzuki,7,80000.0,Automatic,second,hybrid,450000,13.017005083966255
Ford,6,38000.0,Automatic,second,petrol,475000,13.07107218827772
Maruti Suzuki,13,80500.0,Manual,second,hybrid,225000,12.323860125621126
Hyundai,11,63000.0,Manual,second,petrol,365000,12.807655372286902
Hyundai,14,87000.0,Manual,second,diesel,240000,12.388398368982115
Maruti Suzuki,12,65000.0,Manual,second,hybrid,267000,12.495007682693725
Hyundai,14,85000.0,Manual,second,petrol,110000,11.608244735642321
Hyundai,15,75000.0,Manual,first,hybrid,195000,12.180759965737863
Toyota,15,75000.0,Automatic,second,hybrid,450000,13.017005083966255
Hyundai,8,58000.0,Manual,second,hybrid,325000,12.691583538230217
Audi,11,95000.0,Automatic,second,diesel,1050000,13.864301674514206
Kia,2,43000.0,Automatic,first,diesel,1775000,14.389311544271775
Mercedes-Benz,8,68000.0,Automatic,second,diesel,1825000,14.417091092943783
BMW,9,89000.0,Automatic,second,diesel,2000000,14.508658238524095
Honda,16,72000.0,Automatic,first,hybrid,270000,12.506180941677357
Maruti Suzuki,0,25000.0,Automatic,first,hybrid,181000,12.10625783509458
Honda,8,62.0,Automatic,first,petrol,625000,13.345508528717259
Audi,9,90000.0,Automatic,first,diesel,745000,13.521140839642674
Honda,10,86000.0,Automatic,second,hybrid,469000,13.058360179622305
Mahindra,46,100000.0,Manual,second,diesel,200000,12.206077645517674
Maruti Suzuki,6,85269.0,Manual,second,hybrid,535000,13.190023895035274
Mercedes-Benz,7,70000.0,Automatic,first,diesel,3790000,15.147876840910817
Maruti Suzuki,7,42000.0,Automatic,first,hybrid,385000,12.861001210669146
BMW,10,110000.0,Automatic,second,diesel,951000,13.765270393051685
Ford,9,80000.0,Automatic,second,hybrid,415000,12.936036208848487
Honda,15,93000.0,Automatic,second,petrol,290000,12.577639650232573
Hyundai,8,68000.0,Manual,first,petrol,485000,13.091906231773164
Maruti Suzuki,7,71000.0,Manual,second,hybrid,680000,13.429849547739444
Maruti Suzuki,17,89800.0,Manual,second,hybrid,115000,11.652696102959753
Mercedes-Benz,10,75000.0,Automatic,second,diesel,799000,13.591117476312084
Maruti Suzuki,12,62000.0,Manual,first,hybrid,175000,12.07254696717504
Ford,5,115000.0,Automatic,first,diesel,2350000,14.669926311652166
Datsun,7,84520.0,Manual,second,hybrid,221000,12.30592250537653
Maruti Suzuki,3,21008.0,Manual,first,petrol,710000,13.47302165746721
Hyundai,13,65000.0,Manual,second,hybrid,255000,12.449022745701502
Tata,1,12000.0,Manual,second,petrol,590000,13.28787951079572
Hyundai,14,300000.0,Manual,second,hybrid,142000,11.863589378812122
Skoda,8,80000.0,Automatic,second,petrol,850000,13.652992804936396
Honda,12,85000.0,Automatic,second,hybrid,318000,12.669809806411457
Nissan,10,57000.0,Manual,second,diesel,320000,12.676079399771027
Maruti Suzuki,0,3900.0,Automatic,first,petrol,928000,13.740788089353964
Hyundai,14,58000.0,Automatic,first,hybrid,130000,11.775297421715827
Hyundai,9,111939.0,Manual,second,petrol,319780,12.675391665484437
Tata,2,12000.0,Automatic,first,petrol,599000,13.303018546545275
Maruti Suzuki,10,19925.0,Manual,first,hybrid,575000,13.26212705890841
Maruti Suzuki,7,63000.0,Automatic,first,hybrid,560000,13.235693848424024
Nissan,11,75000.0,Manual,first,petrol,239000,12.384223015005313
Mercedes-Benz,6,36000.0,Automatic,second,diesel,1525000,14.23750562376114
Tata,1,9000.0,Manual,first,petrol,700000,13.45883704259595
Toyota,6,33000.0,Automatic,first,hybrid,680000,13.429849547739444
Hyundai,7,58000.0,Manual,second,hybrid,440000,12.994532278619134
Hyundai,10,52000.0,Manual,second,petrol,230000,12.345838935721968
Mahindra,5,130000.0,Manual,first,diesel,691000,13.445896549926763
Maruti Suzuki,2,44000.0,Manual,first,petrol,695000,13.451668563394815
Maruti Suzuki,6,77500.0,Automatic,first,hybrid,450000,13.017005083966255
Maruti Suzuki,5,57000.0,Automatic,first,hybrid,460000,13.038983942375959
Tata,15,75945.0,Manual,second,petrol,125000,11.736077016252437
Maruti Suzuki,5,34000.0,Manual,second,hybrid,525000,13.171155446333852
Hyundai,16,77000.0,Automatic,second,petrol,290000,12.577639650232573
Hyundai,7,150000.0,Automatic,second,diesel,750000,13.527829818844937
Honda,12,92000.0,Automatic,first,hybrid,400000,12.899222326086994
Toyota,9,95000.0,Automatic,second,hybrid,615000,13.329379172803593
Maruti Suzuki,11,110000.0,Manual,second,diesel,409999,12.92391243868049
Tata,5,75000.0,Manual,second,diesel,270000,12.506180941677357
Lexus,2,32000.0,Automatic,first,hybrid,6699999,15.717618084361195
Honda,6,84858.0,Automatic,second,petrol,769000,13.552847548877052
Maruti Suzuki,7,133722.0,Automatic,second,hybrid,230000,12.345838935721968
Hyundai,0,50000.0,Automatic,first,hybrid,780000,13.567050480716235
Mercedes-Benz,10,79000.0,Automatic,second,diesel,925000,13.73755009757506
Maruti Suzuki,15,25.0,Automatic,second,hybrid,235000,12.367345048436391
Maruti Suzuki,6,56000.0,Automatic,second,hybrid,480000,13.081543466215237
Maruti Suzuki,2,48865.0,Manual,first,hybrid,625000,13.345508528717259
Maruti Suzuki,16,74000.0,Manual,second,petrol,118000,11.678448377988165
Maruti Suzuki,5,30.0,Automatic,second,hybrid,480000,13.081543466215237
Hyundai,9,79000.0,Manual,second,diesel,525000,13.171155446333852
Mahindra,2,72000.0,Automatic,first,diesel,1380000,14.137594781770806
Hyundai,7,50000.0,Automatic,second,hybrid,443000,13.001327306361068
Toyota,6,66000.0,Automatic,first,petrol,970000,13.785052381406869
Hyundai,8,91000.0,Manual,second,diesel,895000,13.704580114574805
Mahindra,12,86283.0,Manual,second,diesel,450000,13.017005083966255
Honda,13,85000.0,Automatic,second,hybrid,361000,12.796636007394284
Volkswagen,13,150000.0,Manual,second,diesel,265000,12.487488878546145
Skoda,13,90000.0,Automatic,second,diesel,410000,12.923914877701906
Maruti Suzuki,8,80000.0,Automatic,first,petrol,370000,12.821260987319457
Hyundai,1,44000.0,Automatic,first,petrol,1590000,14.279245203127035
Maruti Suzuki,8,90000.0,Manual,second,diesel,590000,13.28787951079572
Maruti Suzuki,15,110000.0,Manual,second,petrol,140000,11.849404844423074
Audi,10,52000.0,Automatic,second,diesel,1151000,13.956142556513372
Volkswagen,10,91851.0,Automatic,second,petrol,350000,12.765691290604371
Maruti Suzuki,2,66861.0,Manual,first,hybrid,680000,13.429849547739444
Audi,12,88000.0,Automatic,first,diesel,1150000,13.955273369904273
Honda,7,68000.0,Automatic,first,hybrid,745000,13.521140839642674
Audi,12,155000.0,Automatic,second,diesel,1045000,13.85952840031839
Toyota Land,7,55000.0,Automatic,second,diesel,16500000,16.61887099947687
Maruti Suzuki,9,75000.0,Manual,second,hybrid,299999,12.611537753638338
Mahindra,9,56900.0,Automatic,second,diesel,775000,13.560619598657233
Volvo,6,60000.0,Automatic,second,diesel,3100000,14.946912992035967
Kia,0,8000.0,Automatic,first,diesel,1500000,14.220976332738882
Toyota,1,29000.0,Automatic,first,hybrid,3850000,15.163583966004193
Maruti Suzuki,2,25827.0,Manual,first,petrol,382000,12.853178505386333
Skoda,9,42000.0,Automatic,second,petrol,390000,12.873904582205107
Hyundai,8,60234.0,Manual,first,hybrid,411000,12.926350926565435
Maruti Suzuki,11,98000.0,Manual,second,diesel,415000,12.936036208848487
Maruti Suzuki,6,64000.0,Manual,second,petrol,365000,12.807655372286902
Maruti Suzuki,8,71200.0,Manual,second,hybrid,235000,12.367345048436391
Maruti Suzuki,6,200000.0,Automatic,second,hybrid,190000,12.154784614286667
Mahindra,6,82000.0,Automatic,first,diesel,1325000,14.096923772119156
Toyota,1,500.0,Automatic,first,hybrid,4400000,15.29711532616119
Ford,8,71000.0,Manual,second,diesel,411000,12.926350926565435
Ford,9,58000.0,Automatic,second,petrol,492000,13.106236027992704
Hyundai,13,79000.0,Manual,second,petrol,210000,12.25486757159303
Maruti Suzuki,12,127000.0,Manual,first,petrol,335000,12.721888795877375
Mercedes-Benz,11,50317.0,Automatic,second,diesel,1180000,13.981025843899115
Maruti Suzuki,3,17000.0,Manual,second,petrol,415000,12.936036208848487
Maruti Suzuki,8,73000.0,Automatic,second,hybrid,325000,12.691583538230217
Maruti Suzuki,13,98000.0,Manual,first,petrol,210000,12.25486757159303
Mahindra,2,38000.0,Manual,first,diesel,985000,13.800397935382136
Maruti Suzuki,9,34000.0,Automatic,second,hybrid,325000,12.691583538230217
Tata,2,9014.0,Automatic,first,petrol,800000,13.592368256649284
Mercedes-Benz,6,38000.0,Automatic,second,diesel,5600000,15.53827733427679
Maruti Suzuki,5,36000.0,Automatic,first,petrol,1075000,13.887832149776026
Maruti Suzuki,9,80000.0,Automatic,second,hybrid,140000,11.849404844423074
Maruti Suzuki,14,133329.0,Manual,second,hybrid,325000,12.691583538230217
Maruti Suzuki,2,26300.0,Automatic,second,hybrid,480000,13.081543466215237
Audi,13,160000.0,Automatic,second,diesel,599000,13.303018546545275
Maruti Suzuki,7,44515.0,Automatic,second,petrol,468000,13.056225711649638
Maruti Suzuki,13,111000.0,Automatic,second,hybrid,111101,11.618203977265871
Toyota,3,50000.0,Automatic,first,diesel,2050000,14.53335083891935
Hyundai,4,45000.0,Manual,first,petrol,850000,13.652992804936396
Hyundai,10,57000.0,Manual,second,petrol,370000,12.821260987319457
Maruti Suzuki,8,108000.0,Automatic,second,petrol,445000,13.005831808336863
Maruti Suzuki,13,103000.0,Automatic,second,hybrid,200000,12.206077645517674
Maruti Suzuki,1,56000.0,Manual,first,petrol,675000,13.42246945133505
BMW,6,62000.0,Automatic,second,petrol,4950000,15.414898336565054
Maruti Suzuki,5,27000.0,Automatic,first,petrol,875000,13.681980308196241
Maruti Suzuki,6,62000.0,Manual,second,hybrid,570000,13.25339339419516
Hyundai,6,71000.0,Manual,first,hybrid,635000,13.361381852676738
Hyundai,11,81000.0,Manual,second,petrol,320000,12.676079399771027
Hyundai,10,60000.0,Manual,first,petrol,240000,12.388398368982115
Hyundai,1,12000.0,Automatic,first,petrol,1875000,14.444119750719839
Chevrolet,12,100000.0,Automatic,second,hybrid,100000,11.51293546492023
Toyota,15,122000.0,Automatic,second,hybrid,250000,12.429220196836383
Mahindra,7,80695.0,Automatic,second,diesel,860001,13.664689993808382
Hyundai,4,37000.0,Manual,first,petrol,599999,13.304684934198283
Maruti Suzuki,9,75000.0,Manual,first,hybrid,350000,12.765691290604371
Tata,8,108000.0,Manual,second,diesel,410000,12.923914877701906
Hyundai,12,75000.0,Automatic,second,hybrid,240000,12.388398368982115
Maruti Suzuki,4,54200.0,Automatic,second,hybrid,450000,13.017005083966255
Hyundai,6,73000.0,Automatic,first,petrol,530000,13.180634172318978
Toyota,8,116000.0,Manual,first,diesel,1475000,14.204169225721929
Hyundai,3,53000.0,Manual,first,hybrid,629111,13.352064580245058
Hyundai,10,58000.0,Manual,first,hybrid,325000,12.691583538230217
Hyundai,3,40000.0,Manual,second,petrol,675000,13.42246945133505
Honda,17,112000.0,Automatic,second,hybrid,181000,12.10625783509458
Tata,6,73000.0,Automatic,first,hybrid,524000,13.169248871698304
Honda,8,68000.0,Manual,second,petrol,550000,13.217675375388819
Honda,10,49470.0,Manual,second,petrol,352000,12.77138929548529
Mercedes-Benz,8,58000.0,Automatic,first,diesel,1475000,14.204169225721929
Maruti Suzuki,3,15000.0,Automatic,second,petrol,1050000,13.864301674514206
Maruti Suzuki,7,42000.0,Automatic,first,hybrid,485000,13.091906231773164
Toyota,14,150000.0,Manual,first,petrol,365000,12.807655372286902
Ford,7,76000.0,Automatic,second,diesel,2500000,14.731801689838349
Maruti Suzuki,9,97234.0,Manual,first,hybrid,635000,13.361381852676738
Maruti Suzuki,7,85000.0,Automatic,first,petrol,400000,12.899222326086994
Volkswagen,10,135500.0,Manual,second,diesel,484000,13.089842251812337
Maruti Suzuki,3,95000.0,Automatic,second,hybrid,725000,13.493928313146206
Maruti Suzuki,10,300.0,Automatic,second,hybrid,180000,12.100717685412471
Chevrolet,12,97000.0,Manual,second,diesel,265000,12.487488878546145
Tata,2,35000.0,Automatic,first,petrol,590000,13.28787951079572
Maruti Suzuki,6,33000.0,Automatic,first,petrol,550000,13.217675375388819
Hyundai,11,72000.0,Automatic,second,petrol,385000,12.861001210669146
Honda,11,50000.0,Manual,first,petrol,175000,12.07254696717504
Hyundai,5,58000.0,Automatic,first,petrol,1040000,13.854732232655556
Toyota,1,28000.0,Automatic,first,petrol,4100000,15.226497775576945
Hyundai,6,52000.0,Automatic,first,hybrid,325000,12.691583538230217
Toyota,8,85000.0,Automatic,first,hybrid,170000,12.04355959836804
Volkswagen,12,81000.0,Manual,second,diesel,265000,12.487488878546145
Hyundai,5,61000.0,Automatic,first,diesel,1190000,13.989464705423494
Chevrolet,13,55155.0,Manual,first,petrol,120000,11.695255355062795
Jaguar,5,54944.0,Automatic,second,diesel,4000000,15.201805169084134
Maruti Suzuki,5,110000.0,Automatic,second,hybrid,520000,13.161586013632684
Tata,8,23.0,Automatic,second,diesel,150000,11.918397239722838
Maruti Suzuki,4,150000.0,Automatic,first,hybrid,260000,12.468440756144114
Hyundai,4,48000.0,Manual,first,hybrid,630000,13.353476685668044
Maruti Suzuki,13,90000.0,Manual,second,hybrid,150000,11.918397239722838
Honda,13,52000.0,Automatic,second,hybrid,280000,12.54254845357358
Renault,3,17500.0,Automatic,first,petrol,365000,12.807655372286902
Mahindra,2,29000.0,Automatic,first,diesel,1650000,14.316286451937186
Ford,8,52000.0,Automatic,first,hybrid,445000,13.005831808336863
Ssangyong,11,65000.0,Automatic,first,diesel,835000,13.635188201437066
Maruti Suzuki,10,157920.0,Manual,second,diesel,375000,12.834683971615659
Nissan,12,90000.0,Manual,second,diesel,360000,12.793862088206213
Volkswagen,8,92000.0,Automatic,second,diesel,551000,13.219491903015438
Toyota,14,96000.0,Automatic,second,hybrid,245000,12.409017571151187
Hyundai,11,104283.0,Manual,second,diesel,290000,12.577639650232573
Maruti Suzuki,12,68000.0,Manual,second,hybrid,275000,12.524530013005734
Maruti Suzuki,7,200000.0,Manual,first,hybrid,300000,12.611541086966115
Datsun,7,55000.0,Manual,first,petrol,215000,12.278397958261774
Hyundai,4,20000.0,Manual,second,petrol,525000,13.171155446333852
Hyundai,6,170000.0,Manual,second,petrol,240000,12.388398368982115
Maruti Suzuki,1,8000.0,Manual,second,hybrid,850000,13.652992804936396
Hyundai,5,38100.0,Automatic,first,petrol,1095000,13.90626583447433
Maruti Suzuki,12,71393.0,Manual,second,hybrid,229000,12.34148164933907
Maruti Suzuki,6,70000.0,Manual,second,petrol,300000,12.611541086966115
Maruti Suzuki,4,58734.0,Automatic,second,petrol,540000,13.199326270390594
Hyundai,8,35000.0,Manual,second,petrol,495000,13.112315061750808
Honda,9,100000.0,Manual,second,petrol,499959,13.122283374204159
Maruti Suzuki,8,39500.0,Automatic,first,petrol,521000,13.163507240119458
Honda,8,65800.0,Manual,second,petrol,450000,13.017005083966255
Honda,9,75000.0,Manual,second,hybrid,315000,12.660331092405906
Hyundai,6,180000.0,Manual,second,hybrid,249999,12.429216196844383
Maruti Suzuki,6,96000.0,Manual,second,petrol,400000,12.899222326086994
Maruti Suzuki,0,30000.0,Automatic,first,hybrid,850000,13.652992804936396
Renault,7,67316.0,Automatic,second,petrol,325000,12.691583538230217
Ford,14,43256.0,Manual,second,petrol,119000,11.686887175419702
Hyundai,11,89400.0,Manual,first,hybrid,285000,12.560247968016562
Maruti Suzuki,6,66000.0,Automatic,second,hybrid,525000,13.171155446333852
Honda,10,70306.0,Automatic,second,hybrid,320000,12.676079399771027
Hyundai,18,84000.0,Manual,second,hybrid,225000,12.323860125621126
Maruti Suzuki,8,200000.0,Automatic,first,hybrid,150000,11.918397239722838
Ford,3,11400.0,Manual,second,petrol,800000,13.592368256649284
Maruti Suzuki,6,46000.0,Automatic,second,hybrid,130000,11.775297421715827
Hyundai,2,14112.0,Manual,first,petrol,1145000,13.95091606833254
Volkswagen,13,70000.0,Automatic,second,hybrid,260000,12.468440756144114
Maruti Suzuki,10,73000.0,Manual,second,hybrid,315000,12.660331092405906
Jeep,6,62200.0,Automatic,second,petrol,995000,13.81049902116535
Toyota,7,66119.0,Manual,second,hybrid,395000,12.886643575525625
Tata,8,26000.0,Automatic,second,petrol,180000,12.100717685412471
Skoda,4,19000.0,Automatic,first,petrol,2045000,14.530908836456474
Tata,10,24000.0,Manual,second,petrol,155000,11.951186847493476
Maruti Suzuki,4,109000.0,Automatic,first,hybrid,1025000,13.840204146163925
Maruti Suzuki,10,142000.0,Manual,second,diesel,550000,13.217675375388819
Honda,3,74000.0,Manual,first,hybrid,650000,13.384729180332174
Volkswagen,7,66000.0,Automatic,first,diesel,630000,13.353476685668044
MG,5,300000.0,Automatic,first,petrol,1151000,13.956142556513372
Maruti Suzuki,4,61000.0,Automatic,first,petrol,1095000,13.90626583447433
Audi,6,134000.0,Automatic,first,diesel,3290000,15.006398426692876
Maruti Suzuki,3,30.0,Automatic,first,hybrid,520000,13.161586013632684
Maruti Suzuki,11,97000.0,Manual,second,petrol,270000,12.506180941677357
Hyundai,2,40000.0,Manual,first,hybrid,680000,13.429849547739444
Tata,5,57000.0,Manual,first,petrol,435000,12.983103608918753
Land Rover,11,92000.0,Automatic,second,diesel,2500000,14.731801689838349
Maruti Suzuki,8,48000.0,Manual,first,hybrid,425000,12.959846800844963
Mahindra,10,51222.0,Manual,second,diesel,630000,13.353476685668044
Maruti Suzuki,7,108000.0,Manual,second,hybrid,285000,12.560247968016562
Honda,4,20758.0,Automatic,first,petrol,650000,13.384729180332174
Maruti Suzuki,6,62000.0,Manual,second,petrol,410000,12.923914877701906
Mercedes-Benz,8,117000.0,Automatic,second,diesel,3300000,15.009433329466965
BMW,8,71900.0,Automatic,first,diesel,2350000,14.669926311652166
Honda,6,30050.0,Automatic,second,petrol,893600,13.703014645805437
Maruti Suzuki,8,89000.0,Automatic,first,hybrid,269500,12.504327379899443
Volkswagen,8,75000.0,Automatic,first,diesel,791000,13.581054510971494
BMW,6,80000.0,Automatic,second,diesel,4900000,15.404745967162468
BMW,3,14000.0,Automatic,first,petrol,3475000,15.061105324750772
BMW,4,20000.0,Automatic,second,diesel,5700000,15.555976908243359
Volkswagen,7,59000.0,Automatic,second,petrol,590000,13.28787951079572
Maruti Suzuki,8,64000.0,Automatic,first,petrol,595000,13.296318365198623
Mahindra,11,65000.0,Automatic,second,diesel,490000,13.102162710901053
Maruti Suzuki,3,40.0,Automatic,first,hybrid,550000,13.217675375388819
Hyundai,5,33200.0,Automatic,second,petrol,440000,12.994532278619134
Maruti Suzuki,17,155000.0,Manual,second,petrol,135000,11.813037464800539
Maruti Suzuki,7,75000.0,Manual,first,hybrid,599000,13.303018546545275
Maruti Suzuki,7,44000.0,Manual,first,hybrid,451000,13.019224835777257
Hyundai,10,75000.0,Manual,first,hybrid,245000,12.409017571151187
Renault,3,51000.0,Manual,first,petrol,325000,12.691583538230217
Volkswagen,10,114000.0,Manual,second,diesel,510000,13.1421679654829
Maruti Suzuki,1,19000.0,Manual,first,hybrid,1295000,14.07402202531625
Skoda,7,30000.0,Automatic,first,petrol,1350000,14.115615891155079
BMW,4,98000.0,Automatic,second,diesel,2850000,14.862829903121964
Maruti Suzuki,6,7554.0,Automatic,first,petrol,425001,12.959849153777833
BMW,7,90000.0,Automatic,second,diesel,1350000,14.115615891155079
Toyota,5,45000.0,Automatic,second,diesel,3950000,15.18922639004183
Audi,4,61000.0,Automatic,first,petrol,3800000,15.150511887854474
Skoda,2,39000.0,Automatic,first,petrol,2800000,14.845130332288226
Maruti Suzuki,13,70895.0,Automatic,second,hybrid,110000,11.608244735642321
Toyota,7,75000.0,Automatic,second,diesel,1375000,14.13396501635527
Maruti Suzuki,11,82000.0,Manual,first,hybrid,250000,12.429220196836383
Maruti Suzuki,23,85000.0,Manual,second,petrol,79000,11.277215789596893
Maruti Suzuki,4,32000.0,Manual,first,petrol,415000,12.936036208848487
Jaguar,12,89000.0,Automatic,second,diesel,999000,13.81451105863119
Mercedes-Benz,13,85000.0,Automatic,second,petrol,450000,13.017005083966255
Maruti Suzuki,7,78000.0,Manual,first,hybrid,325000,12.691583538230217
Tata,6,53840.0,Manual,first,petrol,625000,13.345508528717259
Hyundai,8,55000.0,Manual,second,petrol,300000,12.611541086966115
Volkswagen,8,67000.0,Automatic,second,petrol,925000,13.73755009757506
Maruti Suzuki,10,83493.0,Automatic,first,petrol,365000,12.807655372286902
Mercedes-Benz,9,54000.0,Automatic,second,diesel,1225000,14.018452218287162
Honda,6,53000.0,Automatic,second,petrol,600000,13.304686600863562
Maruti Suzuki,5,57000.0,Manual,second,hybrid,570000,13.25339339419516
Hyundai,5,42000.0,Manual,first,hybrid,525000,13.171155446333852
Hyundai,11,90000.0,Manual,second,diesel,530000,13.180634172318978
Maruti Suzuki,1,27000.0,Manual,first,petrol,435000,12.983103608918753
Hyundai,6,141000.0,Manual,first,petrol,825000,13.623139877437296
Toyota,10,85000.0,Automatic,second,hybrid,990000,13.805461232211272
Volkswagen,8,50000.0,Manual,first,petrol,465000,13.049794835104816
Jeep,5,30000.0,Automatic,first,hybrid,1150000,13.955273369904273
Hyundai,11,43543.0,Manual,first,petrol,310000,12.644330802262578
Maruti Suzuki,0,13000.0,Automatic,first,hybrid,680000,13.429849547739444
Maruti Suzuki,10,70000.0,Manual,second,hybrid,511000,13.144126826131089
Maruti Suzuki,2,32809.0,Automatic,first,petrol,760000,13.541075028051122
Honda,14,120000.0,Automatic,first,hybrid,130000,11.775297421715827
Mercedes-Benz,11,149000.0,Automatic,second,diesel,1295000,14.07402202531625
Honda,3,50000.0,Manual,second,diesel,700000,13.45883704259595
Tata,7,50000.0,Automatic,second,petrol,440000,12.994532278619134
Audi,10,99892.0,Automatic,second,diesel,1350000,14.115615891155079
Maruti Suzuki,9,52000.0,Automatic,second,hybrid,315000,12.660331092405906
Volkswagen,1,9000.0,Automatic,first,petrol,1675000,14.331324320256051
Maruti Suzuki,11,65000.0,Automatic,second,hybrid,167000,12.025755079404917
Land Rover,5,48000.0,Automatic,first,diesel,4100000,15.226497775576945
Nissan,12,130000.0,Manual,second,diesel,320000,12.676079399771027
Maruti Suzuki,2,80000.0,Manual,first,hybrid,949000,13.76316513133229
Maruti Suzuki,3,63500.0,Manual,first,petrol,700000,13.45883704259595
Hyundai,13,53000.0,Manual,second,hybrid,255000,12.449022745701502
Hyundai,5,70000.0,Manual,second,diesel,770000,13.554147092530322
Volkswagen,6,122000.0,Automatic,first,hybrid,575000,13.26212705890841
Kia,2,68000.0,Manual,first,diesel,1675000,14.331324320256051
Honda,16,99800.0,Automatic,second,hybrid,321000,12.679199517372098
Honda,13,85000.0,Manual,second,hybrid,269000,12.502470376049185
Hyundai,8,72000.0,Manual,first,hybrid,421000,12.95039048795861
Mercedes-Benz,5,50000.0,Automatic,first,diesel,8900000,16.001561947061912
BMW,10,12000.0,Automatic,first,diesel,1100000,13.910821646859095
Maruti Suzuki,6,74000.0,Manual,second,hybrid,745000,13.521140839642674
Maruti Suzuki,19,75000.0,Manual,second,petrol,125000,11.736077016252437
Jeep,5,52000.0,Automatic,second,petrol,1285000,14.06627005452127
Renault,3,89000.0,Automatic,second,hybrid,480000,13.081543466215237
Toyota,6,141000.0,Automatic,first,diesel,1755000,14.377979984682511
Mercedes-Benz,8,50000.0,Automatic,second,petrol,1535000,14.24404159046902
Mercedes-Benz,16,75000.0,Automatic,second,petrol,599000,13.303018546545275
Maruti Suzuki,7,133641.0,Manual,first,diesel,680000,13.429849547739444
Maruti Suzuki,12,68000.0,Manual,first,hybrid,225000,12.323860125621126
Maruti Suzuki,5,125000.0,Manual,first,diesel,800000,13.592368256649284
Tata,3,49000.0,Manual,second,diesel,2000000,14.508658238524095
Honda,8,70000.0,Automatic,second,hybrid,651000,13.386266457287837
Hyundai,16,60000.0,Manual,first,petrol,225000,12.323860125621126
Maruti Suzuki,1,28000.0,Automatic,first,hybrid,1150000,13.955273369904273
Hyundai,5,44000.0,Manual,first,petrol,875000,13.681980308196241
Volkswagen,6,25000.0,Automatic,second,petrol,1125000,13.933294482509151
Toyota,11,82000.0,Automatic,second,hybrid,440000,12.994532278619134
Honda,4,35000.0,Automatic,first,petrol,989000,13.804450621726684
Maruti Suzuki,2,105000.0,Automatic,first,hybrid,850000,13.652992804936396
Honda,14,93000.0,Automatic,first,hybrid,235000,12.367345048436391
Mercedes-Benz,10,78000.0,Automatic,first,diesel,985000,13.800397935382136
Honda,13,110000.0,Manual,second,hybrid,195000,12.180759965737863
Nissan,9,39000.0,Automatic,first,petrol,380000,12.847929163278053
Maruti Suzuki,9,170000.0,Manual,second,diesel,330000,12.706850963741102
Honda,8,93000.0,Automatic,second,hybrid,425000,12.959846800844963
Toyota,12,125000.0,Manual,second,diesel,411000,12.926350926565435
Ford,9,52000.0,Manual,first,petrol,495000,13.112315061750808
Nissan,1,17045.0,Automatic,first,petrol,975000,13.790193775620484
Honda,15,90000.0,Automatic,second,hybrid,260000,12.468440756144114
Hyundai,6,63000.0,Manual,second,diesel,650000,13.384729180332174
Maruti Suzuki,12,85000.0,Manual,second,diesel,165000,12.013706813470414
Mahindra,2,38500.0,Automatic,second,diesel,1250000,14.038654909278163
Mercedes-Benz,9,49900.0,Automatic,second,petrol,1477000,14.205524238561358
Maruti Suzuki,4,22000.0,Manual,second,petrol,485000,13.091906231773164
Mercedes-Benz,9,50000.0,Automatic,first,diesel,1875000,14.444119750719839
Maruti Suzuki,9,60000.0,Automatic,second,hybrid,325000,12.691583538230217
Audi,1,4000.0,Automatic,first,petrol,4300000,15.274125813221904
Volkswagen,9,56000.0,Automatic,first,diesel,575000,13.26212705890841
Audi,9,77000.0,Automatic,second,diesel,950000,13.76421831620775
Hyundai,1,8000.0,Automatic,first,petrol,2300000,14.648420115681892
Ford,14,85000.0,Manual,second,diesel,190000,12.154784614286667
Maruti Suzuki,5,46000.0,Automatic,first,petrol,475000,13.07107218827772
Maruti Suzuki,6,180000.0,Automatic,first,hybrid,280000,12.54254845357358
Hyundai,13,50000.0,Automatic,second,petrol,275000,12.524530013005734
Renault,8,80000.0,Manual,second,petrol,315000,12.660331092405906
Mercedes-Benz,5,45000.0,Automatic,second,diesel,2100000,14.557448378884015
Maruti Suzuki,10,23000.0,Manual,second,petrol,270000,12.506180941677357
Hyundai,2,50500.0,Automatic,second,hybrid,580000,13.270785106659046
Honda,7,45000.0,Automatic,second,petrol,760000,13.541075028051122
Maruti Suzuki,5,28848.0,Manual,second,petrol,320000,12.676079399771027
Volkswagen,11,94685.0,Manual,second,diesel,150000,11.918397239722838
Toyota,1,12000.0,Automatic,first,hybrid,1900000,14.45736497045232
Volkswagen,2,30000.0,Automatic,first,petrol,2600000,14.77102238760702
Honda,5,62000.0,Manual,first,hybrid,650000,13.384729180332174
Skoda,12,140000.0,Manual,second,diesel,370000,12.821260987319457
Mahindra,7,49500.0,Automatic,second,diesel,1225000,14.018452218287162
Honda,9,59300.0,Automatic,second,petrol,575000,13.26212705890841
Maruti Suzuki,6,38000.0,Automatic,second,petrol,500000,13.122365377402328
Hyundai,13,70000.0,Manual,second,hybrid,90000,11.407576060361786
Maruti Suzuki,6,7512.0,Automatic,first,petrol,424999,12.959844447906553
Ford,11,70400.0,Manual,second,diesel,410000,12.923914877701906
Maruti Suzuki,19,70000.0,Manual,second,hybrid,75000,11.225256725762893
Hyundai,6,115000.0,Manual,second,diesel,550000,13.217675375388819
Hyundai,15,50000.0,Manual,second,petrol,260000,12.468440756144114
Hyundai,6,49000.0,Manual,second,hybrid,400000,12.899222326086994
Maruti Suzuki,6,73748.0,Automatic,first,hybrid,450000,13.017005083966255
Hyundai,8,25.0,Automatic,second,hybrid,255000,12.449022745701502
Tata,16,80000.0,Manual,second,petrol,110000,11.608244735642321
Maruti Suzuki,2,25000.0,Automatic,first,hybrid,825000,13.623139877437296
Maruti Suzuki,14,100000.0,Automatic,first,hybrid,170000,12.04355959836804
Maruti Suzuki,5,80000.0,Manual,first,petrol,765000,13.547632419997361
BMW,6,99000.0,Automatic,first,diesel,2050000,14.53335083891935
Maruti Suzuki,2,19623.0,Manual,first,petrol,510000,13.1421679654829
Tata,2,30500.0,Manual,first,hybrid,695000,13.451668563394815
Maruti Suzuki,4,72000.0,Automatic,second,hybrid,470000,13.060490101343552
Maruti Suzuki,4,33000.0,Manual,first,hybrid,1000000,13.815511557963774
Kia,4,76000.0,Automatic,first,petrol,1300000,14.077875591662238
BMW,8,41000.0,Automatic,second,diesel,2250000,14.626441218624949
Maruti Suzuki,8,87000.0,Manual,second,petrol,500000,13.122365377402328
Maruti Suzuki,12,85000.0,Manual,second,hybrid,225000,12.323860125621126
Toyota,10,195000.0,Automatic,second,diesel,1049000,13.863348840666827
Hyundai,12,82123.0,Manual,second,hybrid,182000,12.111767460549332
Maruti Suzuki,8,104230.0,Automatic,second,hybrid,300000,12.611541086966115
Volvo,8,100000.0,Automatic,second,diesel,1400000,14.151983508870947
Ford,7,49000.0,Manual,second,petrol,550000,13.217675375388819
Volkswagen,11,39000.0,Manual,second,petrol,275000,12.524530013005734
Tata,6,82532.0,Manual,second,petrol,599000,13.303018546545275
Hyundai,5,36000.0,Automatic,first,petrol,1050000,13.864301674514206
Maruti Suzuki,6,42000.0,Automatic,second,hybrid,750000,13.527829818844937
Hyundai,16,113000.0,Manual,second,petrol,155000,11.951186847493476
Mercedes-Benz,14,42000.0,Automatic,first,petrol,345000,12.75130259456002
Maruti Suzuki,12,90000.0,Manual,second,petrol,315000,12.660331092405906
Mercedes-Benz,7,86000.0,Automatic,second,diesel,1850000,14.430696737594902
Maruti Suzuki,6,29117.0,Manual,first,petrol,550000,13.217675375388819
Maruti Suzuki,9,102998.0,Manual,first,petrol,400000,12.899222326086994
Honda,10,76000.0,Manual,second,petrol,350000,12.765691290604371
Audi,1,2200.0,Automatic,first,hybrid,100000,11.51293546492023
Honda,16,140000.0,Automatic,second,hybrid,165000,12.013706813470414
Toyota,10,90000.0,Automatic,second,hybrid,990000,13.805461232211272
Hyundai,6,30000.0,Manual,second,petrol,725000,13.493928313146206
Honda,13,74000.0,Automatic,second,petrol,395000,12.886643575525625
Honda,2,19600.0,Manual,second,petrol,1040000,13.854732232655556
Maruti Suzuki,12,77000.0,Manual,second,hybrid,260000,12.468440756144114
Mercedes-Benz,8,39000.0,Automatic,second,diesel,1375000,14.13396501635527
Hyundai,8,43364.0,Manual,first,petrol,247000,12.417147664184915
Maruti Suzuki,5,65000.0,Manual,second,hybrid,380000,12.847929163278053
Audi,12,85000.0,Automatic,second,diesel,750000,13.527829818844937
Honda,5,59000.0,Automatic,second,hybrid,620000,13.3374763699232
Mahindra,2,11000.0,Automatic,second,petrol,1425000,14.169683073439028
Mercedes-Benz,4,100000.0,Automatic,first,diesel,8700000,15.978833698567334
Tata,7,69000.0,Manual,first,hybrid,360000,12.793862088206213
BMW,0,20000.0,Automatic,first,petrol,7300000,15.803385043104912
Maruti Suzuki,6,33000.0,Automatic,second,petrol,545000,13.208542908506082
Chevrolet,15,104000.0,Manual,second,petrol,99999,11.512925464970229
Hyundai,11,80417.0,Manual,second,hybrid,198000,12.19602736016897
Honda,8,68000.0,Automatic,first,hybrid,375000,12.834683971615659
Toyota,1,7200.0,Automatic,second,petrol,900000,13.710151153416941
Toyota,15,112000.0,Automatic,second,hybrid,255000,12.449022745701502
Mahindra,16,120000.0,Automatic,second,hybrid,125000,11.736077016252437
Maruti Suzuki,14,98000.0,Manual,second,hybrid,125000,11.736077016252437
Maruti Suzuki,7,100000.0,Automatic,first,petrol,399000,12.896719202134523
Hyundai,10,125000.0,Automatic,second,diesel,495000,13.112315061750808
Toyota,3,10000.0,Automatic,first,hybrid,1000000,13.815511557963774
Chevrolet,14,69000.0,Manual,first,petrol,110000,11.608244735642321
Hyundai,3,23451.0,Manual,second,diesel,1145000,13.95091606833254
Maruti Suzuki,13,85000.0,Manual,second,petrol,215000,12.278397958261774
Maruti Suzuki,5,133000.0,Automatic,first,hybrid,360000,12.793862088206213
Maruti Suzuki,8,78930.0,Manual,second,petrol,380000,12.847929163278053
Honda,3,17000.0,Automatic,first,petrol,1199000,13.99699926803766
Honda,13,58000.0,Manual,second,hybrid,280000,12.54254845357358
Honda,9,92000.0,Automatic,second,hybrid,575000,13.26212705890841
Mercedes-Benz,13,61000.0,Automatic,first,diesel,992000,13.807479394331018
Maruti Suzuki,8,120000.0,Manual,first,hybrid,100000,11.51293546492023
Hyundai,12,78000.0,Manual,second,hybrid,200000,12.206077645517674
Ford,5,43000.0,Automatic,second,petrol,825000,13.623139877437296
Maruti Suzuki,6,59445.0,Automatic,first,petrol,650000,13.384729180332174
Renault,12,50000.0,Manual,second,hybrid,229000,12.34148164933907
Maruti Suzuki,6,130000.0,Automatic,first,hybrid,360000,12.793862088206213
Mercedes-Benz,6,20000.0,Automatic,second,diesel,6700000,15.717618233614914
Maruti Suzuki,14,85000.0,Manual,second,petrol,165000,12.013706813470414
Honda,15,68000.0,Automatic,first,hybrid,315000,12.660331092405906
Jeep,5,16000.0,Automatic,first,petrol,1495000,14.217637433703022
Honda,2,22509.0,Automatic,first,petrol,895000,13.704580114574805
Honda,8,68000.0,Automatic,second,petrol,725000,13.493928313146206
Maruti Suzuki,8,69000.0,Manual,second,hybrid,475000,13.07107218827772
Hyundai,11,57000.0,Manual,second,petrol,249000,12.425212191503038
BMW,11,61000.0,Automatic,second,diesel,1129000,13.936843728870999
Audi,12,85000.0,Automatic,second,diesel,810000,13.60479076121576
Maruti Suzuki,14,140000.0,Automatic,second,hybrid,70000,11.156264806643742
Maruti Suzuki,15,81000.0,Manual,first,petrol,187000,12.138869243416009
Honda,12,60000.0,Automatic,first,hybrid,490000,13.102162710901053
Maruti Suzuki,6,58000.0,Automatic,second,hybrid,485000,13.091906231773164
Maruti Suzuki,12,50000.0,Manual,second,petrol,160000,11.982935344196433
Volvo,10,87000.0,Automatic,second,diesel,1325000,14.096923772119156
Maruti Suzuki,5,95000.0,Automatic,first,hybrid,525000,13.171155446333852
Tata,12,22.0,Manual,second,diesel,110000,11.608244735642321
Honda,17,87210.0,Automatic,second,petrol,160000,11.982935344196433
Hyundai,21,49000.0,Automatic,second,hybrid,135000,11.813037464800539
Maruti Suzuki,12,68200.0,Manual,first,petrol,211000,12.259618151783465
Maruti Suzuki,11,73000.0,Manual,second,diesel,411000,12.926350926565435
Maruti Suzuki,9,72500.0,Automatic,second,petrol,270000,12.506180941677357
Honda,15,85000.0,Automatic,second,hybrid,351000,12.768544351446794
Toyota,10,125000.0,Manual,second,diesel,550000,13.217675375388819
Ford,9,76000.0,Manual,second,diesel,389000,12.871337193291367
Maruti Suzuki,8,80926.0,Manual,first,petrol,536000,13.19189130572284
Maruti Suzuki,6,60000.0,Automatic,second,hybrid,360000,12.793862088206213
Maruti Suzuki,12,68000.0,Manual,second,hybrid,175000,12.07254696717504
Maruti Suzuki,12,128144.0,Manual,second,petrol,152000,11.931642378754141
Honda,14,62989.0,Manual,first,hybrid,245000,12.409017571151187
Maruti Suzuki,8,79000.0,Manual,first,hybrid,285000,12.560247968016562
Honda,14,104000.0,Manual,second,petrol,245000,12.409017571151187
Maruti Suzuki,9,87000.0,Automatic,second,hybrid,210000,12.25486757159303
Honda,9,72000.0,Automatic,first,hybrid,535000,13.190023895035274
Renault,9,65000.0,Manual,first,petrol,230000,12.345838935721968
Toyota,8,101029.0,Automatic,first,diesel,1599000,14.284889617206765
Maruti Suzuki,0,2263.0,Automatic,first,hybrid,810000,13.60479076121576
Hyundai,10,104000.0,Manual,second,diesel,549000,13.215855541983634
Mercedes-Benz,11,60000.0,Automatic,first,diesel,1500000,14.220976332738882
Hyundai,4,300000.0,Manual,first,petrol,850000,13.652992804936396
BMW,12,129000.0,Automatic,second,diesel,475000,13.07107218827772
Tata,13,89000.0,Manual,second,diesel,259000,12.464587201678082
Honda,7,53000.0,Automatic,second,petrol,749000,13.52649559761195
Maruti Suzuki,0,548.0,Manual,first,hybrid,735000,13.507627138738266
Toyota,8,105000.0,Manual,second,diesel,1700000,14.346139397261565
Maruti Suzuki,12,170000.0,Automatic,second,hybrid,240000,12.388398368982115
Honda,12,82000.0,Manual,second,hybrid,200000,12.206077645517674
Maruti Suzuki,1,31000.0,Manual,first,hybrid,750000,13.527829818844937
Mahindra,9,174000.0,Manual,second,diesel,985000,13.800397935382136
Mahindra,4,78000.0,Manual,first,diesel,825000,13.623139877437296
Hyundai,9,60000.0,Automatic,second,petrol,410000,12.923914877701906
Toyota,11,205486.0,Manual,second,diesel,1300000,14.077875591662238
Honda,8,61000.0,Manual,second,diesel,675000,13.42246945133505
Hyundai,2,36000.0,Automatic,first,diesel,1875000,14.444119750719839
Hyundai,8,60000.0,Automatic,second,diesel,850000,13.652992804936396
Honda,5,52000.0,Manual,first,hybrid,455000,13.02805489573287
Ford,5,65000.0,Manual,second,diesel,745000,13.521140839642674
Hyundai,1,19000.0,Manual,first,petrol,1180000,13.981025843899115
Maruti Suzuki,6,90000.0,Automatic,first,hybrid,380000,12.847929163278053
Renault,3,58000.0,Manual,first,hybrid,635000,13.361381852676738
Chevrolet,13,69472.0,Manual,second,petrol,105000,11.561725152903833
Honda,7,70000.0,Automatic,second,hybrid,725000,13.493928313146206
Maruti Suzuki,7,56000.0,Manual,second,hybrid,279000,12.53897064502647
Audi,8,50000.0,Automatic,first,diesel,1650000,14.316286451937186
Maruti Suzuki,4,80000.0,Automatic,first,hybrid,560000,13.235693848424024
Skoda,6,65000.0,Automatic,first,diesel,1900000,14.45736497045232
Maruti Suzuki,6,29000.0,Manual,first,petrol,640000,13.369225017834633
Honda,8,74000.0,Automatic,second,petrol,595000,13.296318365198623
Audi,13,49000.0,Automatic,second,petrol,575000,13.26212705890841
Toyota,6,86000.0,Automatic,first,diesel,2575000,14.761360480429413
Honda,6,85000.0,Manual,first,petrol,535000,13.190023895035274
Toyota,1,18500.0,Automatic,first,hybrid,3585000,15.092269310955846
Maruti Suzuki,17,103300.0,Manual,second,petrol,95000,11.461642696843066
Hyundai,11,57000.0,Manual,second,petrol,295000,12.59473402514672
Mahindra,2,27069.0,Manual,second,diesel,2095000,14.55506458866523
Mahindra,15,185000.0,Manual,second,diesel,230000,12.345838935721968
Toyota,4,99000.0,Automatic,first,diesel,3050000,14.930652476452392
Hyundai,9,91200.0,Manual,first,hybrid,345000,12.75130259456002
Maruti Suzuki,9,86000.0,Manual,second,hybrid,365000,12.807655372286902
Maruti Suzuki,3,55000.0,Automatic,first,petrol,749000,13.52649559761195
Ford,18,150000.0,Manual,second,diesel,250000,12.429220196836383
Volvo,7,59000.0,Automatic,second,diesel,1690000,14.340239678615058
Hyundai,12,52000.0,Manual,second,petrol,140000,11.849404844423074
Maruti Suzuki,14,93704.0,Manual,first,hybrid,170000,12.04355959836804
Hyundai,3,67000.0,Automatic,first,hybrid,630000,13.353476685668044
Mahindra,7,57000.0,Automatic,second,petrol,290000,12.577639650232573
Maruti Suzuki,1,17000.0,Manual,first,petrol,845000,13.647093089770562
Hyundai,23,98000.0,Manual,second,petrol,127000,11.751950239425476
Maruti Suzuki,2,32.0,Automatic,first,hybrid,450000,13.017005083966255
Maruti Suzuki,3,38562.0,Manual,first,hybrid,1049000,13.863348840666827
Maruti Suzuki,14,105000.0,Automatic,second,petrol,95000,11.461642696843066
Honda,7,78887.0,Manual,first,petrol,780000,13.567050480716235
Maruti Suzuki,14,160000.0,Automatic,second,hybrid,100000,11.51293546492023
Hyundai,8,150000.0,Automatic,first,hybrid,170000,12.04355959836804
Maruti Suzuki,9,83000.0,Automatic,second,petrol,299000,12.608202196848836
Maruti Suzuki,7,49000.0,Manual,first,petrol,525000,13.171155446333852
Volkswagen,11,144000.0,Manual,second,diesel,299000,12.608202196848836
Honda,10,32000.0,Manual,second,petrol,235000,12.367345048436391
Volkswagen,5,63000.0,Automatic,first,petrol,790000,13.579789490265188
Maruti Suzuki,9,35000.0,Automatic,first,hybrid,330000,12.706850963741102
Mahindra,2,45000.0,Manual,first,diesel,900000,13.710151153416941
Mercedes-Benz,14,48000.0,Automatic,second,petrol,545000,13.208542908506082
Maruti Suzuki,9,73000.0,Manual,second,hybrid,345000,12.75130259456002
Datsun,8,83100.0,Manual,second,petrol,210000,12.25486757159303
Maruti Suzuki,6,86000.0,Manual,second,petrol,585000,13.279368835614243
Maruti Suzuki,7,39000.0,Automatic,second,hybrid,380000,12.847929163278053
BMW,7,75000.0,Automatic,second,diesel,1975000,14.496079462646344
Maruti Suzuki,4,74552.0,Manual,second,hybrid,465000,13.049794835104816
Volkswagen,8,75000.0,Automatic,second,petrol,525000,13.171155446333852
Toyota,8,151000.0,Automatic,first,diesel,1775000,14.389311544271775
Hyundai,5,19000.0,Automatic,first,hybrid,550000,13.217675375388819
Maruti Suzuki,8,62800.0,Automatic,second,petrol,535000,13.190023895035274
Tata,1,45019.0,Manual,first,hybrid,729000,13.499430382731967
Toyota,10,120000.0,Automatic,second,hybrid,400000,12.899222326086994
Maruti Suzuki,6,48000.0,Automatic,first,hybrid,349000,12.762830066509972
Hyundai,3,37000.0,Manual,first,hybrid,645000,13.377007146164305
Hyundai,13,105000.0,Manual,second,petrol,225000,12.323860125621126
Maruti Suzuki,8,22.0,Automatic,second,hybrid,210000,12.25486757159303
Hyundai,10,95000.0,Manual,second,hybrid,155000,11.951186847493476
Tata,6,92568.0,Automatic,second,hybrid,360000,12.793862088206213
Maruti Suzuki,13,160000.0,Manual,second,petrol,180000,12.100717685412471
Maruti Suzuki,3,26300.0,Manual,first,hybrid,999000,13.81451105863119
Maruti Suzuki,10,45000.0,Manual,second,hybrid,290000,12.577639650232573
Hyundai,6,35000.0,Manual,first,petrol,399999,12.89921982609012
Ford,8,113000.0,Automatic,second,petrol,375000,12.834683971615659
BMW,6,40000.0,Automatic,first,diesel,4285000,15.270631343386219
Hyundai,11,100004.0,Automatic,second,hybrid,155000,11.951186847493476
Maruti Suzuki,6,75046.0,Manual,first,hybrid,450000,13.017005083966255
Maruti Suzuki,6,51000.0,Automatic,second,petrol,545000,13.208542908506082
Maruti Suzuki,4,19700.0,Manual,first,petrol,950000,13.76421831620775
Toyota,7,79800.0,Manual,first,diesel,1980000,14.498607907721096
Toyota,10,75000.0,Manual,second,diesel,1275000,14.058457520888082
Honda,14,140000.0,Automatic,second,hybrid,150000,11.918397239722838
Hyundai,9,81000.0,Manual,second,hybrid,335000,12.721888795877375
Volkswagen,6,86000.0,Automatic,second,petrol,825000,13.623139877437296
Lexus,5,28794.0,Automatic,first,hybrid,4400000,15.29711532616119
Honda,14,80000.0,Automatic,first,petrol,369000,12.818554633046093
Chevrolet,11,24000.0,Manual,first,hybrid,200000,12.206077645517674
Maruti Suzuki,1,6000.0,Manual,first,hybrid,660000,13.399996629152975
Maruti Suzuki,0,11300.0,Manual,first,hybrid,1325000,14.096923772119156
Renault,5,70000.0,Automatic,second,hybrid,480000,13.081543466215237
Maruti Suzuki,7,34000.0,Automatic,first,petrol,365000,12.807655372286902
Mercedes-Benz,7,18000.0,Automatic,second,diesel,5500000,15.520258832020865
Mahindra,7,22.0,Manual,second,diesel,500000,13.122365377402328
Jaguar,7,54000.0,Automatic,second,petrol,2480000,14.72376952136689
Maruti Suzuki,2,13000.0,Manual,first,petrol,750000,13.527829818844937
Maruti Suzuki,2,7000.0,Manual,first,petrol,500000,13.122365377402328
Maruti Suzuki,2,47000.0,Manual,first,petrol,600001,13.30468826752606
Hyundai,3,28000.0,Automatic,first,petrol,649000,13.38318953651709
Maruti Suzuki,7,300000.0,Manual,second,petrol,420000,12.948012371209098
Maruti Suzuki,8,80000.0,Manual,second,diesel,500000,13.122365377402328
Fiat,10,90000.0,Manual,second,hybrid,250000,12.429220196836383
Mahindra,6,39256.0,Manual,second,diesel,899000,13.70903942580019
Honda,7,57360.0,Manual,second,petrol,675000,13.42246945133505
Maruti Suzuki,2,43268.0,Manual,second,petrol,658000,13.396961730063138
Maruti Suzuki,6,65000.0,Automatic,first,petrol,349999,12.765688433465597
Hyundai,9,75000.0,Automatic,second,diesel,610001,13.321217514832643
Maruti Suzuki,0,10000.0,Automatic,first,hybrid,100001,11.512945464770231
Ford,6,54760.0,Automatic,first,petrol,560000,13.235693848424024
Honda,14,62000.0,Automatic,second,petrol,350000,12.765691290604371
Maruti Suzuki,11,90000.0,Manual,second,hybrid,180000,12.100717685412471
Hyundai,2,13000.0,Automatic,first,petrol,710000,13.47302165746721
Maruti Suzuki,5,53000.0,Automatic,first,hybrid,825000,13.623139877437296
Hyundai,6,78000.0,Automatic,first,hybrid,745000,13.521140839642674
Maruti Suzuki,7,93000.0,Manual,second,petrol,470000,13.060490101343552
Volkswagen,8,63000.0,Automatic,second,petrol,740000,13.51440681653079
Nissan,6,68000.0,Automatic,first,petrol,411000,12.926350926565435
Skoda,9,94000.0,Manual,first,petrol,589000,13.286183160425152
Toyota,11,98789.0,Manual,second,diesel,800000,13.592368256649284
Maruti Suzuki,7,121000.0,Automatic,first,diesel,600000,13.304686600863562
Renault,4,52000.0,Automatic,first,hybrid,350000,12.765691290604371
Hyundai,13,91703.0,Automatic,second,hybrid,155000,11.951186847493476
Toyota,13,75000.0,Manual,first,petrol,300000,12.611541086966115
Land Rover,11,92000.0,Automatic,second,diesel,1275000,14.058457520888082
Maruti Suzuki,5,68000.0,Manual,second,hybrid,795000,13.586098651497313
Hyundai,14,70000.0,Manual,second,petrol,80000,11.289794413577894
Toyota,2,28000.0,Automatic,first,hybrid,2095000,14.55506458866523
Hyundai,13,43000.0,Automatic,second,petrol,220000,12.301387370778713
BMW,7,60000.0,Automatic,second,diesel,1900000,14.45736497045232
Mercedes-Benz,7,52000.0,Automatic,second,diesel,1175000,13.976779556623864
Maruti Suzuki,8,78930.0,Manual,second,petrol,385000,12.861001210669146
Volkswagen,3,42000.0,Automatic,second,petrol,1075000,13.887832149776026
Honda,12,90000.0,Manual,first,petrol,300000,12.611541086966115
Hyundai,5,75320.0,Manual,first,hybrid,375000,12.834683971615659
Hyundai,9,88000.0,Automatic,second,petrol,391000,12.876465396508989
Mercedes-Benz,7,42000.0,Automatic,second,petrol,2290000,14.64406281221155
Mahindra,12,100000.0,Manual,second,diesel,550000,13.217675375388819
Hyundai,15,100000.0,Manual,second,petrol,180000,12.100717685412471
Hyundai,6,65000.0,Automatic,first,hybrid,525000,13.171155446333852
Datsun,4,40000.0,Manual,first,hybrid,290000,12.577639650232573
Maruti Suzuki,5,125934.0,Automatic,second,diesel,685000,13.437175577097312
Kia,3,65000.0,Automatic,second,diesel,2085000,14.550279892831231
Hyundai,7,99000.0,Automatic,first,petrol,390000,12.873904582205107
Hyundai,6,89360.0,Automatic,second,petrol,745000,13.521140839642674
Toyota,5,65000.0,Automatic,first,hybrid,2900000,14.88022163978423
Audi,15,119000.0,Automatic,second,diesel,750000,13.527829818844937
Hyundai,5,36100.0,Manual,second,hybrid,570000,13.25339339419516
BMW,12,87585.0,Automatic,first,diesel,1450000,14.187074804051692
Maruti Suzuki,7,53000.0,Automatic,first,hybrid,365111,12.807959434811075
Hyundai,10,79900.0,Manual,second,hybrid,177000,12.083910661257521
Renault,8,103000.0,Manual,second,diesel,500000,13.122365377402328
Ford,11,100000.0,Manual,second,diesel,435000,12.983103608918753
Skoda,9,90000.0,Automatic,second,petrol,685000,13.437175577097312
Volkswagen,7,90000.0,Automatic,first,diesel,665000,13.407543823396258
Maruti Suzuki,12,85500.0,Manual,first,petrol,195000,12.180759965737863
Skoda,7,65000.0,Automatic,second,petrol,999999,13.815510557964274
Maruti Suzuki,7,74000.0,Automatic,second,petrol,400000,12.899222326086994
Maruti Suzuki,7,61000.0,Manual,second,diesel,625000,13.345508528717259
Maruti Suzuki,5,79000.0,Manual,first,hybrid,470000,13.060490101343552
Honda,6,45000.0,Automatic,second,petrol,800000,13.592368256649284
Honda,13,55000.0,Manual,first,hybrid,425000,12.959846800844963
Mahindra,8,98000.0,Automatic,first,diesel,790000,13.579789490265188
Maruti Suzuki,1,19000.0,Manual,first,petrol,1270000,14.054528245836039
Maruti Suzuki,7,55000.0,Automatic,second,hybrid,490000,13.102162710901053
Maruti Suzuki,9,119000.0,Automatic,first,hybrid,255000,12.449022745701502
Hyundai,15,112000.0,Manual,second,petrol,245000,12.409017571151187
Honda,13,300000.0,Automatic,second,hybrid,444444,13.004581591747163
Maruti Suzuki,6,66000.0,Automatic,second,hybrid,515000,13.151924121391561
Honda,9,60000.0,Manual,second,petrol,290000,12.577639650232573
Maruti Suzuki,7,81000.0,Manual,second,diesel,855000,13.658857917508856
Maruti Suzuki,1,33000.0,Automatic,second,petrol,770000,13.554147092530322
Maruti Suzuki,7,41000.0,Automatic,second,hybrid,410000,12.923914877701906
Mercedes-Benz,7,119000.0,Automatic,second,diesel,3190000,14.975531788240602
Audi,2,9000.0,Automatic,first,petrol,6790000,15.730961646810274
Hyundai,10,50000.0,Automatic,first,hybrid,449000,13.014780393893403
Datsun,10,71407.0,Manual,second,petrol,162000,11.995357787034976
Mercedes-Benz,8,101000.0,Automatic,first,diesel,2500000,14.731801689838349
Nissan,8,100000.0,Automatic,second,diesel,230000,12.345838935721968
Maruti Suzuki,8,44000.0,Automatic,first,petrol,370000,12.821260987319457
Hyundai,10,72000.0,Manual,first,hybrid,335000,12.721888795877375
Maruti Suzuki,4,60031.0,Manual,first,hybrid,450000,13.017005083966255
Volkswagen,8,75000.0,Automatic,second,petrol,525000,13.171155446333852
Maruti Suzuki,10,75000.0,Manual,second,hybrid,255000,12.449022745701502
Maruti Suzuki,11,54000.0,Manual,first,petrol,395000,12.886643575525625
Skoda,9,71000.0,Automatic,second,petrol,345000,12.75130259456002
Honda,17,125000.0,Automatic,second,hybrid,199999,12.206072645530174
Volvo,4,35000.0,Automatic,second,petrol,3800000,15.150511887854474
Hyundai,5,80000.0,Manual,first,hybrid,625000,13.345508528717259
Maruti Suzuki,7,96000.0,Manual,second,diesel,630000,13.353476685668044
Land Rover,5,36864.0,Automatic,first,petrol,6100000,15.623799493077952
Tata,5,52000.0,Automatic,first,hybrid,525000,13.171155446333852
Hyundai,10,65800.0,Manual,second,petrol,400000,12.899222326086994
Honda,8,300000.0,Automatic,second,petrol,625000,13.345508528717259
Maruti Suzuki,8,61800.0,Automatic,second,petrol,435000,12.983103608918753
Maruti Suzuki,19,52000.0,Manual,first,petrol,75000,11.225256725762893
Maruti Suzuki,8,100000.0,Automatic,second,hybrid,380000,12.847929163278053
Maruti Suzuki,11,103000.0,Manual,first,diesel,530000,13.180634172318978
Audi,11,98000.0,Automatic,second,diesel,895000,13.704580114574805
Chevrolet,13,150000.0,Automatic,second,hybrid,85000,11.350418300109132
Honda,14,97000.0,Automatic,second,hybrid,340000,12.73670383776449
Maruti Suzuki,14,250000.0,Automatic,second,hybrid,70000,11.156264806643742
Maruti Suzuki,13,95000.0,Manual,second,petrol,245000,12.409017571151187
MG,4,40000.0,Manual,second,diesel,1250000,14.038654909278163
Volkswagen,6,35000.0,Manual,first,petrol,585000,13.279368835614243
Hyundai,3,12000.0,Automatic,first,petrol,1040000,13.854732232655556
Maruti Suzuki,2,65000.0,Manual,second,petrol,525000,13.171155446333852
Hyundai,15,108000.0,Manual,second,petrol,170000,12.04355959836804
Hyundai,5,29500.0,Manual,first,petrol,750000,13.527829818844937
Hyundai,11,63000.0,Manual,second,petrol,365000,12.807655372286902
Maruti Suzuki,0,12542.0,Automatic,first,hybrid,600000,13.304686600863562
Mahindra,9,93000.0,Manual,second,diesel,790000,13.579789490265188
Toyota,10,175000.0,Manual,second,diesel,895000,13.704580114574805
Maruti Suzuki,9,78000.0,Manual,first,hybrid,290000,12.577639650232573
Hyundai,7,66000.0,Automatic,second,diesel,1285000,14.06627005452127
Maruti Suzuki,7,300000.0,Manual,second,hybrid,390000,12.873904582205107
Hyundai,6,67000.0,Manual,first,hybrid,725000,13.493928313146206
Maruti Suzuki,4,24000.0,Manual,first,petrol,660000,13.399996629152975
Maruti Suzuki,7,14000.0,Automatic,first,petrol,745000,13.521140839642674
Maruti Suzuki,3,35000.0,Manual,first,petrol,561000,13.237477967034438
Maruti Suzuki,6,72000.0,Automatic,first,petrol,695000,13.451668563394815
Maruti Suzuki,1,5280.0,Manual,second,petrol,575000,13.26212705890841
Maruti Suzuki,9,70000.0,Manual,second,hybrid,255000,12.449022745701502
Maruti Suzuki,8,62000.0,Automatic,first,petrol,395000,12.886643575525625
Maruti Suzuki,10,105000.0,Manual,second,petrol,350000,12.765691290604371
Maruti Suzuki,2,14000.0,Automatic,first,hybrid,620000,13.3374763699232
Toyota,10,90000.0,Manual,first,diesel,1250000,14.038654909278163
Maruti Suzuki,8,90000.0,Manual,second,hybrid,649999,13.38472764187182
Mahindra,9,93000.0,Manual,second,diesel,785000,13.573440270649085
Mercedes-Benz,10,120000.0,Automatic,first,diesel,2999999,14.914122846632385
Tata,0,5000.0,Automatic,first,diesel,2350000,14.669926311652166
Hyundai,6,35000.0,Automatic,first,hybrid,450000,13.017005083966255
Maruti Suzuki,4,41000.0,Manual,first,hybrid,475000,13.07107218827772
Maruti Suzuki,19,167400.0,Automatic,second,hybrid,90000,11.407576060361786
Maruti Suzuki,9,65000.0,Manual,second,hybrid,200000,12.206077645517674
Mahindra,1,11000.0,Automatic,second,hybrid,900000,13.710151153416941
Mercedes-Benz,14,46423.0,Automatic,first,petrol,339584,12.735479562832516
Maruti Suzuki,6,62000.0,Automatic,second,petrol,650000,13.384729180332174
Jaguar,4,25000.0,Automatic,second,petrol,3150000,14.962913328262083
Mahindra,1,11000.0,Manual,second,petrol,1395000,14.148405690083225
Maruti Suzuki,14,70000.0,Automatic,first,hybrid,225000,12.323860125621126
Maruti Suzuki,5,38000.0,Automatic,first,petrol,595000,13.296318365198623
Maruti Suzuki,4,15000.0,Manual,first,hybrid,435000,12.983103608918753
Mercedes-Benz,4,80000.0,Automatic,second,petrol,3190000,14.975531788240602
Maruti Suzuki,8,78000.0,Manual,second,hybrid,389999,12.873902018105829
Honda,15,130000.0,Manual,second,petrol,350000,12.765691290604371
Maruti Suzuki,5,63000.0,Automatic,first,hybrid,725000,13.493928313146206
Honda,14,98000.0,Automatic,second,hybrid,350000,12.765691290604371
Mahindra,5,50000.0,Manual,second,diesel,750000,13.527829818844937
Hyundai,14,90000.0,Manual,second,petrol,135000,11.813037464800539
Tata,3,10500.0,Manual,first,petrol,715000,13.480039220276565
Honda,8,115037.0,Automatic,second,hybrid,460000,13.038983942375959
Maruti Suzuki,6,116520.0,Automatic,second,hybrid,350000,12.765691290604371
Hyundai,4,300000.0,Automatic,first,hybrid,625000,13.345508528717259
Maruti Suzuki,7,75000.0,Manual,second,hybrid,380000,12.847929163278053
Hyundai,6,300000.0,Manual,first,petrol,725000,13.493928313146206
Honda,3,35111.0,Manual,first,petrol,695000,13.451668563394815
Volkswagen,2,31000.0,Automatic,second,petrol,1550000,14.253766134056512
Mahindra,5,68000.0,Manual,first,hybrid,375000,12.834683971615659
Maruti Suzuki,3,44616.0,Manual,second,hybrid,474000,13.06896471037963
Maruti Suzuki,7,66000.0,Automatic,first,petrol,460000,13.038983942375959
Maruti Suzuki,14,152646.0,Automatic,second,petrol,95000,11.461642696843066
Mahindra,9,92000.0,Manual,second,diesel,795000,13.586098651497313
Maruti Suzuki,6,37000.0,Automatic,second,petrol,750000,13.527829818844937
Maruti Suzuki,0,12000.0,Automatic,first,hybrid,2000000,14.508658238524095
Maruti Suzuki,5,67000.0,Manual,first,hybrid,299999,12.611537753638338
Skoda,6,57470.0,Automatic,first,petrol,525000,13.171155446333852
Hyundai,14,110000.0,Manual,second,petrol,141000,11.856522261533737
Maruti Suzuki,6,57125.0,Manual,first,hybrid,800000,13.592368256649284
Mahindra,13,45000.0,Manual,second,diesel,155000,11.951186847493476
Volkswagen,12,104236.0,Manual,first,diesel,230000,12.345838935721968
Maruti Suzuki,4,84000.0,Automatic,second,hybrid,455000,13.02805489573287
Tata,0,12000.0,Automatic,first,hybrid,925000,13.73755009757506
Jeep,5,40500.0,Manual,first,petrol,1150000,13.955273369904273
Honda,9,61000.0,Automatic,first,hybrid,530000,13.180634172318978
Volkswagen,3,58000.0,Automatic,second,petrol,1125000,13.933294482509151
Maruti Suzuki,3,35.0,Automatic,first,hybrid,450000,13.017005083966255
Lexus,4,32000.0,Automatic,first,hybrid,4200000,15.250595321348806
Audi,9,145248.0,Automatic,second,diesel,1150000,13.955273369904273
Skoda,9,108000.0,Automatic,first,diesel,950000,13.76421831620775
Tata,6,15000.0,Automatic,first,petrol,549000,13.215855541983634
Tata,4,61000.0,Automatic,first,hybrid,561000,13.237477967034438
Maruti Suzuki,12,59655.0,Automatic,second,hybrid,125000,11.736077016252437
Honda,13,89000.0,Automatic,second,hybrid,349000,12.762830066509972
Kia,1,10000.0,Manual,first,petrol,1265000,14.05058347065728
Skoda,8,57000.0,Automatic,second,diesel,499999,13.122363377404328
Mercedes-Benz,4,47000.0,Automatic,first,diesel,5895000,15.589615261588879
Honda,7,97000.0,Manual,first,diesel,800000,13.592368256649284
Land Rover,8,90000.0,Automatic,second,diesel,1975000,14.496079462646344
Mahindra,0,45.0,Automatic,first,diesel,2550000,14.751604309291395
Maruti Suzuki,11,85000.0,Manual,second,diesel,350000,12.765691290604371
Audi,13,94000.0,Automatic,first,diesel,730000,13.500801182986649
Maruti Suzuki,13,110000.0,Automatic,second,hybrid,110000,11.608244735642321
Ford,12,64000.0,Manual,second,diesel,195000,12.180759965737863
Mercedes-Benz,8,50751.0,Automatic,first,diesel,1850000,14.430696737594902
Mahindra,7,75000.0,Manual,second,diesel,825000,13.623139877437296
Hyundai,16,110000.0,Manual,second,petrol,140000,11.849404844423074
Audi,7,29000.0,Automatic,first,diesel,2350000,14.669926311652166
Maruti Suzuki,6,61000.0,Manual,second,hybrid,850000,13.652992804936396
Jaguar,9,50000.0,Automatic,first,diesel,1599000,14.284889617206765
BMW,11,58000.0,Automatic,second,diesel,2499000,14.731401609977073
Maruti Suzuki,6,52000.0,Manual,second,petrol,350000,12.765691290604371
Hyundai,5,73000.0,Manual,first,hybrid,450000,13.017005083966255
Maruti Suzuki,7,57000.0,Automatic,second,hybrid,495000,13.112315061750808
Honda,3,17000.0,Manual,first,petrol,1100000,13.910821646859095
BMW,12,113000.0,Automatic,first,diesel,750000,13.527829818844937
Maruti Suzuki,14,86000.0,Manual,first,petrol,225000,12.323860125621126
Toyota,5,34000.0,Automatic,second,diesel,4000000,15.201805169084134
Maruti Suzuki,10,82000.0,Automatic,first,petrol,395000,12.886643575525625
Tata,2,53793.0,Manual,first,hybrid,575000,13.26212705890841
Hyundai,2,8500.0,Automatic,first,petrol,1030000,13.845070331079134
Toyota,1,3000.0,Automatic,first,hybrid,48000,10.778977123006351
Citroen,3,41000.0,Automatic,first,diesel,1850000,14.430696737594902
Volkswagen,6,76416.0,Manual,second,diesel,770000,13.554147092530322
Toyota,8,87500.0,Automatic,second,diesel,1960000,14.488455541410652
Maruti Suzuki,8,118000.0,Manual,second,hybrid,220100,12.3018418108936
Maruti Suzuki,4,78311.0,Manual,first,hybrid,375000,12.834683971615659
Chevrolet,14,75000.0,Manual,second,petrol,155000,11.951186847493476
Hyundai,0,4000.0,Automatic,first,petrol,890000,13.698977865303197
Maruti Suzuki,11,92000.0,Automatic,second,hybrid,130000,11.775297421715827
Maruti Suzuki,9,69000.0,Automatic,second,hybrid,565000,13.244582780038517
Hyundai,9,82000.0,Manual,second,diesel,370000,12.821260987319457
Toyota Land,12,140000.0,Automatic,second,diesel,3200000,14.978661680269907
Toyota,9,260000.0,Manual,second,diesel,850000,13.652992804936396
Mercedes-Benz,6,5800.0,Automatic,first,diesel,2650000,14.790070575320824
Nissan,10,300000.0,Manual,second,diesel,290000,12.577639650232573
Mitsubishi,13,85000.0,Manual,second,diesel,875000,13.681980308196241
Toyota,11,130000.0,Manual,second,diesel,440000,12.994532278619134
Hyundai,12,80000.0,Automatic,first,hybrid,180000,12.100717685412471
Maruti Suzuki,5,84303.0,Automatic,second,petrol,598000,13.301347705172173
Maruti Suzuki,5,58100.0,Automatic,first,hybrid,400000,12.899222326086994
Skoda,5,35000.0,Automatic,second,petrol,1600000,14.285514812209815
Maruti Suzuki,10,62700.0,Manual,second,petrol,210000,12.25486757159303
Volkswagen,7,55000.0,Manual,first,diesel,790000,13.579789490265188
Hyundai,10,70001.0,Manual,first,hybrid,251000,12.433212202169729
Hyundai,2,31851.0,Manual,first,petrol,647000,13.380103119076898
Hyundai,11,96849.0,Manual,second,petrol,120000,11.695255355062795
Mercedes-Benz,8,62000.0,Automatic,first,diesel,4200000,15.250595321348806
Maruti Suzuki,13,70000.0,Manual,second,hybrid,173000,12.06105265381003
BMW,7,33500.0,Automatic,second,diesel,4150000,15.238619133170708
Maruti Suzuki,3,61.0,Manual,second,hybrid,700000,13.45883704259595
Volkswagen,5,65000.0,Manual,first,petrol,495000,13.112315061750808
Maruti Suzuki,6,103000.0,Manual,first,hybrid,375000,12.834683971615659
Hyundai,2,40000.0,Manual,first,hybrid,750000,13.527829818844937
Maruti Suzuki,13,66000.0,Manual,first,petrol,175000,12.07254696717504
Toyota,12,99722.0,Manual,second,petrol,470000,13.060490101343552
Maruti Suzuki,10,73985.0,Manual,first,hybrid,240000,12.388398368982115
Tata,4,58000.0,Automatic,first,hybrid,525000,13.171155446333852
Tata,6,94100.0,Manual,second,hybrid,195000,12.180759965737863
Volkswagen,5,45000.0,Automatic,second,petrol,1185000,13.98525417643287
Hyundai,1,29000.0,Manual,first,hybrid,775000,13.560619598657233
Hyundai,9,48000.0,Automatic,first,petrol,455000,13.02805489573287
Hyundai,8,101984.0,Manual,second,petrol,510000,13.1421679654829
Hyundai,8,36000.0,Manual,second,petrol,260000,12.468440756144114
Hyundai,13,115600.0,Manual,second,petrol,215000,12.278397958261774
Hyundai,7,90000.0,Automatic,first,diesel,999000,13.81451105863119
Hyundai,2,41000.0,Manual,first,hybrid,665000,13.407543823396258
BMW,7,90000.0,Automatic,second,diesel,1500000,14.220976332738882
Renault,8,53805.0,Manual,second,petrol,245000,12.409017571151187
Hyundai,11,50000.0,Manual,first,petrol,210000,12.25486757159303
Mahindra,6,59000.0,Manual,second,petrol,373000,12.829336379587506
Volkswagen,6,54000.0,Manual,first,petrol,775000,13.560619598657233
Hyundai,4,65000.0,Automatic,second,hybrid,435000,12.983103608918753
Volkswagen,10,136000.0,Manual,second,diesel,483000,13.087774003025942
Maruti Suzuki,17,86000.0,Manual,second,petrol,175000,12.07254696717504
Jaguar,7,33387.0,Automatic,first,diesel,2950000,14.897316067298997
Maruti Suzuki,8,21000.0,Manual,second,petrol,430000,12.971542813248437
Hyundai,2,50000.0,Automatic,first,petrol,1820000,14.414347608503377
Mahindra,8,90000.0,Automatic,first,diesel,770000,13.554147092530322
Maruti Suzuki,9,32.0,Automatic,second,hybrid,300000,12.611541086966115
Maruti Suzuki,5,32000.0,Automatic,second,petrol,520000,13.161586013632684
Renault,3,17154.0,Manual,first,petrol,565000,13.244582780038517
Skoda,6,61297.0,Automatic,first,diesel,1821000,14.414896907858413
Mercedes-Benz,16,226231.0,Manual,second,diesel,465000,13.049794835104816
Maruti Suzuki,11,125000.0,Automatic,second,hybrid,220000,12.301387370778713
Maruti Suzuki,2,54000.0,Automatic,second,hybrid,500000,13.122365377402328
Honda,14,140000.0,Manual,second,hybrid,179999,12.100712129872347
Renault,1,10800.0,Manual,first,petrol,700000,13.45883704259595
Mercedes-Benz,7,106207.0,Automatic,first,diesel,3900000,15.176487367510099
Hyundai,11,64000.0,Manual,first,petrol,155000,11.951186847493476
Hyundai,12,85000.0,Automatic,first,hybrid,425000,12.959846800844963
Maruti Suzuki,5,52000.0,Manual,second,hybrid,489000,13.100119813444692
Maruti Suzuki,13,50000.0,Manual,first,petrol,265000,12.487488878546145
Honda,5,48000.0,Manual,first,petrol,610000,13.321215875492413
Maruti Suzuki,5,57459.0,Manual,second,hybrid,450000,13.017005083966255
Hyundai,15,66000.0,Automatic,second,petrol,245000,12.409017571151187
Hyundai,3,20000.0,Manual,first,petrol,830000,13.629182184591333
Maruti Suzuki,9,54000.0,Manual,first,hybrid,175000,12.07254696717504
Skoda,6,135094.0,Automatic,second,diesel,780000,13.567050480716235
Hyundai,10,45000.0,Automatic,second,petrol,410000,12.923914877701906
Maruti Suzuki,3,16461.0,Manual,first,hybrid,1065000,13.878486296092358
Kia,2,22042.0,Manual,first,petrol,1174000,13.975928131158572
Maruti Suzuki,7,300000.0,Manual,second,diesel,690000,13.444448325847754
Honda,6,77000.0,Manual,first,hybrid,521000,13.163507240119458
Renault,7,33000.0,Automatic,first,petrol,450000,13.017005083966255
Honda,11,108000.0,Manual,second,petrol,310000,12.644330802262578
Renault,3,300000.0,Automatic,second,petrol,475000,13.07107218827772
Honda,10,95509.0,Manual,second,hybrid,425000,12.959846800844963
Maruti Suzuki,7,105000.0,Automatic,second,hybrid,300000,12.611541086966115
Hyundai,9,139000.0,Manual,first,diesel,850000,13.652992804936396
Hyundai,1,4000.0,Manual,first,hybrid,789999,13.579788224443204
Maruti Suzuki,9,68000.0,Manual,second,hybrid,590000,13.28787951079572
Maruti Suzuki,6,54000.0,Automatic,first,diesel,650000,13.384729180332174
Mercedes-Benz,8,59000.0,Automatic,first,diesel,2590000,14.767168819776032
Maruti Suzuki,6,66000.0,Automatic,first,petrol,395000,12.886643575525625
Hyundai,1,45000.0,Automatic,first,petrol,1590000,14.279245203127035
MG,3,52779.0,Automatic,second,petrol,1355000,14.119312750303045
Hyundai,10,56000.0,Manual,second,petrol,211000,12.259618151783465
Toyota,5,83700.0,Automatic,second,diesel,2190000,14.599412558413583
Maruti Suzuki,3,88000.0,Manual,second,hybrid,450000,13.017005083966255
Maruti Suzuki,6,33946.0,Manual,first,petrol,470000,13.060490101343552
Maruti Suzuki,11,49000.0,Manual,first,hybrid,265000,12.487488878546145
Ford,8,84000.0,Manual,second,diesel,375000,12.834683971615659
Maruti Suzuki,8,67500.0,Manual,second,hybrid,420000,12.948012371209098
Tata,5,48000.0,Automatic,second,petrol,500000,13.122365377402328
Maruti Suzuki,2,89000.0,Manual,second,hybrid,165000,12.013706813470414
Maruti Suzuki,2,62001.0,Manual,first,hybrid,1051000,13.865253601333421
Maruti Suzuki,0,12000.0,Automatic,first,hybrid,250000,12.429220196836383
Toyota,1,31000.0,Automatic,first,diesel,4480000,15.315133827605429
Mercedes-Benz,5,56300.0,Automatic,second,diesel,2150000,14.580978865220017
Maruti Suzuki,5,43000.0,Automatic,first,hybrid,540000,13.199326270390594
Hyundai,1,10000.0,Manual,first,petrol,815000,13.610944619216111
Toyota,9,115000.0,Automatic,second,hybrid,1251111,14.039543313818921
Mahindra,13,140000.0,Manual,second,diesel,174999,12.072541252905651
Maruti Suzuki,5,32000.0,Manual,second,petrol,345000,12.75130259456002
Toyota,9,140000.0,Manual,second,diesel,510000,13.1421679654829
Maruti Suzuki,7,100000.0,Manual,second,petrol,361100,12.796912976577694
Maruti Suzuki,9,59880.0,Automatic,first,petrol,349999,12.765688433465597
Hyundai,6,46365.0,Manual,second,petrol,390000,12.873904582205107
Ford,9,60000.0,Manual,second,hybrid,380000,12.847929163278053
Mercedes-Benz,14,66500.0,Automatic,second,petrol,599000,13.303018546545275
Hyundai,7,69000.0,Automatic,first,diesel,950000,13.76421831620775
Honda,8,70300.0,Automatic,first,hybrid,690000,13.444448325847754
Mahindra,13,130000.0,Manual,second,diesel,650000,13.384729180332174
Hyundai,8,98000.0,Manual,second,petrol,470000,13.060490101343552
Kia,4,33000.0,Manual,first,petrol,1199999,13.997832114758229
Honda,5,21800.0,Automatic,second,petrol,749000,13.52649559761195
Toyota,2,99000.0,Automatic,first,diesel,3350000,15.024471202308668
Tata,4,112500.0,Automatic,second,diesel,1200000,13.997832948091215
Maruti Suzuki,9,81000.0,Automatic,second,hybrid,255000,12.449022745701502
Maruti Suzuki,11,56000.0,Manual,second,petrol,280000,12.54254845357358
Hyundai,15,64000.0,Manual,second,petrol,241000,12.392556361841777
Datsun,5,25902.0,Manual,second,petrol,325000,12.691583538230217
Maruti Suzuki,18,106000.0,Manual,second,petrol,135000,11.813037464800539
Skoda,10,80000.0,Automatic,first,diesel,750000,13.527829818844937
Kia,4,80000.0,Manual,second,diesel,1060000,13.87378040948403
Maruti Suzuki,1,48000.0,Automatic,first,hybrid,878500,13.685972324912568
Hyundai,10,67000.0,Manual,second,hybrid,225000,12.323860125621126
Maruti Suzuki,1,58000.0,Manual,first,hybrid,1150000,13.955273369904273
Maruti Suzuki,2,91000.0,Manual,first,hybrid,595000,13.296318365198623
Mercedes-Benz,9,70000.0,Automatic,second,diesel,2999999,14.914122846632385
Hyundai,8,52000.0,Manual,second,diesel,725000,13.493928313146206
Toyota,2,29000.0,Automatic,first,hybrid,1650000,14.316286451937186
Maruti Suzuki,10,85000.0,Manual,second,petrol,235000,12.367345048436391
Honda,6,64900.0,Automatic,second,petrol,675000,13.42246945133505
Maruti Suzuki,10,70500.0,Manual,second,diesel,450000,13.017005083966255
Volkswagen,6,86580.0,Manual,second,diesel,650000,13.384729180332174
Hyundai,3,50000.0,Manual,first,petrol,750000,13.527829818844937
Maruti Suzuki,13,80000.0,Automatic,second,hybrid,80000,11.289794413577894
Honda,11,65000.0,Manual,second,hybrid,295000,12.59473402514672
Maruti Suzuki,11,190000.0,Automatic,second,hybrid,330000,12.706850963741102
Renault,7,47.0,Automatic,second,petrol,360000,12.793862088206213
Honda,7,63000.0,Automatic,first,petrol,730000,13.500801182986649
Honda,13,79000.0,Manual,second,petrol,350000,12.765691290604371
Toyota,6,149000.0,Manual,second,diesel,2259999,14.630875371248468
Hyundai,12,83000.0,Automatic,first,hybrid,180000,12.100717685412471
Hyundai,11,47000.0,Manual,first,petrol,470000,13.060490101343552
Maruti Suzuki,11,83200.0,Manual,second,hybrid,225000,12.323860125621126
Hyundai,3,57555.0,Manual,first,petrol,695000,13.451668563394815
Honda,5,47000.0,Automatic,first,petrol,795000,13.586098651497313
Maruti Suzuki,14,52000.0,Manual,first,hybrid,235000,12.367345048436391
Volkswagen,11,49400.0,Automatic,second,petrol,368000,12.81584093453868
Maruti Suzuki,4,39000.0,Automatic,second,hybrid,480000,13.081543466215237
Honda,11,33000.0,Automatic,second,petrol,450000,13.017005083966255
Hyundai,9,83000.0,Manual,second,hybrid,265000,12.487488878546145
Maruti Suzuki,3,33000.0,Manual,first,hybrid,525000,13.171155446333852
Honda,7,69000.0,Automatic,first,petrol,642000,13.372345140303285
Hyundai,15,65000.0,Manual,first,petrol,85000,11.350418300109132
Hyundai,7,118775.0,Manual,second,diesel,850000,13.652992804936396
Hyundai,12,76610.0,Manual,first,petrol,195000,12.180759965737863
Honda,14,80000.0,Automatic,second,petrol,199999,12.206072645530174
Maruti Suzuki,1,30000.0,Automatic,second,hybrid,1150000,13.955273369904273
BMW,11,89000.0,Automatic,second,diesel,1050000,13.864301674514206
Mahindra,6,100000.0,Automatic,first,diesel,999000,13.81451105863119
Maruti Suzuki,10,17998.0,Manual,first,petrol,300000,12.611541086966115
Toyota,9,170477.0,Automatic,second,hybrid,890000,13.698977865303197
Hyundai,12,72000.0,Manual,second,petrol,290000,12.577639650232573
Tata,8,160000.0,Manual,second,diesel,130000,11.775297421715827
Audi,8,95000.0,Automatic,first,diesel,1700000,14.346139397261565
MG,3,19000.0,Automatic,second,petrol,1350000,14.115615891155079
Honda,15,115000.0,Manual,first,petrol,155000,11.951186847493476
BMW,3,14000.0,Automatic,first,petrol,3475000,15.061105324750772
Toyota,4,55000.0,Automatic,second,petrol,765000,13.547632419997361
BMW,3,12222.0,Automatic,first,petrol,3290000,15.006398426692876
Tata,6,165000.0,Automatic,first,diesel,100000,11.51293546492023
Maruti Suzuki,2,11940.0,Automatic,first,hybrid,1400000,14.151983508870947
Maruti Suzuki,5,33177.0,Automatic,first,petrol,585000,13.279368835614243
Maruti Suzuki,6,70000.0,Automatic,second,hybrid,390000,12.873904582205107
Tata,4,48000.0,Manual,second,petrol,485000,13.091906231773164
MG,4,37000.0,Automatic,first,petrol,1485000,14.210926003619385
Hyundai,6,62853.0,Automatic,first,hybrid,680000,13.429849547739444
Hyundai,13,59000.0,Automatic,first,petrol,240000,12.388398368982115
Hyundai,6,27000.0,Manual,second,petrol,300000,12.611541086966115
BMW,7,57000.0,Automatic,second,diesel,1550000,14.253766134056512
Maruti Suzuki,8,74000.0,Manual,second,diesel,660000,13.399996629152975
Maruti Suzuki,8,52145.0,Manual,first,diesel,625000,13.345508528717259
Hyundai,11,55000.0,Manual,second,petrol,198000,12.19602736016897
Honda,18,43000.0,Automatic,second,hybrid,300000,12.611541086966115
Maruti Suzuki,7,45000.0,Automatic,second,hybrid,375000,12.834683971615659
Maruti Suzuki,14,131870.0,Manual,second,petrol,260000,12.468440756144114
Mercedes-Benz,7,85000.0,Automatic,second,diesel,1790000,14.397726736475999
Hyundai,10,132000.0,Manual,first,petrol,285000,12.560247968016562
Maruti Suzuki,2,18000.0,Manual,first,hybrid,749000,13.52649559761195
Tata,4,56000.0,Manual,second,hybrid,570000,13.25339339419516
BMW,7,100000.0,Automatic,second,diesel,1550000,14.253766134056512
Maruti Suzuki,14,107000.0,Automatic,second,petrol,200000,12.206077645517674
Ford,7,55000.0,Automatic,second,hybrid,615000,13.329379172803593
Honda,8,46279.0,Automatic,second,petrol,450000,13.017005083966255
Honda,7,69000.0,Automatic,second,petrol,650000,13.384729180332174
Maruti Suzuki,5,200000.0,Manual,first,hybrid,450000,13.017005083966255
Maruti Suzuki,1,33000.0,Automatic,first,petrol,1270000,14.054528245836039
Kia,3,45500.0,Automatic,second,diesel,1900000,14.45736497045232
Maruti Suzuki,104,60000.0,Manual,first,petrol,519000,13.159661088928443
Honda,8,59000.0,Automatic,second,petrol,745000,13.521140839642674
Maruti Suzuki,4,59302.0,Manual,first,hybrid,525000,13.171155446333852
Honda,6,45000.0,Automatic,first,petrol,845000,13.647093089770562
Honda,9,73000.0,Automatic,second,hybrid,499000,13.120363378739663
Honda,10,102000.0,Automatic,second,petrol,455000,13.02805489573287
Honda,11,119000.0,Manual,second,hybrid,325000,12.691583538230217
Honda,8,88000.0,Automatic,second,petrol,590000,13.28787951079572
Maruti Suzuki,3,90100.0,Manual,first,petrol,699999,13.458835614025542
Maruti Suzuki,6,59000.0,Manual,first,hybrid,299000,12.608202196848836
Mercedes-Benz,5,80000.0,Automatic,second,petrol,2999000,14.913789791175573
Maruti Suzuki,9,200000.0,Automatic,second,hybrid,200000,12.206077645517674
BMW,13,42000.0,Automatic,first,diesel,1145000,13.95091606833254
Honda,12,47000.0,Automatic,second,petrol,375000,12.834683971615659
BMW,17,70000.0,Automatic,first,petrol,450000,13.017005083966255
Maruti Suzuki,2,24000.0,Manual,first,petrol,510000,13.1421679654829
Hyundai,1,16856.0,Manual,first,hybrid,875000,13.681980308196241
BMW,7,70995.0,Automatic,second,diesel,1850000,14.430696737594902
Honda,14,81000.0,Manual,second,petrol,245000,12.409017571151187
Toyota,1,43624.0,Automatic,first,hybrid,3599000,15.09616686491609
Maruti Suzuki,1,4000.0,Automatic,first,petrol,1095000,13.90626583447433
Maruti Suzuki,5,60000.0,Manual,second,petrol,340000,12.73670383776449
Hyundai,7,70254.0,Manual,first,hybrid,690000,13.444448325847754
Mini,9,47000.0,Automatic,second,diesel,2400000,14.690979711984754
Toyota,10,125000.0,Manual,second,diesel,675000,13.42246945133505
Volkswagen,13,55000.0,Manual,second,petrol,240000,12.388398368982115
Renault,6,19308.0,Automatic,first,petrol,340000,12.73670383776449
Volkswagen,5,63939.0,Automatic,first,petrol,790000,13.579789490265188
Maruti Suzuki,10,31000.0,Automatic,second,petrol,299999,12.611537753638338
Maruti Suzuki,3,53885.0,Automatic,first,hybrid,1090000,13.901689171636098
Datsun,7,55000.0,Manual,second,petrol,220000,12.301387370778713
Maruti Suzuki,5,22513.0,Manual,first,petrol,480000,13.081543466215237
Hyundai,6,54000.0,Automatic,second,petrol,1099000,13.909912143303451
Ford,7,30000.0,Automatic,second,petrol,7600000,15.843658936835498
Maruti Suzuki,1,31000.0,Manual,first,petrol,1099000,13.909912143303451
Maruti Suzuki,4,47542.0,Manual,second,hybrid,950000,13.76421831620775
Hyundai,8,65330.0,Manual,second,hybrid,390000,12.873904582205107
Chevrolet,14,72429.0,Manual,second,petrol,70000,11.156264806643742
Hyundai,12,73000.0,Manual,second,diesel,325000,12.691583538230217
Maruti Suzuki,7,160000.0,Automatic,first,hybrid,185000,12.128116509451258
Honda,8,120.0,Automatic,first,hybrid,300000,12.611541086966115
Maruti Suzuki,0,31000.0,Automatic,first,hybrid,725000,13.493928313146206
Jaguar,7,69000.0,Automatic,first,petrol,1750000,14.375126917328105
Maruti Suzuki,6,38000.0,Automatic,second,petrol,385000,12.861001210669146
BMW,7,99000.0,Automatic,second,diesel,2750000,14.827111833279051
Maruti Suzuki,8,70000.0,Automatic,second,hybrid,311000,12.647551406590285
Tata,11,95000.0,Manual,second,diesel,555000,13.22672519452875
Ford,3,71000.0,Automatic,second,diesel,3240000,14.99108419641044
Kia,3,46000.0,Automatic,second,diesel,2850000,14.862829903121964
Hyundai,8,62000.0,Automatic,second,petrol,749000,13.52649559761195
Maruti Suzuki,3,86000.0,Manual,first,hybrid,550000,13.217675375388819
Maruti Suzuki,3,45000.0,Manual,first,petrol,440000,12.994532278619134
Mahindra,8,64000.0,Manual,second,diesel,1100000,13.910821646859095
Mercedes-Benz,1,11000.0,Automatic,first,diesel,4000000,15.201805169084134
Honda,10,72000.0,Manual,second,hybrid,325000,12.691583538230217
Chevrolet,8,78000.0,Automatic,second,diesel,585000,13.279368835614243
Hyundai,2,16000.0,Automatic,first,petrol,1325000,14.096923772119156
Tata,14,147689.0,Manual,second,diesel,125000,11.736077016252437
Kia,3,42000.0,Automatic,second,petrol,1390000,14.144815024531075
Hyundai,2,59000.0,Manual,first,petrol,1060000,13.87378040948403
Renault,7,39000.0,Automatic,second,petrol,310000,12.644330802262578
Jaguar,8,24000.0,Automatic,first,petrol,2400000,14.690979711984754
Volkswagen,7,69000.0,Manual,second,hybrid,375000,12.834683971615659
Renault,5,77105.0,Automatic,second,petrol,360000,12.793862088206213
Tata,9,215000.0,Automatic,second,diesel,140000,11.849404844423074
Honda,6,63000.0,Manual,first,hybrid,525000,13.171155446333852
Honda,3,41000.0,Automatic,first,petrol,820000,13.617060838751888
Hyundai,6,80000.0,Manual,second,diesel,851000,13.654168582642953
Hyundai,6,74943.0,Manual,first,petrol,785000,13.573440270649085
Audi,12,125000.0,Automatic,second,diesel,1250000,14.038654909278163
Renault,6,95000.0,Manual,second,diesel,750000,13.527829818844937
Maruti Suzuki,19,20000.0,Automatic,first,hybrid,40000,10.596659732783579
Maruti Suzuki,8,82305.0,Manual,second,diesel,425000,12.959846800844963
Honda,6,110000.0,Manual,second,diesel,650000,13.384729180332174
Mercedes-Benz,9,45000.0,Automatic,first,diesel,1400000,14.151983508870947
Mahindra,9,92000.0,Manual,second,diesel,395000,12.886643575525625
Land Rover,3,22000.0,Automatic,second,petrol,9750000,16.092777945538128
Maruti Suzuki,6,155085.0,Automatic,second,hybrid,620000,13.3374763699232
Kia,3,49000.0,Automatic,first,petrol,899000,13.70903942580019
Mercedes-Benz,9,47500.0,Automatic,second,diesel,2750000,14.827111833279051
Hyundai,5,56431.0,Manual,first,petrol,582000,13.274227444925158
Volkswagen,5,45000.0,Automatic,second,diesel,2390000,14.686804342317648
Maruti Suzuki,6,50000.0,Manual,first,petrol,540000,13.199326270390594
Ford,6,35000.0,Automatic,first,diesel,2800000,14.845130332288226
Mahindra,12,73000.0,Manual,second,diesel,450000,13.017005083966255
Tata,6,54750.0,Automatic,first,hybrid,450000,13.017005083966255
Mahindra,6,57000.0,Automatic,second,diesel,845000,13.647093089770562
Maruti Suzuki,8,90000.0,Manual,first,diesel,695000,13.451668563394815
Skoda,7,96339.0,Automatic,second,petrol,1050000,13.864301674514206
Hyundai,15,85500.0,Manual,first,petrol,195000,12.180759965737863
Toyota,7,184800.0,Automatic,second,diesel,1200000,13.997832948091215
Hyundai,0,1900.0,Manual,first,hybrid,850000,13.652992804936396
Maruti Suzuki,8,43350.0,Automatic,first,petrol,465000,13.049794835104816
Fiat,12,89000.0,Manual,second,diesel,229000,12.34148164933907
Maruti Suzuki,14,42000.0,Automatic,first,petrol,120000,11.695255355062795
Mercedes-Benz,6,31000.0,Automatic,second,diesel,3280000,15.003354285238329
Hyundai,10,121000.0,Manual,second,diesel,620000,13.3374763699232
Hyundai,8,37000.0,Manual,second,petrol,495000,13.112315061750808
Hyundai,5,80000.0,Automatic,first,hybrid,725000,13.493928313146206
Honda,7,53000.0,Automatic,second,hybrid,490000,13.102162710901053
Ford,6,36000.0,Manual,second,hybrid,400000,12.899222326086994
Maruti Suzuki,12,75000.0,Manual,second,hybrid,295000,12.59473402514672
Hyundai,12,87000.0,Automatic,first,hybrid,430000,12.971542813248437
Tata,6,61000.0,Manual,first,petrol,405000,12.91164481522143
Hyundai,6,71245.0,Automatic,first,diesel,1450000,14.187074804051692
Hyundai,8,74000.0,Automatic,second,hybrid,850000,13.652992804936396
Maruti Suzuki,5,250000.0,Automatic,first,hybrid,520000,13.161586013632684
Mercedes-Benz,4,35000.0,Automatic,first,diesel,4695000,15.362008883617023
Hyundai,10,50000.0,Automatic,first,hybrid,449000,13.014780393893403
Toyota,8,85000.0,Automatic,first,hybrid,680000,13.429849547739444
Mahindra,7,50000.0,Automatic,second,diesel,1225000,14.018452218287162
Maruti Suzuki,9,124000.0,Manual,second,hybrid,550000,13.217675375388819
Renault,7,74800.0,Manual,second,petrol,335000,12.721888795877375
Skoda,2,26000.0,Automatic,first,petrol,2475000,14.72175135802525
Honda,7,79000.0,Automatic,second,petrol,759000,13.539758373899955
Renault,4,34000.0,Manual,second,petrol,400000,12.899222326086994
Ford,13,110000.0,Manual,second,diesel,140000,11.849404844423074
Honda,5,56000.0,Automatic,first,hybrid,525000,13.171155446333852
MG,4,59368.0,Automatic,first,petrol,1300000,14.077875591662238
Tata,0,225.0,Automatic,first,hybrid,65000,11.082157933374816
Maruti Suzuki,3,30000.0,Manual,first,petrol,895000,13.704580114574805
Maruti Suzuki,12,95000.0,Automatic,second,hybrid,135000,11.813037464800539
Honda,8,93000.0,Automatic,second,hybrid,425000,12.959846800844963
Honda,6,79000.0,Automatic,first,hybrid,790000,13.579789490265188
Maruti Suzuki,10,63000.0,Manual,second,hybrid,549000,13.215855541983634
Hyundai,4,72000.0,Automatic,second,petrol,825000,13.623139877437296
Lexus,5,88000.0,Automatic,second,hybrid,4650000,15.35237799261728
Volkswagen,4,46000.0,Manual,first,petrol,750000,13.527829818844937
Hyundai,14,59000.0,Automatic,second,petrol,250000,12.429220196836383
Maruti Suzuki,13,68535.0,Manual,second,hybrid,175000,12.07254696717504
Volkswagen,9,74000.0,Automatic,second,diesel,425000,12.959846800844963
Hyundai,4,39000.0,Automatic,first,diesel,2150000,14.580978865220017
Lamborghini,3,26000.0,Automatic,second,petrol,39000000,17.479072229734946
Maruti Suzuki,6,87000.0,Automatic,second,diesel,650000,13.384729180332174
Maruti Suzuki,12,62000.0,Manual,first,hybrid,285000,12.560247968016562
Maruti Suzuki,13,81000.0,Manual,first,hybrid,190000,12.154784614286667
Mercedes-Benz,4,51111.0,Automatic,second,diesel,6999999,15.761420707019587
Maruti Suzuki,6,64000.0,Manual,first,petrol,577000,13.265599278590988
Audi,2,14000.0,Automatic,first,petrol,4999000,15.424748650435696
Hyundai,8,84000.0,Automatic,second,diesel,850000,13.652992804936396
Hyundai,13,78000.0,Manual,first,hybrid,175000,12.07254696717504
Maruti Suzuki,13,85000.0,Manual,second,petrol,210000,12.25486757159303
Maruti Suzuki,4,40000.0,Automatic,first,hybrid,511000,13.144126826131089
Maruti Suzuki,6,76000.0,Manual,first,petrol,585000,13.279368835614243
Hyundai,4,62370.0,Automatic,second,hybrid,675000,13.42246945133505
Hyundai,15,94000.0,Manual,first,petrol,225000,12.323860125621126
Mahindra,13,115000.0,Manual,second,diesel,225000,12.323860125621126
Hyundai,15,34500.0,Manual,second,petrol,155000,11.951186847493476
BMW,6,90500.0,Automatic,second,diesel,3780000,15.145234832146
Toyota,3,48000.0,Automatic,second,diesel,4195000,15.249404136262438
Mercedes-Benz,7,59000.0,Automatic,second,petrol,4385000,15.293700411838566
Maruti Suzuki,14,62411.0,Manual,second,hybrid,200000,12.206077645517674
Hyundai,15,91200.0,Manual,second,hybrid,150000,11.918397239722838
Mahindra,6,166000.0,Manual,first,diesel,1350000,14.115615891155079
Maruti Suzuki,13,130000.0,Automatic,second,hybrid,75000,11.225256725762893
Mercedes-Benz,6,51000.0,Automatic,first,diesel,1899000,14.456838516387228
Hyundai,2,30000.0,Manual,first,petrol,1255000,14.042646927360453
Honda,7,52000.0,Automatic,first,hybrid,585000,13.279368835614243
Hyundai,3,78000.0,Manual,second,diesel,1300000,14.077875591662238
Maruti Suzuki,0,1234.0,Manual,first,hybrid,315000,12.660331092405906
Volkswagen,3,53000.0,Automatic,first,petrol,1250000,14.038654909278163
Skoda,7,98500.0,Manual,first,diesel,500000,13.122365377402328
Chevrolet,10,35000.0,Automatic,second,diesel,350000,12.765691290604371
Maruti Suzuki,7,150000.0,Manual,second,hybrid,140000,11.849404844423074
Maruti Suzuki,12,120000.0,Automatic,first,hybrid,145000,11.884495917930655
Volkswagen,11,55000.0,Manual,second,diesel,395000,12.886643575525625
Kia,1,11000.0,Manual,first,petrol,1074999,13.8878312195439
Maruti Suzuki,8,61023.0,Manual,first,diesel,560000,13.235693848424024
Maruti Suzuki,11,120000.0,Manual,second,diesel,515000,13.151924121391561
Mercedes-Benz,8,80000.0,Automatic,first,petrol,1599000,14.284889617206765
Maruti Suzuki,9,61000.0,Automatic,first,petrol,395000,12.886643575525625
Maruti Suzuki,7,85000.0,Automatic,first,petrol,460000,13.038983942375959
Maruti Suzuki,3,55000.0,Manual,first,hybrid,385000,12.861001210669146
Maruti Suzuki,7,90000.0,Automatic,second,hybrid,460000,13.038983942375959
Maruti Suzuki,2,13000.0,Automatic,first,petrol,1252000,14.040253629363907
Ford,8,82000.0,Automatic,first,hybrid,495000,13.112315061750808
Maruti Suzuki,8,44000.0,Manual,second,petrol,250000,12.429220196836383
Maruti Suzuki,8,44000.0,Manual,second,hybrid,279000,12.53897064502647
Honda,6,51000.0,Automatic,first,petrol,710000,13.47302165746721
Honda,7,71000.0,Automatic,first,hybrid,725000,13.493928313146206
Maruti Suzuki,6,79000.0,Automatic,second,hybrid,730000,13.500801182986649
Maruti Suzuki,6,74000.0,Manual,second,petrol,272000,12.513561021741964
Maruti Suzuki,5,160000.0,Automatic,second,hybrid,339000,12.733758336210744
Maruti Suzuki,8,52000.0,Manual,second,petrol,395000,12.886643575525625
Hyundai,13,85000.0,Automatic,second,hybrid,135000,11.813037464800539
Maruti Suzuki,9,70000.0,Automatic,second,petrol,365000,12.807655372286902
Tata,5,300000.0,Manual,first,petrol,380000,12.847929163278053
Honda,8,84844.0,Manual,second,petrol,357000,12.785493861878301
Toyota,7,68000.0,Automatic,second,diesel,3375000,15.03190617858502
Maruti Suzuki,7,53000.0,Manual,first,petrol,285000,12.560247968016562
Renault,8,77000.0,Automatic,second,hybrid,210000,12.25486757159303
Honda,11,110000.0,Manual,second,diesel,310000,12.644330802262578
Volkswagen,13,130000.0,Automatic,second,hybrid,179000,12.095146671399466
Hyundai,4,43000.0,Manual,second,diesel,850000,13.652992804936396
Maruti Suzuki,9,58000.0,Automatic,first,hybrid,300000,12.611541086966115
Nissan,14,64000.0,Manual,second,petrol,115000,11.652696102959753
Toyota,21,180000.0,Manual,second,diesel,275000,12.524530013005734
Maruti Suzuki,3,75966.0,Manual,second,hybrid,449820,13.016605004834158
Maruti Suzuki,12,10000.0,Automatic,second,hybrid,155000,11.951186847493476
Maruti Suzuki,2,23000.0,Manual,first,petrol,672000,13.418015107599418
Hyundai,4,130000.0,Manual,second,hybrid,420000,12.948012371209098
Maruti Suzuki,3,60000.0,Manual,first,hybrid,510000,13.1421679654829
Hyundai,7,84258.0,Manual,second,diesel,625000,13.345508528717259
Tata,0,2500.0,Automatic,first,petrol,1245000,14.034646891093473
Maruti Suzuki,2,12000.0,Automatic,first,hybrid,1000000,13.815511557963774
Hyundai,8,37000.0,Manual,second,petrol,495000,13.112315061750808
Maruti Suzuki,9,98000.0,Manual,first,petrol,485000,13.091906231773164
Hyundai,4,72800.0,Automatic,first,hybrid,1150000,13.955273369904273
Toyota,12,235000.0,Automatic,second,diesel,1290000,14.070153551531353
Honda,5,62000.0,Manual,first,hybrid,625000,13.345508528717259
Toyota,2,22000.0,Automatic,first,petrol,1100000,13.910821646859095
Audi,10,99000.0,Automatic,second,diesel,1795000,14.400516137007425
Hyundai,7,53000.0,Manual,second,petrol,485000,13.091906231773164
Toyota,7,120000.0,Automatic,first,diesel,2175000,14.59253968227493
Honda,14,80000.0,Automatic,second,petrol,325000,12.691583538230217
Audi,9,32000.0,Automatic,second,petrol,3390000,15.03634077434184
Volvo,1,9700.0,Automatic,first,petrol,6300000,15.656060350091908
Maruti Suzuki,6,41243.0,Automatic,first,petrol,432000,12.976183182038383
Hyundai,8,45000.0,Manual,second,petrol,395000,12.886643575525625
Maruti Suzuki,0,1234.0,Automatic,first,hybrid,150000,11.918397239722838
Hyundai,8,39000.0,Manual,first,petrol,349000,12.762830066509972
Maruti Suzuki,2,120000.0,Automatic,second,hybrid,700000,13.45883704259595
BMW,12,130000.0,Automatic,second,diesel,629996,13.353470336451615
Hyundai,12,300000.0,Manual,second,petrol,199000,12.201065128819632
Maruti Suzuki,3,35000.0,Automatic,first,hybrid,550000,13.217675375388819
Maruti Suzuki,3,45000.0,Manual,second,hybrid,485000,13.091906231773164
Maruti Suzuki,5,86954.0,Manual,first,hybrid,890000,13.698977865303197
Hyundai,7,41000.0,Automatic,first,hybrid,699000,13.457407451830088
MG,2,23374.0,Automatic,first,petrol,1299000,14.07710606547538
Maruti Suzuki,0,36.0,Automatic,first,hybrid,187000,12.138869243416009
Maruti Suzuki,7,70600.0,Manual,second,hybrid,325000,12.691583538230217
Maruti Suzuki,7,52000.0,Automatic,first,hybrid,450000,13.017005083966255
Maruti Suzuki,10,92000.0,Automatic,second,hybrid,260000,12.468440756144114
Honda,17,44500.0,Automatic,first,petrol,300000,12.611541086966115
Audi,10,94000.0,Automatic,second,diesel,799000,13.591117476312084
Mercedes-Benz,6,46000.0,Automatic,first,diesel,4495000,15.318476448357243
Tata,4,24727.0,Automatic,first,petrol,795000,13.586098651497313
Hyundai,11,70000.0,Manual,first,petrol,290000,12.577639650232573
Audi,10,38000.0,Automatic,second,diesel,1200000,13.997832948091215
Hyundai,1,12380.0,Automatic,first,diesel,2050000,14.53335083891935
Maruti Suzuki,3,70000.0,Manual,first,hybrid,530000,13.180634172318978
MG,3,24000.0,Automatic,first,petrol,1550000,14.253766134056512
Maruti Suzuki,1,19000.0,Manual,first,petrol,630000,13.353476685668044
Honda,7,73000.0,Manual,first,hybrid,395000,12.886643575525625
Nissan,10,120000.0,Manual,second,diesel,399000,12.896719202134523
Maruti Suzuki,7,29000.0,Automatic,first,petrol,465000,13.049794835104816
Hyundai,14,70000.0,Manual,second,hybrid,90000,11.407576060361786
Hyundai,11,70000.0,Manual,second,petrol,355000,12.779875885354993
Maruti Suzuki,6,68000.0,Manual,second,hybrid,390000,12.873904582205107
Honda,14,65000.0,Manual,second,petrol,258000,12.460718739865236
Hyundai,10,85236.0,Manual,second,diesel,325000,12.691583538230217
Hyundai,6,49882.0,Manual,first,petrol,647000,13.380103119076898
Maruti Suzuki,5,83000.0,Automatic,first,diesel,695000,13.451668563394815
MG,4,24500.0,Automatic,second,petrol,1395000,14.148405690083225
Honda,8,68000.0,Manual,second,petrol,645000,13.377007146164305
Honda,16,75000.0,Automatic,second,hybrid,300000,12.611541086966115
Mercedes-Benz,6,88570.0,Automatic,first,diesel,3799000,15.150248695396893
Audi,9,75000.0,Automatic,first,diesel,1675000,14.331324320256051
Maruti Suzuki,9,64000.0,Manual,second,hybrid,368000,12.81584093453868
Toyota,9,65000.0,Automatic,second,hybrid,624999,13.345506928718539
Maruti Suzuki,5,45000.0,Manual,first,hybrid,500000,13.122365377402328
Hyundai,8,110000.0,Automatic,first,diesel,695000,13.451668563394815
Hyundai,6,195000.0,Manual,second,hybrid,260000,12.468440756144114
BMW,12,90000.0,Automatic,first,diesel,1050000,13.864301674514206
Hyundai,5,46000.0,Automatic,second,hybrid,725000,13.493928313146206
Chevrolet,19,123523.0,Manual,second,diesel,90000,11.407576060361786
Ford,9,90000.0,Automatic,second,petrol,525000,13.171155446333852
Hyundai,7,47000.0,Automatic,second,petrol,425000,12.959846800844963
Maruti Suzuki,4,70000.0,Manual,second,hybrid,740000,13.51440681653079
Hyundai,11,70000.0,Manual,second,petrol,265000,12.487488878546145
Toyota,18,78374.0,Manual,second,hybrid,145000,11.884495917930655
Honda,10,49851.0,Automatic,second,hybrid,295000,12.59473402514672
Maruti Suzuki,4,49000.0,Automatic,first,petrol,525000,13.171155446333852
Hyundai,11,62000.0,Manual,second,hybrid,270000,12.506180941677357
MG,2,66000.0,Manual,second,diesel,1500000,14.220976332738882
Maruti Suzuki,7,90000.0,Automatic,second,hybrid,350000,12.765691290604371
Hyundai,14,96000.0,Automatic,first,hybrid,85000,11.350418300109132
Renault,9,82000.0,Manual,second,diesel,445000,13.005831808336863
Tata,5,78000.0,Automatic,first,diesel,870000,13.676249640055394
Honda,9,116000.0,Manual,first,petrol,550000,13.217675375388819
Maruti Suzuki,9,115000.0,Manual,second,hybrid,545000,13.208542908506082
Mercedes-Benz,6,29000.0,Automatic,first,diesel,2690000,14.805052123325165
BMW,8,45000.0,Automatic,second,diesel,3100000,14.946912992035967
Hyundai,7,14000.0,Manual,second,hybrid,677777,13.42657507967612
Maruti Suzuki,7,57000.0,Automatic,first,diesel,645000,13.377007146164305
Hyundai,10,89000.0,Automatic,second,petrol,435000,12.983103608918753
Maruti Suzuki,4,56000.0,Manual,first,petrol,650000,13.384729180332174
Honda,11,50000.0,Manual,second,hybrid,341000,12.739640688812674
Hyundai,6,37000.0,Manual,first,petrol,535000,13.190023895035274
Hyundai,14,100000.0,Automatic,second,hybrid,185000,12.128116509451258
Chevrolet,8,84231.0,Automatic,second,diesel,599999,13.304684934198283
Maruti Suzuki,9,50000.0,Automatic,first,hybrid,300000,12.611541086966115
Honda,9,103000.0,Automatic,first,hybrid,390000,12.873904582205107
BMW,3,30600.0,Automatic,first,petrol,4490000,15.317363482435562
Hyundai,8,80000.0,Manual,second,hybrid,330000,12.706850963741102
Honda,7,45730.0,Automatic,second,hybrid,710000,13.47302165746721
Toyota,7,121000.0,Manual,second,diesel,1299000,14.07710606547538
Mahindra,8,106000.0,Automatic,second,diesel,475000,13.07107218827772
Honda,14,107000.0,Manual,second,petrol,190000,12.154784614286667
Skoda,11,151000.0,Manual,second,diesel,475000,13.07107218827772
Hyundai,6,56000.0,Manual,first,petrol,850000,13.652992804936396
Chevrolet,13,5000.0,Automatic,second,hybrid,90000,11.407576060361786
Mahindra,0,2500.0,Automatic,first,petrol,1470000,14.200773639026796
Renault,10,90000.0,Manual,second,hybrid,295000,12.59473402514672
Maruti Suzuki,7,49000.0,Automatic,first,petrol,485000,13.091906231773164
Chevrolet,8,151000.0,Automatic,first,hybrid,130000,11.775297421715827
Land Rover,4,143500.0,Automatic,first,diesel,3500000,15.068273812173887
Maruti Suzuki,2,50000.0,Automatic,first,hybrid,700000,13.45883704259595
Honda,14,64000.0,Manual,second,hybrid,215000,12.278397958261774
Renault,3,46608.0,Automatic,first,petrol,438000,12.989976472461
Maruti Suzuki,13,71000.0,Automatic,second,hybrid,100000,11.51293546492023
Skoda,1,7500.0,Automatic,first,petrol,1395000,14.148405690083225
Maruti Suzuki,17,97000.0,Manual,second,petrol,100000,11.51293546492023
Honda,7,65000.0,Automatic,second,hybrid,675000,13.42246945133505
Hyundai,7,64211.0,Manual,second,diesel,580000,13.270785106659046
Hyundai,5,57000.0,Manual,first,petrol,950000,13.76421831620775
Audi,12,79000.0,Automatic,second,diesel,630000,13.353476685668044
Ford,5,123000.0,Automatic,first,diesel,2699999,14.808762330974558
Mahindra,12,200000.0,Manual,second,diesel,330000,12.706850963741102
Maruti Suzuki,9,66000.0,Manual,first,diesel,545000,13.208542908506082
Maruti Suzuki,9,82000.0,Manual,second,hybrid,650000,13.384729180332174
Mahindra,12,155000.0,Manual,second,diesel,375000,12.834683971615659
Hyundai,10,64000.0,Manual,second,hybrid,215000,12.278397958261774
Honda,10,40000.0,Manual,second,petrol,335000,12.721888795877375
Tata,6,50000.0,Manual,first,petrol,490000,13.102162710901053
Maruti Suzuki,3,34000.0,Manual,first,petrol,425000,12.959846800844963
Maruti Suzuki,11,76000.0,Manual,second,diesel,410000,12.923914877701906
Maruti Suzuki,7,95000.0,Automatic,second,hybrid,325000,12.691583538230217
MG,4,119000.0,Automatic,first,diesel,2400000,14.690979711984754
Volkswagen,9,105000.0,Automatic,second,petrol,360000,12.793862088206213
Honda,7,80000.0,Manual,first,petrol,490000,13.102162710901053
Kia,2,23289.0,Manual,first,petrol,1500000,14.220976332738882
Maruti Suzuki,13,72000.0,Manual,second,petrol,179000,12.095146671399466
Mercedes-Benz,9,69000.0,Automatic,second,petrol,1369000,14.129591834730508
Maruti Suzuki,10,78000.0,Manual,second,petrol,310000,12.644330802262578
Maruti Suzuki,3,37500.0,Automatic,first,hybrid,515000,13.151924121391561
Hyundai,13,128000.0,Automatic,second,hybrid,150000,11.918397239722838
Maruti Suzuki,13,75000.0,Automatic,second,hybrid,180000,12.100717685412471
Audi,9,89000.0,Automatic,second,diesel,1200000,13.997832948091215
BMW,8,75000.0,Automatic,second,diesel,1575000,14.269766465162304
Toyota,6,93000.0,Automatic,second,diesel,2345000,14.667796386301658
Maruti Suzuki,6,75000.0,Automatic,second,diesel,545000,13.208542908506082
Porsche,5,29500.0,Automatic,second,petrol,9800000,16.097893045681612
Maruti Suzuki,15,110000.0,Manual,second,hybrid,110000,11.608244735642321
Maruti Suzuki,3,80000.0,Manual,second,hybrid,770000,13.554147092530322
Maruti Suzuki,14,81000.0,Automatic,second,hybrid,160000,11.982935344196433
Maruti Suzuki,8,45000.0,Automatic,first,petrol,435000,12.983103608918753
Maruti Suzuki,16,120000.0,Manual,second,petrol,115000,11.652696102959753
Renault,2,27000.0,Automatic,second,petrol,420000,12.948012371209098
Toyota,11,118000.0,Manual,second,diesel,1275000,14.058457520888082
Skoda,13,82500.0,Manual,second,petrol,175000,12.07254696717504
Tata,7,91500.0,Manual,second,diesel,645000,13.377007146164305
Hyundai,6,81000.0,Automatic,second,petrol,795000,13.586098651497313
Maruti Suzuki,6,70000.0,Manual,first,hybrid,375000,12.834683971615659
Hyundai,12,98000.0,Manual,second,diesel,249000,12.425212191503038
Maruti Suzuki,14,92000.0,Manual,first,petrol,110000,11.608244735642321
Maruti Suzuki,8,41000.0,Automatic,first,petrol,555000,13.22672519452875
Honda,6,56000.0,Automatic,second,petrol,850000,13.652992804936396
Mercedes-Benz,9,29000.0,Automatic,second,petrol,5800000,15.573368647930426
Maruti Suzuki,6,105000.0,Manual,first,hybrid,449999,13.017002861746503
Maruti Suzuki,13,153000.0,Manual,first,hybrid,125000,11.736077016252437
Honda,6,58000.0,Automatic,first,petrol,720000,13.487007879880162
Skoda,2,85000.0,Automatic,first,petrol,1000000,13.815511557963774
Mahindra,6,90000.0,Manual,second,diesel,990000,13.805461232211272
Maruti Suzuki,6,48757.0,Manual,first,petrol,645000,13.377007146164305
Maruti Suzuki,3,55000.0,Manual,first,hybrid,510000,13.1421679654829
Maruti Suzuki,6,88231.0,Manual,first,hybrid,825000,13.623139877437296
Toyota,9,180000.0,Automatic,second,diesel,1600000,14.285514812209815
Hyundai,7,85000.0,Automatic,second,hybrid,869000,13.675099554994853
Honda,2,23000.0,Automatic,first,petrol,890000,13.698977865303197
Maruti Suzuki,13,120000.0,Manual,first,hybrid,275000,12.524530013005734
Mahindra,12,74000.0,Manual,second,diesel,360000,12.793862088206213
Volkswagen,9,137000.0,Manual,second,diesel,590000,13.28787951079572
Nissan,13,69000.0,Automatic,second,petrol,245000,12.409017571151187
Hyundai,12,300000.0,Manual,first,hybrid,245000,12.409017571151187
Maruti Suzuki,5,47000.0,Manual,first,hybrid,460000,13.038983942375959
Hyundai,10,64200.0,Manual,second,diesel,480000,13.081543466215237
Maruti Suzuki,10,62000.0,Manual,second,petrol,460000,13.038983942375959
Skoda,6,70000.0,Manual,second,petrol,725000,13.493928313146206
Maruti Suzuki,11,42000.0,Manual,second,petrol,350000,12.765691290604371
Maruti Suzuki,2,11000.0,Automatic,second,petrol,650000,13.384729180332174
Hyundai,18,19.0,Manual,second,petrol,55000,10.915106645867503
Hyundai,7,69000.0,Automatic,first,diesel,875000,13.681980308196241
Hyundai,7,68000.0,Manual,first,hybrid,550000,13.217675375388819
Maruti Suzuki,13,52000.0,Manual,second,petrol,290000,12.577639650232573
Porsche,8,48000.0,Automatic,second,diesel,3375000,15.03190617858502
Toyota,10,107000.0,Manual,second,diesel,490000,13.102162710901053
Maruti Suzuki,1,150000.0,Automatic,first,petrol,1230000,14.0225255403564
Audi,6,99000.0,Automatic,first,diesel,3600000,15.096444681204078
Honda,6,95000.0,Automatic,first,hybrid,750000,13.527829818844937
Honda,12,89620.0,Automatic,first,petrol,370000,12.821260987319457
Hyundai,14,100000.0,Automatic,second,hybrid,170000,12.04355959836804
Toyota,7,83000.0,Automatic,second,petrol,1990000,14.503645699213111
Ford,14,105000.0,Manual,second,diesel,121000,11.703554089007538
Toyota,7,137000.0,Automatic,second,diesel,1975000,14.496079462646344
Toyota,0,16800.0,Automatic,second,hybrid,2000000,14.508658238524095
BMW,8,78000.0,Automatic,first,diesel,1695000,14.343193888767015
Maruti Suzuki,7,100000.0,Manual,second,diesel,690000,13.444448325847754
Toyota,7,112000.0,Automatic,second,diesel,3290000,15.006398426692876
Renault,2,10400.0,Automatic,first,petrol,465000,13.049794835104816
Mercedes-Benz,6,40000.0,Automatic,second,diesel,1890000,14.452087916136215
Hyundai,6,80000.0,Automatic,first,hybrid,450000,13.017005083966255
Mercedes-Benz,4,30000.0,Automatic,first,diesel,7150000,15.78262305453032
Ford,7,87000.0,Automatic,first,diesel,2099999,14.557447902693651
Hyundai,4,19000.0,Automatic,first,petrol,1470000,14.200773639026796
Hyundai,13,91720.0,Automatic,second,hybrid,155000,11.951186847493476
Tata,0,2150.0,Automatic,first,petrol,1221000,14.015181572093326
Honda,15,48000.0,Manual,first,petrol,435000,12.983103608918753
Hyundai,12,69000.0,Manual,second,petrol,321111,12.679545250914654
Maruti Suzuki,11,125000.0,Automatic,second,hybrid,255000,12.449022745701502
Tata,7,84000.0,Manual,second,petrol,220000,12.301387370778713
Hyundai,6,83000.0,Automatic,first,diesel,795000,13.586098651497313
Nissan,11,63234.0,Automatic,second,petrol,311000,12.647551406590285
Mercedes-Benz,7,80000.0,Automatic,second,diesel,1995000,14.506155109559108
Honda,5,13151.0,Automatic,first,petrol,695000,13.451668563394815
Renault,11,77000.0,Manual,second,petrol,315499,12.661913960963405
Mercedes-Benz,10,77000.0,Automatic,second,diesel,2650000,14.790070575320824
Tata,6,33000.0,Automatic,second,hybrid,475000,13.07107218827772
Honda,8,44400.0,Automatic,second,petrol,700000,13.45883704259595
Maruti Suzuki,10,80000.0,Automatic,first,hybrid,180000,12.100717685412471
Honda,11,110000.0,Manual,second,hybrid,350000,12.765691290604371
Honda,14,80000.0,Manual,second,hybrid,195000,12.180759965737863
Renault,5,71000.0,Automatic,first,diesel,599000,13.303018546545275
Maruti Suzuki,9,63123.0,Manual,second,hybrid,315000,12.660331092405906
Toyota,8,127000.0,Manual,second,diesel,1475000,14.204169225721929
Maruti Suzuki,11,85360.0,Manual,second,hybrid,285000,12.560247968016562
Toyota,9,53350.0,Automatic,second,petrol,1190000,13.989464705423494
Maruti Suzuki,6,260000.0,Automatic,first,hybrid,420000,12.948012371209098
Toyota,8,80000.0,Automatic,first,hybrid,650000,13.384729180332174
Maruti Suzuki,6,58000.0,Manual,second,hybrid,411000,12.926350926565435
Audi,10,90000.0,Automatic,second,diesel,750000,13.527829818844937
Volkswagen,7,43000.0,Automatic,first,petrol,850000,13.652992804936396
Maruti Suzuki,4,33000.0,Manual,second,hybrid,525000,13.171155446333852
Hyundai,1,19920.0,Automatic,first,petrol,900000,13.710151153416941
Maruti Suzuki,17,142000.0,Manual,second,petrol,175000,12.07254696717504
Audi,10,50000.0,Automatic,second,diesel,1675000,14.331324320256051
Jeep,2,30000.0,Automatic,first,diesel,3300000,15.009433329466965
Maruti Suzuki,7,61230.0,Automatic,second,hybrid,465000,13.049794835104816
Maruti Suzuki,7,72000.0,Manual,first,hybrid,325000,12.691583538230217
Maruti Suzuki,7,45000.0,Automatic,first,petrol,455000,13.02805489573287
Hyundai,8,30000.0,Manual,second,petrol,299000,12.608202196848836
Maruti Suzuki,4,50000.0,Automatic,second,hybrid,920000,13.732130035981154
Hyundai,10,48000.0,Manual,second,hybrid,250000,12.429220196836383
Skoda,11,58000.0,Automatic,first,petrol,370000,12.821260987319457
Toyota,8,86000.0,Automatic,first,hybrid,675000,13.42246945133505
Hyundai,3,31256.0,Manual,first,petrol,1400000,14.151983508870947
Maruti Suzuki,3,32.0,Automatic,first,hybrid,600000,13.304686600863562
Maruti Suzuki,6,49568.0,Automatic,first,hybrid,650000,13.384729180332174
Hyundai,3,70000.0,Automatic,first,hybrid,525000,13.171155446333852
Maruti Suzuki,3,20850.0,Manual,first,petrol,975000,13.790193775620484
Volvo,4,63333.0,Automatic,second,diesel,3333333,15.01948356229019
Hyundai,10,75000.0,Manual,second,diesel,330000,12.706850963741102
Hyundai,9,57000.0,Manual,second,hybrid,411000,12.926350926565435
Hyundai,2,50000.0,Manual,second,diesel,975000,13.790193775620484
Maruti Suzuki,14,85600.0,Automatic,second,hybrid,165000,12.013706813470414
Kia,2,11000.0,Automatic,first,diesel,1875000,14.444119750719839
Toyota,12,114000.0,Automatic,second,hybrid,325000,12.691583538230217
Maruti Suzuki,3,86000.0,Automatic,second,hybrid,960000,13.774689605110144
Tata,2,19000.0,Manual,first,petrol,750000,13.527829818844937
Honda,9,82000.0,Manual,second,hybrid,380000,12.847929163278053
Maruti Suzuki,7,44307.0,Automatic,second,petrol,450000,13.017005083966255
Hyundai,9,110450.0,Manual,second,petrol,435000,12.983103608918753
Maruti Suzuki,10,300000.0,Manual,first,hybrid,560000,13.235693848424024
Toyota,2,46383.0,Automatic,first,diesel,5195000,15.463207375008228
Ford,4,39001.0,Automatic,first,hybrid,925000,13.73755009757506
Volkswagen,10,60500.0,Manual,second,petrol,540000,13.199326270390594
Honda,6,88435.0,Automatic,first,petrol,625000,13.345508528717259
Maruti Suzuki,7,50000.0,Automatic,first,hybrid,325000,12.691583538230217
Skoda,8,150000.0,Automatic,second,diesel,645000,13.377007146164305
Maruti Suzuki,14,76370.0,Manual,second,petrol,270000,12.506180941677357
Mercedes-Benz,14,92000.0,Automatic,first,diesel,674999,13.422467969854667
Maruti Suzuki,7,35140.0,Automatic,first,petrol,325000,12.691583538230217
Nissan,14,56000.0,Manual,second,petrol,275000,12.524530013005734
Mercedes-Benz,6,53000.0,Automatic,second,diesel,7950000,15.88868261241667
Maruti Suzuki,5,56500.0,Automatic,first,petrol,865000,13.670485941982712
Volvo,13,105000.0,Automatic,second,diesel,740000,13.51440681653079
Hyundai,6,32272.0,Manual,second,petrol,699999,13.458835614025542
Maruti Suzuki,14,19800.0,Manual,second,petrol,210000,12.25486757159303
Hyundai,12,37000.0,Automatic,second,petrol,375000,12.834683971615659
Maruti Suzuki,6,69000.0,Automatic,second,petrol,355000,12.779875885354993
Maruti Suzuki,14,193000.0,Automatic,second,diesel,260000,12.468440756144114
Hyundai,8,72000.0,Automatic,first,diesel,635000,13.361381852676738
Chevrolet,13,78000.0,Manual,second,hybrid,175000,12.07254696717504
Maruti Suzuki,8,124501.0,Manual,second,diesel,450000,13.017005083966255
Maruti Suzuki,8,73000.0,Manual,second,diesel,490000,13.102162710901053
Maruti Suzuki,14,90000.0,Manual,second,hybrid,235000,12.367345048436391
Maruti Suzuki,6,17400.0,Automatic,first,hybrid,485000,13.091906231773164
Volkswagen,8,61000.0,Automatic,first,petrol,650000,13.384729180332174
Hyundai,6,220000.0,Manual,second,hybrid,240000,12.388398368982115
Toyota,3,48500.0,Automatic,first,diesel,3751000,15.137533295659564
Maruti Suzuki,14,85448.0,Manual,second,hybrid,148000,11.904974309480183
Maruti Suzuki,5,80000.0,Manual,second,hybrid,610000,13.321215875492413
Maruti Suzuki,5,60000.0,Manual,second,petrol,480000,13.081543466215237
Tata,3,47000.0,Automatic,second,petrol,499000,13.120363378739663
Hyundai,7,86000.0,Automatic,second,hybrid,869000,13.675099554994853
Hyundai,9,59000.0,Manual,first,petrol,245000,12.409017571151187
BMW,9,105000.0,Automatic,second,diesel,1450000,14.187074804051692
Hyundai,6,81000.0,Automatic,second,petrol,875000,13.681980308196241
Maruti Suzuki,4,75000.0,Manual,second,petrol,631000,13.355062726308148
Toyota,6,90000.0,Manual,second,diesel,785000,13.573440270649085
Honda,9,53000.0,Automatic,second,petrol,460000,13.038983942375959
Maruti Suzuki,2,110000.0,Manual,first,petrol,425000,12.959846800844963
Honda,14,109000.0,Manual,second,petrol,295000,12.59473402514672
Chevrolet,15,103979.0,Manual,first,petrol,110000,11.608244735642321
Maruti Suzuki,5,76000.0,Manual,first,petrol,595000,13.296318365198623
Ford,12,112000.0,Manual,second,diesel,275000,12.524530013005734
Maruti Suzuki,6,50000.0,Automatic,first,petrol,360000,12.793862088206213
Maruti Suzuki,15,115000.0,Manual,first,hybrid,165000,12.013706813470414
Hyundai,12,82000.0,Manual,first,hybrid,280000,12.54254845357358
Audi,7,100000.0,Automatic,second,diesel,2150000,14.580978865220017
Tata,6,65000.0,Automatic,second,diesel,699000,13.457407451830088
Tata,6,95000.0,Manual,second,diesel,425000,12.959846800844963
Honda,5,60200.0,Manual,second,petrol,625000,13.345508528717259
Hyundai,2,27000.0,Automatic,second,petrol,1395000,14.148405690083225
Volkswagen,14,126000.0,Manual,first,petrol,225000,12.323860125621126
Honda,12,108000.0,Automatic,second,hybrid,395000,12.886643575525625
Lexus,6,132000.0,Automatic,first,hybrid,3850000,15.163583966004193
Maruti Suzuki,12,81000.0,Manual,second,hybrid,265000,12.487488878546145
Honda,9,52000.0,Manual,second,petrol,445000,13.005831808336863
Renault,7,53000.0,Automatic,second,petrol,330000,12.706850963741102
Maruti Suzuki,1,43000.0,Manual,first,hybrid,150000,11.918397239722838
Hyundai,16,74400.0,Automatic,second,hybrid,145000,11.884495917930655
Maruti Suzuki,9,80000.0,Automatic,first,hybrid,280000,12.54254845357358
Maruti Suzuki,9,97856.0,Automatic,first,petrol,375000,12.834683971615659
Honda,9,93000.0,Automatic,first,petrol,695000,13.451668563394815
Hyundai,9,60000.0,Automatic,second,hybrid,275000,12.524530013005734
BMW,8,41000.0,Automatic,first,diesel,1990000,14.503645699213111
Mercedes-Benz,10,78000.0,Automatic,second,diesel,1350000,14.115615891155079
Toyota,2,16000.0,Manual,first,petrol,1545000,14.250535115562965
Maruti Suzuki,15,77000.0,Manual,second,petrol,219000,12.296831574998258
Maruti Suzuki,10,54000.0,Manual,second,hybrid,225000,12.323860125621126
Hyundai,9,58000.0,Manual,second,hybrid,295000,12.59473402514672
Maruti Suzuki,4,70000.0,Automatic,second,hybrid,550000,13.217675375388819
Maruti Suzuki,8,130000.0,Automatic,second,hybrid,220000,12.301387370778713
Honda,15,79000.0,Manual,second,hybrid,195000,12.180759965737863
Hyundai,13,85000.0,Manual,second,hybrid,220000,12.301387370778713
Maruti Suzuki,7,145000.0,Automatic,second,diesel,620000,13.3374763699232
Kia,3,34000.0,Automatic,second,diesel,1575000,14.269766465162304
Renault,8,76000.0,Automatic,first,diesel,545000,13.208542908506082
Honda,7,80000.0,Automatic,second,hybrid,325000,12.691583538230217
Volkswagen,5,85000.0,Automatic,second,petrol,870000,13.676249640055394
Maruti Suzuki,11,78000.0,Manual,second,hybrid,235000,12.367345048436391
Maruti Suzuki,2,190000.0,Manual,first,petrol,425000,12.959846800844963
Honda,7,77000.0,Automatic,second,petrol,760000,13.541075028051122
Maruti Suzuki,2,44000.0,Manual,second,hybrid,599999,13.304684934198283
Hyundai,14,100000.0,Automatic,first,hybrid,100000,11.51293546492023
Mahindra,6,110668.0,Manual,second,diesel,900000,13.710151153416941
Hyundai,8,25000.0,Manual,second,petrol,589000,13.286183160425152
Maruti Suzuki,5,51569.0,Automatic,second,hybrid,410000,12.923914877701906
Hyundai,12,95000.0,Automatic,second,hybrid,200000,12.206077645517674
Maruti Suzuki,16,100000.0,Manual,first,hybrid,90000,11.407576060361786
Kia,4,39000.0,Automatic,second,petrol,1045000,13.85952840031839
Hyundai,9,91000.0,Manual,second,petrol,390000,12.873904582205107
Maruti Suzuki,17,46000.0,Manual,second,petrol,159000,11.976665770490767
Volkswagen,6,55000.0,Automatic,second,petrol,595000,13.296318365198623
Hyundai,16,105000.0,Manual,second,petrol,125000,11.736077016252437
Isuzu,5,180000.0,Automatic,first,diesel,1649999,14.316285845876763
Maruti Suzuki,4,12000.0,Automatic,first,petrol,495000,13.112315061750808
Maruti Suzuki,11,69000.0,Automatic,second,petrol,410000,12.923914877701906
Renault,7,27000.0,Automatic,second,petrol,370000,12.821260987319457
Honda,14,58000.0,Manual,second,hybrid,350000,12.765691290604371
Maruti Suzuki,6,99346.0,Manual,first,petrol,400000,12.899222326086994
Mahindra,2,24000.0,Automatic,first,diesel,1510000,14.227620871042543
Maruti Suzuki,6,82000.0,Manual,second,hybrid,510000,13.1421679654829
Hyundai,6,83600.0,Manual,second,diesel,625000,13.345508528717259
Maruti Suzuki,3,61000.0,Manual,first,hybrid,990000,13.805461232211272
Maruti Suzuki,6,243000.0,Manual,second,hybrid,340000,12.73670383776449
Volvo,7,77643.0,Automatic,second,diesel,3749999,15.137266397946593
Renault,5,25000.0,Automatic,first,hybrid,375000,12.834683971615659
Mercedes-Benz,13,40000.0,Automatic,first,petrol,850000,13.652992804936396
Maruti Suzuki,4,125000.0,Manual,second,petrol,545000,13.208542908506082
Maruti Suzuki,15,101000.0,Automatic,second,hybrid,210000,12.25486757159303
Maruti Suzuki,9,70000.0,Automatic,first,hybrid,220000,12.301387370778713
Maruti Suzuki,14,2010.0,Automatic,first,hybrid,100000,11.51293546492023
Volkswagen,9,124000.0,Manual,second,diesel,340000,12.73670383776449
Toyota,6,72000.0,Manual,first,petrol,1050000,13.864301674514206
Mercedes-Benz,4,19000.0,Automatic,first,diesel,4650000,15.35237799261728
Audi,2,20000.0,Automatic,first,petrol,7400000,15.816990693309524
Maruti Suzuki,12,73000.0,Manual,second,hybrid,235000,12.367345048436391
Hyundai,7,6200.0,Automatic,second,hybrid,400000,12.899222326086994
Tata,5,66810.0,Automatic,second,petrol,460000,13.038983942375959
Maruti Suzuki,4,69876.0,Manual,first,petrol,815000,13.610944619216111
Honda,5,49000.0,Manual,first,hybrid,585000,13.279368835614243
Hyundai,16,96000.0,Automatic,second,hybrid,140000,11.849404844423074
Maruti Suzuki,7,44000.0,Automatic,first,petrol,445000,13.005831808336863
Maruti Suzuki,3,40000.0,Manual,first,hybrid,1050000,13.864301674514206
Tata,2,31000.0,Manual,first,hybrid,675000,13.42246945133505
Audi,9,49000.0,Automatic,first,diesel,1325000,14.096923772119156
Maruti Suzuki,5,102000.0,Automatic,first,hybrid,440000,12.994532278619134
Hyundai,7,34901.0,Automatic,second,hybrid,582000,13.274227444925158
Hyundai,9,15000.0,Automatic,first,hybrid,400000,12.899222326086994
Tata,5,67580.0,Automatic,first,diesel,510000,13.1421679654829
Maruti Suzuki,2,300000.0,Manual,first,hybrid,760000,13.541075028051122
Hyundai,7,12000.0,Automatic,first,hybrid,30000,10.308985993422082
Ford,6,44552.0,Manual,first,hybrid,400000,12.899222326086994
Maruti Suzuki,7,36606.0,Automatic,second,petrol,465000,13.049794835104816
Kia,5,27000.0,Automatic,first,petrol,1350000,14.115615891155079
Maruti Suzuki,6,140000.0,Automatic,second,petrol,635000,13.361381852676738
Honda,9,72000.0,Manual,first,petrol,525000,13.171155446333852
Maruti Suzuki,12,300000.0,Manual,first,hybrid,175000,12.07254696717504
Maruti Suzuki,5,48000.0,Automatic,first,petrol,890000,13.698977865303197
Nissan,7,41000.0,Manual,second,diesel,625000,13.345508528717259
Maruti Suzuki,9,97663.0,Automatic,second,hybrid,310000,12.644330802262578
Mahindra,14,170000.0,Manual,second,diesel,515000,13.151924121391561
Ford,14,130000.0,Automatic,second,diesel,340000,12.73670383776449
Renault,6,76000.0,Manual,second,diesel,795000,13.586098651497313
MG,5,61000.0,Automatic,first,petrol,1050000,13.864301674514206
Toyota,13,22000.0,Manual,second,diesel,510000,13.1421679654829
Honda,9,56000.0,Automatic,second,petrol,645000,13.377007146164305
Maruti Suzuki,6,91000.0,Automatic,second,hybrid,660000,13.399996629152975
Skoda,8,50000.0,Automatic,first,petrol,575000,13.26212705890841
Kia,4,60000.0,Automatic,first,petrol,852000,13.655342979519684
Maruti Suzuki,9,58000.0,Manual,first,hybrid,285000,12.560247968016562
Mahindra,2,9200.0,Automatic,first,petrol,1395000,14.148405690083225
Honda,17,70000.0,Automatic,second,hybrid,350000,12.765691290604371
Maruti Suzuki,9,98000.0,Automatic,second,diesel,502000,13.126357390703754
Hyundai,3,30294.0,Automatic,second,petrol,620000,13.3374763699232
Maruti Suzuki,13,150000.0,Automatic,second,petrol,245000,12.409017571151187
Maruti Suzuki,19,60000.0,Automatic,second,hybrid,130000,11.775297421715827
Ford,10,87000.0,Manual,second,petrol,328000,12.700771936142122
Hyundai,7,52662.0,Manual,first,hybrid,379000,12.84529412258351
Hyundai,5,71000.0,Manual,second,diesel,740000,13.51440681653079
Maruti Suzuki,7,85000.0,Manual,second,hybrid,580000,13.270785106659046
Hyundai,5,107000.0,Manual,second,diesel,851000,13.654168582642953
Tata,3,30000.0,Manual,second,diesel,1650000,14.316286451937186
Maruti Suzuki,6,82000.0,Automatic,first,hybrid,352000,12.77138929548529
Toyota,1,13000.0,Automatic,first,hybrid,3600000,15.096444681204078
Mahindra,8,73000.0,Automatic,first,diesel,499999,13.122363377404328
Jaguar,9,53000.0,Manual,second,diesel,1450000,14.187074804051692
Hyundai,1,35000.0,Automatic,first,diesel,2035000,14.526006868259204
Maruti Suzuki,8,70000.0,Automatic,first,hybrid,300000,12.611541086966115
Hyundai,5,35000.0,Manual,first,hybrid,490000,13.102162710901053
Audi,2,26207.0,Automatic,first,petrol,3500000,15.068273812173887
Maruti Suzuki,7,300000.0,Automatic,second,hybrid,400000,12.899222326086994
Maruti Suzuki,6,70000.0,Automatic,second,hybrid,480000,13.081543466215237
Maruti Suzuki,4,47000.0,Manual,first,petrol,880000,13.68767832281738
Maruti Suzuki,9,104000.0,Automatic,second,petrol,375000,12.834683971615659
Maruti Suzuki,2,56000.0,Manual,first,hybrid,735000,13.507627138738266
Maruti Suzuki,2,20000.0,Manual,first,hybrid,1175000,13.976779556623864
Mercedes-Benz,6,35000.0,Automatic,second,diesel,1899000,14.456838516387228
Maruti Suzuki,10,78000.0,Manual,second,diesel,475000,13.07107218827772
Toyota,5,47000.0,Manual,first,petrol,1350000,14.115615891155079
Tata,7,20000.0,Automatic,second,hybrid,85000,11.350418300109132
Datsun,8,72111.0,Manual,second,hybrid,185000,12.128116509451258
Kia,3,56800.0,Manual,first,petrol,1350000,14.115615891155079
Hyundai,10,82000.0,Manual,second,petrol,450000,13.017005083966255
Maruti Suzuki,13,103740.0,Automatic,second,hybrid,90999,11.418614785498987
Isuzu,2,12000.0,Automatic,first,diesel,2400000,14.690979711984754
Maruti Suzuki,0,12000.0,Manual,first,petrol,550000,13.217675375388819
Hyundai,13,95000.0,Automatic,second,hybrid,210000,12.25486757159303
Hyundai,11,90000.0,Manual,second,diesel,529000,13.178745601197818
Bajaj,3,70000.0,Manual,first,hybrid,165000,12.013706813470414
Maruti Suzuki,2,11102.0,Manual,first,petrol,510000,13.1421679654829
Maruti Suzuki,6,32000.0,Manual,first,hybrid,485000,13.091906231773164
Maruti Suzuki,7,50000.0,Automatic,first,hybrid,435000,12.983103608918753
Maruti Suzuki,15,150000.0,Automatic,first,hybrid,150000,11.918397239722838
Mahindra,3,37000.0,Automatic,first,diesel,1375000,14.13396501635527
Tata,3,26085.0,Automatic,first,petrol,945000,13.758941264676379
Maruti Suzuki,13,67000.0,Manual,second,petrol,249000,12.425212191503038
Hyundai,13,75000.0,Manual,second,petrol,181000,12.10625783509458
Toyota,2,50000.0,Automatic,second,diesel,4550000,15.330638010707329
Land Rover,6,78000.0,Automatic,second,petrol,2995000,14.912455123421447
Kia,3,35000.0,Automatic,first,hybrid,850000,13.652992804936396
Ford,8,89600.0,Manual,second,diesel,615000,13.329379172803593
Toyota,6,90000.0,Automatic,first,diesel,1990000,14.503645699213111
Maruti Suzuki,7,77523.0,Manual,second,petrol,320000,12.676079399771027
Maruti Suzuki,7,82631.0,Automatic,first,hybrid,345000,12.75130259456002
Maruti Suzuki,13,50000.0,Automatic,second,hybrid,170000,12.04355959836804
Maruti Suzuki,5,1022.0,Automatic,second,hybrid,420000,12.948012371209098
Renault,6,48000.0,Manual,first,petrol,498888,13.120138905099342
Volkswagen,7,67000.0,Manual,second,petrol,669000,13.41354083387756
Maruti Suzuki,6,33000.0,Automatic,second,petrol,425000,12.959846800844963
Hyundai,3,35000.0,Manual,second,petrol,753000,13.531821834802397
Toyota,7,70000.0,Automatic,second,diesel,2099000,14.556972075219997
Ford,8,75000.0,Automatic,second,diesel,2550000,14.751604309291395
Chevrolet,17,300000.0,Manual,second,diesel,220000,12.301387370778713
Honda,12,82000.0,Automatic,second,petrol,330000,12.706850963741102
Toyota,12,172000.0,Automatic,first,diesel,875000,13.681980308196241
Honda,7,38486.0,Automatic,first,petrol,726000,13.495306671216452
Mercedes-Benz,1,6000.0,Automatic,first,petrol,34800000,17.365127973480334
Ford,16,175000.0,Manual,second,diesel,131000,11.782960235741939
Toyota,1,58210.0,Automatic,first,petrol,3020000,14.920767720476825
Hyundai,4,50000.0,Manual,second,petrol,770000,13.554147092530322
Mercedes-Benz,12,85805.0,Automatic,second,diesel,985000,13.800397935382136
Maruti Suzuki,2,4.0,Automatic,first,hybrid,1000000,13.815511557963774
Renault,11,113000.0,Manual,second,diesel,380000,12.847929163278053
Renault,8,61000.0,Automatic,second,hybrid,221000,12.30592250537653
Chevrolet,14,300000.0,Manual,second,petrol,135000,11.813037464800539
Maruti Suzuki,8,69000.0,Automatic,first,petrol,421500,12.951577428900473
Honda,10,86082.0,Automatic,first,petrol,415000,12.936036208848487
Nissan,2,7500.0,Manual,second,petrol,690000,13.444448325847754
Datsun,6,9700.0,Manual,first,petrol,325000,12.691583538230217
Hyundai,12,72000.0,Manual,second,petrol,225000,12.323860125621126
Maruti Suzuki,3,65000.0,Manual,second,hybrid,925000,13.73755009757506
Maruti Suzuki,7,119000.0,Manual,first,hybrid,250000,12.429220196836383
Honda,8,78000.0,Manual,first,petrol,715000,13.480039220276565
Hyundai,6,45238.0,Manual,second,diesel,380000,12.847929163278053
Mahindra,5,99000.0,Manual,first,diesel,1550000,14.253766134056512
Ford,8,65000.0,Manual,second,diesel,299000,12.608202196848836
Renault,4,47000.0,Automatic,first,petrol,325000,12.691583538230217
Toyota,8,45000.0,Manual,first,hybrid,425000,12.959846800844963
Maruti Suzuki,9,65510.0,Manual,second,hybrid,280000,12.54254845357358
Hyundai,13,99000.0,Automatic,first,hybrid,130000,11.775297421715827
Hyundai,12,90000.0,Automatic,second,hybrid,186000,12.133507329024972
Hyundai,13,69000.0,Manual,first,hybrid,150000,11.918397239722838
Ford,14,155000.0,Automatic,second,petrol,70000,11.156264806643742
Hyundai,14,80000.0,Automatic,second,hybrid,230000,12.345838935721968
Volkswagen,14,95000.0,Automatic,second,diesel,340000,12.73670383776449
Hyundai,12,48000.0,Manual,second,hybrid,340000,12.73670383776449
Kia,3,34000.0,Automatic,first,hybrid,850000,13.652992804936396
Toyota,0,8000.0,Automatic,first,hybrid,1800000,14.403297778421795
Maruti Suzuki,9,82000.0,Manual,second,diesel,540000,13.199326270390594
BMW,11,69382.0,Automatic,second,diesel,1399000,14.151268968443645
Kia,0,9400.0,Manual,first,petrol,1049999,13.864300722133706
Honda,15,64000.0,Automatic,second,hybrid,149000,11.91170829631447
Maruti Suzuki,8,47000.0,Manual,first,petrol,410000,12.923914877701906
Hyundai,4,44731.0,Manual,first,petrol,539991,13.199309603615902
Toyota,8,167000.0,Automatic,second,diesel,1800000,14.403297778421795
Maruti Suzuki,9,21000.0,Automatic,second,petrol,420000,12.948012371209098
Maruti Suzuki,6,130000.0,Manual,second,petrol,190000,12.154784614286667
BMW,8,55234.0,Automatic,second,diesel,1550000,14.253766134056512
BMW,6,24000.0,Automatic,first,petrol,4150000,15.238619133170708
Maruti Suzuki,4,100000.0,Automatic,first,hybrid,450000,13.017005083966255
Hyundai,13,65000.0,Automatic,second,petrol,325000,12.691583538230217
Maruti Suzuki,0,30000.0,Automatic,first,hybrid,280000,12.54254845357358
Maruti Suzuki,17,102910.0,Automatic,second,petrol,74000,11.211833885608513
Jeep,6,75000.0,Automatic,second,petrol,1015000,13.830400155679214
Maruti Suzuki,4,60000.0,Manual,first,hybrid,335000,12.721888795877375
Hyundai,9,53000.0,Automatic,first,hybrid,429000,12.969214528909768
Toyota,0,500.0,Automatic,first,hybrid,12900000,16.372737946851277
Mahindra,15,98000.0,Manual,second,diesel,345000,12.75130259456002
Renault,11,120000.0,Manual,second,diesel,325000,12.691583538230217
Hyundai,15,80000.0,Manual,second,hybrid,165000,12.013706813470414
Maruti Suzuki,5,46000.0,Automatic,second,petrol,485000,13.091906231773164
Mahindra,3,66000.0,Manual,second,diesel,811111,13.60616142467221
Maruti Suzuki,14,155000.0,Automatic,second,hybrid,90000,11.407576060361786
Ford,3,50000.0,Automatic,second,diesel,4300000,15.274125813221904
Honda,14,69500.0,Automatic,second,hybrid,280000,12.54254845357358
Hyundai,6,180000.0,Manual,first,petrol,647000,13.380103119076898
Hyundai,17,52000.0,Manual,first,petrol,180000,12.100717685412471
Honda,7,50000.0,Automatic,second,petrol,635000,13.361381852676738
Maruti Suzuki,1,14000.0,Automatic,first,hybrid,2225000,14.615267923020578
Maruti Suzuki,10,26000.0,Automatic,first,petrol,375000,12.834683971615659
Hyundai,13,200000.0,Automatic,second,hybrid,151786,11.930233501277757
Ford,16,89000.0,Manual,second,hybrid,115000,11.652696102959753
Maruti Suzuki,5,68000.0,Manual,first,hybrid,490000,13.102162710901053
Skoda,14,125000.0,Automatic,second,petrol,319000,12.672949516558306
Mercedes-Benz,12,98000.0,Automatic,first,petrol,780000,13.567050480716235
Honda,7,69231.0,Automatic,second,petrol,550000,13.217675375388819
Maruti Suzuki,4,46000.0,Manual,second,petrol,450000,13.017005083966255
Tata,7,33616.0,Manual,second,petrol,590000,13.28787951079572
BMW,7,63400.0,Automatic,second,diesel,2050000,14.53335083891935
Maruti Suzuki,1,500.0,Manual,second,diesel,600000,13.304686600863562
Maruti Suzuki,6,107000.0,Automatic,first,hybrid,250000,12.429220196836383
Mahindra,8,57000.0,Automatic,second,diesel,625000,13.345508528717259
Maruti Suzuki,1,13500.0,Automatic,first,petrol,1350000,14.115615891155079
Hyundai,11,61000.0,Manual,first,petrol,310000,12.644330802262578
Maruti Suzuki,7,86000.0,Automatic,second,diesel,690000,13.444448325847754
Maruti Suzuki,12,252000.0,Automatic,first,hybrid,80000,11.289794413577894
Audi,11,65000.0,Automatic,second,diesel,950000,13.76421831620775
Maruti Suzuki,9,80000.0,Automatic,first,hybrid,330000,12.706850963741102
Fiat,11,140000.0,Manual,second,diesel,248000,12.421188057397055
Hyundai,2,60000.0,Automatic,second,hybrid,665000,13.407543823396258
Toyota,9,100000.0,Automatic,first,hybrid,625000,13.345508528717259
MG,4,27000.0,Automatic,first,petrol,2050000,14.53335083891935
Toyota,0,51000.0,Automatic,first,diesel,4750000,15.373655386537118
Renault,3,37000.0,Manual,second,hybrid,475000,13.07107218827772
Maruti Suzuki,8,68900.0,Manual,second,hybrid,289000,12.574185427296195
Honda,2,34000.0,Automatic,first,petrol,820000,13.617060838751888
Honda,5,24000.0,Automatic,second,petrol,675000,13.42246945133505
Volkswagen,1,25000.0,Manual,first,petrol,1295000,14.07402202531625
Hyundai,8,67750.0,Automatic,second,hybrid,260000,12.468440756144114
Maruti Suzuki,11,82000.0,Manual,second,hybrid,525000,13.171155446333852
Hummer,15,22000.0,Automatic,first,petrol,9800000,16.097893045681612
Mercedes-Benz,4,25000.0,Automatic,first,petrol,9500000,16.066802461833923
Maruti Suzuki,3,22.0,Automatic,first,hybrid,800000,13.592368256649284
Hyundai,6,120000.0,Automatic,second,hybrid,900000,13.710151153416941
Maruti Suzuki,6,88000.0,Manual,first,hybrid,410000,12.923914877701906
Honda,13,150000.0,Manual,second,hybrid,210000,12.25486757159303
Maruti Suzuki,6,75307.0,Manual,second,petrol,617000,13.332625923631754
Maruti Suzuki,9,71000.0,Manual,second,hybrid,320000,12.676079399771027
Hyundai,7,51000.0,Manual,second,petrol,250000,12.429220196836383
Honda,19,115000.0,Automatic,first,hybrid,140000,11.849404844423074
Chevrolet,16,49500.0,Manual,second,petrol,100000,11.51293546492023
Toyota,2,5000.0,Automatic,first,petrol,759000,13.539758373899955
Maruti Suzuki,2,22000.0,Automatic,second,hybrid,1890000,14.452087916136215
Maruti Suzuki,6,11314.0,Automatic,second,petrol,706000,13.467371932904971
Tata,11,85000.0,Manual,second,diesel,425000,12.959846800844963
Renault,7,31523.0,Manual,first,petrol,265000,12.487488878546145
Kia,3,30000.0,Automatic,first,diesel,1750000,14.375126917328105
Hyundai,8,89000.0,Automatic,second,hybrid,880000,13.68767832281738
Honda,7,88000.0,Manual,second,diesel,499000,13.120363378739663
Maruti Suzuki,0,2300.0,Manual,first,hybrid,650000,13.384729180332174
Maruti Suzuki,6,60000.0,Manual,second,hybrid,370000,12.821260987319457
Hyundai,7,90000.0,Automatic,second,hybrid,260000,12.468440756144114
Toyota,12,51000.0,Automatic,second,hybrid,675000,13.42246945133505
Tata,12,155000.0,Automatic,second,diesel,90000,11.407576060361786
Ford,9,55000.0,Manual,first,petrol,499000,13.120363378739663
Hyundai,10,43000.0,Manual,first,petrol,450000,13.017005083966255
Maruti Suzuki,7,31000.0,Manual,second,hybrid,400000,12.899222326086994
Hyundai,11,64205.0,Automatic,second,hybrid,249999,12.429216196844383
Maruti Suzuki,2,60000.0,Manual,first,hybrid,995000,13.81049902116535
Maruti Suzuki,5,68404.0,Automatic,second,petrol,415000,12.936036208848487
Kia,3,90300.0,Automatic,first,diesel,1350000,14.115615891155079
Maruti Suzuki,6,66722.0,Manual,second,diesel,590000,13.28787951079572
Maruti Suzuki,9,78000.0,Automatic,second,petrol,385000,12.861001210669146
Volkswagen,9,86000.0,Manual,second,diesel,365000,12.807655372286902
Hyundai,9,75000.0,Manual,first,petrol,330000,12.706850963741102
Maruti Suzuki,6,69433.0,Automatic,second,diesel,680000,13.429849547739444
Honda,17,84521.0,Automatic,second,hybrid,350006,12.7657084332656
Skoda,7,95000.0,Automatic,first,diesel,690000,13.444448325847754
Maruti Suzuki,11,65000.0,Automatic,second,hybrid,155000,11.951186847493476
Mahindra,5,115000.0,Manual,second,diesel,415000,12.936036208848487
Maruti Suzuki,12,112000.0,Automatic,second,diesel,210000,12.25486757159303
Toyota,6,78000.0,Automatic,second,diesel,2699000,14.808392262507668
Mercedes-Benz,12,137000.0,Automatic,second,diesel,980000,13.795308871054397
Chevrolet,14,65000.0,Manual,first,hybrid,125000,11.736077016252437
Hyundai,10,71000.0,Manual,second,diesel,390000,12.873904582205107
Tata,0,10500.0,Automatic,first,hybrid,735000,13.507627138738266
Honda,8,71000.0,Automatic,second,hybrid,658000,13.396961730063138
Maruti Suzuki,6,52000.0,Automatic,first,petrol,720000,13.487007879880162
Hyundai,14,63000.0,Manual,second,hybrid,180000,12.100717685412471
Maruti Suzuki,10,113000.0,Manual,first,hybrid,389000,12.871337193291367
Renault,6,85000.0,Manual,second,petrol,260000,12.468440756144114
Renault,7,58200.0,Automatic,first,diesel,825000,13.623139877437296
Nissan,10,32000.0,Manual,first,petrol,275000,12.524530013005734
Maruti Suzuki,2,8500.0,Manual,first,petrol,475000,13.07107218827772
Chevrolet,14,75000.0,Manual,second,hybrid,140000,11.849404844423074
Honda,7,58900.0,Automatic,first,petrol,690000,13.444448325847754
Honda,7,85000.0,Manual,first,petrol,630000,13.353476685668044
Maruti Suzuki,14,70000.0,Manual,first,petrol,210000,12.25486757159303
Mercedes-Benz,12,75000.0,Automatic,second,diesel,595000,13.296318365198623
Mercedes-Benz,9,46000.0,Automatic,first,diesel,2710999,14.812828128480803
Volkswagen,1,31403.0,Automatic,second,petrol,2800000,14.845130332288226
Hyundai,5,76000.0,Automatic,first,hybrid,895000,13.704580114574805
Maruti Suzuki,6,32393.0,Manual,first,hybrid,359000,12.791080452981857
Honda,11,89000.0,Manual,second,diesel,370000,12.821260987319457
Hyundai,5,21800.0,Automatic,first,hybrid,575000,13.26212705890841
Hyundai,7,70000.0,Manual,first,hybrid,735000,13.507627138738266
Renault,7,78000.0,Automatic,first,petrol,375000,12.834683971615659
MG,3,87000.0,Automatic,first,diesel,2275000,14.637491049927531
Maruti Suzuki,1,35000.0,Automatic,second,hybrid,675000,13.42246945133505
Toyota,7,62000.0,Manual,second,hybrid,378000,12.84265212010087
Hyundai,10,86130.0,Automatic,second,petrol,395000,12.886643575525625
Mahindra,14,187000.0,Manual,second,diesel,475000,13.07107218827772
Maruti Suzuki,7,79000.0,Manual,first,petrol,375000,12.834683971615659
Maruti Suzuki,4,71000.0,Manual,second,hybrid,485000,13.091906231773164
Mercedes-Benz,5,49000.0,Automatic,second,diesel,6800000,15.732433317205148
Toyota,12,70000.0,Manual,first,diesel,375000,12.834683971615659
Maruti Suzuki,9,49000.0,Manual,second,petrol,315000,12.660331092405906
Maruti Suzuki,5,41759.0,Manual,second,petrol,310000,12.644330802262578
Maruti Suzuki,13,58000.0,Manual,second,petrol,140000,11.849404844423074
Maruti Suzuki,7,75000.0,Manual,second,diesel,650000,13.384729180332174
Maruti Suzuki,9,80494.0,Manual,second,diesel,475000,13.07107218827772
Hyundai,8,76000.0,Manual,second,diesel,340000,12.73670383776449
Volkswagen,5,25000.0,Manual,second,petrol,590000,13.28787951079572
Maruti Suzuki,1,55000.0,Automatic,first,hybrid,1000000,13.815511557963774
Tata,2,43000.0,Manual,first,hybrid,695000,13.451668563394815
Kia,5,84000.0,Automatic,second,petrol,990000,13.805461232211272
Hyundai,15,73000.0,Automatic,second,hybrid,260000,12.468440756144114
Mahindra,9,93000.0,Manual,second,diesel,785000,13.573440270649085
Honda,5,81000.0,Manual,first,diesel,610000,13.321215875492413
Maruti Suzuki,5,82500.0,Automatic,second,petrol,580000,13.270785106659046
Mercedes-Benz,9,55368.0,Automatic,second,petrol,1599000,14.284889617206765
Maruti Suzuki,7,69000.0,Automatic,second,petrol,525000,13.171155446333852
Maruti Suzuki,5,55000.0,Manual,second,petrol,615000,13.329379172803593
Toyota,5,30000.0,Manual,second,hybrid,625000,13.345508528717259
Hyundai,11,103000.0,Manual,second,diesel,525000,13.171155446333852
Tata,0,6300.0,Manual,first,hybrid,765000,13.547632419997361
Hyundai,9,51000.0,Automatic,second,petrol,434999,12.983101310070822
Renault,2,21000.0,Manual,first,petrol,395000,12.886643575525625
Tata,8,157000.0,Automatic,second,diesel,290000,12.577639650232573
Hyundai,5,20000.0,Automatic,first,petrol,450000,13.017005083966255
Tata,6,53550.0,Automatic,first,hybrid,450000,13.017005083966255
Maruti Suzuki,19,91000.0,Manual,second,petrol,60000,11.002116507732017
Hyundai,10,89000.0,Manual,second,petrol,355555,12.781438040432954
Mercedes-Benz,5,62500.0,Automatic,second,petrol,5499999,15.520258650202699
Maruti Suzuki,8,62000.0,Automatic,second,hybrid,465000,13.049794835104816
Maruti Suzuki,8,72000.0,Manual,first,hybrid,445000,13.005831808336863
Hyundai,4,62000.0,Manual,first,diesel,875000,13.681980308196241
Tata,3,18200.0,Automatic,first,petrol,649000,13.38318953651709
Hyundai,5,87000.0,Manual,first,hybrid,531000,13.182519183461475
Tata,10,70000.0,Manual,second,petrol,85000,11.350418300109132
Maruti Suzuki,8,65000.0,Manual,first,hybrid,260000,12.468440756144114
Volkswagen,0,3500.0,Automatic,first,petrol,1500000,14.220976332738882
Tata,5,56000.0,Automatic,second,petrol,525000,13.171155446333852
Maruti Suzuki,1,35000.0,Manual,first,hybrid,1100000,13.910821646859095
Maruti Suzuki,8,107000.0,Manual,second,hybrid,350000,12.765691290604371
Maruti Suzuki,5,246000.0,Automatic,first,hybrid,360000,12.793862088206213
Honda,5,40000.0,Automatic,second,petrol,1450000,14.187074804051692
Volkswagen,11,97000.0,Automatic,first,petrol,495000,13.112315061750808
Volkswagen,10,99000.0,Manual,first,diesel,450000,13.017005083966255
Hyundai,11,75000.0,Automatic,second,hybrid,352000,12.77138929548529
Mahindra,12,100000.0,Automatic,second,diesel,260000,12.468440756144114
Toyota,9,104000.0,Automatic,second,hybrid,595000,13.296318365198623
Hyundai,3,68000.0,Manual,second,hybrid,599000,13.303018546545275
Hyundai,10,79000.0,Automatic,second,petrol,335000,12.721888795877375
Honda,9,125000.0,Manual,first,diesel,650000,13.384729180332174
Maruti Suzuki,11,82000.0,Manual,second,hybrid,510000,13.1421679654829
Maruti Suzuki,8,75000.0,Manual,second,petrol,280000,12.54254845357358
Datsun,6,170000.0,Automatic,first,petrol,325000,12.691583538230217
Tata,12,105000.0,Manual,second,petrol,50000,10.819798284210286
Maruti Suzuki,24,100000.0,Manual,second,petrol,70000,11.156264806643742
Maruti Suzuki,7,30000.0,Manual,first,petrol,375000,12.834683971615659
Toyota,16,92000.0,Manual,second,hybrid,210000,12.25486757159303
Maruti Suzuki,0,40200.0,Manual,first,hybrid,640000,13.369225017834633
Maruti Suzuki,4,86000.0,Automatic,second,hybrid,550000,13.217675375388819
Hyundai,9,70000.0,Manual,second,petrol,230000,12.345838935721968
Maruti Suzuki,8,300000.0,Manual,first,hybrid,190000,12.154784614286667
Maruti Suzuki,7,87000.0,Automatic,first,petrol,480000,13.081543466215237
Hyundai,8,300000.0,Manual,second,hybrid,180000,12.100717685412471
Maruti Suzuki,6,75000.0,Manual,second,diesel,511000,13.144126826131089
Maruti Suzuki,9,49000.0,Automatic,first,petrol,400000,12.899222326086994
Maruti Suzuki,1,47000.0,Automatic,first,hybrid,160000,11.982935344196433
Honda,9,75000.0,Manual,first,diesel,523000,13.167338655091122
Hyundai,11,44000.0,Automatic,second,hybrid,350000,12.765691290604371
Toyota,6,110000.0,Automatic,second,diesel,1265000,14.05058347065728
Audi,10,50000.0,Automatic,second,diesel,1100000,13.910821646859095
Hyundai,1,28000.0,Manual,first,petrol,950000,13.76421831620775
Datsun,7,26000.0,Manual,second,petrol,275000,12.524530013005734
Toyota,1,8200.0,Automatic,first,hybrid,2350000,14.669926311652166
Skoda,12,78000.0,Manual,second,diesel,285000,12.560247968016562
Maruti Suzuki,6,73000.0,Automatic,first,diesel,700000,13.45883704259595
Mahindra,10,10.0,Automatic,second,diesel,360000,12.793862088206213
Honda,5,86000.0,Manual,first,hybrid,750000,13.527829818844937
Maruti Suzuki,8,79000.0,Manual,second,hybrid,385000,12.861001210669146
Hyundai,8,39000.0,Automatic,first,petrol,470000,13.060490101343552
Toyota,19,65000.0,Automatic,second,hybrid,155000,11.951186847493476
Hyundai,19,50000.0,Automatic,second,hybrid,210000,12.25486757159303
BMW,7,300000.0,Automatic,second,diesel,2650000,14.790070575320824
Maruti Suzuki,6,62000.0,Manual,first,hybrid,525000,13.171155446333852
Maruti Suzuki,14,240000.0,Manual,second,diesel,225000,12.323860125621126
Maruti Suzuki,11,97834.0,Manual,second,petrol,380000,12.847929163278053
Honda,5,54057.0,Automatic,second,hybrid,925000,13.73755009757506
Honda,14,100000.0,Automatic,second,hybrid,180000,12.100717685412471
Honda,8,60000.0,Manual,first,hybrid,375000,12.834683971615659
Maruti Suzuki,14,59000.0,Manual,first,petrol,265000,12.487488878546145
Mercedes-Benz,9,35000.0,Automatic,second,petrol,870000,13.676249640055394
Hyundai,12,53000.0,Manual,second,hybrid,170000,12.04355959836804
Hyundai,8,90000.0,Manual,second,hybrid,440000,12.994532278619134
Hyundai,9,53000.0,Automatic,first,hybrid,429000,12.969214528909768
Mercedes-Benz,8,83000.0,Automatic,second,diesel,1875000,14.444119750719839
Mahindra,3,74250.0,Manual,first,diesel,751111,13.52931005411418
Hyundai,3,32780.0,Automatic,first,petrol,1125000,13.933294482509151
Honda,9,58000.0,Automatic,second,hybrid,500000,13.122365377402328
Kia,1,37000.0,Automatic,first,diesel,1950000,14.48334044336031
Maruti Suzuki,11,100000.0,Manual,second,hybrid,215000,12.278397958261774
Maruti Suzuki,5,84999.0,Manual,second,hybrid,445000,13.005831808336863
Maruti Suzuki,3,42000.0,Automatic,first,petrol,1125000,13.933294482509151
Honda,6,56000.0,Manual,first,hybrid,651000,13.386266457287837
Maruti Suzuki,9,68000.0,Manual,second,hybrid,271000,12.509877789891931
Maruti Suzuki,6,300000.0,Automatic,first,hybrid,258000,12.460718739865236
Honda,9,129000.0,Manual,second,diesel,380000,12.847929163278053
Maruti Suzuki,3,13562.0,Automatic,first,petrol,1435000,14.176676104039727
Hyundai,12,64000.0,Automatic,second,petrol,235000,12.367345048436391
Isuzu,6,77000.0,Automatic,first,diesel,1650000,14.316286451937186
BMW,2,22000.0,Automatic,first,petrol,7875000,15.87920386966009
Mercedes-Benz,5,39000.0,Automatic,first,diesel,4350000,15.285686632949897
BMW,10,90000.0,Automatic,second,diesel,15000,9.61587214452889
Ford,10,66000.0,Manual,second,petrol,218000,12.292254928916668
Skoda,6,111000.0,Automatic,first,diesel,2100000,14.557448378884015
Honda,6,93000.0,Automatic,first,hybrid,535000,13.190023895035274
Fiat,10,90000.0,Manual,first,hybrid,250000,12.429220196836383
Ford,6,42000.0,Manual,second,petrol,380000,12.847929163278053
Maruti Suzuki,12,150000.0,Manual,second,hybrid,199999,12.206072645530174
Mercedes-Benz,8,71000.0,Automatic,second,diesel,1375000,14.13396501635527
Hyundai,7,46000.0,Automatic,first,petrol,465000,13.049794835104816
Maruti Suzuki,5,68000.0,Manual,second,hybrid,450000,13.017005083966255
Volkswagen,4,39000.0,Manual,first,hybrid,550000,13.217675375388819
Hyundai,8,87000.0,Automatic,second,hybrid,260000,12.468440756144114
Hyundai,12,69000.0,Manual,first,hybrid,211000,12.259618151783465
Maruti Suzuki,9,69000.0,Manual,second,hybrid,349000,12.762830066509972
Maruti Suzuki,5,89000.0,Manual,second,diesel,575000,13.26212705890841
Mahindra,5,65000.0,Manual,second,diesel,930000,13.742940940397677
Porsche,2,9000.0,Automatic,first,petrol,14900000,16.51687183802978
Maruti Suzuki,11,85000.0,Manual,second,petrol,365000,12.807655372286902
BMW,2,6000.0,Automatic,first,petrol,5500000,15.520258832020865
Hyundai,11,70500.0,Manual,second,petrol,229000,12.34148164933907
Maruti Suzuki,5,38516.0,Automatic,second,petrol,896000,13.705696808027874
BMW,2,36000.0,Automatic,first,diesel,10700000,16.185754392890075
Tata,2,44000.0,Automatic,first,diesel,1875000,14.444119750719839
Jeep,5,113000.0,Automatic,first,diesel,1525000,14.23750562376114
Maruti Suzuki,7,97000.0,Manual,second,diesel,750000,13.527829818844937
Maruti Suzuki,21,55000.0,Manual,second,petrol,99000,11.502885230075814
Hyundai,1,40000.0,Automatic,second,hybrid,180000,12.100717685412471
Jaguar,5,48000.0,Automatic,second,diesel,4490000,15.317363482435562
Maruti Suzuki,3,55650.0,Manual,second,hybrid,180000,12.100717685412471
Maruti Suzuki,9,90000.0,Manual,second,diesel,220000,12.301387370778713
Volkswagen,4,62800.0,Automatic,first,petrol,685000,13.437175577097312
Honda,14,118000.0,Manual,second,petrol,265000,12.487488878546145
Maruti Suzuki,16,170000.0,Manual,second,diesel,205000,12.230770136157428
Hyundai,8,49000.0,Automatic,second,hybrid,255000,12.449022745701502
Mahindra,8,90000.0,Manual,second,diesel,750000,13.527829818844937
Maruti Suzuki,0,12452.0,Automatic,first,hybrid,1350000,14.115615891155079
Skoda,11,135000.0,Automatic,second,hybrid,300000,12.611541086966115
Ford,9,69000.0,Automatic,first,petrol,395000,12.886643575525625
Skoda,1,21000.0,Manual,first,petrol,991000,13.80647082239335
Hyundai,5,27000.0,Manual,second,petrol,850000,13.652992804936396
Maruti Suzuki,12,91000.0,Manual,second,petrol,285000,12.560247968016562
Hyundai,6,73000.0,Automatic,first,diesel,800000,13.592368256649284
Maruti Suzuki,5,33232.0,Manual,first,hybrid,475000,13.07107218827772
Toyota,5,50125.0,Automatic,first,petrol,650000,13.384729180332174
Mahindra,16,48000.0,Manual,first,petrol,125000,11.736077016252437
Maruti Suzuki,6,59000.0,Manual,second,diesel,679000,13.428377879293798
Maruti Suzuki,0,4200.0,Automatic,first,hybrid,600000,13.304686600863562
Maruti Suzuki,2,30.0,Manual,first,hybrid,820000,13.617060838751888
Mahindra,2,20000.0,Automatic,second,diesel,1665000,14.325336281997101
Maruti Suzuki,14,86000.0,Manual,second,diesel,270000,12.506180941677357
Maruti Suzuki,4,200000.0,Manual,second,hybrid,235000,12.367345048436391
Volkswagen,13,107000.0,Manual,second,diesel,215000,12.278397958261774
Maruti Suzuki,9,52000.0,Manual,second,petrol,255000,12.449022745701502
Maruti Suzuki,4,80000.0,Manual,first,hybrid,530000,13.180634172318978
Volkswagen,5,78000.0,Automatic,first,diesel,850000,13.652992804936396
Hyundai,19,97000.0,Automatic,second,hybrid,280000,12.54254845357358
Maruti Suzuki,8,72000.0,Manual,first,hybrid,430000,12.971542813248437
Maruti Suzuki,10,77000.0,Manual,first,petrol,242000,12.396697137361691
Honda,12,60000.0,Automatic,second,hybrid,321000,12.679199517372098
Maruti Suzuki,11,62000.0,Manual,second,hybrid,248000,12.421188057397055
Honda,16,99800.0,Automatic,second,hybrid,321000,12.679199517372098
Mercedes-Benz,11,59000.0,Automatic,first,diesel,1150000,13.955273369904273
Honda,14,69.0,Automatic,second,hybrid,199999,12.206072645530174
Hyundai,14,80000.0,Automatic,second,hybrid,95000,11.461642696843066
Mercedes-Benz,8,252000.0,Automatic,first,diesel,3700000,15.123843647884687
Maruti Suzuki,10,112423.0,Automatic,second,petrol,350000,12.765691290604371
Maruti Suzuki,4,50000.0,Automatic,second,petrol,475000,13.07107218827772
Tata,3,64000.0,Automatic,second,petrol,499000,13.120363378739663
Hyundai,13,80000.0,Manual,second,petrol,355000,12.779875885354993
Hyundai,12,64000.0,Manual,second,hybrid,170000,12.04355959836804
Maruti Suzuki,5,126000.0,Manual,first,hybrid,750000,13.527829818844937
Mahindra,12,94000.0,Manual,second,diesel,400000,12.899222326086994
Maruti Suzuki,14,75000.0,Manual,second,hybrid,80000,11.289794413577894
Honda,9,69000.0,Manual,second,diesel,625000,13.345508528717259
Maruti Suzuki,8,75000.0,Automatic,second,hybrid,435000,12.983103608918753
Maruti Suzuki,6,68650.0,Automatic,first,hybrid,650000,13.384729180332174
Mahindra,5,60000.0,Manual,first,diesel,1000000,13.815511557963774
Maruti Suzuki,6,7000.0,Manual,first,hybrid,395000,12.886643575525625
Maruti Suzuki,7,76391.0,Manual,first,hybrid,497000,13.116347317149176
Honda,11,85000.0,Automatic,second,hybrid,451000,13.019224835777257
Maruti Suzuki,12,110000.0,Automatic,second,hybrid,170000,12.04355959836804
Toyota,6,25000.0,Automatic,first,petrol,2349999,14.669925886120343
Maruti Suzuki,11,61060.0,Manual,first,hybrid,185000,12.128116509451258
Volkswagen,8,86000.0,Automatic,second,diesel,610000,13.321215875492413
Audi,1,35000.0,Automatic,first,petrol,4900000,15.404745967162468
Ford,8,37500.0,Manual,second,petrol,350000,12.765691290604371
Toyota,8,79000.0,Automatic,second,petrol,1290000,14.070153551531353
Tata,7,87000.0,Automatic,second,hybrid,310000,12.644330802262578
Mahindra,5,72000.0,Manual,first,diesel,850000,13.652992804936396
Honda,6,61000.0,Manual,first,hybrid,750000,13.527829818844937
Ford,11,45200.0,Manual,second,petrol,421000,12.95039048795861
Mercedes-Benz,7,60000.0,Automatic,second,diesel,4390000,15.29484001284176
Maruti Suzuki,7,86500.0,Automatic,first,hybrid,240000,12.388398368982115
Maruti Suzuki,6,65000.0,Manual,first,hybrid,460000,13.038983942375959
Maruti Suzuki,12,100000.0,Manual,second,hybrid,90000,11.407576060361786
Mercedes-Benz,9,77000.0,Automatic,second,diesel,2250000,14.626441218624949
Maruti Suzuki,8,36000.0,Manual,first,petrol,285000,12.560247968016562
Skoda,13,63000.0,Automatic,second,diesel,399999,12.89921982609012
Hyundai,7,54640.0,Automatic,first,petrol,540000,13.199326270390594
Toyota,9,62000.0,Manual,first,hybrid,385000,12.861001210669146
Mercedes-Benz,2,12000.0,Automatic,first,diesel,5100000,15.444751293772967
Mercedes-Benz,14,42543.0,Automatic,first,petrol,340000,12.73670383776449
Maruti Suzuki,2,9000.0,Manual,first,hybrid,570000,13.25339339419516
Maruti Suzuki,4,57000.0,Manual,second,hybrid,560000,13.235693848424024
Maruti Suzuki,0,1100.0,Manual,first,hybrid,1325000,14.096923772119156
BMW,3,80000.0,Automatic,second,diesel,3700000,15.123843647884687
Maruti Suzuki,8,68000.0,Manual,first,petrol,435000,12.983103608918753
Maruti Suzuki,5,41000.0,Automatic,first,hybrid,511000,13.144126826131089
Maruti Suzuki,7,49136.0,Manual,second,petrol,425000,12.959846800844963
Hyundai,11,89000.0,Manual,first,hybrid,285000,12.560247968016562
Porsche,9,16000.0,Automatic,second,petrol,7500000,15.830413711839864
Ford,7,119000.0,Automatic,second,diesel,2699999,14.808762330974558
Maruti Suzuki,6,92200.0,Automatic,second,hybrid,625000,13.345508528717259
Maruti Suzuki,7,51000.0,Automatic,second,petrol,460000,13.038983942375959
BMW,5,45000.0,Automatic,second,diesel,4350000,15.285686632949897
Maruti Suzuki,4,103000.0,Automatic,second,diesel,720000,13.487007879880162
Maruti Suzuki,5,51000.0,Manual,first,petrol,430000,12.971542813248437
Maruti Suzuki,21,58000.0,Manual,second,hybrid,69999,11.156250521031495
Maruti Suzuki,4,85000.0,Manual,first,petrol,925000,13.73755009757506
Ford,4,39000.0,Automatic,first,hybrid,925000,13.73755009757506
Hyundai,9,76000.0,Manual,second,hybrid,790900,13.58092808088906
Tata,7,69000.0,Manual,first,hybrid,360000,12.793862088206213
Maruti Suzuki,11,39000.0,Manual,second,hybrid,259000,12.464587201678082
Land Rover,5,16000.0,Automatic,first,petrol,12000000,16.300417291085605
Mahindra,3,57000.0,Automatic,first,petrol,1175000,13.976779556623864
Toyota,9,86000.0,Automatic,second,diesel,1450000,14.187074804051692
Hyundai,3,60000.0,Manual,first,petrol,650000,13.384729180332174
Tata,9,16000.0,Automatic,first,petrol,275000,12.524530013005734
Toyota,6,160000.0,Manual,second,diesel,2350000,14.669926311652166
BMW,11,33000.0,Automatic,second,diesel,795000,13.586098651497313
Toyota,9,160000.0,Manual,second,diesel,775000,13.560619598657233
Hyundai,4,37115.0,Manual,second,petrol,535000,13.190023895035274
BMW,9,78000.0,Automatic,second,diesel,1050000,13.864301674514206
Toyota,13,75000.0,Manual,second,diesel,1130000,13.937729075643883
Maruti Suzuki,5,102000.0,Manual,second,diesel,849999,13.652991628466498
Toyota,7,89000.0,Automatic,second,diesel,1850000,14.430696737594902
Maruti Suzuki,8,20819.0,Automatic,first,petrol,419000,12.945628585536271
Maruti Suzuki,9,38000.0,Manual,second,petrol,365000,12.807655372286902
Maruti Suzuki,15,55000.0,Manual,second,petrol,235000,12.367345048436391
Maruti Suzuki,6,38000.0,Automatic,first,petrol,460000,13.038983942375959
Mitsubishi,14,72000.0,Automatic,second,petrol,370000,12.821260987319457
Maruti Suzuki,7,29.0,Automatic,first,hybrid,310000,12.644330802262578
Hyundai,19,130000.0,Manual,second,petrol,125000,11.736077016252437
Audi,9,78000.0,Automatic,second,diesel,1450000,14.187074804051692
Kia,3,20200.0,Automatic,first,petrol,995000,13.81049902116535
Volkswagen,6,56000.0,Automatic,second,petrol,810000,13.60479076121576
Maruti Suzuki,5,67000.0,Manual,first,hybrid,299999,12.611537753638338
Hyundai,11,57000.0,Manual,second,petrol,199999,12.206072645530174
Land Rover,6,60000.0,Automatic,first,diesel,8500000,15.955576839107596
Jeep,7,62000.0,Automatic,first,petrol,1000000,13.815511557963774
Maruti Suzuki,6,58688.0,Automatic,first,hybrid,650000,13.384729180332174
Honda,5,72000.0,Manual,first,hybrid,451000,13.019224835777257
Maruti Suzuki,3,13000.0,Automatic,first,petrol,900000,13.710151153416941
Hyundai,2,30000.0,Manual,first,petrol,800000,13.592368256649284
Maruti Suzuki,14,96000.0,Automatic,second,hybrid,85000,11.350418300109132
Honda,10,100000.0,Automatic,second,hybrid,490000,13.102162710901053
Mercedes-Benz,12,45000.0,Automatic,second,petrol,925000,13.73755009757506
Maruti Suzuki,1,40000.0,Automatic,first,hybrid,750000,13.527829818844937
Volkswagen,8,37000.0,Automatic,second,petrol,625000,13.345508528717259
Maruti Suzuki,7,55000.0,Automatic,second,hybrid,399990,12.89919732583699
Tata,6,98000.0,Automatic,first,diesel,799000,13.591117476312084
Mercedes-Benz,14,25000.0,Automatic,second,petrol,899000,13.70903942580019
Maruti Suzuki,6,71000.0,Automatic,second,hybrid,395000,12.886643575525625
Hyundai,9,100900.0,Automatic,second,diesel,695000,13.451668563394815
Maruti Suzuki,0,200.0,Automatic,first,hybrid,50000,10.819798284210286
Maruti Suzuki,6,80000.0,Manual,second,hybrid,315000,12.660331092405906
Nissan,11,51000.0,Manual,second,petrol,339000,12.733758336210744
Mercedes-Benz,10,89000.0,Automatic,first,diesel,1350000,14.115615891155079
Tata,3,19925.0,Automatic,first,hybrid,799999,13.592367006650065
Maruti Suzuki,14,112131.0,Manual,first,hybrid,185000,12.128116509451258
Maruti Suzuki,6,46000.0,Automatic,first,petrol,595000,13.296318365198623
Maruti Suzuki,4,120000.0,Automatic,second,hybrid,100000,11.51293546492023
Volkswagen,13,65000.0,Automatic,second,diesel,340000,12.73670383776449
Maruti Suzuki,6,60000.0,Manual,second,hybrid,320000,12.676079399771027
MG,1,35000.0,Automatic,first,petrol,1975000,14.496079462646344
Hyundai,7,78000.0,Automatic,second,petrol,890000,13.698977865303197
Hyundai,15,90000.0,Manual,second,hybrid,100000,11.51293546492023
Honda,9,86373.0,Automatic,second,hybrid,435000,12.983103608918753
Tata,2,9000.0,Manual,first,petrol,1200000,13.997832948091215
Volkswagen,14,65000.0,Manual,second,hybrid,189999,12.154779351142624
Toyota,1,10000.0,Automatic,first,diesel,4390000,15.29484001284176
Maruti Suzuki,14,74000.0,Manual,first,hybrid,140000,11.849404844423074
Maruti Suzuki,13,100000.0,Manual,second,diesel,335000,12.721888795877375
Hyundai,4,45000.0,Automatic,first,hybrid,1050000,13.864301674514206
Ford,6,67277.0,Automatic,second,hybrid,800000,13.592368256649284
Ford,7,130000.0,Automatic,first,hybrid,550000,13.217675375388819
Ford,6,61000.0,Automatic,first,hybrid,725000,13.493928313146206
Honda,11,110123.0,Automatic,second,petrol,490000,13.102162710901053
Maruti Suzuki,7,59860.0,Manual,second,hybrid,675000,13.42246945133505
Hyundai,6,79000.0,Automatic,second,hybrid,600000,13.304686600863562
Maruti Suzuki,5,61000.0,Automatic,first,hybrid,400000,12.899222326086994
Mahindra,11,90000.0,Manual,first,diesel,340000,12.73670383776449
Skoda,8,74000.0,Automatic,second,petrol,1300000,14.077875591662238
Ssangyong,10,94000.0,Automatic,second,diesel,490000,13.102162710901053
Maruti Suzuki,6,61387.0,Automatic,first,petrol,650000,13.384729180332174
Maruti Suzuki,5,60000.0,Automatic,first,petrol,590000,13.28787951079572
Nissan,5,50000.0,Automatic,second,petrol,495000,13.112315061750808
Renault,12,85000.0,Automatic,first,hybrid,259000,12.464587201678082
Hyundai,9,74230.0,Manual,second,diesel,375000,12.834683971615659
Honda,3,25000.0,Automatic,second,petrol,1125000,13.933294482509151
Maruti Suzuki,19,80000.0,Manual,second,petrol,35000,10.463131911491967
Toyota,15,75000.0,Manual,second,hybrid,235000,12.367345048436391
Chevrolet,11,85000.0,Manual,second,hybrid,310000,12.644330802262578
Maruti Suzuki,1,45000.0,Manual,first,hybrid,320000,12.676079399771027
Audi,8,78522.0,Automatic,first,diesel,1799999,14.403297222866392
Skoda,9,52000.0,Automatic,second,petrol,375000,12.834683971615659
Maruti Suzuki,11,95000.0,Manual,first,petrol,299000,12.608202196848836
Hyundai,2,28000.0,Manual,first,hybrid,595000,13.296318365198623
Toyota,15,201000.0,Manual,second,diesel,850000,13.652992804936396
Toyota,9,84498.0,Manual,second,petrol,515000,13.151924121391561
Maruti Suzuki,14,85000.0,Manual,second,hybrid,180000,12.100717685412471
Toyota,9,175000.0,Automatic,second,diesel,850000,13.652992804936396
Maruti Suzuki,8,83000.0,Automatic,first,petrol,460000,13.038983942375959
Maruti Suzuki,6,130000.0,Automatic,second,petrol,635000,13.361381852676738
Mercedes-Benz,11,99500.0,Automatic,second,diesel,1550000,14.253766134056512
Audi,13,124000.0,Automatic,second,diesel,800000,13.592368256649284
Maruti Suzuki,13,50000.0,Automatic,second,hybrid,145000,11.884495917930655
Maruti Suzuki,14,45000.0,Manual,second,petrol,125786,11.742345279275922
Toyota,8,80000.0,Manual,second,hybrid,650000,13.384729180332174
Maruti Suzuki,13,108000.0,Manual,second,hybrid,130000,11.775297421715827
Maruti Suzuki,8,10000.0,Automatic,first,hybrid,260000,12.468440756144114
Mahindra,5,29000.0,Manual,second,diesel,1150000,13.955273369904273
Hyundai,15,100000.0,Manual,second,hybrid,175000,12.07254696717504
Hyundai,0,11000.0,Automatic,first,petrol,1600000,14.285514812209815
Maruti Suzuki,7,45000.0,Automatic,first,petrol,565000,13.244582780038517
Maruti Suzuki,4,28000.0,Automatic,first,hybrid,725000,13.493928313146206
Ford,8,105000.0,Automatic,second,diesel,1850000,14.430696737594902
Tata,3,49900.0,Automatic,second,diesel,1990000,14.503645699213111
Volkswagen,3,38000.0,Automatic,second,petrol,1060000,13.87378040948403
Mahindra,12,120000.0,Automatic,second,diesel,310000,12.644330802262578
Maruti Suzuki,10,28.0,Automatic,first,hybrid,300000,12.611541086966115
Maruti Suzuki,7,300000.0,Manual,first,petrol,360000,12.793862088206213
Maruti Suzuki,5,140.0,Automatic,second,hybrid,320000,12.676079399771027
Hyundai,7,100000.0,Manual,second,hybrid,240000,12.388398368982115
Hyundai,2,68000.0,Manual,first,hybrid,790000,13.579789490265188
Audi,11,87000.0,Automatic,first,diesel,1190000,13.989464705423494
Hyundai,3,55000.0,Manual,first,petrol,625000,13.345508528717259
Hyundai,15,20000.0,Automatic,second,hybrid,85000,11.350418300109132
Honda,7,67000.0,Manual,first,petrol,625000,13.345508528717259
Maruti Suzuki,8,75000.0,Manual,second,diesel,525000,13.171155446333852
Renault,6,55000.0,Manual,second,petrol,325000,12.691583538230217
Honda,14,95000.0,Manual,second,petrol,159999,11.982929094215963
Maruti Suzuki,10,70147.0,Manual,second,hybrid,210000,12.25486757159303
Tata,8,62000.0,Manual,first,petrol,365000,12.807655372286902
Hyundai,7,47000.0,Automatic,second,petrol,1500000,14.220976332738882
Maruti Suzuki,7,61109.0,Automatic,second,hybrid,450000,13.017005083966255
Toyota,10,245822.0,Manual,second,diesel,1135000,13.942144089954521
Maruti Suzuki,14,143000.0,Manual,second,petrol,135000,11.813037464800539
Maruti Suzuki,5,110000.0,Automatic,first,hybrid,280000,12.54254845357358
Hyundai,9,75000.0,Manual,second,diesel,661000,13.401510631691982
Hyundai,6,32000.0,Automatic,second,petrol,430000,12.971542813248437
Hyundai,10,52000.0,Automatic,first,hybrid,435000,12.983103608918753
Hyundai,7,89000.0,Automatic,first,petrol,800000,13.592368256649284
Mahindra,6,83000.0,Automatic,first,diesel,850000,13.652992804936396
Hyundai,10,50680.0,Manual,first,diesel,426600,12.963604429132907
Maruti Suzuki,3,40000.0,Manual,first,hybrid,550000,13.217675375388819
Honda,6,52000.0,Automatic,second,hybrid,590000,13.28787951079572
Jaguar,6,43000.0,Automatic,first,diesel,4100000,15.226497775576945
Volkswagen,8,78000.0,Automatic,first,petrol,528000,13.176853456625999
Maruti Suzuki,4,150000.0,Manual,first,hybrid,400000,12.899222326086994
Ford,7,8000.0,Automatic,first,petrol,8490000,15.954399676073153
Audi,11,44699.0,Automatic,second,diesel,829000,13.627976640389322
Maruti Suzuki,8,51000.0,Manual,second,hybrid,395000,12.886643575525625
Hyundai,3,22000.0,Manual,second,petrol,560000,13.235693848424024
Nissan,10,26300.0,Manual,second,petrol,192000,12.165255859329688
Maruti Suzuki,6,45000.0,Automatic,first,petrol,585000,13.279368835614243
Maruti Suzuki,1,51000.0,Manual,first,hybrid,770000,13.554147092530322
Tata,13,50000.0,Manual,second,petrol,150000,11.918397239722838
Honda,12,29000.0,Manual,second,petrol,160000,11.982935344196433
Maruti Suzuki,3,55000.0,Manual,first,petrol,830000,13.629182184591333
Hyundai,11,65000.0,Automatic,second,hybrid,250000,12.429220196836383
Maruti Suzuki,5,45000.0,Manual,first,hybrid,365000,12.807655372286902
Volkswagen,11,68000.0,Automatic,first,petrol,450000,13.017005083966255
Maruti Suzuki,12,90000.0,Automatic,second,diesel,140000,11.849404844423074
Hyundai,6,67000.0,Manual,first,hybrid,511000,13.144126826131089
Maruti Suzuki,16,75000.0,Automatic,first,hybrid,100000,11.51293546492023
Maruti Suzuki,4,95000.0,Automatic,first,hybrid,640000,13.369225017834633
Hyundai,16,89000.0,Manual,second,petrol,185000,12.128116509451258
Volkswagen,6,116000.0,Automatic,first,diesel,1850000,14.430696737594902
Maruti Suzuki,3,22949.0,Automatic,second,petrol,666800,13.410246929557712
Hyundai,7,63000.0,Manual,first,petrol,490000,13.102162710901053
Audi,10,103232.0,Automatic,second,diesel,1725000,14.360738188157574
Maruti Suzuki,14,20000.0,Automatic,second,hybrid,50000,10.819798284210286
Maruti Suzuki,17,165320.0,Manual,second,diesel,235000,12.367345048436391
Datsun,7,60000.0,Automatic,first,hybrid,215000,12.278397958261774
Tata,5,66810.0,Automatic,second,petrol,460000,13.038983942375959
Ford,5,160000.0,Automatic,second,diesel,3200000,14.978661680269907
Maruti Suzuki,11,79000.0,Manual,second,hybrid,235000,12.367345048436391
Nissan,13,88000.0,Automatic,second,hybrid,335000,12.721888795877375
Maruti Suzuki,6,60000.0,Manual,second,petrol,525000,13.171155446333852
Honda,15,85000.0,Automatic,second,hybrid,150000,11.918397239722838
Maruti Suzuki,7,68000.0,Manual,first,hybrid,335000,12.721888795877375
Volkswagen,8,83000.0,Automatic,first,petrol,675000,13.42246945133505
Maruti Suzuki,11,75000.0,Automatic,second,hybrid,500000,13.122365377402328
Tata,6,36.0,Automatic,second,petrol,249000,12.425212191503038
Hyundai,14,57000.0,Automatic,second,hybrid,145000,11.884495917930655
BMW,11,70000.0,Automatic,second,petrol,625000,13.345508528717259
Maruti Suzuki,12,40000.0,Automatic,second,hybrid,195000,12.180759965737863
Maruti Suzuki,3,58060.0,Manual,first,hybrid,555000,13.22672519452875
Maruti Suzuki,13,89000.0,Automatic,second,hybrid,230000,12.345838935721968
Mercedes-Benz,6,116000.0,Automatic,second,diesel,2700000,14.80876270134486
Maruti Suzuki,10,95000.0,Manual,second,hybrid,420000,12.948012371209098
Mercedes-Benz,4,54000.0,Automatic,second,petrol,5400000,15.501909696719672
Mahindra,12,142000.0,Manual,second,diesel,570000,13.25339339419516
Maruti Suzuki,20,59000.0,Manual,second,petrol,169999,12.043553716032399
Maruti Suzuki,8,92000.0,Automatic,second,diesel,599999,13.304684934198283
Hyundai,14,60000.0,Manual,second,petrol,110000,11.608244735642321
Audi,10,85000.0,Automatic,first,diesel,1650000,14.316286451937186
Hyundai,5,50000.0,Automatic,first,petrol,1149000,13.954403427152533
Maruti Suzuki,8,65000.0,Automatic,second,hybrid,365000,12.807655372286902
Maruti Suzuki,4,42504.0,Manual,first,hybrid,1024999,13.840203170554645
Maruti Suzuki,3,12.0,Automatic,first,hybrid,18000,9.798182590890704
Ford,7,65045.0,Manual,first,petrol,447000,13.010316110729669
Audi,11,75000.0,Automatic,second,diesel,899999,13.710150042306449
Volkswagen,5,40000.0,Automatic,second,petrol,1000000,13.815511557963774
Volkswagen,12,89000.0,Manual,second,diesel,295000,12.59473402514672
Maruti Suzuki,14,84000.0,Manual,second,petrol,160000,11.982935344196433
Maruti Suzuki,5,82000.0,Automatic,first,hybrid,385000,12.861001210669146
Hyundai,6,47000.0,Automatic,second,petrol,590000,13.28787951079572
Kia,3,65000.0,Automatic,first,diesel,2975000,14.905754933096265
Toyota,1,69000.0,Automatic,first,petrol,3390000,15.03634077434184
Maruti Suzuki,7,82000.0,Automatic,second,hybrid,385000,12.861001210669146
Maruti Suzuki,8,82000.0,Manual,second,hybrid,685000,13.437175577097312
Maruti Suzuki,4,200000.0,Manual,first,hybrid,310000,12.644330802262578
Volkswagen,7,49083.0,Automatic,first,petrol,685000,13.437175577097312
Maruti Suzuki,7,100000.0,Automatic,second,hybrid,580000,13.270785106659046
Skoda,11,66500.0,Automatic,second,hybrid,390000,12.873904582205107
Honda,17,90000.0,Automatic,second,hybrid,145000,11.884495917930655
Maruti Suzuki,1,40000.0,Automatic,first,hybrid,1650000,14.316286451937186
Tata,11,75100.0,Manual,second,petrol,60000,11.002116507732017
Skoda,13,65000.0,Manual,second,petrol,225000,12.323860125621126
Skoda,6,59000.0,Automatic,first,diesel,1900000,14.45736497045232
Honda,7,123000.0,Manual,first,hybrid,775000,13.560619598657233
Chevrolet,15,65000.0,Manual,second,petrol,195000,12.180759965737863
Hyundai,13,195000.0,Manual,second,diesel,225000,12.323860125621126
Hyundai,6,43085.0,Manual,first,hybrid,432000,12.976183182038383
Honda,13,90000.0,Manual,second,hybrid,250000,12.429220196836383
Maruti Suzuki,9,77000.0,Automatic,second,petrol,385000,12.861001210669146
Hyundai,10,72000.0,Manual,first,petrol,175000,12.07254696717504
Honda,2,27000.0,Manual,first,petrol,625000,13.345508528717259
Maruti Suzuki,5,61000.0,Automatic,first,petrol,545000,13.208542908506082
Audi,13,77665.0,Automatic,first,diesel,1200000,13.997832948091215
Mercedes-Benz,7,61000.0,Automatic,second,diesel,2250000,14.626441218624949
Mahindra,8,70000.0,Manual,second,diesel,380000,12.847929163278053
Maruti Suzuki,5,192927.0,Automatic,first,hybrid,450000,13.017005083966255
Maruti Suzuki,10,50000.0,Automatic,second,hybrid,126000,11.744045122410057
Hyundai,9,60000.0,Manual,second,petrol,225000,12.323860125621126
Kia,2,25000.0,Manual,second,diesel,1400000,14.151983508870947
Chevrolet,7,44500.0,Manual,first,petrol,395000,12.886643575525625
Toyota,6,60000.0,Manual,first,petrol,610000,13.321215875492413
Maruti Suzuki,6,101915.0,Manual,second,petrol,235000,12.367345048436391
Honda,5,46358.0,Automatic,first,petrol,580000,13.270785106659046
Ford,7,89560.0,Automatic,second,diesel,1925000,14.470437045184406
Hyundai,6,48.0,Manual,second,hybrid,380000,12.847929163278053
Tata,2,2000.0,Automatic,first,petrol,615000,13.329379172803593
Hyundai,7,69000.0,Manual,first,petrol,470000,13.060490101343552
Maruti Suzuki,3,77000.0,Automatic,second,hybrid,388888,12.871049234837667
Toyota,14,125000.0,Manual,first,diesel,499999,13.122363377404328
Maruti Suzuki,2,21062.0,Automatic,first,petrol,625000,13.345508528717259
Tata,2,54000.0,Manual,second,hybrid,500000,13.122365377402328
Mahindra,6,82000.0,Automatic,second,diesel,649000,13.38318953651709
Hyundai,9,25000.0,Automatic,first,petrol,425000,12.959846800844963
Toyota,14,45000.0,Manual,second,petrol,210000,12.25486757159303
Maruti Suzuki,6,53000.0,Manual,first,hybrid,565000,13.244582780038517
Honda,12,82000.0,Manual,second,hybrid,285000,12.560247968016562
Ford,9,36500.0,Automatic,second,petrol,480000,13.081543466215237
Chevrolet,10,75000.0,Manual,second,diesel,265000,12.487488878546145
Ford,5,62000.0,Automatic,first,diesel,2799000,14.844773125767981
Maruti Suzuki,6,69000.0,Automatic,first,diesel,845000,13.647093089770562
Hyundai,5,78000.0,Automatic,first,diesel,1025000,13.840204146163925
Maruti Suzuki,4,37000.0,Automatic,first,petrol,674000,13.420986873572868
Hyundai,14,70000.0,Automatic,second,hybrid,80000,11.289794413577894
Honda,9,90000.0,Automatic,second,petrol,495000,13.112315061750808
Maruti Suzuki,19,120000.0,Automatic,second,hybrid,150000,11.918397239722838
Hyundai,7,72000.0,Manual,first,petrol,895000,13.704580114574805
Hyundai,10,53860.0,Manual,second,hybrid,220000,12.301387370778713
Tata,5,53101.0,Automatic,first,petrol,440000,12.994532278619134
Toyota,12,230000.0,Automatic,first,diesel,1375000,14.13396501635527
Maruti Suzuki,7,60000.0,Automatic,second,petrol,550000,13.217675375388819
Maruti Suzuki,9,300000.0,Manual,second,diesel,565000,13.244582780038517
Hyundai,15,72000.0,Manual,second,hybrid,190000,12.154784614286667
Honda,7,48000.0,Manual,first,petrol,375000,12.834683971615659
Volkswagen,8,118000.0,Automatic,first,diesel,600000,13.304686600863562
Skoda,1,18500.0,Automatic,first,petrol,1200000,13.997832948091215
Maruti Suzuki,8,56000.0,Automatic,first,hybrid,320000,12.676079399771027
Mahindra,9,93000.0,Manual,second,diesel,795000,13.586098651497313
Mercedes-Benz,9,300000.0,Automatic,second,diesel,1899000,14.456838516387228
Hyundai,7,66000.0,Automatic,first,hybrid,465000,13.049794835104816
Toyota,6,92000.0,Automatic,first,diesel,3050000,14.930652476452392
Maruti Suzuki,5,28000.0,Manual,first,hybrid,375000,12.834683971615659
Skoda,14,81000.0,Automatic,second,diesel,275000,12.524530013005734
Maruti Suzuki,8,75000.0,Automatic,second,hybrid,310000,12.644330802262578
BMW,3,65000.0,Automatic,second,petrol,8900000,16.001561947061912
Hyundai,11,80091.0,Manual,first,petrol,265000,12.487488878546145
Hyundai,1,21000.0,Automatic,first,petrol,1695000,14.343193888767015
BMW,8,72000.0,Automatic,second,diesel,2650000,14.790070575320824
Maruti Suzuki,14,96000.0,Automatic,second,petrol,115000,11.652696102959753
Honda,15,81500.0,Manual,first,petrol,260000,12.468440756144114
Hyundai,5,25000.0,Manual,first,diesel,1250000,14.038654909278163
Maruti Suzuki,6,170000.0,Automatic,second,hybrid,250000,12.429220196836383
Maruti Suzuki,8,60000.0,Automatic,second,petrol,580000,13.270785106659046
Mahindra,9,93000.0,Manual,second,diesel,795000,13.586098651497313
Toyota,15,75000.0,Manual,second,hybrid,235000,12.367345048436391
Ford,12,69000.0,Manual,second,diesel,198000,12.19602736016897
Maruti Suzuki,4,95000.0,Automatic,first,hybrid,800000,13.592368256649284
Renault,3,4000.0,Manual,first,petrol,399999,12.89921982609012
Toyota,5,82000.0,Automatic,second,diesel,4000000,15.201805169084134
Mahindra,16,77015.0,Manual,second,petrol,120000,11.695255355062795
Renault,1,34000.0,Automatic,first,hybrid,790000,13.579789490265188
Hyundai,7,75000.0,Automatic,second,hybrid,685000,13.437175577097312
MG,1,9000.0,Automatic,first,petrol,2350000,14.669926311652166
Maruti Suzuki,1,37000.0,Automatic,second,petrol,40000,10.596659732783579
Audi,8,51000.0,Automatic,second,petrol,2145000,14.578650576544613
Volkswagen,8,130000.0,Automatic,second,petrol,525000,13.171155446333852
Volkswagen,14,50000.0,Manual,second,hybrid,269000,12.502470376049185
Maruti Suzuki,10,74000.0,Manual,second,petrol,415000,12.936036208848487
Ford,8,76000.0,Manual,second,diesel,455000,13.02805489573287
Hyundai,0,30000.0,Automatic,first,hybrid,950000,13.76421831620775
Volkswagen,13,82000.0,Manual,second,hybrid,199999,12.206072645530174
Honda,10,99000.0,Automatic,second,petrol,650000,13.384729180332174
Honda,9,52000.0,Manual,first,petrol,425000,12.959846800844963
Maruti Suzuki,3,41069.0,Manual,first,petrol,530000,13.180634172318978
Maruti Suzuki,2,46000.0,Manual,first,hybrid,695000,13.451668563394815
BMW,8,48000.0,Automatic,second,diesel,2050000,14.53335083891935
Maruti Suzuki,17,89000.0,Manual,second,petrol,145000,11.884495917930655
Mercedes-Benz,10,38000.0,Automatic,second,petrol,1090000,13.901689171636098
Hyundai,3,28000.0,Automatic,first,petrol,649000,13.38318953651709
Tata,3,69250.0,Automatic,first,diesel,920000,13.732130035981154
Toyota,10,220000.0,Manual,second,diesel,480000,13.081543466215237
Hyundai,10,78980.0,Manual,second,diesel,550000,13.217675375388819
Toyota,10,90800.0,Automatic,second,petrol,999999,13.815510557964274
Maruti Suzuki,11,95000.0,Manual,first,hybrid,299000,12.608202196848836
Hyundai,12,59715.0,Manual,second,petrol,190000,12.154784614286667
Maruti Suzuki,7,130588.0,Manual,second,diesel,430000,12.971542813248437
Maruti Suzuki,2,14000.0,Manual,first,petrol,470000,13.060490101343552
Maruti Suzuki,8,54000.0,Manual,second,hybrid,431000,12.973865689268807
Honda,10,69000.0,Automatic,second,petrol,415000,12.936036208848487
Volkswagen,7,77948.0,Manual,second,diesel,549999,13.217673557208654
Maruti Suzuki,11,90000.0,Manual,second,hybrid,280000,12.54254845357358
BMW,11,85000.0,Automatic,second,diesel,1170000,13.972515161474428
Toyota,6,70000.0,Automatic,first,petrol,2190000,14.599412558413583
Renault,4,300000.0,Automatic,first,petrol,415000,12.936036208848487
Maruti Suzuki,10,108000.0,Manual,second,petrol,185000,12.128116509451258
Jeep,3,44000.0,Automatic,first,petrol,5900000,15.59046307836746
Honda,6,95000.0,Automatic,first,hybrid,750000,13.527829818844937
Honda,6,84000.0,Automatic,first,petrol,650000,13.384729180332174
Toyota,1,13000.0,Automatic,first,petrol,10500000,16.166885910365842
BMW,4,10000.0,Automatic,first,petrol,8600000,15.967272877502799
Hyundai,10,70000.0,Automatic,first,hybrid,330000,12.706850963741102
Maruti Suzuki,9,70000.0,Manual,second,hybrid,355000,12.779875885354993
Honda,6,85000.0,Manual,first,diesel,520000,13.161586013632684
Audi,9,77000.0,Automatic,second,diesel,1199000,13.99699926803766
Honda,21,120000.0,Automatic,second,petrol,185000,12.128116509451258
Maruti Suzuki,10,80000.0,Manual,first,hybrid,299999,12.611537753638338
Mahindra,5,57500.0,Manual,second,diesel,945000,13.758941264676379
Hyundai,19,86500.0,Automatic,second,petrol,135000,11.813037464800539
Mercedes-Benz,9,128000.0,Automatic,second,diesel,2695000,14.80690913338268
BMW,2,17000.0,Automatic,second,petrol,4100000,15.226497775576945
Maruti Suzuki,3,42000.0,Automatic,first,hybrid,460000,13.038983942375959
Honda,14,29000.0,Automatic,second,petrol,350000,12.765691290604371
Hyundai,1,19632.0,Automatic,first,petrol,890000,13.698977865303197
Renault,3,37700.0,Automatic,second,petrol,915000,13.726680437153236
Maruti Suzuki,6,68000.0,Manual,first,hybrid,541000,13.201176406255746
Hyundai,16,81000.0,Manual,second,petrol,150000,11.918397239722838
Honda,6,65000.0,Manual,first,petrol,665000,13.407543823396258
Maruti Suzuki,11,44000.0,Automatic,first,hybrid,199000,12.201065128819632
BMW,7,51500.0,Automatic,second,diesel,1599000,14.284889617206765
Maruti Suzuki,12,104000.0,Manual,second,diesel,300000,12.611541086966115
Datsun,8,14000.0,Manual,first,petrol,235000,12.367345048436391
Audi,8,100000.0,Automatic,second,diesel,2495000,14.72979968796928
Hyundai,8,54121.0,Manual,first,petrol,599000,13.303018546545275
Maruti Suzuki,0,35000.0,Automatic,first,hybrid,800000,13.592368256649284
Volkswagen,8,81000.0,Manual,first,petrol,525000,13.171155446333852
Honda,17,109000.0,Automatic,second,hybrid,250000,12.429220196836383
Maruti Suzuki,12,78000.0,Manual,second,petrol,240000,12.388398368982115
Hyundai,6,30000.0,Manual,first,petrol,699000,13.457407451830088
Maruti Suzuki,7,58000.0,Automatic,first,petrol,445000,13.005831808336863
Tata,0,140.0,Automatic,first,petrol,1180000,13.981025843899115
Maruti Suzuki,12,300000.0,Automatic,second,petrol,375000,12.834683971615659
Maruti Suzuki,6,65000.0,Automatic,second,hybrid,475000,13.07107218827772
Maruti Suzuki,6,7514.0,Automatic,first,petrol,425000,12.959846800844963
Maruti Suzuki,8,54694.0,Manual,second,petrol,350000,12.765691290604371
Ford,11,75000.0,Manual,second,petrol,220000,12.301387370778713
Mercedes-Benz,10,84000.0,Automatic,second,diesel,1750000,14.375126917328105
Hyundai,5,48000.0,Manual,first,hybrid,525000,13.171155446333852
Hyundai,14,58000.0,Automatic,second,petrol,269000,12.502470376049185
Toyota,11,77000.0,Automatic,second,hybrid,365000,12.807655372286902
Maruti Suzuki,2,80000.0,Automatic,first,hybrid,450000,13.017005083966255
Hyundai,8,95000.0,Manual,second,hybrid,245000,12.409017571151187
Hyundai,11,82000.0,Manual,second,hybrid,225000,12.323860125621126
Maruti Suzuki,8,74000.0,Manual,first,petrol,470000,13.060490101343552
Maruti Suzuki,6,300000.0,Manual,first,petrol,275000,12.524530013005734
Maruti Suzuki,14,123865.0,Manual,second,diesel,160000,11.982935344196433
Mitsubishi,7,82514.0,Automatic,first,diesel,1425000,14.169683073439028
Renault,6,48000.0,Automatic,first,petrol,320000,12.676079399771027
Toyota,10,144500.0,Automatic,second,diesel,1600000,14.285514812209815
Maruti Suzuki,2,75000.0,Automatic,first,hybrid,670000,13.415034483903348
Maruti Suzuki,16,107000.0,Manual,second,petrol,130000,11.775297421715827
Ford,8,65000.0,Automatic,first,petrol,500000,13.122365377402328
Hyundai,7,25000.0,Automatic,first,petrol,1125000,13.933294482509151
Honda,6,49000.0,Manual,first,petrol,625000,13.345508528717259
Maruti Suzuki,7,26.0,Manual,second,hybrid,320000,12.676079399771027
Hyundai,2,56000.0,Automatic,second,diesel,1595000,14.282384921160133
Toyota,9,178000.0,Manual,second,diesel,995000,13.81049902116535
Mercedes-Benz,12,75000.0,Automatic,second,diesel,580000,13.270785106659046
Hyundai,6,89000.0,Manual,second,diesel,499000,13.120363378739663
Hyundai,12,81200.0,Manual,second,petrol,175000,12.07254696717504
Maruti Suzuki,4,34000.0,Manual,second,petrol,900000,13.710151153416941
Honda,10,106000.0,Manual,second,diesel,410000,12.923914877701906
Renault,10,77000.0,Manual,second,diesel,425000,12.959846800844963
Honda,4,14000.0,Automatic,second,petrol,1895000,14.45472992420301
Mercedes-Benz,7,79000.0,Automatic,second,diesel,2049999,14.53335035111459
Maruti Suzuki,2,25000.0,Automatic,first,hybrid,1194999,13.993656743347747
Maruti Suzuki,2,39000.0,Manual,first,hybrid,1049999,13.864300722133706
Mercedes-Benz,8,93000.0,Automatic,second,diesel,2950000,14.897316067298997
Renault,8,45000.0,Manual,second,petrol,295000,12.59473402514672
Maruti Suzuki,7,66000.0,Manual,first,hybrid,301000,12.614868865984631
Skoda,12,74000.0,Automatic,second,diesel,390000,12.873904582205107
Hyundai,8,50000.0,Automatic,first,diesel,850000,13.652992804936396
Tata,2,48123.0,Manual,first,hybrid,651000,13.386266457287837
Hyundai,4,25000.0,Automatic,second,petrol,599000,13.303018546545275
BMW,12,72000.0,Automatic,second,petrol,485000,13.091906231773164
Renault,9,76000.0,Manual,second,petrol,260000,12.468440756144114
Maruti Suzuki,7,46000.0,Automatic,first,petrol,520000,13.161586013632684
Volkswagen,13,110000.0,Manual,second,diesel,330000,12.706850963741102
Toyota,8,215840.0,Manual,second,diesel,525000,13.171155446333852
Hyundai,19,78580.0,Manual,first,hybrid,45000,10.714439990727769
Mercedes-Benz,7,72045.0,Automatic,first,diesel,2899000,14.879876752850267
Hyundai,12,98000.0,Manual,first,hybrid,50000,10.819798284210286
Maruti Suzuki,20,140000.0,Manual,second,petrol,185000,12.128116509451258
Maruti Suzuki,5,71000.0,Automatic,second,hybrid,439000,12.992256969959042
Mercedes-Benz,10,58000.0,Automatic,first,petrol,1250000,14.038654909278163
Maruti Suzuki,14,75000.0,Manual,second,hybrid,95000,11.461642696843066
Hyundai,25,150000.0,Manual,second,hybrid,74999,11.225243392518447
Mahindra,5,59000.0,Automatic,second,diesel,1150000,13.955273369904273
Toyota,0,5500.0,Automatic,first,hybrid,4750000,15.373655386537118
Mercedes-Benz,14,77000.0,Automatic,second,petrol,465000,13.049794835104816
Toyota,3,90000.0,Manual,first,diesel,1993000,14.505152100950953
Ford,11,92000.0,Manual,second,diesel,450000,13.017005083966255
Hyundai,13,38000.0,Manual,first,petrol,185000,12.128116509451258
Maruti Suzuki,4,36232.0,Automatic,first,petrol,925000,13.73755009757506
Toyota,13,92700.0,Manual,second,hybrid,125000,11.736077016252437
Skoda,8,116850.0,Automatic,second,diesel,965000,13.779884416590017
Maruti Suzuki,6,45000.0,Automatic,second,petrol,595000,13.296318365198623
Honda,11,78000.0,Automatic,second,hybrid,411000,12.926350926565435
Maruti Suzuki,12,84000.0,Manual,second,petrol,270000,12.506180941677357
Maruti Suzuki,13,78000.0,Manual,second,hybrid,265000,12.487488878546145
BMW,3,25000.0,Automatic,second,diesel,4500000,15.319588176962746
Maruti Suzuki,6,40000.0,Automatic,first,hybrid,500000,13.122365377402328
Maruti Suzuki,12,300000.0,Manual,second,hybrid,220000,12.301387370778713
Hyundai,7,49500.0,Manual,first,petrol,650000,13.384729180332174
Mahindra,8,88232.0,Automatic,second,diesel,799000,13.591117476312084
Tata,2,14000.0,Manual,first,petrol,765000,13.547632419997361
Maruti Suzuki,5,38000.0,Automatic,second,petrol,420000,12.948012371209098
Hyundai,1,25000.0,Manual,first,hybrid,100000,11.51293546492023
MG,4,50365.0,Automatic,second,petrol,1169900,13.97242968780924
Maruti Suzuki,5,85000.0,Manual,first,petrol,785000,13.573440270649085
Hyundai,3,20000.0,Manual,second,petrol,1050000,13.864301674514206
Maruti Suzuki,10,130000.0,Manual,second,petrol,275000,12.524530013005734
Toyota,7,89000.0,Automatic,second,diesel,1775000,14.389311544271775
Renault,8,78000.0,Manual,second,petrol,195000,12.180759965737863
Maruti Suzuki,13,100000.0,Automatic,first,hybrid,150000,11.918397239722838
Hyundai,15,63000.0,Automatic,second,petrol,245000,12.409017571151187
Volkswagen,9,94000.0,Manual,second,diesel,470000,13.060490101343552
Maruti Suzuki,14,74000.0,Manual,second,petrol,190000,12.154784614286667
Maruti Suzuki,9,78000.0,Manual,second,hybrid,589000,13.286183160425152
Maruti Suzuki,7,105000.0,Manual,second,diesel,760000,13.541075028051122
Hyundai,13,52000.0,Automatic,first,petrol,155000,11.951186847493476
Nissan,6,50000.0,Automatic,first,diesel,945000,13.758941264676379
Maruti Suzuki,12,64000.0,Manual,second,hybrid,250000,12.429220196836383
BMW,6,36000.0,Automatic,second,petrol,3500000,15.068273812173887
Toyota,8,68000.0,Automatic,first,hybrid,2550000,14.751604309291395
Hyundai,3,12356.0,Automatic,first,petrol,1175000,13.976779556623864
Mahindra,14,20.0,Automatic,second,diesel,90000,11.407576060361786
Maruti Suzuki,11,94000.0,Manual,second,petrol,225000,12.323860125621126
Maruti Suzuki,11,78000.0,Manual,second,hybrid,210000,12.25486757159303
Maruti Suzuki,6,17500.0,Automatic,first,hybrid,485000,13.091906231773164
Maruti Suzuki,1,22000.0,Manual,first,hybrid,1175000,13.976779556623864
Toyota,3,55000.0,Automatic,first,diesel,4000000,15.201805169084134
Maruti Suzuki,2,25200.0,Automatic,first,petrol,1224000,14.01763555904754
Ford,7,135000.0,Automatic,first,diesel,1690000,14.340239678615058
Maruti Suzuki,5,33000.0,Manual,first,hybrid,525000,13.171155446333852
Honda,9,100000.0,Automatic,second,hybrid,435000,12.983103608918753
Volkswagen,13,48231.0,Automatic,second,petrol,250000,12.429220196836383
Maruti Suzuki,6,7503.0,Automatic,first,petrol,424999,12.959844447906553
Hyundai,9,73000.0,Manual,second,petrol,475000,13.07107218827772
Maruti Suzuki,24,90000.0,Manual,second,petrol,93000,11.440365524765756
Mahindra,8,37180.0,Manual,second,diesel,555555,13.227724693061836
Honda,8,73000.0,Automatic,second,hybrid,450000,13.017005083966255
Mercedes-Benz,10,143000.0,Automatic,second,diesel,1100000,13.910821646859095
Honda,17,64000.0,Manual,second,hybrid,289999,12.577636201962656
Hyundai,5,35000.0,Automatic,second,diesel,1750000,14.375126917328105
Maruti Suzuki,6,60000.0,Automatic,second,hybrid,570000,13.25339339419516
Honda,7,113332.0,Automatic,second,petrol,1450000,14.187074804051692
Skoda,12,69000.0,Manual,second,diesel,280000,12.54254845357358
Maruti Suzuki,14,142000.0,Manual,second,hybrid,250000,12.429220196836383
Maruti Suzuki,4,42146.0,Manual,first,hybrid,1025009,13.840212926604616
Maruti Suzuki,5,200000.0,Automatic,first,hybrid,375000,12.834683971615659
Maruti Suzuki,2,34000.0,Manual,first,petrol,400000,12.899222326086994
Maruti Suzuki,14,300000.0,Manual,first,hybrid,125000,11.736077016252437
Jaguar,7,40000.0,Automatic,second,petrol,2999999,14.914122846632385
Toyota,5,87695.0,Automatic,first,diesel,3850000,15.163583966004193
Maruti Suzuki,17,84000.0,Manual,second,hybrid,110000,11.608244735642321
Ford,8,110000.0,Manual,second,diesel,289000,12.574185427296195
Maruti Suzuki,8,52000.0,Automatic,second,hybrid,375000,12.834683971615659
Tata,18,75000.0,Manual,first,diesel,75000,11.225256725762893
Toyota,2,60000.0,Automatic,first,diesel,3985000,15.19804812114745
Hyundai,8,42000.0,Manual,first,hybrid,490000,13.102162710901053
Maruti Suzuki,13,20.0,Manual,second,petrol,170000,12.04355959836804
Honda,6,25200.0,Automatic,second,petrol,595000,13.296318365198623
Maruti Suzuki,3,65000.0,Manual,first,hybrid,565000,13.244582780038517
Hyundai,3,66000.0,Automatic,first,petrol,1385000,14.141211419624977
Nissan,6,78000.0,Manual,second,diesel,450000,13.017005083966255
Volkswagen,14,59000.0,Manual,first,petrol,355000,12.779875885354993
Honda,15,102000.0,Automatic,second,petrol,295000,12.59473402514672
Maruti Suzuki,12,90000.0,Automatic,second,hybrid,230000,12.345838935721968
Toyota,9,125000.0,Manual,second,diesel,1050000,13.864301674514206
Tata,5,50000.0,Automatic,first,hybrid,625000,13.345508528717259
Maruti Suzuki,3,47000.0,Manual,first,hybrid,560000,13.235693848424024
Maruti Suzuki,2,70000.0,Automatic,first,hybrid,700000,13.45883704259595
Hyundai,5,41000.0,Automatic,first,petrol,875000,13.681980308196241
Tata,3,90000.0,Automatic,second,diesel,1725000,14.360738188157574
Maruti Suzuki,14,84000.0,Manual,second,hybrid,144444,11.880654091241995
Audi,7,98000.0,Automatic,first,diesel,1700000,14.346139397261565
Hyundai,10,50000.0,Manual,first,petrol,270000,12.506180941677357
Maruti Suzuki,3,95000.0,Automatic,first,hybrid,435000,12.983103608918753
Maruti Suzuki,1,200040.0,Automatic,first,petrol,1500000,14.220976332738882
Nissan,11,120000.0,Manual,second,diesel,320000,12.676079399771027
Maruti Suzuki,14,83000.0,Manual,second,petrol,148000,11.904974309480183
Ford,12,107000.0,Manual,second,diesel,130000,11.775297421715827
Hyundai,4,47000.0,Automatic,second,petrol,570000,13.25339339419516
Honda,17,105000.0,Automatic,second,petrol,305000,12.628070334272698
Maruti Suzuki,6,80000.0,Automatic,second,hybrid,299999,12.611537753638338
Toyota,14,220000.0,Manual,second,diesel,950000,13.76421831620775
Mahindra,3,45000.0,Automatic,first,diesel,900000,13.710151153416941
Maruti Suzuki,9,113000.0,Manual,second,diesel,450000,13.017005083966255
Kia,2,70000.0,Manual,first,diesel,1399999,14.151982794585487
Maruti Suzuki,12,89000.0,Manual,second,petrol,245000,12.409017571151187
Chevrolet,8,90000.0,Automatic,second,hybrid,240000,12.388398368982115
Ford,10,50000.0,Automatic,second,hybrid,443000,13.001327306361068
Renault,5,38000.0,Manual,first,petrol,525000,13.171155446333852
Mahindra,14,200000.0,Automatic,second,diesel,180000,12.100717685412471
Maruti Suzuki,8,105121.0,Manual,first,petrol,565000,13.244582780038517
Skoda,15,100000.0,Manual,second,diesel,299000,12.608202196848836
Maruti Suzuki,0,31000.0,Automatic,first,hybrid,725000,13.493928313146206
Maruti Suzuki,9,48000.0,Manual,first,petrol,351000,12.768544351446794
Hyundai,7,87000.0,Automatic,second,diesel,595000,13.296318365198623
Toyota,3,134000.0,Automatic,first,diesel,2030000,14.523546843628687
Volkswagen,5,56474.0,Manual,second,petrol,495000,13.112315061750808
Honda,8,90000.0,Automatic,second,petrol,399000,12.896719202134523
Jeep,6,36000.0,Automatic,second,petrol,975000,13.790193775620484
Hyundai,10,64000.0,Manual,first,hybrid,465000,13.049794835104816
Tata,8,6000.0,Automatic,first,petrol,261000,12.472279517715116
Ford,5,15000.0,Manual,second,petrol,485000,13.091906231773164
Maruti Suzuki,1,23000.0,Automatic,first,hybrid,650000,13.384729180332174
Maruti Suzuki,8,48000.0,Manual,second,petrol,490000,13.102162710901053
Toyota,5,70000.0,Manual,first,diesel,1833000,14.42146507237543
BMW,6,75000.0,Automatic,second,petrol,3500000,15.068273812173887
Maruti Suzuki,6,70000.0,Automatic,first,hybrid,399000,12.896719202134523
Toyota,2,14300.0,Automatic,first,diesel,4450000,15.308414878861498
Renault,6,36000.0,Automatic,second,petrol,375000,12.834683971615659
Maruti Suzuki,13,99000.0,Manual,second,petrol,125000,11.736077016252437
Maruti Suzuki,6,42000.0,Automatic,second,hybrid,550000,13.217675375388819
Maruti Suzuki,5,52000.0,Automatic,second,petrol,280000,12.54254845357358
Mercedes-Benz,2,38000.0,Automatic,second,diesel,6300000,15.656060350091908
Toyota,4,56000.0,Automatic,second,diesel,3475000,15.061105324750772
Hyundai,4,56249.0,Manual,second,petrol,566000,13.246351123968212
Tata,3,135241.0,Automatic,first,diesel,1550000,14.253766134056512
Honda,7,80000.0,Automatic,first,petrol,899000,13.70903942580019
Maruti Suzuki,5,90000.0,Automatic,first,hybrid,560000,13.235693848424024
Volkswagen,6,48000.0,Manual,first,petrol,449000,13.014780393893403
Maruti Suzuki,1,12000.0,Automatic,second,petrol,700000,13.45883704259595
Honda,6,55000.0,Automatic,first,hybrid,624000,13.343907249914384
Honda,11,69000.0,Manual,first,petrol,330000,12.706850963741102
Honda,11,95000.0,Automatic,second,petrol,625000,13.345508528717259
Mahindra,3,2500.0,Automatic,first,diesel,1600000,14.285514812209815
Skoda,6,64000.0,Automatic,first,petrol,780000,13.567050480716235
Hyundai,9,72000.0,Manual,second,petrol,299000,12.608202196848836
Nissan,11,51000.0,Manual,second,petrol,338000,12.73080413304066
MG,2,14343.0,Automatic,first,petrol,1790000,14.397726736475999
Honda,9,69000.0,Automatic,first,hybrid,525000,13.171155446333852
Audi,9,103000.0,Automatic,second,diesel,1475000,14.204169225721929
Hyundai,11,65000.0,Manual,first,petrol,365000,12.807655372286902
Maruti Suzuki,6,45000.0,Manual,first,hybrid,349000,12.762830066509972
Maruti Suzuki,13,60000.0,Manual,second,hybrid,240000,12.388398368982115
Maruti Suzuki,16,80000.0,Manual,first,hybrid,60000,11.002116507732017
Kia,3,52000.0,Automatic,first,diesel,899000,13.70903942580019
Ford,10,75000.0,Manual,second,diesel,320000,12.676079399771027
BMW,9,40000.0,Automatic,second,diesel,5300000,15.483217567201578
Renault,7,74800.0,Automatic,second,petrol,335000,12.721888795877375
Maruti Suzuki,13,113000.0,Manual,second,diesel,200000,12.206077645517674
Mercedes-Benz,8,67500.0,Automatic,second,petrol,1700000,14.346139397261565
Toyota,4,45000.0,Automatic,first,diesel,3150000,14.962913328262083
Toyota,4,37000.0,Automatic,first,diesel,1790000,14.397726736475999
Maruti Suzuki,6,54000.0,Manual,first,hybrid,415000,12.936036208848487
Maruti Suzuki,7,81902.0,Automatic,second,petrol,563000,13.241036683319184
Hyundai,9,91000.0,Manual,second,hybrid,560000,13.235693848424024
Skoda,6,78000.0,Automatic,second,diesel,1651000,14.316892328595602
Maruti Suzuki,9,70800.0,Manual,second,hybrid,275000,12.524530013005734
Hyundai,7,59097.0,Manual,first,petrol,477000,13.07527386630434
Maruti Suzuki,8,58000.0,Manual,first,hybrid,370000,12.821260987319457
Toyota Land,16,186740.0,Automatic,second,diesel,6000000,15.607270193858982
Tata,5,66760.0,Automatic,first,petrol,575000,13.26212705890841
Maruti Suzuki,3,72000.0,Manual,first,hybrid,551000,13.219491903015438
Renault,5,70000.0,Automatic,second,diesel,897000,13.706812255867513
Maruti Suzuki,9,94000.0,Manual,second,hybrid,599000,13.303018546545275
Tata,1,4500.0,Manual,first,hybrid,875999,13.683121369918528
Volkswagen,5,127000.0,Automatic,second,diesel,1775000,14.389311544271775
Mercedes-Benz,6,29000.0,Automatic,first,petrol,7900000,15.882373444019521
Volkswagen,4,47000.0,Automatic,second,petrol,1075000,13.887832149776026
Skoda,2,24000.0,Automatic,first,petrol,1500000,14.220976332738882
Hyundai,7,54000.0,Manual,second,petrol,599000,13.303018546545275
Maruti Suzuki,15,96000.0,Manual,second,petrol,275000,12.524530013005734
Honda,8,44300.0,Automatic,first,petrol,690000,13.444448325847754
Toyota,10,142000.0,Automatic,second,petrol,1575000,14.269766465162304
Volkswagen,5,61000.0,Automatic,first,diesel,699000,13.457407451830088
Hyundai,7,102000.0,Automatic,first,diesel,1075000,13.887832149776026
Maruti Suzuki,13,104000.0,Automatic,second,hybrid,260000,12.468440756144114
Hyundai,14,72000.0,Manual,second,hybrid,120000,11.695255355062795
Volkswagen,4,44000.0,Automatic,second,petrol,1149999,13.955272500339433
Volkswagen,9,57000.0,Manual,first,diesel,520000,13.161586013632684
Maruti Suzuki,5,65000.0,Manual,first,hybrid,390000,12.873904582205107
Maruti Suzuki,7,130000.0,Automatic,first,hybrid,250000,12.429220196836383
Hyundai,10,85000.0,Manual,second,hybrid,460000,13.038983942375959
Volkswagen,7,69000.0,Manual,second,hybrid,375000,12.834683971615659
Ford,8,33000.0,Automatic,first,petrol,499000,13.120363378739663
Volkswagen,2,46969.0,Automatic,first,petrol,1295000,14.07402202531625
Maruti Suzuki,12,88000.0,Manual,second,diesel,370000,12.821260987319457
Honda,6,94000.0,Manual,first,hybrid,590000,13.28787951079572
Ford,16,89000.0,Manual,first,hybrid,110000,11.608244735642321
Honda,7,79000.0,Automatic,first,petrol,1150000,13.955273369904273
Honda,7,64000.0,Automatic,second,petrol,670000,13.415034483903348
Mahindra,5,79000.0,Manual,second,diesel,980000,13.795308871054397
Tata,6,103000.0,Manual,second,diesel,460000,13.038983942375959
Kia,4,30000.0,Automatic,first,diesel,3150000,14.962913328262083
Mercedes-Benz,16,43000.0,Automatic,second,petrol,675000,13.42246945133505
Hyundai,5,65000.0,Automatic,first,hybrid,775000,13.560619598657233
Maruti Suzuki,17,98000.0,Manual,second,diesel,165000,12.013706813470414
BMW,7,54500.0,Automatic,second,petrol,2150000,14.580978865220017
Volkswagen,5,48000.0,Automatic,second,petrol,610000,13.321215875492413
Mahindra,5,68000.0,Manual,first,diesel,1025000,13.840204146163925
Maruti Suzuki,5,30.0,Automatic,first,hybrid,470000,13.060490101343552
Honda,8,47200.0,Automatic,second,petrol,600000,13.304686600863562
Maruti Suzuki,2,50000.0,Automatic,first,hybrid,750000,13.527829818844937
Renault,7,45000.0,Manual,second,petrol,200000,12.206077645517674
Kia,4,54309.0,Automatic,first,petrol,971000,13.786082777139049
Maruti Suzuki,7,83300.0,Manual,second,diesel,680000,13.429849547739444
Toyota,5,55000.0,Automatic,second,diesel,1425000,14.169683073439028
Maruti Suzuki,8,96000.0,Manual,second,diesel,695000,13.451668563394815
Chevrolet,14,42000.0,Manual,second,petrol,110000,11.608244735642321
Volkswagen,6,156000.0,Automatic,second,diesel,730000,13.500801182986649
Honda,13,89000.0,Manual,second,hybrid,159000,11.976665770490767
BMW,10,60000.0,Automatic,second,diesel,1650000,14.316286451937186
Toyota,3,55000.0,Automatic,second,diesel,2925000,14.888805380528378
Nissan,5,54000.0,Automatic,first,hybrid,490000,13.102162710901053
Hyundai,17,119000.0,Manual,second,petrol,99000,11.502885230075814
Maruti Suzuki,2,55192.0,Manual,first,hybrid,415000,12.936036208848487
Tata,7,54000.0,Manual,second,diesel,700000,13.45883704259595
Mahindra,6,102100.0,Manual,first,diesel,710000,13.47302165746721
Maruti Suzuki,12,71000.0,Manual,first,hybrid,209900,12.254391269970792
Hyundai,4,500.0,Automatic,first,hybrid,100000,11.51293546492023
Toyota,13,175000.0,Manual,second,diesel,450000,13.017005083966255
Mercedes-Benz,11,123000.0,Automatic,second,diesel,1650000,14.316286451937186
Hyundai,7,65000.0,Manual,first,hybrid,735000,13.507627138738266
Hyundai,6,41000.0,Automatic,first,diesel,857000,13.66119436444038
Maruti Suzuki,3,52000.0,Automatic,second,hybrid,550000,13.217675375388819
Mahindra,7,60000.0,Manual,second,hybrid,350000,12.765691290604371
Maruti Suzuki,11,38000.0,Manual,first,hybrid,265000,12.487488878546145
Datsun,6,63000.0,Manual,first,petrol,225000,12.323860125621126
BMW,15,70000.0,Automatic,second,diesel,580000,13.270785106659046
Honda,21,140000.0,Automatic,second,petrol,325000,12.691583538230217
Hyundai,7,52000.0,Automatic,second,petrol,875000,13.681980308196241
Hyundai,5,36639.0,Automatic,second,petrol,845000,13.647093089770562
Maruti Suzuki,5,70000.0,Manual,first,hybrid,525000,13.171155446333852
Ford,6,90231.0,Automatic,second,petrol,650000,13.384729180332174
Hyundai,15,91000.0,Manual,second,hybrid,139999,11.84939770159144
Volkswagen,11,87615.0,Manual,second,diesel,425000,12.959846800844963
Maruti Suzuki,3,70000.0,Automatic,first,hybrid,950000,13.76421831620775
Nissan,13,133000.0,Automatic,second,diesel,375000,12.834683971615659
Hyundai,4,80000.0,Automatic,first,diesel,1550000,14.253766134056512
Hyundai,6,52000.0,Automatic,first,petrol,1275000,14.058457520888082
Maruti Suzuki,7,125000.0,Manual,first,hybrid,225000,12.323860125621126
Maruti Suzuki,13,70000.0,Manual,second,diesel,290000,12.577639650232573
Renault,11,80000.0,Manual,second,diesel,15000,9.61587214452889
Maruti Suzuki,7,79062.0,Automatic,second,petrol,550000,13.217675375388819
Hyundai,8,47167.0,Manual,first,petrol,470000,13.060490101343552
Tata,2,36000.0,Automatic,first,petrol,590000,13.28787951079572
Maruti Suzuki,7,82000.0,Manual,second,hybrid,370000,12.821260987319457
Mercedes-Benz,10,78000.0,Automatic,first,diesel,959999,13.77468856344402
Audi,2,8000.0,Automatic,first,petrol,6300000,15.656060350091908
Kia,3,41000.0,Automatic,first,petrol,1425000,14.169683073439028
Toyota,11,110000.0,Automatic,second,diesel,1090000,13.901689171636098
Maruti Suzuki,8,39000.0,Manual,second,hybrid,595000,13.296318365198623
Toyota,7,183000.0,Automatic,second,diesel,1850000,14.430696737594902
Maruti Suzuki,5,72000.0,Manual,first,petrol,495000,13.112315061750808
Skoda,7,123000.0,Automatic,first,diesel,650000,13.384729180332174
Tata,7,79000.0,Manual,first,petrol,460000,13.038983942375959
Toyota,9,123580.0,Manual,second,diesel,850000,13.652992804936396
Ford,6,79000.0,Automatic,first,petrol,765000,13.547632419997361
Honda,9,71000.0,Automatic,first,hybrid,524000,13.169248871698304
Ford,6,120000.0,Automatic,second,diesel,2500000,14.731801689838349
Honda,6,62000.0,Automatic,first,hybrid,491111,13.104427486670774
Tata,13,80000.0,Manual,second,hybrid,67000,11.112462823634855
Honda,5,52000.0,Automatic,first,hybrid,750000,13.527829818844937
Maruti Suzuki,8,109000.0,Automatic,second,hybrid,390000,12.873904582205107
Hyundai,12,52000.0,Automatic,first,hybrid,290000,12.577639650232573
Jeep,5,97500.0,Automatic,first,petrol,1460000,14.19394767861579
Maruti Suzuki,7,68900.0,Manual,second,hybrid,220000,12.301387370778713
Citroen,3,54384.0,Automatic,first,diesel,2050000,14.53335083891935
Maruti Suzuki,3,75000.0,Manual,first,petrol,720000,13.487007879880162
Honda,6,80000.0,Manual,second,diesel,825000,13.623139877437296
Honda,8,100000.0,Automatic,first,petrol,950000,13.76421831620775
Maruti Suzuki,6,25.0,Automatic,second,hybrid,390000,12.873904582205107
Mercedes-Benz,16,140000.0,Automatic,second,petrol,485000,13.091906231773164
Maruti Suzuki,11,82215.0,Manual,second,hybrid,255000,12.449022745701502
Maruti Suzuki,7,67000.0,Manual,second,hybrid,269999,12.506177237980511
Maruti Suzuki,7,75000.0,Automatic,second,hybrid,560000,13.235693848424024
Tata,2,15147.0,Manual,first,diesel,1085000,13.897091466615258
Hyundai,9,54000.0,Manual,second,petrol,251000,12.433212202169729
Maruti Suzuki,6,58241.0,Manual,first,petrol,450000,13.017005083966255
Hyundai,7,28000.0,Manual,first,hybrid,390000,12.873904582205107
Volkswagen,7,150000.0,Automatic,second,petrol,565000,13.244582780038517
Lexus,5,26000.0,Automatic,first,hybrid,4200000,15.250595321348806
Maruti Suzuki,7,49709.0,Automatic,second,petrol,610001,13.321217514832643
Skoda,1,15000.0,Automatic,first,petrol,1585000,14.276095596208146
Jeep,4,20000.0,Manual,first,petrol,1325000,14.096923772119156
Honda,8,36593.0,Automatic,second,hybrid,714000,13.478639641880966
Honda,14,80000.0,Automatic,second,petrol,325000,12.691583538230217
Mercedes-Benz,5,28000.0,Automatic,second,petrol,3200000,14.978661680269907
Tata,7,43000.0,Manual,first,hybrid,354000,12.777055016970678
Maruti Suzuki,3,32000.0,Manual,first,hybrid,1025000,13.840204146163925
Tata,6,42000.0,Automatic,first,hybrid,515000,13.151924121391561
Renault,6,52255.0,Automatic,second,petrol,239000,12.384223015005313
Toyota,8,104000.0,Automatic,second,petrol,1375000,14.13396501635527
Honda,7,27000.0,Automatic,first,petrol,800000,13.592368256649284
Maruti Suzuki,0,1800.0,Manual,first,petrol,610000,13.321215875492413
Honda,11,96000.0,Automatic,second,diesel,270000,12.506180941677357
Maruti Suzuki,10,116050.0,Automatic,second,hybrid,260000,12.468440756144114
Maruti Suzuki,2,22000.0,Manual,first,hybrid,1150000,13.955273369904273
Maruti Suzuki,9,26.0,Automatic,second,hybrid,525000,13.171155446333852
Mahindra,8,82500.0,Manual,second,diesel,580000,13.270785106659046
Hyundai,9,65000.0,Manual,first,petrol,349000,12.762830066509972
Renault,2,17500.0,Automatic,first,petrol,365000,12.807655372286902
Skoda,7,48000.0,Automatic,first,petrol,695000,13.451668563394815
Maruti Suzuki,9,123456.0,Manual,first,hybrid,128888,11.766706847814921
Maruti Suzuki,9,75000.0,Manual,second,hybrid,275000,12.524530013005734
Hyundai,14,87000.0,Manual,second,petrol,250000,12.429220196836383
Hyundai,9,82000.0,Manual,second,hybrid,725000,13.493928313146206
Maruti Suzuki,10,98000.0,Manual,second,hybrid,290000,12.577639650232573
Maruti Suzuki,6,36000.0,Manual,second,petrol,695000,13.451668563394815
Maruti Suzuki,15,53000.0,Automatic,second,hybrid,90000,11.407576060361786
Honda,6,48000.0,Manual,first,hybrid,475000,13.07107218827772
Maruti Suzuki,6,82000.0,Automatic,second,hybrid,320000,12.676079399771027
Maruti Suzuki,4,35000.0,Manual,first,hybrid,975000,13.790193775620484
Maruti Suzuki,3,41000.0,Automatic,second,petrol,560000,13.235693848424024
Tata,6,86000.0,Automatic,first,hybrid,369000,12.818554633046093
Honda,9,78300.0,Automatic,first,hybrid,595000,13.296318365198623
Toyota,16,23000.0,Automatic,first,petrol,1950000,14.48334044336031
Mercedes-Benz,16,84000.0,Automatic,second,diesel,795000,13.586098651497313
Maruti Suzuki,6,93000.0,Automatic,first,hybrid,425000,12.959846800844963
Toyota,0,800.0,Automatic,first,hybrid,3250000,14.99416586199818
Toyota,7,225000.0,Automatic,second,diesel,1195000,13.993657580167481
Audi,6,45000.0,Automatic,second,diesel,2600000,14.77102238760702
Hyundai,5,21710.0,Manual,first,petrol,799999,13.592367006650065
Maruti Suzuki,5,95000.0,Automatic,first,hybrid,585000,13.279368835614243
Maruti Suzuki,6,80000.0,Automatic,second,petrol,595000,13.296318365198623
Maruti Suzuki,9,77000.0,Manual,second,hybrid,288000,12.570719231334277
Maruti Suzuki,6,160000.0,Manual,first,hybrid,490000,13.102162710901053
Toyota,0,9000.0,Automatic,first,hybrid,1950000,14.48334044336031
Maruti Suzuki,9,100000.0,Automatic,first,hybrid,230000,12.345838935721968
Honda,9,106999.0,Manual,second,hybrid,475000,13.07107218827772
Maruti Suzuki,2,35000.0,Manual,second,hybrid,1150000,13.955273369904273
Toyota,9,105000.0,Automatic,first,diesel,1835000,14.422555584429787
Honda,6,75000.0,Automatic,second,diesel,850000,13.652992804936396
Maruti Suzuki,5,65000.0,Manual,first,hybrid,475000,13.07107218827772
Honda,5,77285.0,Automatic,second,petrol,832000,13.631588921725701
Chevrolet,14,65000.0,Manual,second,hybrid,144444,11.880654091241995
Skoda,0,10000.0,Automatic,first,hybrid,99090,11.503793898837728
Hyundai,9,122000.0,Manual,second,petrol,525000,13.171155446333852
Honda,5,19000.0,Automatic,second,petrol,725000,13.493928313146206
Hyundai,11,65000.0,Automatic,second,hybrid,355000,12.779875885354993
Maruti Suzuki,11,140000.0,Manual,second,diesel,460000,13.038983942375959
Volkswagen,5,92000.0,Automatic,second,diesel,625000,13.345508528717259
Maruti Suzuki,3,66000.0,Automatic,first,hybrid,520000,13.161586013632684
Toyota,13,175000.0,Manual,second,diesel,450000,13.017005083966255
Fiat,9,66000.0,Manual,second,petrol,265000,12.487488878546145
Maruti Suzuki,3,42000.0,Manual,first,hybrid,1090000,13.901689171636098
Kia,3,34000.0,Automatic,first,hybrid,850000,13.652992804936396
Mercedes-Benz,12,75001.0,Automatic,second,diesel,845001,13.647094273200414
Honda,3,7500.0,Manual,second,petrol,985000,13.800397935382136
Maruti Suzuki,7,128876.0,Automatic,second,diesel,725000,13.493928313146206
Maruti Suzuki,5,113245.0,Automatic,first,hybrid,475000,13.07107218827772
Audi,9,72000.0,Automatic,first,diesel,1490000,14.214287349062356
Mahindra,11,96000.0,Manual,second,diesel,485000,13.091906231773164
Maruti Suzuki,10,65000.0,Manual,first,hybrid,265000,12.487488878546145
Maruti Suzuki,5,100000.0,Automatic,first,hybrid,520000,13.161586013632684
Honda,13,30.0,Automatic,first,hybrid,170000,12.04355959836804
Ford,9,57000.0,Automatic,second,petrol,525000,13.171155446333852
Tata,8,84648.0,Manual,first,petrol,300000,12.611541086966115
Maruti Suzuki,1,51409.0,Automatic,first,hybrid,1550000,14.253766134056512
Skoda,9,140000.0,Manual,second,diesel,399000,12.896719202134523
Maruti Suzuki,8,13508.0,Automatic,second,petrol,335000,12.721888795877375
Toyota,12,92000.0,Manual,second,diesel,250000,12.429220196836383
Toyota,10,100000.0,Manual,second,diesel,850000,13.652992804936396
Maruti Suzuki,0,13400.0,Automatic,first,hybrid,2045000,14.530908836456474
Ford,13,74300.0,Automatic,first,hybrid,120000,11.695255355062795
Honda,7,74000.0,Manual,second,diesel,625000,13.345508528717259
Toyota,9,57000.0,Manual,first,petrol,750000,13.527829818844937
Maruti Suzuki,4,44000.0,Automatic,first,petrol,1025000,13.840204146163925
Maruti Suzuki,8,85000.0,Automatic,first,hybrid,215000,12.278397958261774
Volvo,1,22000.0,Automatic,first,petrol,6975000,15.757843029040869
Maruti Suzuki,2,20000.0,Manual,first,hybrid,825000,13.623139877437296
Maruti Suzuki,13,82000.0,Manual,first,petrol,225000,12.323860125621126
Hyundai,4,43123.0,Automatic,first,petrol,560000,13.235693848424024
Maruti Suzuki,14,95.0,Manual,second,hybrid,170000,12.04355959836804
Honda,14,85000.0,Manual,second,petrol,125000,11.736077016252437
Audi,9,88000.0,Automatic,first,diesel,1450000,14.187074804051692
Honda,7,42000.0,Automatic,second,petrol,750000,13.527829818844937
Renault,3,63000.0,Manual,first,petrol,675000,13.42246945133505
Maruti Suzuki,1,20000.0,Automatic,first,hybrid,1790000,14.397726736475999
Audi,8,75000.0,Automatic,second,diesel,975000,13.790193775620484
Hyundai,12,131000.0,Automatic,first,diesel,350000,12.765691290604371
Mercedes-Benz,11,22000.0,Automatic,second,petrol,1799000,14.402742068796885
Maruti Suzuki,5,34000.0,Manual,first,hybrid,525000,13.171155446333852
Skoda,8,89000.0,Automatic,second,diesel,1000000,13.815511557963774
Maruti Suzuki,13,84785.0,Automatic,second,hybrid,140000,11.849404844423074
Maruti Suzuki,10,42372.0,Manual,first,hybrid,325000,12.691583538230217
Honda,1,14000.0,Automatic,second,hybrid,900000,13.710151153416941
Honda,7,82000.0,Manual,second,hybrid,315000,12.660331092405906
Maruti Suzuki,0,600.0,Automatic,first,hybrid,600000,13.304686600863562
Mahindra,11,135000.0,Automatic,second,diesel,425000,12.959846800844963
Maruti Suzuki,9,84000.0,Manual,first,hybrid,230000,12.345838935721968
BMW,5,66000.0,Automatic,first,diesel,3295000,15.007917029408835
Maruti Suzuki,2,65300.0,Automatic,first,hybrid,250000,12.429220196836383
Maruti Suzuki,4,32000.0,Automatic,second,petrol,955000,13.769467666582738
Hyundai,12,135000.0,Automatic,second,hybrid,225000,12.323860125621126
Maruti Suzuki,7,62000.0,Automatic,first,petrol,525000,13.171155446333852
Maruti Suzuki,8,62110.0,Manual,second,petrol,280000,12.54254845357358
Audi,11,102000.0,Automatic,second,diesel,1045000,13.85952840031839
Chevrolet,14,100000.0,Automatic,first,hybrid,70000,11.156264806643742
Maruti Suzuki,12,125000.0,Automatic,second,hybrid,160000,11.982935344196433
Honda,6,125000.0,Automatic,second,hybrid,450000,13.017005083966255
Ford,4,89000.0,Automatic,first,diesel,3190000,14.975531788240602
Toyota,9,89000.0,Manual,second,diesel,1500000,14.220976332738882
Toyota,11,300000.0,Manual,first,hybrid,190000,12.154784614286667
Volkswagen,5,58082.0,Automatic,first,petrol,719000,13.4856180275228
Maruti Suzuki,11,223000.0,Manual,second,diesel,395000,12.886643575525625
Tata,7,120000.0,Manual,second,diesel,415000,12.936036208848487
Hyundai,8,52000.0,Manual,second,hybrid,450000,13.017005083966255
Maruti Suzuki,5,48000.0,Automatic,second,petrol,550000,13.217675375388819
Toyota,3,50000.0,Automatic,second,petrol,3299000,15.009130253332831
Hyundai,6,87000.0,Manual,second,diesel,1075000,13.887832149776026
Hyundai,11,70922.0,Manual,second,petrol,175000,12.07254696717504
Audi,10,79000.0,Automatic,second,diesel,799000,13.591117476312084
Hyundai,10,58000.0,Manual,first,hybrid,324000,12.688501881189456
Maruti Suzuki,5,32000.0,Automatic,first,hybrid,365000,12.807655372286902
Mahindra,1,12000.0,Manual,second,petrol,1375000,14.13396501635527
Maruti Suzuki,5,70000.0,Manual,first,petrol,495000,13.112315061750808
Maruti Suzuki,8,55000.0,Automatic,first,petrol,525000,13.171155446333852
Renault,8,58865.0,Manual,second,hybrid,180000,12.100717685412471
Audi,9,75000.0,Automatic,second,diesel,950000,13.76421831620775
Maruti Suzuki,4,92000.0,Manual,first,hybrid,430000,12.971542813248437
Hyundai,5,65000.0,Automatic,first,hybrid,590000,13.28787951079572
Maruti Suzuki,8,94000.0,Automatic,second,hybrid,280000,12.54254845357358
Maruti Suzuki,5,27817.0,Manual,second,hybrid,415000,12.936036208848487
Maruti Suzuki,13,200900.0,Manual,first,petrol,185000,12.128116509451258
Tata,3,42000.0,Automatic,first,petrol,750000,13.527829818844937
Maruti Suzuki,6,54121.0,Manual,first,petrol,499000,13.120363378739663
Maruti Suzuki,1,250000.0,Automatic,first,hybrid,1095000,13.90626583447433
Maruti Suzuki,4,55000.0,Automatic,first,hybrid,480000,13.081543466215237
Honda,14,59000.0,Automatic,second,petrol,275000,12.524530013005734
Mercedes-Benz,10,110000.0,Automatic,first,diesel,995000,13.81049902116535
Chevrolet,14,120500.0,Manual,second,diesel,248000,12.421188057397055
Maruti Suzuki,2,290000.0,Manual,first,hybrid,620000,13.3374763699232
Maruti Suzuki,6,67000.0,Manual,first,hybrid,325000,12.691583538230217
Volkswagen,7,150000.0,Automatic,first,diesel,555000,13.22672519452875
Honda,10,80123.0,Automatic,first,petrol,585000,13.279368835614243
Skoda,4,30000.0,Automatic,second,petrol,3900000,15.176487367510099
Maruti Suzuki,6,38000.0,Automatic,second,petrol,550000,13.217675375388819
Hyundai,6,65000.0,Automatic,first,hybrid,540000,13.199326270390594
Honda,13,90000.0,Automatic,second,hybrid,325000,12.691583538230217
Tata,7,22000.0,Manual,second,diesel,1475000,14.204169225721929
Audi,10,71000.0,Automatic,second,diesel,1180000,13.981025843899115
Maruti Suzuki,14,90000.0,Manual,second,hybrid,110000,11.608244735642321
Maruti Suzuki,7,270000.0,Manual,second,hybrid,365000,12.807655372286902
Hyundai,4,65000.0,Automatic,first,hybrid,350000,12.765691290604371
Maruti Suzuki,9,72154.0,Manual,second,hybrid,290000,12.577639650232573
Tata,6,84000.0,Automatic,first,hybrid,375000,12.834683971615659
Toyota,1,11000.0,Automatic,first,hybrid,3975000,15.195535557642865
Toyota,4,50000.0,Manual,second,diesel,1850000,14.430696737594902
Maruti Suzuki,5,62000.0,Manual,first,petrol,485000,13.091906231773164
Skoda,12,45500.0,Manual,second,diesel,445000,13.005831808336863
Hyundai,15,95000.0,Automatic,second,petrol,200000,12.206077645517674
BMW,9,50000.0,Automatic,first,hybrid,3899999,15.176487111099874
Hyundai,10,85600.0,Automatic,first,hybrid,369000,12.818554633046093
Toyota,6,125000.0,Automatic,second,petrol,899999,13.710150042306449
Mercedes-Benz,6,60000.0,Automatic,second,diesel,3750000,15.137266664613225
Tata,5,32000.0,Automatic,first,petrol,590001,13.287881205706665
Toyota,0,100.0,Automatic,first,hybrid,3134000,14.957821020979098
Tata,2,22000.0,Manual,first,hybrid,675000,13.42246945133505
Toyota,10,25.0,Automatic,second,hybrid,250000,12.429220196836383
Maruti Suzuki,11,98000.0,Manual,second,hybrid,299000,12.608202196848836
Jeep,5,48000.0,Manual,second,diesel,1200000,13.997832948091215
Toyota,14,81000.0,Manual,second,hybrid,154000,11.944714374881176
Hyundai,1,26000.0,Manual,first,petrol,850000,13.652992804936396
Maruti Suzuki,2,75000.0,Automatic,first,hybrid,1000000,13.815511557963774
Honda,18,110000.0,Automatic,second,petrol,200000,12.206077645517674
Toyota,8,175000.0,Automatic,first,diesel,1395000,14.148405690083225
Hyundai,4,62000.0,Manual,first,hybrid,1090000,13.901689171636098
Maruti Suzuki,10,140000.0,Manual,second,petrol,349000,12.762830066509972
Tata,14,58000.0,Manual,second,petrol,198000,12.19602736016897
Maruti Suzuki,7,210000.0,Manual,second,diesel,350000,12.765691290604371
Toyota,3,62080.0,Manual,second,diesel,2750000,14.827111833279051
Hyundai,3,89524.0,Manual,second,hybrid,695000,13.451668563394815
Toyota,3,30000.0,Automatic,first,diesel,4350000,15.285686632949897
BMW,4,49000.0,Automatic,first,diesel,3949000,15.18897319349742
Hyundai,9,45253.0,Manual,second,hybrid,185000,12.128116509451258
Maruti Suzuki,6,72000.0,Automatic,first,diesel,795000,13.586098651497313
Hyundai,1,4500.0,Manual,first,petrol,975000,13.790193775620484
Maruti Suzuki,10,50000.0,Manual,first,petrol,235000,12.367345048436391
Hyundai,9,72000.0,Manual,second,hybrid,350000,12.765691290604371
Maruti Suzuki,11,94000.0,Manual,second,hybrid,330000,12.706850963741102
Mercedes-Benz,10,80000.0,Automatic,second,diesel,975000,13.790193775620484
Maruti Suzuki,7,115000.0,Automatic,second,diesel,550000,13.217675375388819
Maruti Suzuki,8,46263.0,Automatic,second,petrol,375999,12.837344422372032
Hyundai,13,82467.0,Automatic,second,petrol,281000,12.546113507028412
Maruti Suzuki,13,81000.0,Manual,second,hybrid,210000,12.25486757159303
Honda,6,28000.0,Automatic,second,petrol,915000,13.726680437153236
Volkswagen,6,96200.0,Manual,second,diesel,690000,13.444448325847754
Honda,13,78560.0,Manual,second,hybrid,225000,12.323860125621126
Maruti Suzuki,6,48000.0,Manual,second,hybrid,795000,13.586098651497313
Mahindra,10,150000.0,Manual,second,diesel,450000,13.017005083966255
Hyundai,15,50000.0,Manual,second,hybrid,81000,11.302216779257382
Hyundai,12,57000.0,Manual,second,hybrid,195000,12.180759965737863
Maruti Suzuki,9,70050.0,Automatic,first,hybrid,270000,12.506180941677357
Maruti Suzuki,10,84000.0,Manual,second,petrol,238000,12.380030154325457
Hyundai,10,69000.0,Automatic,first,petrol,421000,12.95039048795861
Mahindra,4,40000.0,Manual,first,petrol,800000,13.592368256649284
Maruti Suzuki,0,35000.0,Automatic,second,hybrid,595000,13.296318365198623
Hyundai,6,38225.0,Manual,second,petrol,625000,13.345508528717259
Tata,0,2000.0,Automatic,first,hybrid,965000,13.779884416590017
Hyundai,8,56000.0,Automatic,second,petrol,725000,13.493928313146206
Jeep,6,14800.0,Automatic,first,petrol,1300000,14.077875591662238
Mahindra,6,137000.0,Automatic,first,diesel,700000,13.45883704259595
Hyundai,2,23000.0,Manual,first,petrol,1125000,13.933294482509151
Maruti Suzuki,4,42541.0,Manual,first,hybrid,1025001,13.840205121772254
Tata,8,60000.0,Manual,second,diesel,165000,12.013706813470414
Hyundai,13,200.0,Automatic,second,hybrid,160000,11.982935344196433
Maruti Suzuki,5,60000.0,Automatic,first,hybrid,511000,13.144126826131089
Maruti Suzuki,6,58227.0,Automatic,second,hybrid,399000,12.896719202134523
Maruti Suzuki,8,50400.0,Automatic,second,hybrid,290000,12.577639650232573
Mahindra,0,2600.0,Automatic,first,petrol,1650000,14.316286451937186
Maruti Suzuki,9,56000.0,Manual,first,hybrid,365000,12.807655372286902
Maruti Suzuki,0,8000.0,Manual,first,hybrid,1420000,14.166168133802548
Maruti Suzuki,3,120000.0,Manual,second,hybrid,800000,13.592368256649284
Hyundai,10,63000.0,Manual,second,diesel,475000,13.07107218827772
Hyundai,11,65900.0,Manual,first,hybrid,275000,12.524530013005734
Honda,10,65000.0,Manual,second,petrol,325000,12.691583538230217
Mahindra,6,78000.0,Automatic,second,diesel,1100000,13.910821646859095
Maruti Suzuki,0,1234.0,Automatic,first,hybrid,250000,12.429220196836383
Hyundai,17,92000.0,Manual,second,petrol,110000,11.608244735642321
Maruti Suzuki,7,70000.0,Automatic,second,hybrid,495000,13.112315061750808
Maruti Suzuki,5,300000.0,Manual,first,hybrid,500000,13.122365377402328
Mercedes-Benz,6,25000.0,Automatic,second,petrol,3450000,15.053885078862573
Honda,15,92000.0,Automatic,second,hybrid,285000,12.560247968016562
Hyundai,11,68299.0,Manual,second,diesel,525000,13.171155446333852
Maruti Suzuki,8,60000.0,Automatic,first,petrol,440000,12.994532278619134
Maruti Suzuki,8,44700.0,Manual,first,petrol,521000,13.163507240119458
Hyundai,9,32162.0,Manual,second,petrol,348000,12.759960632315702
Hyundai,14,72000.0,Manual,second,petrol,165000,12.013706813470414
Mahindra,7,49000.0,Automatic,second,diesel,1225000,14.018452218287162
Maruti Suzuki,1,50000.0,Manual,first,hybrid,650000,13.384729180332174
Maruti Suzuki,1,73222.0,Manual,first,hybrid,600000,13.304686600863562
Maruti Suzuki,11,130000.0,Manual,second,hybrid,275000,12.524530013005734
Maruti Suzuki,2,70000.0,Automatic,first,hybrid,520000,13.161586013632684
Honda,13,81000.0,Manual,first,petrol,325000,12.691583538230217
Hyundai,7,90000.0,Automatic,second,diesel,749999,13.527828485512494
Ford,3,92000.0,Automatic,first,diesel,3100000,14.946912992035967
Toyota,11,125870.0,Manual,second,diesel,760000,13.541075028051122
Maruti Suzuki,5,110000.0,Manual,first,hybrid,320000,12.676079399771027
Maruti Suzuki,4,67000.0,Manual,second,hybrid,530000,13.180634172318978
Skoda,7,68000.0,Automatic,second,petrol,845000,13.647093089770562
Hyundai,14,100000.0,Automatic,second,hybrid,70000,11.156264806643742
Honda,11,48500.0,Manual,first,petrol,224000,12.319405795112926
Maruti Suzuki,19,100000.0,Manual,second,hybrid,75000,11.225256725762893
Maruti Suzuki,11,45000.0,Manual,second,petrol,230000,12.345838935721968
Maruti Suzuki,14,75000.0,Automatic,second,petrol,83000,11.326607934898927
Maruti Suzuki,7,80000.0,Automatic,second,hybrid,405000,12.91164481522143
Maruti Suzuki,1,60000.0,Manual,first,hybrid,615000,13.329379172803593
Honda,17,94000.0,Automatic,second,petrol,200000,12.206077645517674
Honda,13,75000.0,Manual,second,hybrid,249000,12.425212191503038
Maruti Suzuki,12,124000.0,Manual,first,petrol,650000,13.384729180332174
Toyota,8,152852.0,Manual,second,diesel,1090000,13.901689171636098
Tata,2,75000.0,Manual,first,hybrid,745000,13.521140839642674
Tata,12,50000.0,Manual,second,petrol,90000,11.407576060361786
Honda,8,74566.0,Automatic,second,hybrid,600000,13.304686600863562
Volkswagen,5,50000.0,Automatic,second,petrol,1300000,14.077875591662238
Kia,3,27000.0,Automatic,second,petrol,900000,13.710151153416941
MG,2,28000.0,Automatic,first,petrol,1000000,13.815511557963774
Maruti Suzuki,13,118000.0,Manual,second,hybrid,110000,11.608244735642321
Hyundai,3,32000.0,Automatic,first,petrol,875000,13.681980308196241
Skoda,6,140000.0,Manual,second,diesel,760000,13.541075028051122
Tata,5,75000.0,Automatic,second,hybrid,390000,12.873904582205107
Maruti Suzuki,14,86500.0,Manual,second,hybrid,195000,12.180759965737863
Hyundai,6,62000.0,Manual,second,hybrid,280000,12.54254845357358
Maruti Suzuki,12,100212.0,Automatic,second,hybrid,236000,12.371591321286905
Hyundai,8,82000.0,Automatic,second,petrol,875000,13.681980308196241
Maruti Suzuki,8,48700.0,Automatic,second,petrol,289000,12.574185427296195
Maruti Suzuki,17,87000.0,Manual,second,petrol,190000,12.154784614286667
Maruti Suzuki,2,40000.0,Manual,first,hybrid,687000,13.440091026807503
Toyota,5,300000.0,Automatic,first,diesel,3890000,15.173919972664004
Hyundai,2,44000.0,Manual,first,hybrid,675000,13.42246945133505
Hyundai,9,31000.0,Manual,first,petrol,620000,13.3374763699232
Tata,5,129500.0,Automatic,first,diesel,625000,13.345508528717259
Hyundai,12,72000.0,Manual,second,hybrid,170000,12.04355959836804
Hyundai,4,193000.0,Manual,first,petrol,500000,13.122365377402328
Maruti Suzuki,8,11000.0,Manual,second,petrol,230000,12.345838935721968
Maruti Suzuki,10,114000.0,Manual,first,diesel,540000,13.199326270390594
Honda,12,75000.0,Manual,second,hybrid,275000,12.524530013005734
Hyundai,9,115000.0,Manual,first,hybrid,270000,12.506180941677357
BMW,4,35000.0,Automatic,second,diesel,4390000,15.29484001284176
Maruti Suzuki,18,85000.0,Automatic,second,hybrid,75000,11.225256725762893
Toyota,8,140000.0,Automatic,second,diesel,1945000,14.480773049173369
Tata,12,85000.0,Manual,second,diesel,175000,12.07254696717504
Maruti Suzuki,20,89000.0,Manual,second,petrol,145000,11.884495917930655
Maruti Suzuki,5,262470.0,Automatic,first,hybrid,300000,12.611541086966115
Maruti Suzuki,15,78000.0,Manual,second,diesel,235000,12.367345048436391
Hyundai,9,76500.0,Manual,second,hybrid,255000,12.449022745701502
Maruti Suzuki,13,111492.0,Manual,second,petrol,150000,11.918397239722838
Tata,8,72000.0,Manual,second,diesel,248000,12.421188057397055
Hyundai,7,88000.0,Manual,first,hybrid,715000,13.480039220276565
Hyundai,11,149000.0,Manual,second,hybrid,225000,12.323860125621126
Tata,14,150000.0,Manual,second,diesel,66000,11.097425172408931
Maruti Suzuki,3,32000.0,Manual,first,hybrid,570000,13.25339339419516
Maruti Suzuki,7,88000.0,Manual,second,diesel,490000,13.102162710901053
Hyundai,4,7000.0,Automatic,first,petrol,625000,13.345508528717259
Toyota,6,75000.0,Automatic,first,diesel,2450000,14.711598990684092
Maruti Suzuki,14,20000.0,Manual,second,hybrid,60000,11.002116507732017
Maruti Suzuki,3,60000.0,Manual,second,petrol,695000,13.451668563394815
Renault,1,13600.0,Automatic,second,petrol,551000,13.219491903015438
Toyota,2,49900.0,Automatic,first,petrol,995000,13.81049902116535
Maruti Suzuki,5,140200.0,Automatic,first,hybrid,650000,13.384729180332174
Maruti Suzuki,8,66300.0,Manual,second,hybrid,511000,13.144126826131089
Mercedes-Benz,13,58000.0,Automatic,second,diesel,900000,13.710151153416941
Maruti Suzuki,5,118854.0,Automatic,first,hybrid,440000,12.994532278619134
Maruti Suzuki,2,27000.0,Manual,first,petrol,745000,13.521140839642674
Maruti Suzuki,6,90000.0,Automatic,first,hybrid,360000,12.793862088206213
Honda,12,35.0,Automatic,second,hybrid,280000,12.54254845357358
Maruti Suzuki,7,40500.0,Manual,second,petrol,362000,12.799402253235032
Hyundai,9,61000.0,Manual,second,petrol,395000,12.886643575525625
Hyundai,4,81000.0,Manual,first,hybrid,525000,13.171155446333852
Honda,3,37000.0,Automatic,first,hybrid,685000,13.437175577097312
Maruti Suzuki,4,100000.0,Automatic,second,hybrid,830000,13.629182184591333
Tata,1,8530.0,Automatic,first,petrol,899000,13.70903942580019
Audi,10,58600.0,Automatic,first,diesel,1475000,14.204169225721929
Toyota,7,122000.0,Automatic,second,diesel,2500000,14.731801689838349
Maruti Suzuki,5,78000.0,Manual,first,diesel,651000,13.386266457287837
Mercedes-Benz,8,78000.0,Automatic,first,diesel,1200000,13.997832948091215
Maruti Suzuki,10,48000.0,Automatic,first,hybrid,290000,12.577639650232573
Toyota,1,50000.0,Automatic,first,hybrid,2685000,14.803191658364511
Tata,8,95000.0,Automatic,second,hybrid,152000,11.931642378754141
Honda,11,69000.0,Manual,second,hybrid,355000,12.779875885354993
Hyundai,14,95000.0,Manual,second,hybrid,80000,11.289794413577894
Honda,7,40000.0,Manual,first,petrol,575000,13.26212705890841
Honda,11,110000.0,Automatic,second,petrol,491000,13.104201443434462
Honda,3,30500.0,Manual,first,petrol,995000,13.81049902116535
Maruti Suzuki,7,81000.0,Manual,first,diesel,699000,13.457407451830088
Maruti Suzuki,6,79000.0,Manual,first,hybrid,330000,12.706850963741102
MG,1,25000.0,Automatic,first,petrol,1750000,14.375126917328105
Maruti Suzuki,2,71000.0,Manual,second,hybrid,990000,13.805461232211272
Maruti Suzuki,6,68655.0,Automatic,first,hybrid,650000,13.384729180332174
Maruti Suzuki,5,37500.0,Automatic,second,petrol,475000,13.07107218827772
Maruti Suzuki,10,85000.0,Manual,second,hybrid,295000,12.59473402514672
Toyota,8,99000.0,Automatic,second,diesel,1780000,14.392124484065864
Maruti Suzuki,4,51782.0,Automatic,first,hybrid,550000,13.217675375388819
Maruti Suzuki,4,17000.0,Manual,first,petrol,680000,13.429849547739444
Mahindra,10,100000.0,Automatic,second,diesel,450000,13.017005083966255
Hyundai,7,42000.0,Automatic,second,petrol,895000,13.704580114574805
Toyota,11,92000.0,Automatic,second,diesel,985000,13.800397935382136
Hyundai,12,85000.0,Manual,second,petrol,319999,12.676076274775909
Tata,2,40000.0,Manual,second,petrol,900000,13.710151153416941
Maruti Suzuki,10,88500.0,Automatic,first,hybrid,185000,12.128116509451258
Toyota,1,22000.0,Manual,first,hybrid,1450000,14.187074804051692
Maruti Suzuki,2,23000.0,Manual,first,petrol,880000,13.68767832281738
Mahindra,2,39484.0,Automatic,second,diesel,1550000,14.253766134056512
Maruti Suzuki,2,24000.0,Automatic,first,petrol,851000,13.654168582642953
Tata,7,105444.0,Automatic,second,petrol,380000,12.847929163278053
Honda,5,68000.0,Automatic,first,petrol,951000,13.765270393051685
Hyundai,3,38000.0,Automatic,second,petrol,1275000,14.058457520888082
Maruti Suzuki,2,65000.0,Automatic,first,petrol,750000,13.527829818844937
Maruti Suzuki,12,45000.0,Automatic,second,hybrid,210000,12.25486757159303
Hyundai,13,117000.0,Manual,second,diesel,251000,12.433212202169729
Mercedes-Benz,4,98000.0,Automatic,second,diesel,3800000,15.150511887854474
Renault,11,119000.0,Manual,second,diesel,425000,12.959846800844963
Toyota,11,79000.0,Manual,second,hybrid,375000,12.834683971615659
Toyota,23,136000.0,Manual,second,diesel,210000,12.25486757159303
Mahindra,3,45000.0,Manual,second,petrol,695000,13.451668563394815
Maruti Suzuki,9,86000.0,Manual,second,diesel,410000,12.923914877701906
Maruti Suzuki,9,62535.0,Manual,second,hybrid,355000,12.779875885354993
Mahindra,4,62000.0,Automatic,first,diesel,1350000,14.115615891155079
Hyundai,9,52000.0,Manual,first,diesel,390000,12.873904582205107
Maruti Suzuki,12,80000.0,Manual,second,hybrid,180000,12.100717685412471
Hyundai,6,68000.0,Manual,first,hybrid,445000,13.005831808336863
Maruti Suzuki,11,87235.0,Manual,second,hybrid,550000,13.217675375388819
Maruti Suzuki,15,76000.0,Manual,second,petrol,195000,12.180759965737863
Kia,4,37000.0,Automatic,second,petrol,915000,13.726680437153236
Maruti Suzuki,8,63300.0,Automatic,second,petrol,565000,13.244582780038517
Maruti Suzuki,0,55500.0,Manual,first,hybrid,20000,9.90353755128617
Maruti Suzuki,6,88000.0,Manual,first,hybrid,325000,12.691583538230217
Honda,9,115000.0,Manual,second,diesel,415000,12.936036208848487
Maruti Suzuki,11,82750.0,Manual,second,hybrid,399000,12.896719202134523
Maruti Suzuki,1,50000.0,Automatic,first,hybrid,1800000,14.403297778421795
Maruti Suzuki,2,40600.0,Manual,first,hybrid,597000,13.299674067415213
Ford,8,91000.0,Manual,second,diesel,1890000,14.452087916136215
Mercedes-Benz,12,75000.0,Automatic,second,diesel,845000,13.647093089770562
Maruti Suzuki,17,112085.0,Manual,second,petrol,125000,11.736077016252437
Maruti Suzuki,10,58000.0,Automatic,second,hybrid,245000,12.409017571151187
Maruti Suzuki,15,25.0,Automatic,second,hybrid,240000,12.388398368982115
Mahindra,6,89000.0,Automatic,first,diesel,625000,13.345508528717259
Hyundai,5,27000.0,Manual,second,petrol,490000,13.102162710901053
Hyundai,3,53000.0,Automatic,first,hybrid,250000,12.429220196836383
Hyundai,3,65200.0,Automatic,second,hybrid,580000,13.270785106659046
Mahindra,10,64000.0,Automatic,second,diesel,675000,13.42246945133505
Maruti Suzuki,3,10000.0,Automatic,first,petrol,725000,13.493928313146206
Honda,15,100000.0,Automatic,first,hybrid,230000,12.345838935721968
Mercedes-Benz,7,86000.0,Automatic,first,petrol,2190000,14.599412558413583
Maruti Suzuki,1,44000.0,Manual,second,hybrid,535000,13.190023895035274
Hyundai,16,55000.0,Manual,second,petrol,175000,12.07254696717504
Toyota,11,130000.0,Automatic,second,hybrid,345000,12.75130259456002
Renault,6,58000.0,Automatic,second,hybrid,360000,12.793862088206213
Maruti Suzuki,11,82000.0,Manual,second,hybrid,170000,12.04355959836804
Hyundai,8,151000.0,Manual,second,diesel,830000,13.629182184591333
Maruti Suzuki,12,130000.0,Manual,second,diesel,335000,12.721888795877375
Hyundai,11,77794.0,Automatic,second,petrol,440000,12.994532278619134
BMW,8,70000.0,Automatic,second,diesel,2498000,14.731001369987837
BMW,10,67772.0,Automatic,first,diesel,2300000,14.648420115681892
BMW,8,25000.0,Automatic,second,diesel,6000000,15.607270193858982
Maruti Suzuki,2,52000.0,Manual,second,hybrid,1150000,13.955273369904273
Datsun,6,65682.0,Manual,second,petrol,271000,12.509877789891931
Maruti Suzuki,3,39000.0,Manual,second,hybrid,610000,13.321215875492413
Hyundai,10,80000.0,Manual,second,petrol,400000,12.899222326086994
Mercedes-Benz,10,65666.0,Automatic,second,diesel,2975000,14.905754933096265
Volvo,7,59000.0,Automatic,second,diesel,1695000,14.343193888767015
Hyundai,8,90000.0,Manual,second,petrol,280000,12.54254845357358
Honda,14,109000.0,Automatic,second,hybrid,135000,11.813037464800539
BMW,12,50000.0,Automatic,second,diesel,700000,13.45883704259595
Mahindra,2,21000.0,Automatic,first,petrol,2000000,14.508658238524095
Honda,8,71000.0,Manual,first,petrol,380000,12.847929163278053
Mahindra,5,115000.0,Manual,second,diesel,450000,13.017005083966255
Tata,6,65000.0,Automatic,second,hybrid,599999,13.304684934198283
Maruti Suzuki,10,64000.0,Manual,second,diesel,349000,12.762830066509972
Volkswagen,7,88000.0,Manual,second,diesel,550000,13.217675375388819
Maruti Suzuki,6,30000.0,Automatic,second,hybrid,750000,13.527829818844937
BMW,3,32000.0,Automatic,second,petrol,7990000,15.893701442898895
Renault,5,44000.0,Automatic,second,hybrid,300000,12.611541086966115
Renault,2,4000.0,Automatic,first,petrol,499000,13.120363378739663
Kia,2,25000.0,Automatic,first,petrol,1375000,14.13396501635527
Maruti Suzuki,3,90000.0,Automatic,first,hybrid,290000,12.577639650232573
Toyota,7,87050.0,Automatic,second,hybrid,1375000,14.13396501635527
Jeep,6,47000.0,Manual,second,diesel,1050000,13.864301674514206
Maruti Suzuki,2,70000.0,Manual,first,hybrid,525000,13.171155446333852
Maruti Suzuki,8,65000.0,Manual,first,hybrid,380000,12.847929163278053
Maruti Suzuki,13,68380.0,Manual,second,hybrid,175000,12.07254696717504
Hyundai,6,122222.0,Automatic,second,hybrid,888888,13.697727647307882
Maruti Suzuki,5,73000.0,Automatic,second,hybrid,463000,13.045484492893253
Hyundai,9,57000.0,Automatic,second,hybrid,400000,12.899222326086994
Datsun,7,25000.0,Manual,second,petrol,235000,12.367345048436391
Audi,8,51001.0,Automatic,second,diesel,1650000,14.316286451937186
Hyundai,12,300000.0,Manual,second,petrol,155000,11.951186847493476
Honda,16,15.0,Automatic,second,hybrid,130000,11.775297421715827
Maruti Suzuki,4,43000.0,Manual,first,hybrid,575000,13.26212705890841
Maruti Suzuki,8,95200.0,Manual,second,hybrid,625000,13.345508528717259
Maruti Suzuki,9,120000.0,Automatic,second,hybrid,300000,12.611541086966115
Maruti Suzuki,5,27000.0,Automatic,first,petrol,640000,13.369225017834633
Maruti Suzuki,2,31000.0,Manual,first,hybrid,575000,13.26212705890841
BMW,7,45000.0,Automatic,second,diesel,1345000,14.111905314512224
Maruti Suzuki,13,60000.0,Automatic,second,diesel,160000,11.982935344196433
Tata,5,62000.0,Manual,second,hybrid,380000,12.847929163278053
Maruti Suzuki,5,18000.0,Manual,second,hybrid,450000,13.017005083966255
